06-14-2023, 09:19:37, 1686734377461, Action: test_1_selenium_zscale_view_test_cases_by_status_macro_in_page, Error: confluence_webdriver = <selenium.webdriver.chrome.webdriver.WebDriver (session="6bf31e0c1b3bdb91a6c7f182fe7ec803")>
confluence_datasets = {'blog_id': '37010257', 'blogs': [['37623915', 'MBSC', '1'], ['37624433', 'IAC', '1'], ['37624169', 'HRBH', '1'], ['37...6', 'IFE', '1'], ...], 'create_comment_page': ['36600816', 'BEW', 'medium_text_16'], 'custom_page_id': '43548673', ...}
confluence_screen_shots = None

    def test_1_selenium_zscale_view_test_cases_by_status_macro_in_page(confluence_webdriver, confluence_datasets, confluence_screen_shots):
>       extension_ui.zscale_view_test_cases_by_status_macro_in_page(confluence_webdriver, confluence_datasets)

selenium_ui/confluence_ui.py:51: 
_ _ _ _ _ _ _ _ _ _ _ _ _ _ _ _ _ _ _ _ _ _ _ _ _ _ _ _ _ _ _ _ _ _ _ _ _ _ _ _ 
extension/confluence/extension_ui.py:75: in zscale_view_test_cases_by_status_macro_in_page
    measure()
_ _ _ _ _ _ _ _ _ _ _ _ _ _ _ _ _ _ _ _ _ _ _ _ _ _ _ _ _ _ _ _ _ _ _ _ _ _ _ _ 

args = (), kwargs = {}, node_ip = '', start = 1686734357.1358902
error_msg = 'Failed measure: view_test_cases_by_status_action - TimeoutException'
full_exception = TimeoutException(), success = False
exc_type = <class 'selenium.common.exceptions.TimeoutException'>
end = 1686734377.425394, timing = '20289'
lockfile = '/dc-app-performance-toolkit/app/results/confluence/2023-06-14_09-17-37/selenium.jtl.lock'

    @functools.wraps(func)
    def wrapper(*args, **kwargs):
        if LOGIN_ACTION_NAME in interaction:
            globals.login_failed = False
        if globals.login_failed:
            pytest.skip("login is failed")
        node_ip = ""
        start = time.time()
        error_msg = 'Success'
        full_exception = ''
        if args:
            driver = [arg for arg in args if isinstance(arg, Chrome)]
            node_ip = "" if not driver else getattr(driver[0], "node_ip", "")
        try:
            func(*args, **kwargs)
            success = True
        except Exception:
            success = False
            # https://docs.python.org/2/library/sys.html#sys.exc_info
            exc_type, full_exception = sys.exc_info()[:2]
            error_msg = f"Failed measure: {interaction} - {exc_type.__name__}"
        end = time.time()
        timing = str(int((end - start) * 1000))
    
        lockfile = f'{selenium_results_file}.lock'
    
        with filelock.SoftFileLock(lockfile):
            with open(selenium_results_file, "a+") as jtl_file:
                timestamp = round(time.time() * 1000)
                if explicit_timing:
                    jtl_file.write(f"{timestamp},{explicit_timing*1000},{interaction},,{error_msg},"
                                   f",{success},0,0,0,0,,0\n")
                else:
                    jtl_file.write(f"{timestamp},{timing},{interaction},,{error_msg}"
                                   f",,{success},0,0,0,0,{node_ip},0\n")
    
        print(f"{timestamp},{timing},{interaction},{error_msg},{success},{node_ip}")
    
        if not success:
            if LOGIN_ACTION_NAME in interaction:
                globals.login_failed = True
>           raise Exception(error_msg, full_exception)
E           Exception: ('Failed measure: view_test_cases_by_status_action - TimeoutException', TimeoutException())

selenium_ui/conftest.py:171: Exception
06-14-2023, 09:19:58, 1686734398779, Action: test_1_selenium_zscale_view_test_cases_by_project_macro_in_page, Error: confluence_webdriver = <selenium.webdriver.chrome.webdriver.WebDriver (session="6bf31e0c1b3bdb91a6c7f182fe7ec803")>
confluence_datasets = {'blog_id': '37010257', 'blogs': [['37623915', 'MBSC', '1'], ['37624433', 'IAC', '1'], ['37624169', 'HRBH', '1'], ['37...6', 'IFE', '1'], ...], 'create_comment_page': ['36600816', 'BEW', 'medium_text_16'], 'custom_page_id': '43548673', ...}
confluence_screen_shots = None

    def test_1_selenium_zscale_view_test_cases_by_project_macro_in_page(confluence_webdriver, confluence_datasets, confluence_screen_shots):
>       extension_ui.zscale_view_test_cases_by_project_macro_in_page(confluence_webdriver, confluence_datasets)

selenium_ui/confluence_ui.py:54: 
_ _ _ _ _ _ _ _ _ _ _ _ _ _ _ _ _ _ _ _ _ _ _ _ _ _ _ _ _ _ _ _ _ _ _ _ _ _ _ _ 
extension/confluence/extension_ui.py:104: in zscale_view_test_cases_by_project_macro_in_page
    measure()
_ _ _ _ _ _ _ _ _ _ _ _ _ _ _ _ _ _ _ _ _ _ _ _ _ _ _ _ _ _ _ _ _ _ _ _ _ _ _ _ 

args = (), kwargs = {}, node_ip = '', start = 1686734378.5511668
error_msg = 'Failed measure: view_test_cases_by_project_action - TimeoutException'
full_exception = TimeoutException(), success = False
exc_type = <class 'selenium.common.exceptions.TimeoutException'>
end = 1686734398.7668083, timing = '20215'
lockfile = '/dc-app-performance-toolkit/app/results/confluence/2023-06-14_09-17-37/selenium.jtl.lock'

    @functools.wraps(func)
    def wrapper(*args, **kwargs):
        if LOGIN_ACTION_NAME in interaction:
            globals.login_failed = False
        if globals.login_failed:
            pytest.skip("login is failed")
        node_ip = ""
        start = time.time()
        error_msg = 'Success'
        full_exception = ''
        if args:
            driver = [arg for arg in args if isinstance(arg, Chrome)]
            node_ip = "" if not driver else getattr(driver[0], "node_ip", "")
        try:
            func(*args, **kwargs)
            success = True
        except Exception:
            success = False
            # https://docs.python.org/2/library/sys.html#sys.exc_info
            exc_type, full_exception = sys.exc_info()[:2]
            error_msg = f"Failed measure: {interaction} - {exc_type.__name__}"
        end = time.time()
        timing = str(int((end - start) * 1000))
    
        lockfile = f'{selenium_results_file}.lock'
    
        with filelock.SoftFileLock(lockfile):
            with open(selenium_results_file, "a+") as jtl_file:
                timestamp = round(time.time() * 1000)
                if explicit_timing:
                    jtl_file.write(f"{timestamp},{explicit_timing*1000},{interaction},,{error_msg},"
                                   f",{success},0,0,0,0,,0\n")
                else:
                    jtl_file.write(f"{timestamp},{timing},{interaction},,{error_msg}"
                                   f",,{success},0,0,0,0,{node_ip},0\n")
    
        print(f"{timestamp},{timing},{interaction},{error_msg},{success},{node_ip}")
    
        if not success:
            if LOGIN_ACTION_NAME in interaction:
                globals.login_failed = True
>           raise Exception(error_msg, full_exception)
E           Exception: ('Failed measure: view_test_cases_by_project_action - TimeoutException', TimeoutException())

selenium_ui/conftest.py:171: Exception
06-14-2023, 09:20:20, 1686734420102, Action: test_1_selenium_zscale_view_test_cases_by_folder_macro_in_page, Error: confluence_webdriver = <selenium.webdriver.chrome.webdriver.WebDriver (session="6bf31e0c1b3bdb91a6c7f182fe7ec803")>
confluence_datasets = {'blog_id': '37010257', 'blogs': [['37623915', 'MBSC', '1'], ['37624433', 'IAC', '1'], ['37624169', 'HRBH', '1'], ['37...6', 'IFE', '1'], ...], 'create_comment_page': ['36600816', 'BEW', 'medium_text_16'], 'custom_page_id': '43548673', ...}
confluence_screen_shots = None

    def test_1_selenium_zscale_view_test_cases_by_folder_macro_in_page(confluence_webdriver, confluence_datasets, confluence_screen_shots):
>       extension_ui.zscale_view_test_cases_by_folder_macro_in_page(confluence_webdriver, confluence_datasets)

selenium_ui/confluence_ui.py:57: 
_ _ _ _ _ _ _ _ _ _ _ _ _ _ _ _ _ _ _ _ _ _ _ _ _ _ _ _ _ _ _ _ _ _ _ _ _ _ _ _ 
extension/confluence/extension_ui.py:133: in zscale_view_test_cases_by_folder_macro_in_page
    measure()
_ _ _ _ _ _ _ _ _ _ _ _ _ _ _ _ _ _ _ _ _ _ _ _ _ _ _ _ _ _ _ _ _ _ _ _ _ _ _ _ 

args = (), kwargs = {}, node_ip = '', start = 1686734399.8379884
error_msg = 'Failed measure: view_test_cases_by_folder_action - TimeoutException'
full_exception = TimeoutException(), success = False
exc_type = <class 'selenium.common.exceptions.TimeoutException'>
end = 1686734420.0911777, timing = '20253'
lockfile = '/dc-app-performance-toolkit/app/results/confluence/2023-06-14_09-17-37/selenium.jtl.lock'

    @functools.wraps(func)
    def wrapper(*args, **kwargs):
        if LOGIN_ACTION_NAME in interaction:
            globals.login_failed = False
        if globals.login_failed:
            pytest.skip("login is failed")
        node_ip = ""
        start = time.time()
        error_msg = 'Success'
        full_exception = ''
        if args:
            driver = [arg for arg in args if isinstance(arg, Chrome)]
            node_ip = "" if not driver else getattr(driver[0], "node_ip", "")
        try:
            func(*args, **kwargs)
            success = True
        except Exception:
            success = False
            # https://docs.python.org/2/library/sys.html#sys.exc_info
            exc_type, full_exception = sys.exc_info()[:2]
            error_msg = f"Failed measure: {interaction} - {exc_type.__name__}"
        end = time.time()
        timing = str(int((end - start) * 1000))
    
        lockfile = f'{selenium_results_file}.lock'
    
        with filelock.SoftFileLock(lockfile):
            with open(selenium_results_file, "a+") as jtl_file:
                timestamp = round(time.time() * 1000)
                if explicit_timing:
                    jtl_file.write(f"{timestamp},{explicit_timing*1000},{interaction},,{error_msg},"
                                   f",{success},0,0,0,0,,0\n")
                else:
                    jtl_file.write(f"{timestamp},{timing},{interaction},,{error_msg}"
                                   f",,{success},0,0,0,0,{node_ip},0\n")
    
        print(f"{timestamp},{timing},{interaction},{error_msg},{success},{node_ip}")
    
        if not success:
            if LOGIN_ACTION_NAME in interaction:
                globals.login_failed = True
>           raise Exception(error_msg, full_exception)
E           Exception: ('Failed measure: view_test_cases_by_folder_action - TimeoutException', TimeoutException())

selenium_ui/conftest.py:171: Exception
06-14-2023, 09:20:59, 1686734459609, Action: test_1_selenium_zscale_view_test_cases_by_status_macro_in_page, Error: confluence_webdriver = <selenium.webdriver.chrome.webdriver.WebDriver (session="6bf31e0c1b3bdb91a6c7f182fe7ec803")>
confluence_datasets = {'blog_id': '36999655', 'blogs': [['37623915', 'MBSC', '1'], ['37624433', 'IAC', '1'], ['37624169', 'HRBH', '1'], ['37...FE', '1'], ...], 'create_comment_page': ['34428370', 'CFSPP', 'text_formatting_21'], 'custom_page_id': '43548673', ...}
confluence_screen_shots = None

    def test_1_selenium_zscale_view_test_cases_by_status_macro_in_page(confluence_webdriver, confluence_datasets, confluence_screen_shots):
>       extension_ui.zscale_view_test_cases_by_status_macro_in_page(confluence_webdriver, confluence_datasets)

selenium_ui/confluence_ui.py:51: 
_ _ _ _ _ _ _ _ _ _ _ _ _ _ _ _ _ _ _ _ _ _ _ _ _ _ _ _ _ _ _ _ _ _ _ _ _ _ _ _ 
extension/confluence/extension_ui.py:75: in zscale_view_test_cases_by_status_macro_in_page
    measure()
_ _ _ _ _ _ _ _ _ _ _ _ _ _ _ _ _ _ _ _ _ _ _ _ _ _ _ _ _ _ _ _ _ _ _ _ _ _ _ _ 

args = (), kwargs = {}, node_ip = '', start = 1686734439.1475813
error_msg = 'Failed measure: view_test_cases_by_status_action - TimeoutException'
full_exception = TimeoutException(), success = False
exc_type = <class 'selenium.common.exceptions.TimeoutException'>
end = 1686734459.596928, timing = '20449'
lockfile = '/dc-app-performance-toolkit/app/results/confluence/2023-06-14_09-17-37/selenium.jtl.lock'

    @functools.wraps(func)
    def wrapper(*args, **kwargs):
        if LOGIN_ACTION_NAME in interaction:
            globals.login_failed = False
        if globals.login_failed:
            pytest.skip("login is failed")
        node_ip = ""
        start = time.time()
        error_msg = 'Success'
        full_exception = ''
        if args:
            driver = [arg for arg in args if isinstance(arg, Chrome)]
            node_ip = "" if not driver else getattr(driver[0], "node_ip", "")
        try:
            func(*args, **kwargs)
            success = True
        except Exception:
            success = False
            # https://docs.python.org/2/library/sys.html#sys.exc_info
            exc_type, full_exception = sys.exc_info()[:2]
            error_msg = f"Failed measure: {interaction} - {exc_type.__name__}"
        end = time.time()
        timing = str(int((end - start) * 1000))
    
        lockfile = f'{selenium_results_file}.lock'
    
        with filelock.SoftFileLock(lockfile):
            with open(selenium_results_file, "a+") as jtl_file:
                timestamp = round(time.time() * 1000)
                if explicit_timing:
                    jtl_file.write(f"{timestamp},{explicit_timing*1000},{interaction},,{error_msg},"
                                   f",{success},0,0,0,0,,0\n")
                else:
                    jtl_file.write(f"{timestamp},{timing},{interaction},,{error_msg}"
                                   f",,{success},0,0,0,0,{node_ip},0\n")
    
        print(f"{timestamp},{timing},{interaction},{error_msg},{success},{node_ip}")
    
        if not success:
            if LOGIN_ACTION_NAME in interaction:
                globals.login_failed = True
>           raise Exception(error_msg, full_exception)
E           Exception: ('Failed measure: view_test_cases_by_status_action - TimeoutException', TimeoutException())

selenium_ui/conftest.py:171: Exception
06-14-2023, 09:21:21, 1686734481221, Action: test_1_selenium_zscale_view_test_cases_by_project_macro_in_page, Error: confluence_webdriver = <selenium.webdriver.chrome.webdriver.WebDriver (session="6bf31e0c1b3bdb91a6c7f182fe7ec803")>
confluence_datasets = {'blog_id': '36999655', 'blogs': [['37623915', 'MBSC', '1'], ['37624433', 'IAC', '1'], ['37624169', 'HRBH', '1'], ['37...FE', '1'], ...], 'create_comment_page': ['34428370', 'CFSPP', 'text_formatting_21'], 'custom_page_id': '43548673', ...}
confluence_screen_shots = None

    def test_1_selenium_zscale_view_test_cases_by_project_macro_in_page(confluence_webdriver, confluence_datasets, confluence_screen_shots):
>       extension_ui.zscale_view_test_cases_by_project_macro_in_page(confluence_webdriver, confluence_datasets)

selenium_ui/confluence_ui.py:54: 
_ _ _ _ _ _ _ _ _ _ _ _ _ _ _ _ _ _ _ _ _ _ _ _ _ _ _ _ _ _ _ _ _ _ _ _ _ _ _ _ 
extension/confluence/extension_ui.py:104: in zscale_view_test_cases_by_project_macro_in_page
    measure()
_ _ _ _ _ _ _ _ _ _ _ _ _ _ _ _ _ _ _ _ _ _ _ _ _ _ _ _ _ _ _ _ _ _ _ _ _ _ _ _ 

args = (), kwargs = {}, node_ip = '', start = 1686734460.7084603
error_msg = 'Failed measure: view_test_cases_by_project_action - TimeoutException'
full_exception = TimeoutException(), success = False
exc_type = <class 'selenium.common.exceptions.TimeoutException'>
end = 1686734481.209719, timing = '20501'
lockfile = '/dc-app-performance-toolkit/app/results/confluence/2023-06-14_09-17-37/selenium.jtl.lock'

    @functools.wraps(func)
    def wrapper(*args, **kwargs):
        if LOGIN_ACTION_NAME in interaction:
            globals.login_failed = False
        if globals.login_failed:
            pytest.skip("login is failed")
        node_ip = ""
        start = time.time()
        error_msg = 'Success'
        full_exception = ''
        if args:
            driver = [arg for arg in args if isinstance(arg, Chrome)]
            node_ip = "" if not driver else getattr(driver[0], "node_ip", "")
        try:
            func(*args, **kwargs)
            success = True
        except Exception:
            success = False
            # https://docs.python.org/2/library/sys.html#sys.exc_info
            exc_type, full_exception = sys.exc_info()[:2]
            error_msg = f"Failed measure: {interaction} - {exc_type.__name__}"
        end = time.time()
        timing = str(int((end - start) * 1000))
    
        lockfile = f'{selenium_results_file}.lock'
    
        with filelock.SoftFileLock(lockfile):
            with open(selenium_results_file, "a+") as jtl_file:
                timestamp = round(time.time() * 1000)
                if explicit_timing:
                    jtl_file.write(f"{timestamp},{explicit_timing*1000},{interaction},,{error_msg},"
                                   f",{success},0,0,0,0,,0\n")
                else:
                    jtl_file.write(f"{timestamp},{timing},{interaction},,{error_msg}"
                                   f",,{success},0,0,0,0,{node_ip},0\n")
    
        print(f"{timestamp},{timing},{interaction},{error_msg},{success},{node_ip}")
    
        if not success:
            if LOGIN_ACTION_NAME in interaction:
                globals.login_failed = True
>           raise Exception(error_msg, full_exception)
E           Exception: ('Failed measure: view_test_cases_by_project_action - TimeoutException', TimeoutException())

selenium_ui/conftest.py:171: Exception
06-14-2023, 09:21:42, 1686734502770, Action: test_1_selenium_zscale_view_test_cases_by_folder_macro_in_page, Error: confluence_webdriver = <selenium.webdriver.chrome.webdriver.WebDriver (session="6bf31e0c1b3bdb91a6c7f182fe7ec803")>
confluence_datasets = {'blog_id': '36999655', 'blogs': [['37623915', 'MBSC', '1'], ['37624433', 'IAC', '1'], ['37624169', 'HRBH', '1'], ['37...FE', '1'], ...], 'create_comment_page': ['34428370', 'CFSPP', 'text_formatting_21'], 'custom_page_id': '43548673', ...}
confluence_screen_shots = None

    def test_1_selenium_zscale_view_test_cases_by_folder_macro_in_page(confluence_webdriver, confluence_datasets, confluence_screen_shots):
>       extension_ui.zscale_view_test_cases_by_folder_macro_in_page(confluence_webdriver, confluence_datasets)

selenium_ui/confluence_ui.py:57: 
_ _ _ _ _ _ _ _ _ _ _ _ _ _ _ _ _ _ _ _ _ _ _ _ _ _ _ _ _ _ _ _ _ _ _ _ _ _ _ _ 
extension/confluence/extension_ui.py:133: in zscale_view_test_cases_by_folder_macro_in_page
    measure()
_ _ _ _ _ _ _ _ _ _ _ _ _ _ _ _ _ _ _ _ _ _ _ _ _ _ _ _ _ _ _ _ _ _ _ _ _ _ _ _ 

args = (), kwargs = {}, node_ip = '', start = 1686734482.2723367
error_msg = 'Failed measure: view_test_cases_by_folder_action - TimeoutException'
full_exception = TimeoutException(), success = False
exc_type = <class 'selenium.common.exceptions.TimeoutException'>
end = 1686734502.7596564, timing = '20487'
lockfile = '/dc-app-performance-toolkit/app/results/confluence/2023-06-14_09-17-37/selenium.jtl.lock'

    @functools.wraps(func)
    def wrapper(*args, **kwargs):
        if LOGIN_ACTION_NAME in interaction:
            globals.login_failed = False
        if globals.login_failed:
            pytest.skip("login is failed")
        node_ip = ""
        start = time.time()
        error_msg = 'Success'
        full_exception = ''
        if args:
            driver = [arg for arg in args if isinstance(arg, Chrome)]
            node_ip = "" if not driver else getattr(driver[0], "node_ip", "")
        try:
            func(*args, **kwargs)
            success = True
        except Exception:
            success = False
            # https://docs.python.org/2/library/sys.html#sys.exc_info
            exc_type, full_exception = sys.exc_info()[:2]
            error_msg = f"Failed measure: {interaction} - {exc_type.__name__}"
        end = time.time()
        timing = str(int((end - start) * 1000))
    
        lockfile = f'{selenium_results_file}.lock'
    
        with filelock.SoftFileLock(lockfile):
            with open(selenium_results_file, "a+") as jtl_file:
                timestamp = round(time.time() * 1000)
                if explicit_timing:
                    jtl_file.write(f"{timestamp},{explicit_timing*1000},{interaction},,{error_msg},"
                                   f",{success},0,0,0,0,,0\n")
                else:
                    jtl_file.write(f"{timestamp},{timing},{interaction},,{error_msg}"
                                   f",,{success},0,0,0,0,{node_ip},0\n")
    
        print(f"{timestamp},{timing},{interaction},{error_msg},{success},{node_ip}")
    
        if not success:
            if LOGIN_ACTION_NAME in interaction:
                globals.login_failed = True
>           raise Exception(error_msg, full_exception)
E           Exception: ('Failed measure: view_test_cases_by_folder_action - TimeoutException', TimeoutException())

selenium_ui/conftest.py:171: Exception
06-14-2023, 09:22:17, 1686734537301, Action: test_1_selenium_zscale_view_test_cases_by_status_macro_in_page, Error: confluence_webdriver = <selenium.webdriver.chrome.webdriver.WebDriver (session="6bf31e0c1b3bdb91a6c7f182fe7ec803")>
confluence_datasets = {'blog_id': '36592936', 'blogs': [['37623915', 'MBSC', '1'], ['37624433', 'IAC', '1'], ['37624169', 'HRBH', '1'], ['37...6', 'IFE', '1'], ...], 'create_comment_page': ['15460433', 'ETE', 'medium_text_16'], 'custom_page_id': '43548673', ...}
confluence_screen_shots = None

    def test_1_selenium_zscale_view_test_cases_by_status_macro_in_page(confluence_webdriver, confluence_datasets, confluence_screen_shots):
>       extension_ui.zscale_view_test_cases_by_status_macro_in_page(confluence_webdriver, confluence_datasets)

selenium_ui/confluence_ui.py:51: 
_ _ _ _ _ _ _ _ _ _ _ _ _ _ _ _ _ _ _ _ _ _ _ _ _ _ _ _ _ _ _ _ _ _ _ _ _ _ _ _ 
extension/confluence/extension_ui.py:75: in zscale_view_test_cases_by_status_macro_in_page
    measure()
_ _ _ _ _ _ _ _ _ _ _ _ _ _ _ _ _ _ _ _ _ _ _ _ _ _ _ _ _ _ _ _ _ _ _ _ _ _ _ _ 

args = (), kwargs = {}, node_ip = '', start = 1686734517.117369
error_msg = 'Failed measure: view_test_cases_by_status_action - TimeoutException'
full_exception = TimeoutException(), success = False
exc_type = <class 'selenium.common.exceptions.TimeoutException'>
end = 1686734537.2888875, timing = '20171'
lockfile = '/dc-app-performance-toolkit/app/results/confluence/2023-06-14_09-17-37/selenium.jtl.lock'

    @functools.wraps(func)
    def wrapper(*args, **kwargs):
        if LOGIN_ACTION_NAME in interaction:
            globals.login_failed = False
        if globals.login_failed:
            pytest.skip("login is failed")
        node_ip = ""
        start = time.time()
        error_msg = 'Success'
        full_exception = ''
        if args:
            driver = [arg for arg in args if isinstance(arg, Chrome)]
            node_ip = "" if not driver else getattr(driver[0], "node_ip", "")
        try:
            func(*args, **kwargs)
            success = True
        except Exception:
            success = False
            # https://docs.python.org/2/library/sys.html#sys.exc_info
            exc_type, full_exception = sys.exc_info()[:2]
            error_msg = f"Failed measure: {interaction} - {exc_type.__name__}"
        end = time.time()
        timing = str(int((end - start) * 1000))
    
        lockfile = f'{selenium_results_file}.lock'
    
        with filelock.SoftFileLock(lockfile):
            with open(selenium_results_file, "a+") as jtl_file:
                timestamp = round(time.time() * 1000)
                if explicit_timing:
                    jtl_file.write(f"{timestamp},{explicit_timing*1000},{interaction},,{error_msg},"
                                   f",{success},0,0,0,0,,0\n")
                else:
                    jtl_file.write(f"{timestamp},{timing},{interaction},,{error_msg}"
                                   f",,{success},0,0,0,0,{node_ip},0\n")
    
        print(f"{timestamp},{timing},{interaction},{error_msg},{success},{node_ip}")
    
        if not success:
            if LOGIN_ACTION_NAME in interaction:
                globals.login_failed = True
>           raise Exception(error_msg, full_exception)
E           Exception: ('Failed measure: view_test_cases_by_status_action - TimeoutException', TimeoutException())

selenium_ui/conftest.py:171: Exception
06-14-2023, 09:22:38, 1686734558768, Action: test_1_selenium_zscale_view_test_cases_by_project_macro_in_page, Error: confluence_webdriver = <selenium.webdriver.chrome.webdriver.WebDriver (session="6bf31e0c1b3bdb91a6c7f182fe7ec803")>
confluence_datasets = {'blog_id': '36592936', 'blogs': [['37623915', 'MBSC', '1'], ['37624433', 'IAC', '1'], ['37624169', 'HRBH', '1'], ['37...6', 'IFE', '1'], ...], 'create_comment_page': ['15460433', 'ETE', 'medium_text_16'], 'custom_page_id': '43548673', ...}
confluence_screen_shots = None

    def test_1_selenium_zscale_view_test_cases_by_project_macro_in_page(confluence_webdriver, confluence_datasets, confluence_screen_shots):
>       extension_ui.zscale_view_test_cases_by_project_macro_in_page(confluence_webdriver, confluence_datasets)

selenium_ui/confluence_ui.py:54: 
_ _ _ _ _ _ _ _ _ _ _ _ _ _ _ _ _ _ _ _ _ _ _ _ _ _ _ _ _ _ _ _ _ _ _ _ _ _ _ _ 
extension/confluence/extension_ui.py:104: in zscale_view_test_cases_by_project_macro_in_page
    measure()
_ _ _ _ _ _ _ _ _ _ _ _ _ _ _ _ _ _ _ _ _ _ _ _ _ _ _ _ _ _ _ _ _ _ _ _ _ _ _ _ 

args = (), kwargs = {}, node_ip = '', start = 1686734538.4180005
error_msg = 'Failed measure: view_test_cases_by_project_action - TimeoutException'
full_exception = TimeoutException(), success = False
exc_type = <class 'selenium.common.exceptions.TimeoutException'>
end = 1686734558.7570636, timing = '20339'
lockfile = '/dc-app-performance-toolkit/app/results/confluence/2023-06-14_09-17-37/selenium.jtl.lock'

    @functools.wraps(func)
    def wrapper(*args, **kwargs):
        if LOGIN_ACTION_NAME in interaction:
            globals.login_failed = False
        if globals.login_failed:
            pytest.skip("login is failed")
        node_ip = ""
        start = time.time()
        error_msg = 'Success'
        full_exception = ''
        if args:
            driver = [arg for arg in args if isinstance(arg, Chrome)]
            node_ip = "" if not driver else getattr(driver[0], "node_ip", "")
        try:
            func(*args, **kwargs)
            success = True
        except Exception:
            success = False
            # https://docs.python.org/2/library/sys.html#sys.exc_info
            exc_type, full_exception = sys.exc_info()[:2]
            error_msg = f"Failed measure: {interaction} - {exc_type.__name__}"
        end = time.time()
        timing = str(int((end - start) * 1000))
    
        lockfile = f'{selenium_results_file}.lock'
    
        with filelock.SoftFileLock(lockfile):
            with open(selenium_results_file, "a+") as jtl_file:
                timestamp = round(time.time() * 1000)
                if explicit_timing:
                    jtl_file.write(f"{timestamp},{explicit_timing*1000},{interaction},,{error_msg},"
                                   f",{success},0,0,0,0,,0\n")
                else:
                    jtl_file.write(f"{timestamp},{timing},{interaction},,{error_msg}"
                                   f",,{success},0,0,0,0,{node_ip},0\n")
    
        print(f"{timestamp},{timing},{interaction},{error_msg},{success},{node_ip}")
    
        if not success:
            if LOGIN_ACTION_NAME in interaction:
                globals.login_failed = True
>           raise Exception(error_msg, full_exception)
E           Exception: ('Failed measure: view_test_cases_by_project_action - TimeoutException', TimeoutException())

selenium_ui/conftest.py:171: Exception
06-14-2023, 09:23:00, 1686734580083, Action: test_1_selenium_zscale_view_test_cases_by_folder_macro_in_page, Error: confluence_webdriver = <selenium.webdriver.chrome.webdriver.WebDriver (session="6bf31e0c1b3bdb91a6c7f182fe7ec803")>
confluence_datasets = {'blog_id': '36592936', 'blogs': [['37623915', 'MBSC', '1'], ['37624433', 'IAC', '1'], ['37624169', 'HRBH', '1'], ['37...6', 'IFE', '1'], ...], 'create_comment_page': ['15460433', 'ETE', 'medium_text_16'], 'custom_page_id': '43548673', ...}
confluence_screen_shots = None

    def test_1_selenium_zscale_view_test_cases_by_folder_macro_in_page(confluence_webdriver, confluence_datasets, confluence_screen_shots):
>       extension_ui.zscale_view_test_cases_by_folder_macro_in_page(confluence_webdriver, confluence_datasets)

selenium_ui/confluence_ui.py:57: 
_ _ _ _ _ _ _ _ _ _ _ _ _ _ _ _ _ _ _ _ _ _ _ _ _ _ _ _ _ _ _ _ _ _ _ _ _ _ _ _ 
extension/confluence/extension_ui.py:133: in zscale_view_test_cases_by_folder_macro_in_page
    measure()
_ _ _ _ _ _ _ _ _ _ _ _ _ _ _ _ _ _ _ _ _ _ _ _ _ _ _ _ _ _ _ _ _ _ _ _ _ _ _ _ 

args = (), kwargs = {}, node_ip = '', start = 1686734559.8514051
error_msg = 'Failed measure: view_test_cases_by_folder_action - TimeoutException'
full_exception = TimeoutException(), success = False
exc_type = <class 'selenium.common.exceptions.TimeoutException'>
end = 1686734580.0726106, timing = '20221'
lockfile = '/dc-app-performance-toolkit/app/results/confluence/2023-06-14_09-17-37/selenium.jtl.lock'

    @functools.wraps(func)
    def wrapper(*args, **kwargs):
        if LOGIN_ACTION_NAME in interaction:
            globals.login_failed = False
        if globals.login_failed:
            pytest.skip("login is failed")
        node_ip = ""
        start = time.time()
        error_msg = 'Success'
        full_exception = ''
        if args:
            driver = [arg for arg in args if isinstance(arg, Chrome)]
            node_ip = "" if not driver else getattr(driver[0], "node_ip", "")
        try:
            func(*args, **kwargs)
            success = True
        except Exception:
            success = False
            # https://docs.python.org/2/library/sys.html#sys.exc_info
            exc_type, full_exception = sys.exc_info()[:2]
            error_msg = f"Failed measure: {interaction} - {exc_type.__name__}"
        end = time.time()
        timing = str(int((end - start) * 1000))
    
        lockfile = f'{selenium_results_file}.lock'
    
        with filelock.SoftFileLock(lockfile):
            with open(selenium_results_file, "a+") as jtl_file:
                timestamp = round(time.time() * 1000)
                if explicit_timing:
                    jtl_file.write(f"{timestamp},{explicit_timing*1000},{interaction},,{error_msg},"
                                   f",{success},0,0,0,0,,0\n")
                else:
                    jtl_file.write(f"{timestamp},{timing},{interaction},,{error_msg}"
                                   f",,{success},0,0,0,0,{node_ip},0\n")
    
        print(f"{timestamp},{timing},{interaction},{error_msg},{success},{node_ip}")
    
        if not success:
            if LOGIN_ACTION_NAME in interaction:
                globals.login_failed = True
>           raise Exception(error_msg, full_exception)
E           Exception: ('Failed measure: view_test_cases_by_folder_action - TimeoutException', TimeoutException())

selenium_ui/conftest.py:171: Exception
06-14-2023, 09:23:34, 1686734614639, Action: test_1_selenium_zscale_view_test_cases_by_status_macro_in_page, Error: confluence_webdriver = <selenium.webdriver.chrome.webdriver.WebDriver (session="6bf31e0c1b3bdb91a6c7f182fe7ec803")>
confluence_datasets = {'blog_id': '37096053', 'blogs': [['37623915', 'MBSC', '1'], ['37624433', 'IAC', '1'], ['37624169', 'HRBH', '1'], ['37...IFE', '1'], ...], 'create_comment_page': ['36870412', 'DRML', 'text_formatting_21'], 'custom_page_id': '43548673', ...}
confluence_screen_shots = None

    def test_1_selenium_zscale_view_test_cases_by_status_macro_in_page(confluence_webdriver, confluence_datasets, confluence_screen_shots):
>       extension_ui.zscale_view_test_cases_by_status_macro_in_page(confluence_webdriver, confluence_datasets)

selenium_ui/confluence_ui.py:51: 
_ _ _ _ _ _ _ _ _ _ _ _ _ _ _ _ _ _ _ _ _ _ _ _ _ _ _ _ _ _ _ _ _ _ _ _ _ _ _ _ 
extension/confluence/extension_ui.py:75: in zscale_view_test_cases_by_status_macro_in_page
    measure()
_ _ _ _ _ _ _ _ _ _ _ _ _ _ _ _ _ _ _ _ _ _ _ _ _ _ _ _ _ _ _ _ _ _ _ _ _ _ _ _ 

args = (), kwargs = {}, node_ip = '', start = 1686734594.2189946
error_msg = 'Failed measure: view_test_cases_by_status_action - TimeoutException'
full_exception = TimeoutException(), success = False
exc_type = <class 'selenium.common.exceptions.TimeoutException'>
end = 1686734614.627313, timing = '20408'
lockfile = '/dc-app-performance-toolkit/app/results/confluence/2023-06-14_09-17-37/selenium.jtl.lock'

    @functools.wraps(func)
    def wrapper(*args, **kwargs):
        if LOGIN_ACTION_NAME in interaction:
            globals.login_failed = False
        if globals.login_failed:
            pytest.skip("login is failed")
        node_ip = ""
        start = time.time()
        error_msg = 'Success'
        full_exception = ''
        if args:
            driver = [arg for arg in args if isinstance(arg, Chrome)]
            node_ip = "" if not driver else getattr(driver[0], "node_ip", "")
        try:
            func(*args, **kwargs)
            success = True
        except Exception:
            success = False
            # https://docs.python.org/2/library/sys.html#sys.exc_info
            exc_type, full_exception = sys.exc_info()[:2]
            error_msg = f"Failed measure: {interaction} - {exc_type.__name__}"
        end = time.time()
        timing = str(int((end - start) * 1000))
    
        lockfile = f'{selenium_results_file}.lock'
    
        with filelock.SoftFileLock(lockfile):
            with open(selenium_results_file, "a+") as jtl_file:
                timestamp = round(time.time() * 1000)
                if explicit_timing:
                    jtl_file.write(f"{timestamp},{explicit_timing*1000},{interaction},,{error_msg},"
                                   f",{success},0,0,0,0,,0\n")
                else:
                    jtl_file.write(f"{timestamp},{timing},{interaction},,{error_msg}"
                                   f",,{success},0,0,0,0,{node_ip},0\n")
    
        print(f"{timestamp},{timing},{interaction},{error_msg},{success},{node_ip}")
    
        if not success:
            if LOGIN_ACTION_NAME in interaction:
                globals.login_failed = True
>           raise Exception(error_msg, full_exception)
E           Exception: ('Failed measure: view_test_cases_by_status_action - TimeoutException', TimeoutException())

selenium_ui/conftest.py:171: Exception
06-14-2023, 09:23:56, 1686734636207, Action: test_1_selenium_zscale_view_test_cases_by_project_macro_in_page, Error: confluence_webdriver = <selenium.webdriver.chrome.webdriver.WebDriver (session="6bf31e0c1b3bdb91a6c7f182fe7ec803")>
confluence_datasets = {'blog_id': '37096053', 'blogs': [['37623915', 'MBSC', '1'], ['37624433', 'IAC', '1'], ['37624169', 'HRBH', '1'], ['37...IFE', '1'], ...], 'create_comment_page': ['36870412', 'DRML', 'text_formatting_21'], 'custom_page_id': '43548673', ...}
confluence_screen_shots = None

    def test_1_selenium_zscale_view_test_cases_by_project_macro_in_page(confluence_webdriver, confluence_datasets, confluence_screen_shots):
>       extension_ui.zscale_view_test_cases_by_project_macro_in_page(confluence_webdriver, confluence_datasets)

selenium_ui/confluence_ui.py:54: 
_ _ _ _ _ _ _ _ _ _ _ _ _ _ _ _ _ _ _ _ _ _ _ _ _ _ _ _ _ _ _ _ _ _ _ _ _ _ _ _ 
extension/confluence/extension_ui.py:104: in zscale_view_test_cases_by_project_macro_in_page
    measure()
_ _ _ _ _ _ _ _ _ _ _ _ _ _ _ _ _ _ _ _ _ _ _ _ _ _ _ _ _ _ _ _ _ _ _ _ _ _ _ _ 

args = (), kwargs = {}, node_ip = '', start = 1686734615.7519786
error_msg = 'Failed measure: view_test_cases_by_project_action - TimeoutException'
full_exception = TimeoutException(), success = False
exc_type = <class 'selenium.common.exceptions.TimeoutException'>
end = 1686734636.1966226, timing = '20444'
lockfile = '/dc-app-performance-toolkit/app/results/confluence/2023-06-14_09-17-37/selenium.jtl.lock'

    @functools.wraps(func)
    def wrapper(*args, **kwargs):
        if LOGIN_ACTION_NAME in interaction:
            globals.login_failed = False
        if globals.login_failed:
            pytest.skip("login is failed")
        node_ip = ""
        start = time.time()
        error_msg = 'Success'
        full_exception = ''
        if args:
            driver = [arg for arg in args if isinstance(arg, Chrome)]
            node_ip = "" if not driver else getattr(driver[0], "node_ip", "")
        try:
            func(*args, **kwargs)
            success = True
        except Exception:
            success = False
            # https://docs.python.org/2/library/sys.html#sys.exc_info
            exc_type, full_exception = sys.exc_info()[:2]
            error_msg = f"Failed measure: {interaction} - {exc_type.__name__}"
        end = time.time()
        timing = str(int((end - start) * 1000))
    
        lockfile = f'{selenium_results_file}.lock'
    
        with filelock.SoftFileLock(lockfile):
            with open(selenium_results_file, "a+") as jtl_file:
                timestamp = round(time.time() * 1000)
                if explicit_timing:
                    jtl_file.write(f"{timestamp},{explicit_timing*1000},{interaction},,{error_msg},"
                                   f",{success},0,0,0,0,,0\n")
                else:
                    jtl_file.write(f"{timestamp},{timing},{interaction},,{error_msg}"
                                   f",,{success},0,0,0,0,{node_ip},0\n")
    
        print(f"{timestamp},{timing},{interaction},{error_msg},{success},{node_ip}")
    
        if not success:
            if LOGIN_ACTION_NAME in interaction:
                globals.login_failed = True
>           raise Exception(error_msg, full_exception)
E           Exception: ('Failed measure: view_test_cases_by_project_action - TimeoutException', TimeoutException())

selenium_ui/conftest.py:171: Exception
06-14-2023, 09:24:17, 1686734657769, Action: test_1_selenium_zscale_view_test_cases_by_folder_macro_in_page, Error: confluence_webdriver = <selenium.webdriver.chrome.webdriver.WebDriver (session="6bf31e0c1b3bdb91a6c7f182fe7ec803")>
confluence_datasets = {'blog_id': '37096053', 'blogs': [['37623915', 'MBSC', '1'], ['37624433', 'IAC', '1'], ['37624169', 'HRBH', '1'], ['37...IFE', '1'], ...], 'create_comment_page': ['36870412', 'DRML', 'text_formatting_21'], 'custom_page_id': '43548673', ...}
confluence_screen_shots = None

    def test_1_selenium_zscale_view_test_cases_by_folder_macro_in_page(confluence_webdriver, confluence_datasets, confluence_screen_shots):
>       extension_ui.zscale_view_test_cases_by_folder_macro_in_page(confluence_webdriver, confluence_datasets)

selenium_ui/confluence_ui.py:57: 
_ _ _ _ _ _ _ _ _ _ _ _ _ _ _ _ _ _ _ _ _ _ _ _ _ _ _ _ _ _ _ _ _ _ _ _ _ _ _ _ 
extension/confluence/extension_ui.py:133: in zscale_view_test_cases_by_folder_macro_in_page
    measure()
_ _ _ _ _ _ _ _ _ _ _ _ _ _ _ _ _ _ _ _ _ _ _ _ _ _ _ _ _ _ _ _ _ _ _ _ _ _ _ _ 

args = (), kwargs = {}, node_ip = '', start = 1686734637.3208804
error_msg = 'Failed measure: view_test_cases_by_folder_action - TimeoutException'
full_exception = TimeoutException(), success = False
exc_type = <class 'selenium.common.exceptions.TimeoutException'>
end = 1686734657.7583148, timing = '20437'
lockfile = '/dc-app-performance-toolkit/app/results/confluence/2023-06-14_09-17-37/selenium.jtl.lock'

    @functools.wraps(func)
    def wrapper(*args, **kwargs):
        if LOGIN_ACTION_NAME in interaction:
            globals.login_failed = False
        if globals.login_failed:
            pytest.skip("login is failed")
        node_ip = ""
        start = time.time()
        error_msg = 'Success'
        full_exception = ''
        if args:
            driver = [arg for arg in args if isinstance(arg, Chrome)]
            node_ip = "" if not driver else getattr(driver[0], "node_ip", "")
        try:
            func(*args, **kwargs)
            success = True
        except Exception:
            success = False
            # https://docs.python.org/2/library/sys.html#sys.exc_info
            exc_type, full_exception = sys.exc_info()[:2]
            error_msg = f"Failed measure: {interaction} - {exc_type.__name__}"
        end = time.time()
        timing = str(int((end - start) * 1000))
    
        lockfile = f'{selenium_results_file}.lock'
    
        with filelock.SoftFileLock(lockfile):
            with open(selenium_results_file, "a+") as jtl_file:
                timestamp = round(time.time() * 1000)
                if explicit_timing:
                    jtl_file.write(f"{timestamp},{explicit_timing*1000},{interaction},,{error_msg},"
                                   f",{success},0,0,0,0,,0\n")
                else:
                    jtl_file.write(f"{timestamp},{timing},{interaction},,{error_msg}"
                                   f",,{success},0,0,0,0,{node_ip},0\n")
    
        print(f"{timestamp},{timing},{interaction},{error_msg},{success},{node_ip}")
    
        if not success:
            if LOGIN_ACTION_NAME in interaction:
                globals.login_failed = True
>           raise Exception(error_msg, full_exception)
E           Exception: ('Failed measure: view_test_cases_by_folder_action - TimeoutException', TimeoutException())

selenium_ui/conftest.py:171: Exception
06-14-2023, 09:24:57, 1686734697282, Action: test_1_selenium_zscale_view_test_cases_by_status_macro_in_page, Error: confluence_webdriver = <selenium.webdriver.chrome.webdriver.WebDriver (session="6bf31e0c1b3bdb91a6c7f182fe7ec803")>
confluence_datasets = {'blog_id': '36995627', 'blogs': [['37623915', 'MBSC', '1'], ['37624433', 'IAC', '1'], ['37624169', 'HRBH', '1'], ['37...E', '1'], ...], 'create_comment_page': ['36727400', 'CORDT', 'small_attachments_3'], 'custom_page_id': '43548673', ...}
confluence_screen_shots = None

    def test_1_selenium_zscale_view_test_cases_by_status_macro_in_page(confluence_webdriver, confluence_datasets, confluence_screen_shots):
>       extension_ui.zscale_view_test_cases_by_status_macro_in_page(confluence_webdriver, confluence_datasets)

selenium_ui/confluence_ui.py:51: 
_ _ _ _ _ _ _ _ _ _ _ _ _ _ _ _ _ _ _ _ _ _ _ _ _ _ _ _ _ _ _ _ _ _ _ _ _ _ _ _ 
extension/confluence/extension_ui.py:75: in zscale_view_test_cases_by_status_macro_in_page
    measure()
_ _ _ _ _ _ _ _ _ _ _ _ _ _ _ _ _ _ _ _ _ _ _ _ _ _ _ _ _ _ _ _ _ _ _ _ _ _ _ _ 

args = (), kwargs = {}, node_ip = '', start = 1686734677.099882
error_msg = 'Failed measure: view_test_cases_by_status_action - TimeoutException'
full_exception = TimeoutException(), success = False
exc_type = <class 'selenium.common.exceptions.TimeoutException'>
end = 1686734697.269746, timing = '20169'
lockfile = '/dc-app-performance-toolkit/app/results/confluence/2023-06-14_09-17-37/selenium.jtl.lock'

    @functools.wraps(func)
    def wrapper(*args, **kwargs):
        if LOGIN_ACTION_NAME in interaction:
            globals.login_failed = False
        if globals.login_failed:
            pytest.skip("login is failed")
        node_ip = ""
        start = time.time()
        error_msg = 'Success'
        full_exception = ''
        if args:
            driver = [arg for arg in args if isinstance(arg, Chrome)]
            node_ip = "" if not driver else getattr(driver[0], "node_ip", "")
        try:
            func(*args, **kwargs)
            success = True
        except Exception:
            success = False
            # https://docs.python.org/2/library/sys.html#sys.exc_info
            exc_type, full_exception = sys.exc_info()[:2]
            error_msg = f"Failed measure: {interaction} - {exc_type.__name__}"
        end = time.time()
        timing = str(int((end - start) * 1000))
    
        lockfile = f'{selenium_results_file}.lock'
    
        with filelock.SoftFileLock(lockfile):
            with open(selenium_results_file, "a+") as jtl_file:
                timestamp = round(time.time() * 1000)
                if explicit_timing:
                    jtl_file.write(f"{timestamp},{explicit_timing*1000},{interaction},,{error_msg},"
                                   f",{success},0,0,0,0,,0\n")
                else:
                    jtl_file.write(f"{timestamp},{timing},{interaction},,{error_msg}"
                                   f",,{success},0,0,0,0,{node_ip},0\n")
    
        print(f"{timestamp},{timing},{interaction},{error_msg},{success},{node_ip}")
    
        if not success:
            if LOGIN_ACTION_NAME in interaction:
                globals.login_failed = True
>           raise Exception(error_msg, full_exception)
E           Exception: ('Failed measure: view_test_cases_by_status_action - TimeoutException', TimeoutException())

selenium_ui/conftest.py:171: Exception
06-14-2023, 09:25:18, 1686734718571, Action: test_1_selenium_zscale_view_test_cases_by_project_macro_in_page, Error: confluence_webdriver = <selenium.webdriver.chrome.webdriver.WebDriver (session="6bf31e0c1b3bdb91a6c7f182fe7ec803")>
confluence_datasets = {'blog_id': '36995627', 'blogs': [['37623915', 'MBSC', '1'], ['37624433', 'IAC', '1'], ['37624169', 'HRBH', '1'], ['37...E', '1'], ...], 'create_comment_page': ['36727400', 'CORDT', 'small_attachments_3'], 'custom_page_id': '43548673', ...}
confluence_screen_shots = None

    def test_1_selenium_zscale_view_test_cases_by_project_macro_in_page(confluence_webdriver, confluence_datasets, confluence_screen_shots):
>       extension_ui.zscale_view_test_cases_by_project_macro_in_page(confluence_webdriver, confluence_datasets)

selenium_ui/confluence_ui.py:54: 
_ _ _ _ _ _ _ _ _ _ _ _ _ _ _ _ _ _ _ _ _ _ _ _ _ _ _ _ _ _ _ _ _ _ _ _ _ _ _ _ 
extension/confluence/extension_ui.py:104: in zscale_view_test_cases_by_project_macro_in_page
    measure()
_ _ _ _ _ _ _ _ _ _ _ _ _ _ _ _ _ _ _ _ _ _ _ _ _ _ _ _ _ _ _ _ _ _ _ _ _ _ _ _ 

args = (), kwargs = {}, node_ip = '', start = 1686734698.3691924
error_msg = 'Failed measure: view_test_cases_by_project_action - TimeoutException'
full_exception = TimeoutException(), success = False
exc_type = <class 'selenium.common.exceptions.TimeoutException'>
end = 1686734718.5603127, timing = '20191'
lockfile = '/dc-app-performance-toolkit/app/results/confluence/2023-06-14_09-17-37/selenium.jtl.lock'

    @functools.wraps(func)
    def wrapper(*args, **kwargs):
        if LOGIN_ACTION_NAME in interaction:
            globals.login_failed = False
        if globals.login_failed:
            pytest.skip("login is failed")
        node_ip = ""
        start = time.time()
        error_msg = 'Success'
        full_exception = ''
        if args:
            driver = [arg for arg in args if isinstance(arg, Chrome)]
            node_ip = "" if not driver else getattr(driver[0], "node_ip", "")
        try:
            func(*args, **kwargs)
            success = True
        except Exception:
            success = False
            # https://docs.python.org/2/library/sys.html#sys.exc_info
            exc_type, full_exception = sys.exc_info()[:2]
            error_msg = f"Failed measure: {interaction} - {exc_type.__name__}"
        end = time.time()
        timing = str(int((end - start) * 1000))
    
        lockfile = f'{selenium_results_file}.lock'
    
        with filelock.SoftFileLock(lockfile):
            with open(selenium_results_file, "a+") as jtl_file:
                timestamp = round(time.time() * 1000)
                if explicit_timing:
                    jtl_file.write(f"{timestamp},{explicit_timing*1000},{interaction},,{error_msg},"
                                   f",{success},0,0,0,0,,0\n")
                else:
                    jtl_file.write(f"{timestamp},{timing},{interaction},,{error_msg}"
                                   f",,{success},0,0,0,0,{node_ip},0\n")
    
        print(f"{timestamp},{timing},{interaction},{error_msg},{success},{node_ip}")
    
        if not success:
            if LOGIN_ACTION_NAME in interaction:
                globals.login_failed = True
>           raise Exception(error_msg, full_exception)
E           Exception: ('Failed measure: view_test_cases_by_project_action - TimeoutException', TimeoutException())

selenium_ui/conftest.py:171: Exception
06-14-2023, 09:25:39, 1686734739855, Action: test_1_selenium_zscale_view_test_cases_by_folder_macro_in_page, Error: confluence_webdriver = <selenium.webdriver.chrome.webdriver.WebDriver (session="6bf31e0c1b3bdb91a6c7f182fe7ec803")>
confluence_datasets = {'blog_id': '36995627', 'blogs': [['37623915', 'MBSC', '1'], ['37624433', 'IAC', '1'], ['37624169', 'HRBH', '1'], ['37...E', '1'], ...], 'create_comment_page': ['36727400', 'CORDT', 'small_attachments_3'], 'custom_page_id': '43548673', ...}
confluence_screen_shots = None

    def test_1_selenium_zscale_view_test_cases_by_folder_macro_in_page(confluence_webdriver, confluence_datasets, confluence_screen_shots):
>       extension_ui.zscale_view_test_cases_by_folder_macro_in_page(confluence_webdriver, confluence_datasets)

selenium_ui/confluence_ui.py:57: 
_ _ _ _ _ _ _ _ _ _ _ _ _ _ _ _ _ _ _ _ _ _ _ _ _ _ _ _ _ _ _ _ _ _ _ _ _ _ _ _ 
extension/confluence/extension_ui.py:133: in zscale_view_test_cases_by_folder_macro_in_page
    measure()
_ _ _ _ _ _ _ _ _ _ _ _ _ _ _ _ _ _ _ _ _ _ _ _ _ _ _ _ _ _ _ _ _ _ _ _ _ _ _ _ 

args = (), kwargs = {}, node_ip = '', start = 1686734719.6532722
error_msg = 'Failed measure: view_test_cases_by_folder_action - TimeoutException'
full_exception = TimeoutException(), success = False
exc_type = <class 'selenium.common.exceptions.TimeoutException'>
end = 1686734739.8437016, timing = '20190'
lockfile = '/dc-app-performance-toolkit/app/results/confluence/2023-06-14_09-17-37/selenium.jtl.lock'

    @functools.wraps(func)
    def wrapper(*args, **kwargs):
        if LOGIN_ACTION_NAME in interaction:
            globals.login_failed = False
        if globals.login_failed:
            pytest.skip("login is failed")
        node_ip = ""
        start = time.time()
        error_msg = 'Success'
        full_exception = ''
        if args:
            driver = [arg for arg in args if isinstance(arg, Chrome)]
            node_ip = "" if not driver else getattr(driver[0], "node_ip", "")
        try:
            func(*args, **kwargs)
            success = True
        except Exception:
            success = False
            # https://docs.python.org/2/library/sys.html#sys.exc_info
            exc_type, full_exception = sys.exc_info()[:2]
            error_msg = f"Failed measure: {interaction} - {exc_type.__name__}"
        end = time.time()
        timing = str(int((end - start) * 1000))
    
        lockfile = f'{selenium_results_file}.lock'
    
        with filelock.SoftFileLock(lockfile):
            with open(selenium_results_file, "a+") as jtl_file:
                timestamp = round(time.time() * 1000)
                if explicit_timing:
                    jtl_file.write(f"{timestamp},{explicit_timing*1000},{interaction},,{error_msg},"
                                   f",{success},0,0,0,0,,0\n")
                else:
                    jtl_file.write(f"{timestamp},{timing},{interaction},,{error_msg}"
                                   f",,{success},0,0,0,0,{node_ip},0\n")
    
        print(f"{timestamp},{timing},{interaction},{error_msg},{success},{node_ip}")
    
        if not success:
            if LOGIN_ACTION_NAME in interaction:
                globals.login_failed = True
>           raise Exception(error_msg, full_exception)
E           Exception: ('Failed measure: view_test_cases_by_folder_action - TimeoutException', TimeoutException())

selenium_ui/conftest.py:171: Exception
06-14-2023, 09:26:18, 1686734778832, Action: test_1_selenium_zscale_view_test_cases_by_status_macro_in_page, Error: confluence_webdriver = <selenium.webdriver.chrome.webdriver.WebDriver (session="6bf31e0c1b3bdb91a6c7f182fe7ec803")>
confluence_datasets = {'blog_id': '36575499', 'blogs': [['37623915', 'MBSC', '1'], ['37624433', 'IAC', '1'], ['37624169', 'HRBH', '1'], ['37...IFE', '1'], ...], 'create_comment_page': ['36600027', 'IORC', 'text_formatting_21'], 'custom_page_id': '43548673', ...}
confluence_screen_shots = None

    def test_1_selenium_zscale_view_test_cases_by_status_macro_in_page(confluence_webdriver, confluence_datasets, confluence_screen_shots):
>       extension_ui.zscale_view_test_cases_by_status_macro_in_page(confluence_webdriver, confluence_datasets)

selenium_ui/confluence_ui.py:51: 
_ _ _ _ _ _ _ _ _ _ _ _ _ _ _ _ _ _ _ _ _ _ _ _ _ _ _ _ _ _ _ _ _ _ _ _ _ _ _ _ 
extension/confluence/extension_ui.py:75: in zscale_view_test_cases_by_status_macro_in_page
    measure()
_ _ _ _ _ _ _ _ _ _ _ _ _ _ _ _ _ _ _ _ _ _ _ _ _ _ _ _ _ _ _ _ _ _ _ _ _ _ _ _ 

args = (), kwargs = {}, node_ip = '', start = 1686734758.3933418
error_msg = 'Failed measure: view_test_cases_by_status_action - TimeoutException'
full_exception = TimeoutException(), success = False
exc_type = <class 'selenium.common.exceptions.TimeoutException'>
end = 1686734778.8206491, timing = '20427'
lockfile = '/dc-app-performance-toolkit/app/results/confluence/2023-06-14_09-17-37/selenium.jtl.lock'

    @functools.wraps(func)
    def wrapper(*args, **kwargs):
        if LOGIN_ACTION_NAME in interaction:
            globals.login_failed = False
        if globals.login_failed:
            pytest.skip("login is failed")
        node_ip = ""
        start = time.time()
        error_msg = 'Success'
        full_exception = ''
        if args:
            driver = [arg for arg in args if isinstance(arg, Chrome)]
            node_ip = "" if not driver else getattr(driver[0], "node_ip", "")
        try:
            func(*args, **kwargs)
            success = True
        except Exception:
            success = False
            # https://docs.python.org/2/library/sys.html#sys.exc_info
            exc_type, full_exception = sys.exc_info()[:2]
            error_msg = f"Failed measure: {interaction} - {exc_type.__name__}"
        end = time.time()
        timing = str(int((end - start) * 1000))
    
        lockfile = f'{selenium_results_file}.lock'
    
        with filelock.SoftFileLock(lockfile):
            with open(selenium_results_file, "a+") as jtl_file:
                timestamp = round(time.time() * 1000)
                if explicit_timing:
                    jtl_file.write(f"{timestamp},{explicit_timing*1000},{interaction},,{error_msg},"
                                   f",{success},0,0,0,0,,0\n")
                else:
                    jtl_file.write(f"{timestamp},{timing},{interaction},,{error_msg}"
                                   f",,{success},0,0,0,0,{node_ip},0\n")
    
        print(f"{timestamp},{timing},{interaction},{error_msg},{success},{node_ip}")
    
        if not success:
            if LOGIN_ACTION_NAME in interaction:
                globals.login_failed = True
>           raise Exception(error_msg, full_exception)
E           Exception: ('Failed measure: view_test_cases_by_status_action - TimeoutException', TimeoutException())

selenium_ui/conftest.py:171: Exception
06-14-2023, 09:26:40, 1686734800379, Action: test_1_selenium_zscale_view_test_cases_by_project_macro_in_page, Error: confluence_webdriver = <selenium.webdriver.chrome.webdriver.WebDriver (session="6bf31e0c1b3bdb91a6c7f182fe7ec803")>
confluence_datasets = {'blog_id': '36575499', 'blogs': [['37623915', 'MBSC', '1'], ['37624433', 'IAC', '1'], ['37624169', 'HRBH', '1'], ['37...IFE', '1'], ...], 'create_comment_page': ['36600027', 'IORC', 'text_formatting_21'], 'custom_page_id': '43548673', ...}
confluence_screen_shots = None

    def test_1_selenium_zscale_view_test_cases_by_project_macro_in_page(confluence_webdriver, confluence_datasets, confluence_screen_shots):
>       extension_ui.zscale_view_test_cases_by_project_macro_in_page(confluence_webdriver, confluence_datasets)

selenium_ui/confluence_ui.py:54: 
_ _ _ _ _ _ _ _ _ _ _ _ _ _ _ _ _ _ _ _ _ _ _ _ _ _ _ _ _ _ _ _ _ _ _ _ _ _ _ _ 
extension/confluence/extension_ui.py:104: in zscale_view_test_cases_by_project_macro_in_page
    measure()
_ _ _ _ _ _ _ _ _ _ _ _ _ _ _ _ _ _ _ _ _ _ _ _ _ _ _ _ _ _ _ _ _ _ _ _ _ _ _ _ 

args = (), kwargs = {}, node_ip = '', start = 1686734779.919752
error_msg = 'Failed measure: view_test_cases_by_project_action - TimeoutException'
full_exception = TimeoutException(), success = False
exc_type = <class 'selenium.common.exceptions.TimeoutException'>
end = 1686734800.368364, timing = '20448'
lockfile = '/dc-app-performance-toolkit/app/results/confluence/2023-06-14_09-17-37/selenium.jtl.lock'

    @functools.wraps(func)
    def wrapper(*args, **kwargs):
        if LOGIN_ACTION_NAME in interaction:
            globals.login_failed = False
        if globals.login_failed:
            pytest.skip("login is failed")
        node_ip = ""
        start = time.time()
        error_msg = 'Success'
        full_exception = ''
        if args:
            driver = [arg for arg in args if isinstance(arg, Chrome)]
            node_ip = "" if not driver else getattr(driver[0], "node_ip", "")
        try:
            func(*args, **kwargs)
            success = True
        except Exception:
            success = False
            # https://docs.python.org/2/library/sys.html#sys.exc_info
            exc_type, full_exception = sys.exc_info()[:2]
            error_msg = f"Failed measure: {interaction} - {exc_type.__name__}"
        end = time.time()
        timing = str(int((end - start) * 1000))
    
        lockfile = f'{selenium_results_file}.lock'
    
        with filelock.SoftFileLock(lockfile):
            with open(selenium_results_file, "a+") as jtl_file:
                timestamp = round(time.time() * 1000)
                if explicit_timing:
                    jtl_file.write(f"{timestamp},{explicit_timing*1000},{interaction},,{error_msg},"
                                   f",{success},0,0,0,0,,0\n")
                else:
                    jtl_file.write(f"{timestamp},{timing},{interaction},,{error_msg}"
                                   f",,{success},0,0,0,0,{node_ip},0\n")
    
        print(f"{timestamp},{timing},{interaction},{error_msg},{success},{node_ip}")
    
        if not success:
            if LOGIN_ACTION_NAME in interaction:
                globals.login_failed = True
>           raise Exception(error_msg, full_exception)
E           Exception: ('Failed measure: view_test_cases_by_project_action - TimeoutException', TimeoutException())

selenium_ui/conftest.py:171: Exception
06-14-2023, 09:27:02, 1686734822036, Action: test_1_selenium_zscale_view_test_cases_by_folder_macro_in_page, Error: confluence_webdriver = <selenium.webdriver.chrome.webdriver.WebDriver (session="6bf31e0c1b3bdb91a6c7f182fe7ec803")>
confluence_datasets = {'blog_id': '36575499', 'blogs': [['37623915', 'MBSC', '1'], ['37624433', 'IAC', '1'], ['37624169', 'HRBH', '1'], ['37...IFE', '1'], ...], 'create_comment_page': ['36600027', 'IORC', 'text_formatting_21'], 'custom_page_id': '43548673', ...}
confluence_screen_shots = None

    def test_1_selenium_zscale_view_test_cases_by_folder_macro_in_page(confluence_webdriver, confluence_datasets, confluence_screen_shots):
>       extension_ui.zscale_view_test_cases_by_folder_macro_in_page(confluence_webdriver, confluence_datasets)

selenium_ui/confluence_ui.py:57: 
_ _ _ _ _ _ _ _ _ _ _ _ _ _ _ _ _ _ _ _ _ _ _ _ _ _ _ _ _ _ _ _ _ _ _ _ _ _ _ _ 
extension/confluence/extension_ui.py:133: in zscale_view_test_cases_by_folder_macro_in_page
    measure()
_ _ _ _ _ _ _ _ _ _ _ _ _ _ _ _ _ _ _ _ _ _ _ _ _ _ _ _ _ _ _ _ _ _ _ _ _ _ _ _ 

args = (), kwargs = {}, node_ip = '', start = 1686734801.5708337
error_msg = 'Failed measure: view_test_cases_by_folder_action - TimeoutException'
full_exception = TimeoutException(), success = False
exc_type = <class 'selenium.common.exceptions.TimeoutException'>
end = 1686734822.0251648, timing = '20454'
lockfile = '/dc-app-performance-toolkit/app/results/confluence/2023-06-14_09-17-37/selenium.jtl.lock'

    @functools.wraps(func)
    def wrapper(*args, **kwargs):
        if LOGIN_ACTION_NAME in interaction:
            globals.login_failed = False
        if globals.login_failed:
            pytest.skip("login is failed")
        node_ip = ""
        start = time.time()
        error_msg = 'Success'
        full_exception = ''
        if args:
            driver = [arg for arg in args if isinstance(arg, Chrome)]
            node_ip = "" if not driver else getattr(driver[0], "node_ip", "")
        try:
            func(*args, **kwargs)
            success = True
        except Exception:
            success = False
            # https://docs.python.org/2/library/sys.html#sys.exc_info
            exc_type, full_exception = sys.exc_info()[:2]
            error_msg = f"Failed measure: {interaction} - {exc_type.__name__}"
        end = time.time()
        timing = str(int((end - start) * 1000))
    
        lockfile = f'{selenium_results_file}.lock'
    
        with filelock.SoftFileLock(lockfile):
            with open(selenium_results_file, "a+") as jtl_file:
                timestamp = round(time.time() * 1000)
                if explicit_timing:
                    jtl_file.write(f"{timestamp},{explicit_timing*1000},{interaction},,{error_msg},"
                                   f",{success},0,0,0,0,,0\n")
                else:
                    jtl_file.write(f"{timestamp},{timing},{interaction},,{error_msg}"
                                   f",,{success},0,0,0,0,{node_ip},0\n")
    
        print(f"{timestamp},{timing},{interaction},{error_msg},{success},{node_ip}")
    
        if not success:
            if LOGIN_ACTION_NAME in interaction:
                globals.login_failed = True
>           raise Exception(error_msg, full_exception)
E           Exception: ('Failed measure: view_test_cases_by_folder_action - TimeoutException', TimeoutException())

selenium_ui/conftest.py:171: Exception
06-14-2023, 09:27:36, 1686734856409, Action: test_1_selenium_zscale_view_test_cases_by_status_macro_in_page, Error: confluence_webdriver = <selenium.webdriver.chrome.webdriver.WebDriver (session="6bf31e0c1b3bdb91a6c7f182fe7ec803")>
confluence_datasets = {'blog_id': '37015798', 'blogs': [['37623915', 'MBSC', '1'], ['37624433', 'IAC', '1'], ['37624169', 'HRBH', '1'], ['37...6', 'IFE', '1'], ...], 'create_comment_page': ['36600451', 'OIW', 'medium_text_16'], 'custom_page_id': '43548673', ...}
confluence_screen_shots = None

    def test_1_selenium_zscale_view_test_cases_by_status_macro_in_page(confluence_webdriver, confluence_datasets, confluence_screen_shots):
>       extension_ui.zscale_view_test_cases_by_status_macro_in_page(confluence_webdriver, confluence_datasets)

selenium_ui/confluence_ui.py:51: 
_ _ _ _ _ _ _ _ _ _ _ _ _ _ _ _ _ _ _ _ _ _ _ _ _ _ _ _ _ _ _ _ _ _ _ _ _ _ _ _ 
extension/confluence/extension_ui.py:75: in zscale_view_test_cases_by_status_macro_in_page
    measure()
_ _ _ _ _ _ _ _ _ _ _ _ _ _ _ _ _ _ _ _ _ _ _ _ _ _ _ _ _ _ _ _ _ _ _ _ _ _ _ _ 

args = (), kwargs = {}, node_ip = '', start = 1686734836.244543
error_msg = 'Failed measure: view_test_cases_by_status_action - TimeoutException'
full_exception = TimeoutException(), success = False
exc_type = <class 'selenium.common.exceptions.TimeoutException'>
end = 1686734856.3970325, timing = '20152'
lockfile = '/dc-app-performance-toolkit/app/results/confluence/2023-06-14_09-17-37/selenium.jtl.lock'

    @functools.wraps(func)
    def wrapper(*args, **kwargs):
        if LOGIN_ACTION_NAME in interaction:
            globals.login_failed = False
        if globals.login_failed:
            pytest.skip("login is failed")
        node_ip = ""
        start = time.time()
        error_msg = 'Success'
        full_exception = ''
        if args:
            driver = [arg for arg in args if isinstance(arg, Chrome)]
            node_ip = "" if not driver else getattr(driver[0], "node_ip", "")
        try:
            func(*args, **kwargs)
            success = True
        except Exception:
            success = False
            # https://docs.python.org/2/library/sys.html#sys.exc_info
            exc_type, full_exception = sys.exc_info()[:2]
            error_msg = f"Failed measure: {interaction} - {exc_type.__name__}"
        end = time.time()
        timing = str(int((end - start) * 1000))
    
        lockfile = f'{selenium_results_file}.lock'
    
        with filelock.SoftFileLock(lockfile):
            with open(selenium_results_file, "a+") as jtl_file:
                timestamp = round(time.time() * 1000)
                if explicit_timing:
                    jtl_file.write(f"{timestamp},{explicit_timing*1000},{interaction},,{error_msg},"
                                   f",{success},0,0,0,0,,0\n")
                else:
                    jtl_file.write(f"{timestamp},{timing},{interaction},,{error_msg}"
                                   f",,{success},0,0,0,0,{node_ip},0\n")
    
        print(f"{timestamp},{timing},{interaction},{error_msg},{success},{node_ip}")
    
        if not success:
            if LOGIN_ACTION_NAME in interaction:
                globals.login_failed = True
>           raise Exception(error_msg, full_exception)
E           Exception: ('Failed measure: view_test_cases_by_status_action - TimeoutException', TimeoutException())

selenium_ui/conftest.py:171: Exception
06-14-2023, 09:27:58, 1686734878212, Action: test_1_selenium_zscale_view_test_cases_by_project_macro_in_page, Error: confluence_webdriver = <selenium.webdriver.chrome.webdriver.WebDriver (session="6bf31e0c1b3bdb91a6c7f182fe7ec803")>
confluence_datasets = {'blog_id': '37015798', 'blogs': [['37623915', 'MBSC', '1'], ['37624433', 'IAC', '1'], ['37624169', 'HRBH', '1'], ['37...6', 'IFE', '1'], ...], 'create_comment_page': ['36600451', 'OIW', 'medium_text_16'], 'custom_page_id': '43548673', ...}
confluence_screen_shots = None

    def test_1_selenium_zscale_view_test_cases_by_project_macro_in_page(confluence_webdriver, confluence_datasets, confluence_screen_shots):
>       extension_ui.zscale_view_test_cases_by_project_macro_in_page(confluence_webdriver, confluence_datasets)

selenium_ui/confluence_ui.py:54: 
_ _ _ _ _ _ _ _ _ _ _ _ _ _ _ _ _ _ _ _ _ _ _ _ _ _ _ _ _ _ _ _ _ _ _ _ _ _ _ _ 
extension/confluence/extension_ui.py:104: in zscale_view_test_cases_by_project_macro_in_page
    measure()
_ _ _ _ _ _ _ _ _ _ _ _ _ _ _ _ _ _ _ _ _ _ _ _ _ _ _ _ _ _ _ _ _ _ _ _ _ _ _ _ 

args = (), kwargs = {}, node_ip = '', start = 1686734857.5102313
error_msg = 'Failed measure: view_test_cases_by_project_action - TimeoutException'
full_exception = TimeoutException(), success = False
exc_type = <class 'selenium.common.exceptions.TimeoutException'>
end = 1686734878.2007637, timing = '20690'
lockfile = '/dc-app-performance-toolkit/app/results/confluence/2023-06-14_09-17-37/selenium.jtl.lock'

    @functools.wraps(func)
    def wrapper(*args, **kwargs):
        if LOGIN_ACTION_NAME in interaction:
            globals.login_failed = False
        if globals.login_failed:
            pytest.skip("login is failed")
        node_ip = ""
        start = time.time()
        error_msg = 'Success'
        full_exception = ''
        if args:
            driver = [arg for arg in args if isinstance(arg, Chrome)]
            node_ip = "" if not driver else getattr(driver[0], "node_ip", "")
        try:
            func(*args, **kwargs)
            success = True
        except Exception:
            success = False
            # https://docs.python.org/2/library/sys.html#sys.exc_info
            exc_type, full_exception = sys.exc_info()[:2]
            error_msg = f"Failed measure: {interaction} - {exc_type.__name__}"
        end = time.time()
        timing = str(int((end - start) * 1000))
    
        lockfile = f'{selenium_results_file}.lock'
    
        with filelock.SoftFileLock(lockfile):
            with open(selenium_results_file, "a+") as jtl_file:
                timestamp = round(time.time() * 1000)
                if explicit_timing:
                    jtl_file.write(f"{timestamp},{explicit_timing*1000},{interaction},,{error_msg},"
                                   f",{success},0,0,0,0,,0\n")
                else:
                    jtl_file.write(f"{timestamp},{timing},{interaction},,{error_msg}"
                                   f",,{success},0,0,0,0,{node_ip},0\n")
    
        print(f"{timestamp},{timing},{interaction},{error_msg},{success},{node_ip}")
    
        if not success:
            if LOGIN_ACTION_NAME in interaction:
                globals.login_failed = True
>           raise Exception(error_msg, full_exception)
E           Exception: ('Failed measure: view_test_cases_by_project_action - TimeoutException', TimeoutException())

selenium_ui/conftest.py:171: Exception
06-14-2023, 09:28:19, 1686734899478, Action: test_1_selenium_zscale_view_test_cases_by_folder_macro_in_page, Error: confluence_webdriver = <selenium.webdriver.chrome.webdriver.WebDriver (session="6bf31e0c1b3bdb91a6c7f182fe7ec803")>
confluence_datasets = {'blog_id': '37015798', 'blogs': [['37623915', 'MBSC', '1'], ['37624433', 'IAC', '1'], ['37624169', 'HRBH', '1'], ['37...6', 'IFE', '1'], ...], 'create_comment_page': ['36600451', 'OIW', 'medium_text_16'], 'custom_page_id': '43548673', ...}
confluence_screen_shots = None

    def test_1_selenium_zscale_view_test_cases_by_folder_macro_in_page(confluence_webdriver, confluence_datasets, confluence_screen_shots):
>       extension_ui.zscale_view_test_cases_by_folder_macro_in_page(confluence_webdriver, confluence_datasets)

selenium_ui/confluence_ui.py:57: 
_ _ _ _ _ _ _ _ _ _ _ _ _ _ _ _ _ _ _ _ _ _ _ _ _ _ _ _ _ _ _ _ _ _ _ _ _ _ _ _ 
extension/confluence/extension_ui.py:133: in zscale_view_test_cases_by_folder_macro_in_page
    measure()
_ _ _ _ _ _ _ _ _ _ _ _ _ _ _ _ _ _ _ _ _ _ _ _ _ _ _ _ _ _ _ _ _ _ _ _ _ _ _ _ 

args = (), kwargs = {}, node_ip = '', start = 1686734879.2907057
error_msg = 'Failed measure: view_test_cases_by_folder_action - TimeoutException'
full_exception = TimeoutException(), success = False
exc_type = <class 'selenium.common.exceptions.TimeoutException'>
end = 1686734899.4483159, timing = '20157'
lockfile = '/dc-app-performance-toolkit/app/results/confluence/2023-06-14_09-17-37/selenium.jtl.lock'

    @functools.wraps(func)
    def wrapper(*args, **kwargs):
        if LOGIN_ACTION_NAME in interaction:
            globals.login_failed = False
        if globals.login_failed:
            pytest.skip("login is failed")
        node_ip = ""
        start = time.time()
        error_msg = 'Success'
        full_exception = ''
        if args:
            driver = [arg for arg in args if isinstance(arg, Chrome)]
            node_ip = "" if not driver else getattr(driver[0], "node_ip", "")
        try:
            func(*args, **kwargs)
            success = True
        except Exception:
            success = False
            # https://docs.python.org/2/library/sys.html#sys.exc_info
            exc_type, full_exception = sys.exc_info()[:2]
            error_msg = f"Failed measure: {interaction} - {exc_type.__name__}"
        end = time.time()
        timing = str(int((end - start) * 1000))
    
        lockfile = f'{selenium_results_file}.lock'
    
        with filelock.SoftFileLock(lockfile):
            with open(selenium_results_file, "a+") as jtl_file:
                timestamp = round(time.time() * 1000)
                if explicit_timing:
                    jtl_file.write(f"{timestamp},{explicit_timing*1000},{interaction},,{error_msg},"
                                   f",{success},0,0,0,0,,0\n")
                else:
                    jtl_file.write(f"{timestamp},{timing},{interaction},,{error_msg}"
                                   f",,{success},0,0,0,0,{node_ip},0\n")
    
        print(f"{timestamp},{timing},{interaction},{error_msg},{success},{node_ip}")
    
        if not success:
            if LOGIN_ACTION_NAME in interaction:
                globals.login_failed = True
>           raise Exception(error_msg, full_exception)
E           Exception: ('Failed measure: view_test_cases_by_folder_action - TimeoutException', TimeoutException())

selenium_ui/conftest.py:171: Exception
06-14-2023, 09:28:53, 1686734933799, Action: test_1_selenium_zscale_view_test_cases_by_status_macro_in_page, Error: confluence_webdriver = <selenium.webdriver.chrome.webdriver.WebDriver (session="6bf31e0c1b3bdb91a6c7f182fe7ec803")>
confluence_datasets = {'blog_id': '36880583', 'blogs': [['37623915', 'MBSC', '1'], ['37624433', 'IAC', '1'], ['37624169', 'HRBH', '1'], ['37...IFE', '1'], ...], 'create_comment_page': ['36721497', 'ASNL', 'text_formatting_21'], 'custom_page_id': '43548673', ...}
confluence_screen_shots = None

    def test_1_selenium_zscale_view_test_cases_by_status_macro_in_page(confluence_webdriver, confluence_datasets, confluence_screen_shots):
>       extension_ui.zscale_view_test_cases_by_status_macro_in_page(confluence_webdriver, confluence_datasets)

selenium_ui/confluence_ui.py:51: 
_ _ _ _ _ _ _ _ _ _ _ _ _ _ _ _ _ _ _ _ _ _ _ _ _ _ _ _ _ _ _ _ _ _ _ _ _ _ _ _ 
extension/confluence/extension_ui.py:75: in zscale_view_test_cases_by_status_macro_in_page
    measure()
_ _ _ _ _ _ _ _ _ _ _ _ _ _ _ _ _ _ _ _ _ _ _ _ _ _ _ _ _ _ _ _ _ _ _ _ _ _ _ _ 

args = (), kwargs = {}, node_ip = '', start = 1686734913.4038815
error_msg = 'Failed measure: view_test_cases_by_status_action - TimeoutException'
full_exception = TimeoutException(), success = False
exc_type = <class 'selenium.common.exceptions.TimeoutException'>
end = 1686734933.7874587, timing = '20383'
lockfile = '/dc-app-performance-toolkit/app/results/confluence/2023-06-14_09-17-37/selenium.jtl.lock'

    @functools.wraps(func)
    def wrapper(*args, **kwargs):
        if LOGIN_ACTION_NAME in interaction:
            globals.login_failed = False
        if globals.login_failed:
            pytest.skip("login is failed")
        node_ip = ""
        start = time.time()
        error_msg = 'Success'
        full_exception = ''
        if args:
            driver = [arg for arg in args if isinstance(arg, Chrome)]
            node_ip = "" if not driver else getattr(driver[0], "node_ip", "")
        try:
            func(*args, **kwargs)
            success = True
        except Exception:
            success = False
            # https://docs.python.org/2/library/sys.html#sys.exc_info
            exc_type, full_exception = sys.exc_info()[:2]
            error_msg = f"Failed measure: {interaction} - {exc_type.__name__}"
        end = time.time()
        timing = str(int((end - start) * 1000))
    
        lockfile = f'{selenium_results_file}.lock'
    
        with filelock.SoftFileLock(lockfile):
            with open(selenium_results_file, "a+") as jtl_file:
                timestamp = round(time.time() * 1000)
                if explicit_timing:
                    jtl_file.write(f"{timestamp},{explicit_timing*1000},{interaction},,{error_msg},"
                                   f",{success},0,0,0,0,,0\n")
                else:
                    jtl_file.write(f"{timestamp},{timing},{interaction},,{error_msg}"
                                   f",,{success},0,0,0,0,{node_ip},0\n")
    
        print(f"{timestamp},{timing},{interaction},{error_msg},{success},{node_ip}")
    
        if not success:
            if LOGIN_ACTION_NAME in interaction:
                globals.login_failed = True
>           raise Exception(error_msg, full_exception)
E           Exception: ('Failed measure: view_test_cases_by_status_action - TimeoutException', TimeoutException())

selenium_ui/conftest.py:171: Exception
06-14-2023, 09:29:15, 1686734955329, Action: test_1_selenium_zscale_view_test_cases_by_project_macro_in_page, Error: confluence_webdriver = <selenium.webdriver.chrome.webdriver.WebDriver (session="6bf31e0c1b3bdb91a6c7f182fe7ec803")>
confluence_datasets = {'blog_id': '36880583', 'blogs': [['37623915', 'MBSC', '1'], ['37624433', 'IAC', '1'], ['37624169', 'HRBH', '1'], ['37...IFE', '1'], ...], 'create_comment_page': ['36721497', 'ASNL', 'text_formatting_21'], 'custom_page_id': '43548673', ...}
confluence_screen_shots = None

    def test_1_selenium_zscale_view_test_cases_by_project_macro_in_page(confluence_webdriver, confluence_datasets, confluence_screen_shots):
>       extension_ui.zscale_view_test_cases_by_project_macro_in_page(confluence_webdriver, confluence_datasets)

selenium_ui/confluence_ui.py:54: 
_ _ _ _ _ _ _ _ _ _ _ _ _ _ _ _ _ _ _ _ _ _ _ _ _ _ _ _ _ _ _ _ _ _ _ _ _ _ _ _ 
extension/confluence/extension_ui.py:104: in zscale_view_test_cases_by_project_macro_in_page
    measure()
_ _ _ _ _ _ _ _ _ _ _ _ _ _ _ _ _ _ _ _ _ _ _ _ _ _ _ _ _ _ _ _ _ _ _ _ _ _ _ _ 

args = (), kwargs = {}, node_ip = '', start = 1686734934.8836422
error_msg = 'Failed measure: view_test_cases_by_project_action - TimeoutException'
full_exception = TimeoutException(), success = False
exc_type = <class 'selenium.common.exceptions.TimeoutException'>
end = 1686734955.3177874, timing = '20434'
lockfile = '/dc-app-performance-toolkit/app/results/confluence/2023-06-14_09-17-37/selenium.jtl.lock'

    @functools.wraps(func)
    def wrapper(*args, **kwargs):
        if LOGIN_ACTION_NAME in interaction:
            globals.login_failed = False
        if globals.login_failed:
            pytest.skip("login is failed")
        node_ip = ""
        start = time.time()
        error_msg = 'Success'
        full_exception = ''
        if args:
            driver = [arg for arg in args if isinstance(arg, Chrome)]
            node_ip = "" if not driver else getattr(driver[0], "node_ip", "")
        try:
            func(*args, **kwargs)
            success = True
        except Exception:
            success = False
            # https://docs.python.org/2/library/sys.html#sys.exc_info
            exc_type, full_exception = sys.exc_info()[:2]
            error_msg = f"Failed measure: {interaction} - {exc_type.__name__}"
        end = time.time()
        timing = str(int((end - start) * 1000))
    
        lockfile = f'{selenium_results_file}.lock'
    
        with filelock.SoftFileLock(lockfile):
            with open(selenium_results_file, "a+") as jtl_file:
                timestamp = round(time.time() * 1000)
                if explicit_timing:
                    jtl_file.write(f"{timestamp},{explicit_timing*1000},{interaction},,{error_msg},"
                                   f",{success},0,0,0,0,,0\n")
                else:
                    jtl_file.write(f"{timestamp},{timing},{interaction},,{error_msg}"
                                   f",,{success},0,0,0,0,{node_ip},0\n")
    
        print(f"{timestamp},{timing},{interaction},{error_msg},{success},{node_ip}")
    
        if not success:
            if LOGIN_ACTION_NAME in interaction:
                globals.login_failed = True
>           raise Exception(error_msg, full_exception)
E           Exception: ('Failed measure: view_test_cases_by_project_action - TimeoutException', TimeoutException())

selenium_ui/conftest.py:171: Exception
06-14-2023, 09:29:36, 1686734976856, Action: test_1_selenium_zscale_view_test_cases_by_folder_macro_in_page, Error: confluence_webdriver = <selenium.webdriver.chrome.webdriver.WebDriver (session="6bf31e0c1b3bdb91a6c7f182fe7ec803")>
confluence_datasets = {'blog_id': '36880583', 'blogs': [['37623915', 'MBSC', '1'], ['37624433', 'IAC', '1'], ['37624169', 'HRBH', '1'], ['37...IFE', '1'], ...], 'create_comment_page': ['36721497', 'ASNL', 'text_formatting_21'], 'custom_page_id': '43548673', ...}
confluence_screen_shots = None

    def test_1_selenium_zscale_view_test_cases_by_folder_macro_in_page(confluence_webdriver, confluence_datasets, confluence_screen_shots):
>       extension_ui.zscale_view_test_cases_by_folder_macro_in_page(confluence_webdriver, confluence_datasets)

selenium_ui/confluence_ui.py:57: 
_ _ _ _ _ _ _ _ _ _ _ _ _ _ _ _ _ _ _ _ _ _ _ _ _ _ _ _ _ _ _ _ _ _ _ _ _ _ _ _ 
extension/confluence/extension_ui.py:133: in zscale_view_test_cases_by_folder_macro_in_page
    measure()
_ _ _ _ _ _ _ _ _ _ _ _ _ _ _ _ _ _ _ _ _ _ _ _ _ _ _ _ _ _ _ _ _ _ _ _ _ _ _ _ 

args = (), kwargs = {}, node_ip = '', start = 1686734956.412614
error_msg = 'Failed measure: view_test_cases_by_folder_action - TimeoutException'
full_exception = TimeoutException(), success = False
exc_type = <class 'selenium.common.exceptions.TimeoutException'>
end = 1686734976.84525, timing = '20432'
lockfile = '/dc-app-performance-toolkit/app/results/confluence/2023-06-14_09-17-37/selenium.jtl.lock'

    @functools.wraps(func)
    def wrapper(*args, **kwargs):
        if LOGIN_ACTION_NAME in interaction:
            globals.login_failed = False
        if globals.login_failed:
            pytest.skip("login is failed")
        node_ip = ""
        start = time.time()
        error_msg = 'Success'
        full_exception = ''
        if args:
            driver = [arg for arg in args if isinstance(arg, Chrome)]
            node_ip = "" if not driver else getattr(driver[0], "node_ip", "")
        try:
            func(*args, **kwargs)
            success = True
        except Exception:
            success = False
            # https://docs.python.org/2/library/sys.html#sys.exc_info
            exc_type, full_exception = sys.exc_info()[:2]
            error_msg = f"Failed measure: {interaction} - {exc_type.__name__}"
        end = time.time()
        timing = str(int((end - start) * 1000))
    
        lockfile = f'{selenium_results_file}.lock'
    
        with filelock.SoftFileLock(lockfile):
            with open(selenium_results_file, "a+") as jtl_file:
                timestamp = round(time.time() * 1000)
                if explicit_timing:
                    jtl_file.write(f"{timestamp},{explicit_timing*1000},{interaction},,{error_msg},"
                                   f",{success},0,0,0,0,,0\n")
                else:
                    jtl_file.write(f"{timestamp},{timing},{interaction},,{error_msg}"
                                   f",,{success},0,0,0,0,{node_ip},0\n")
    
        print(f"{timestamp},{timing},{interaction},{error_msg},{success},{node_ip}")
    
        if not success:
            if LOGIN_ACTION_NAME in interaction:
                globals.login_failed = True
>           raise Exception(error_msg, full_exception)
E           Exception: ('Failed measure: view_test_cases_by_folder_action - TimeoutException', TimeoutException())

selenium_ui/conftest.py:171: Exception
06-14-2023, 09:30:11, 1686735011690, Action: test_1_selenium_zscale_view_test_cases_by_status_macro_in_page, Error: confluence_webdriver = <selenium.webdriver.chrome.webdriver.WebDriver (session="6bf31e0c1b3bdb91a6c7f182fe7ec803")>
confluence_datasets = {'blog_id': '37487079', 'blogs': [['37623915', 'MBSC', '1'], ['37624433', 'IAC', '1'], ['37624169', 'HRBH', '1'], ['37...IFE', '1'], ...], 'create_comment_page': ['36871606', 'PDCC', 'text_formatting_21'], 'custom_page_id': '43548673', ...}
confluence_screen_shots = None

    def test_1_selenium_zscale_view_test_cases_by_status_macro_in_page(confluence_webdriver, confluence_datasets, confluence_screen_shots):
>       extension_ui.zscale_view_test_cases_by_status_macro_in_page(confluence_webdriver, confluence_datasets)

selenium_ui/confluence_ui.py:51: 
_ _ _ _ _ _ _ _ _ _ _ _ _ _ _ _ _ _ _ _ _ _ _ _ _ _ _ _ _ _ _ _ _ _ _ _ _ _ _ _ 
extension/confluence/extension_ui.py:75: in zscale_view_test_cases_by_status_macro_in_page
    measure()
_ _ _ _ _ _ _ _ _ _ _ _ _ _ _ _ _ _ _ _ _ _ _ _ _ _ _ _ _ _ _ _ _ _ _ _ _ _ _ _ 

args = (), kwargs = {}, node_ip = '', start = 1686734990.8863506
error_msg = 'Failed measure: view_test_cases_by_status_action - TimeoutException'
full_exception = TimeoutException(), success = False
exc_type = <class 'selenium.common.exceptions.TimeoutException'>
end = 1686735011.6786845, timing = '20792'
lockfile = '/dc-app-performance-toolkit/app/results/confluence/2023-06-14_09-17-37/selenium.jtl.lock'

    @functools.wraps(func)
    def wrapper(*args, **kwargs):
        if LOGIN_ACTION_NAME in interaction:
            globals.login_failed = False
        if globals.login_failed:
            pytest.skip("login is failed")
        node_ip = ""
        start = time.time()
        error_msg = 'Success'
        full_exception = ''
        if args:
            driver = [arg for arg in args if isinstance(arg, Chrome)]
            node_ip = "" if not driver else getattr(driver[0], "node_ip", "")
        try:
            func(*args, **kwargs)
            success = True
        except Exception:
            success = False
            # https://docs.python.org/2/library/sys.html#sys.exc_info
            exc_type, full_exception = sys.exc_info()[:2]
            error_msg = f"Failed measure: {interaction} - {exc_type.__name__}"
        end = time.time()
        timing = str(int((end - start) * 1000))
    
        lockfile = f'{selenium_results_file}.lock'
    
        with filelock.SoftFileLock(lockfile):
            with open(selenium_results_file, "a+") as jtl_file:
                timestamp = round(time.time() * 1000)
                if explicit_timing:
                    jtl_file.write(f"{timestamp},{explicit_timing*1000},{interaction},,{error_msg},"
                                   f",{success},0,0,0,0,,0\n")
                else:
                    jtl_file.write(f"{timestamp},{timing},{interaction},,{error_msg}"
                                   f",,{success},0,0,0,0,{node_ip},0\n")
    
        print(f"{timestamp},{timing},{interaction},{error_msg},{success},{node_ip}")
    
        if not success:
            if LOGIN_ACTION_NAME in interaction:
                globals.login_failed = True
>           raise Exception(error_msg, full_exception)
E           Exception: ('Failed measure: view_test_cases_by_status_action - TimeoutException', TimeoutException())

selenium_ui/conftest.py:171: Exception
06-14-2023, 09:30:33, 1686735033648, Action: test_1_selenium_zscale_view_test_cases_by_project_macro_in_page, Error: confluence_webdriver = <selenium.webdriver.chrome.webdriver.WebDriver (session="6bf31e0c1b3bdb91a6c7f182fe7ec803")>
confluence_datasets = {'blog_id': '37487079', 'blogs': [['37623915', 'MBSC', '1'], ['37624433', 'IAC', '1'], ['37624169', 'HRBH', '1'], ['37...IFE', '1'], ...], 'create_comment_page': ['36871606', 'PDCC', 'text_formatting_21'], 'custom_page_id': '43548673', ...}
confluence_screen_shots = None

    def test_1_selenium_zscale_view_test_cases_by_project_macro_in_page(confluence_webdriver, confluence_datasets, confluence_screen_shots):
>       extension_ui.zscale_view_test_cases_by_project_macro_in_page(confluence_webdriver, confluence_datasets)

selenium_ui/confluence_ui.py:54: 
_ _ _ _ _ _ _ _ _ _ _ _ _ _ _ _ _ _ _ _ _ _ _ _ _ _ _ _ _ _ _ _ _ _ _ _ _ _ _ _ 
extension/confluence/extension_ui.py:104: in zscale_view_test_cases_by_project_macro_in_page
    measure()
_ _ _ _ _ _ _ _ _ _ _ _ _ _ _ _ _ _ _ _ _ _ _ _ _ _ _ _ _ _ _ _ _ _ _ _ _ _ _ _ 

args = (), kwargs = {}, node_ip = '', start = 1686735012.8615086
error_msg = 'Failed measure: view_test_cases_by_project_action - TimeoutException'
full_exception = TimeoutException(), success = False
exc_type = <class 'selenium.common.exceptions.TimeoutException'>
end = 1686735033.6366858, timing = '20775'
lockfile = '/dc-app-performance-toolkit/app/results/confluence/2023-06-14_09-17-37/selenium.jtl.lock'

    @functools.wraps(func)
    def wrapper(*args, **kwargs):
        if LOGIN_ACTION_NAME in interaction:
            globals.login_failed = False
        if globals.login_failed:
            pytest.skip("login is failed")
        node_ip = ""
        start = time.time()
        error_msg = 'Success'
        full_exception = ''
        if args:
            driver = [arg for arg in args if isinstance(arg, Chrome)]
            node_ip = "" if not driver else getattr(driver[0], "node_ip", "")
        try:
            func(*args, **kwargs)
            success = True
        except Exception:
            success = False
            # https://docs.python.org/2/library/sys.html#sys.exc_info
            exc_type, full_exception = sys.exc_info()[:2]
            error_msg = f"Failed measure: {interaction} - {exc_type.__name__}"
        end = time.time()
        timing = str(int((end - start) * 1000))
    
        lockfile = f'{selenium_results_file}.lock'
    
        with filelock.SoftFileLock(lockfile):
            with open(selenium_results_file, "a+") as jtl_file:
                timestamp = round(time.time() * 1000)
                if explicit_timing:
                    jtl_file.write(f"{timestamp},{explicit_timing*1000},{interaction},,{error_msg},"
                                   f",{success},0,0,0,0,,0\n")
                else:
                    jtl_file.write(f"{timestamp},{timing},{interaction},,{error_msg}"
                                   f",,{success},0,0,0,0,{node_ip},0\n")
    
        print(f"{timestamp},{timing},{interaction},{error_msg},{success},{node_ip}")
    
        if not success:
            if LOGIN_ACTION_NAME in interaction:
                globals.login_failed = True
>           raise Exception(error_msg, full_exception)
E           Exception: ('Failed measure: view_test_cases_by_project_action - TimeoutException', TimeoutException())

selenium_ui/conftest.py:171: Exception
06-14-2023, 09:30:55, 1686735055679, Action: test_1_selenium_zscale_view_test_cases_by_folder_macro_in_page, Error: confluence_webdriver = <selenium.webdriver.chrome.webdriver.WebDriver (session="6bf31e0c1b3bdb91a6c7f182fe7ec803")>
confluence_datasets = {'blog_id': '37487079', 'blogs': [['37623915', 'MBSC', '1'], ['37624433', 'IAC', '1'], ['37624169', 'HRBH', '1'], ['37...IFE', '1'], ...], 'create_comment_page': ['36871606', 'PDCC', 'text_formatting_21'], 'custom_page_id': '43548673', ...}
confluence_screen_shots = None

    def test_1_selenium_zscale_view_test_cases_by_folder_macro_in_page(confluence_webdriver, confluence_datasets, confluence_screen_shots):
>       extension_ui.zscale_view_test_cases_by_folder_macro_in_page(confluence_webdriver, confluence_datasets)

selenium_ui/confluence_ui.py:57: 
_ _ _ _ _ _ _ _ _ _ _ _ _ _ _ _ _ _ _ _ _ _ _ _ _ _ _ _ _ _ _ _ _ _ _ _ _ _ _ _ 
extension/confluence/extension_ui.py:133: in zscale_view_test_cases_by_folder_macro_in_page
    measure()
_ _ _ _ _ _ _ _ _ _ _ _ _ _ _ _ _ _ _ _ _ _ _ _ _ _ _ _ _ _ _ _ _ _ _ _ _ _ _ _ 

args = (), kwargs = {}, node_ip = '', start = 1686735034.8516755
error_msg = 'Failed measure: view_test_cases_by_folder_action - TimeoutException'
full_exception = TimeoutException(), success = False
exc_type = <class 'selenium.common.exceptions.TimeoutException'>
end = 1686735055.6684363, timing = '20816'
lockfile = '/dc-app-performance-toolkit/app/results/confluence/2023-06-14_09-17-37/selenium.jtl.lock'

    @functools.wraps(func)
    def wrapper(*args, **kwargs):
        if LOGIN_ACTION_NAME in interaction:
            globals.login_failed = False
        if globals.login_failed:
            pytest.skip("login is failed")
        node_ip = ""
        start = time.time()
        error_msg = 'Success'
        full_exception = ''
        if args:
            driver = [arg for arg in args if isinstance(arg, Chrome)]
            node_ip = "" if not driver else getattr(driver[0], "node_ip", "")
        try:
            func(*args, **kwargs)
            success = True
        except Exception:
            success = False
            # https://docs.python.org/2/library/sys.html#sys.exc_info
            exc_type, full_exception = sys.exc_info()[:2]
            error_msg = f"Failed measure: {interaction} - {exc_type.__name__}"
        end = time.time()
        timing = str(int((end - start) * 1000))
    
        lockfile = f'{selenium_results_file}.lock'
    
        with filelock.SoftFileLock(lockfile):
            with open(selenium_results_file, "a+") as jtl_file:
                timestamp = round(time.time() * 1000)
                if explicit_timing:
                    jtl_file.write(f"{timestamp},{explicit_timing*1000},{interaction},,{error_msg},"
                                   f",{success},0,0,0,0,,0\n")
                else:
                    jtl_file.write(f"{timestamp},{timing},{interaction},,{error_msg}"
                                   f",,{success},0,0,0,0,{node_ip},0\n")
    
        print(f"{timestamp},{timing},{interaction},{error_msg},{success},{node_ip}")
    
        if not success:
            if LOGIN_ACTION_NAME in interaction:
                globals.login_failed = True
>           raise Exception(error_msg, full_exception)
E           Exception: ('Failed measure: view_test_cases_by_folder_action - TimeoutException', TimeoutException())

selenium_ui/conftest.py:171: Exception
06-14-2023, 09:31:33, 1686735093862, Action: test_1_selenium_zscale_view_test_cases_by_status_macro_in_page, Error: confluence_webdriver = <selenium.webdriver.chrome.webdriver.WebDriver (session="6bf31e0c1b3bdb91a6c7f182fe7ec803")>
confluence_datasets = {'blog_id': '37622351', 'blogs': [['37623915', 'MBSC', '1'], ['37624433', 'IAC', '1'], ['37624169', 'HRBH', '1'], ['37...', 'IFE', '1'], ...], 'create_comment_page': ['36713275', 'APVR', 'medium_text_16'], 'custom_page_id': '43548673', ...}
confluence_screen_shots = None

    def test_1_selenium_zscale_view_test_cases_by_status_macro_in_page(confluence_webdriver, confluence_datasets, confluence_screen_shots):
>       extension_ui.zscale_view_test_cases_by_status_macro_in_page(confluence_webdriver, confluence_datasets)

selenium_ui/confluence_ui.py:51: 
_ _ _ _ _ _ _ _ _ _ _ _ _ _ _ _ _ _ _ _ _ _ _ _ _ _ _ _ _ _ _ _ _ _ _ _ _ _ _ _ 
extension/confluence/extension_ui.py:75: in zscale_view_test_cases_by_status_macro_in_page
    measure()
_ _ _ _ _ _ _ _ _ _ _ _ _ _ _ _ _ _ _ _ _ _ _ _ _ _ _ _ _ _ _ _ _ _ _ _ _ _ _ _ 

args = (), kwargs = {}, node_ip = '', start = 1686735073.431169
error_msg = 'Failed measure: view_test_cases_by_status_action - TimeoutException'
full_exception = TimeoutException(), success = False
exc_type = <class 'selenium.common.exceptions.TimeoutException'>
end = 1686735093.8504004, timing = '20419'
lockfile = '/dc-app-performance-toolkit/app/results/confluence/2023-06-14_09-17-37/selenium.jtl.lock'

    @functools.wraps(func)
    def wrapper(*args, **kwargs):
        if LOGIN_ACTION_NAME in interaction:
            globals.login_failed = False
        if globals.login_failed:
            pytest.skip("login is failed")
        node_ip = ""
        start = time.time()
        error_msg = 'Success'
        full_exception = ''
        if args:
            driver = [arg for arg in args if isinstance(arg, Chrome)]
            node_ip = "" if not driver else getattr(driver[0], "node_ip", "")
        try:
            func(*args, **kwargs)
            success = True
        except Exception:
            success = False
            # https://docs.python.org/2/library/sys.html#sys.exc_info
            exc_type, full_exception = sys.exc_info()[:2]
            error_msg = f"Failed measure: {interaction} - {exc_type.__name__}"
        end = time.time()
        timing = str(int((end - start) * 1000))
    
        lockfile = f'{selenium_results_file}.lock'
    
        with filelock.SoftFileLock(lockfile):
            with open(selenium_results_file, "a+") as jtl_file:
                timestamp = round(time.time() * 1000)
                if explicit_timing:
                    jtl_file.write(f"{timestamp},{explicit_timing*1000},{interaction},,{error_msg},"
                                   f",{success},0,0,0,0,,0\n")
                else:
                    jtl_file.write(f"{timestamp},{timing},{interaction},,{error_msg}"
                                   f",,{success},0,0,0,0,{node_ip},0\n")
    
        print(f"{timestamp},{timing},{interaction},{error_msg},{success},{node_ip}")
    
        if not success:
            if LOGIN_ACTION_NAME in interaction:
                globals.login_failed = True
>           raise Exception(error_msg, full_exception)
E           Exception: ('Failed measure: view_test_cases_by_status_action - TimeoutException', TimeoutException())

selenium_ui/conftest.py:171: Exception
06-14-2023, 09:31:55, 1686735115456, Action: test_1_selenium_zscale_view_test_cases_by_project_macro_in_page, Error: confluence_webdriver = <selenium.webdriver.chrome.webdriver.WebDriver (session="6bf31e0c1b3bdb91a6c7f182fe7ec803")>
confluence_datasets = {'blog_id': '37622351', 'blogs': [['37623915', 'MBSC', '1'], ['37624433', 'IAC', '1'], ['37624169', 'HRBH', '1'], ['37...', 'IFE', '1'], ...], 'create_comment_page': ['36713275', 'APVR', 'medium_text_16'], 'custom_page_id': '43548673', ...}
confluence_screen_shots = None

    def test_1_selenium_zscale_view_test_cases_by_project_macro_in_page(confluence_webdriver, confluence_datasets, confluence_screen_shots):
>       extension_ui.zscale_view_test_cases_by_project_macro_in_page(confluence_webdriver, confluence_datasets)

selenium_ui/confluence_ui.py:54: 
_ _ _ _ _ _ _ _ _ _ _ _ _ _ _ _ _ _ _ _ _ _ _ _ _ _ _ _ _ _ _ _ _ _ _ _ _ _ _ _ 
extension/confluence/extension_ui.py:104: in zscale_view_test_cases_by_project_macro_in_page
    measure()
_ _ _ _ _ _ _ _ _ _ _ _ _ _ _ _ _ _ _ _ _ _ _ _ _ _ _ _ _ _ _ _ _ _ _ _ _ _ _ _ 

args = (), kwargs = {}, node_ip = '', start = 1686735094.9993794
error_msg = 'Failed measure: view_test_cases_by_project_action - TimeoutException'
full_exception = TimeoutException(), success = False
exc_type = <class 'selenium.common.exceptions.TimeoutException'>
end = 1686735115.4451897, timing = '20445'
lockfile = '/dc-app-performance-toolkit/app/results/confluence/2023-06-14_09-17-37/selenium.jtl.lock'

    @functools.wraps(func)
    def wrapper(*args, **kwargs):
        if LOGIN_ACTION_NAME in interaction:
            globals.login_failed = False
        if globals.login_failed:
            pytest.skip("login is failed")
        node_ip = ""
        start = time.time()
        error_msg = 'Success'
        full_exception = ''
        if args:
            driver = [arg for arg in args if isinstance(arg, Chrome)]
            node_ip = "" if not driver else getattr(driver[0], "node_ip", "")
        try:
            func(*args, **kwargs)
            success = True
        except Exception:
            success = False
            # https://docs.python.org/2/library/sys.html#sys.exc_info
            exc_type, full_exception = sys.exc_info()[:2]
            error_msg = f"Failed measure: {interaction} - {exc_type.__name__}"
        end = time.time()
        timing = str(int((end - start) * 1000))
    
        lockfile = f'{selenium_results_file}.lock'
    
        with filelock.SoftFileLock(lockfile):
            with open(selenium_results_file, "a+") as jtl_file:
                timestamp = round(time.time() * 1000)
                if explicit_timing:
                    jtl_file.write(f"{timestamp},{explicit_timing*1000},{interaction},,{error_msg},"
                                   f",{success},0,0,0,0,,0\n")
                else:
                    jtl_file.write(f"{timestamp},{timing},{interaction},,{error_msg}"
                                   f",,{success},0,0,0,0,{node_ip},0\n")
    
        print(f"{timestamp},{timing},{interaction},{error_msg},{success},{node_ip}")
    
        if not success:
            if LOGIN_ACTION_NAME in interaction:
                globals.login_failed = True
>           raise Exception(error_msg, full_exception)
E           Exception: ('Failed measure: view_test_cases_by_project_action - TimeoutException', TimeoutException())

selenium_ui/conftest.py:171: Exception
06-14-2023, 09:32:17, 1686735137053, Action: test_1_selenium_zscale_view_test_cases_by_folder_macro_in_page, Error: confluence_webdriver = <selenium.webdriver.chrome.webdriver.WebDriver (session="6bf31e0c1b3bdb91a6c7f182fe7ec803")>
confluence_datasets = {'blog_id': '37622351', 'blogs': [['37623915', 'MBSC', '1'], ['37624433', 'IAC', '1'], ['37624169', 'HRBH', '1'], ['37...', 'IFE', '1'], ...], 'create_comment_page': ['36713275', 'APVR', 'medium_text_16'], 'custom_page_id': '43548673', ...}
confluence_screen_shots = None

    def test_1_selenium_zscale_view_test_cases_by_folder_macro_in_page(confluence_webdriver, confluence_datasets, confluence_screen_shots):
>       extension_ui.zscale_view_test_cases_by_folder_macro_in_page(confluence_webdriver, confluence_datasets)

selenium_ui/confluence_ui.py:57: 
_ _ _ _ _ _ _ _ _ _ _ _ _ _ _ _ _ _ _ _ _ _ _ _ _ _ _ _ _ _ _ _ _ _ _ _ _ _ _ _ 
extension/confluence/extension_ui.py:133: in zscale_view_test_cases_by_folder_macro_in_page
    measure()
_ _ _ _ _ _ _ _ _ _ _ _ _ _ _ _ _ _ _ _ _ _ _ _ _ _ _ _ _ _ _ _ _ _ _ _ _ _ _ _ 

args = (), kwargs = {}, node_ip = '', start = 1686735116.5925095
error_msg = 'Failed measure: view_test_cases_by_folder_action - TimeoutException'
full_exception = TimeoutException(), success = False
exc_type = <class 'selenium.common.exceptions.TimeoutException'>
end = 1686735137.0418985, timing = '20449'
lockfile = '/dc-app-performance-toolkit/app/results/confluence/2023-06-14_09-17-37/selenium.jtl.lock'

    @functools.wraps(func)
    def wrapper(*args, **kwargs):
        if LOGIN_ACTION_NAME in interaction:
            globals.login_failed = False
        if globals.login_failed:
            pytest.skip("login is failed")
        node_ip = ""
        start = time.time()
        error_msg = 'Success'
        full_exception = ''
        if args:
            driver = [arg for arg in args if isinstance(arg, Chrome)]
            node_ip = "" if not driver else getattr(driver[0], "node_ip", "")
        try:
            func(*args, **kwargs)
            success = True
        except Exception:
            success = False
            # https://docs.python.org/2/library/sys.html#sys.exc_info
            exc_type, full_exception = sys.exc_info()[:2]
            error_msg = f"Failed measure: {interaction} - {exc_type.__name__}"
        end = time.time()
        timing = str(int((end - start) * 1000))
    
        lockfile = f'{selenium_results_file}.lock'
    
        with filelock.SoftFileLock(lockfile):
            with open(selenium_results_file, "a+") as jtl_file:
                timestamp = round(time.time() * 1000)
                if explicit_timing:
                    jtl_file.write(f"{timestamp},{explicit_timing*1000},{interaction},,{error_msg},"
                                   f",{success},0,0,0,0,,0\n")
                else:
                    jtl_file.write(f"{timestamp},{timing},{interaction},,{error_msg}"
                                   f",,{success},0,0,0,0,{node_ip},0\n")
    
        print(f"{timestamp},{timing},{interaction},{error_msg},{success},{node_ip}")
    
        if not success:
            if LOGIN_ACTION_NAME in interaction:
                globals.login_failed = True
>           raise Exception(error_msg, full_exception)
E           Exception: ('Failed measure: view_test_cases_by_folder_action - TimeoutException', TimeoutException())

selenium_ui/conftest.py:171: Exception
06-14-2023, 09:32:51, 1686735171382, Action: test_1_selenium_zscale_view_test_cases_by_status_macro_in_page, Error: confluence_webdriver = <selenium.webdriver.chrome.webdriver.WebDriver (session="6bf31e0c1b3bdb91a6c7f182fe7ec803")>
confluence_datasets = {'blog_id': '37096538', 'blogs': [['37623915', 'MBSC', '1'], ['37624433', 'IAC', '1'], ['37624169', 'HRBH', '1'], ['37...'IFE', '1'], ...], 'create_comment_page': ['36879263', 'GBD', 'text_formatting_21'], 'custom_page_id': '43548673', ...}
confluence_screen_shots = None

    def test_1_selenium_zscale_view_test_cases_by_status_macro_in_page(confluence_webdriver, confluence_datasets, confluence_screen_shots):
>       extension_ui.zscale_view_test_cases_by_status_macro_in_page(confluence_webdriver, confluence_datasets)

selenium_ui/confluence_ui.py:51: 
_ _ _ _ _ _ _ _ _ _ _ _ _ _ _ _ _ _ _ _ _ _ _ _ _ _ _ _ _ _ _ _ _ _ _ _ _ _ _ _ 
extension/confluence/extension_ui.py:75: in zscale_view_test_cases_by_status_macro_in_page
    measure()
_ _ _ _ _ _ _ _ _ _ _ _ _ _ _ _ _ _ _ _ _ _ _ _ _ _ _ _ _ _ _ _ _ _ _ _ _ _ _ _ 

args = (), kwargs = {}, node_ip = '', start = 1686735150.7336023
error_msg = 'Failed measure: view_test_cases_by_status_action - TimeoutException'
full_exception = TimeoutException(), success = False
exc_type = <class 'selenium.common.exceptions.TimeoutException'>
end = 1686735171.3698652, timing = '20636'
lockfile = '/dc-app-performance-toolkit/app/results/confluence/2023-06-14_09-17-37/selenium.jtl.lock'

    @functools.wraps(func)
    def wrapper(*args, **kwargs):
        if LOGIN_ACTION_NAME in interaction:
            globals.login_failed = False
        if globals.login_failed:
            pytest.skip("login is failed")
        node_ip = ""
        start = time.time()
        error_msg = 'Success'
        full_exception = ''
        if args:
            driver = [arg for arg in args if isinstance(arg, Chrome)]
            node_ip = "" if not driver else getattr(driver[0], "node_ip", "")
        try:
            func(*args, **kwargs)
            success = True
        except Exception:
            success = False
            # https://docs.python.org/2/library/sys.html#sys.exc_info
            exc_type, full_exception = sys.exc_info()[:2]
            error_msg = f"Failed measure: {interaction} - {exc_type.__name__}"
        end = time.time()
        timing = str(int((end - start) * 1000))
    
        lockfile = f'{selenium_results_file}.lock'
    
        with filelock.SoftFileLock(lockfile):
            with open(selenium_results_file, "a+") as jtl_file:
                timestamp = round(time.time() * 1000)
                if explicit_timing:
                    jtl_file.write(f"{timestamp},{explicit_timing*1000},{interaction},,{error_msg},"
                                   f",{success},0,0,0,0,,0\n")
                else:
                    jtl_file.write(f"{timestamp},{timing},{interaction},,{error_msg}"
                                   f",,{success},0,0,0,0,{node_ip},0\n")
    
        print(f"{timestamp},{timing},{interaction},{error_msg},{success},{node_ip}")
    
        if not success:
            if LOGIN_ACTION_NAME in interaction:
                globals.login_failed = True
>           raise Exception(error_msg, full_exception)
E           Exception: ('Failed measure: view_test_cases_by_status_action - TimeoutException', TimeoutException())

selenium_ui/conftest.py:171: Exception
06-14-2023, 09:33:13, 1686735193274, Action: test_1_selenium_zscale_view_test_cases_by_project_macro_in_page, Error: confluence_webdriver = <selenium.webdriver.chrome.webdriver.WebDriver (session="6bf31e0c1b3bdb91a6c7f182fe7ec803")>
confluence_datasets = {'blog_id': '37096538', 'blogs': [['37623915', 'MBSC', '1'], ['37624433', 'IAC', '1'], ['37624169', 'HRBH', '1'], ['37...'IFE', '1'], ...], 'create_comment_page': ['36879263', 'GBD', 'text_formatting_21'], 'custom_page_id': '43548673', ...}
confluence_screen_shots = None

    def test_1_selenium_zscale_view_test_cases_by_project_macro_in_page(confluence_webdriver, confluence_datasets, confluence_screen_shots):
>       extension_ui.zscale_view_test_cases_by_project_macro_in_page(confluence_webdriver, confluence_datasets)

selenium_ui/confluence_ui.py:54: 
_ _ _ _ _ _ _ _ _ _ _ _ _ _ _ _ _ _ _ _ _ _ _ _ _ _ _ _ _ _ _ _ _ _ _ _ _ _ _ _ 
extension/confluence/extension_ui.py:104: in zscale_view_test_cases_by_project_macro_in_page
    measure()
_ _ _ _ _ _ _ _ _ _ _ _ _ _ _ _ _ _ _ _ _ _ _ _ _ _ _ _ _ _ _ _ _ _ _ _ _ _ _ _ 

args = (), kwargs = {}, node_ip = '', start = 1686735172.5099244
error_msg = 'Failed measure: view_test_cases_by_project_action - TimeoutException'
full_exception = TimeoutException(), success = False
exc_type = <class 'selenium.common.exceptions.TimeoutException'>
end = 1686735193.2448528, timing = '20734'
lockfile = '/dc-app-performance-toolkit/app/results/confluence/2023-06-14_09-17-37/selenium.jtl.lock'

    @functools.wraps(func)
    def wrapper(*args, **kwargs):
        if LOGIN_ACTION_NAME in interaction:
            globals.login_failed = False
        if globals.login_failed:
            pytest.skip("login is failed")
        node_ip = ""
        start = time.time()
        error_msg = 'Success'
        full_exception = ''
        if args:
            driver = [arg for arg in args if isinstance(arg, Chrome)]
            node_ip = "" if not driver else getattr(driver[0], "node_ip", "")
        try:
            func(*args, **kwargs)
            success = True
        except Exception:
            success = False
            # https://docs.python.org/2/library/sys.html#sys.exc_info
            exc_type, full_exception = sys.exc_info()[:2]
            error_msg = f"Failed measure: {interaction} - {exc_type.__name__}"
        end = time.time()
        timing = str(int((end - start) * 1000))
    
        lockfile = f'{selenium_results_file}.lock'
    
        with filelock.SoftFileLock(lockfile):
            with open(selenium_results_file, "a+") as jtl_file:
                timestamp = round(time.time() * 1000)
                if explicit_timing:
                    jtl_file.write(f"{timestamp},{explicit_timing*1000},{interaction},,{error_msg},"
                                   f",{success},0,0,0,0,,0\n")
                else:
                    jtl_file.write(f"{timestamp},{timing},{interaction},,{error_msg}"
                                   f",,{success},0,0,0,0,{node_ip},0\n")
    
        print(f"{timestamp},{timing},{interaction},{error_msg},{success},{node_ip}")
    
        if not success:
            if LOGIN_ACTION_NAME in interaction:
                globals.login_failed = True
>           raise Exception(error_msg, full_exception)
E           Exception: ('Failed measure: view_test_cases_by_project_action - TimeoutException', TimeoutException())

selenium_ui/conftest.py:171: Exception
06-14-2023, 09:33:35, 1686735215113, Action: test_1_selenium_zscale_view_test_cases_by_folder_macro_in_page, Error: confluence_webdriver = <selenium.webdriver.chrome.webdriver.WebDriver (session="6bf31e0c1b3bdb91a6c7f182fe7ec803")>
confluence_datasets = {'blog_id': '37096538', 'blogs': [['37623915', 'MBSC', '1'], ['37624433', 'IAC', '1'], ['37624169', 'HRBH', '1'], ['37...'IFE', '1'], ...], 'create_comment_page': ['36879263', 'GBD', 'text_formatting_21'], 'custom_page_id': '43548673', ...}
confluence_screen_shots = None

    def test_1_selenium_zscale_view_test_cases_by_folder_macro_in_page(confluence_webdriver, confluence_datasets, confluence_screen_shots):
>       extension_ui.zscale_view_test_cases_by_folder_macro_in_page(confluence_webdriver, confluence_datasets)

selenium_ui/confluence_ui.py:57: 
_ _ _ _ _ _ _ _ _ _ _ _ _ _ _ _ _ _ _ _ _ _ _ _ _ _ _ _ _ _ _ _ _ _ _ _ _ _ _ _ 
extension/confluence/extension_ui.py:133: in zscale_view_test_cases_by_folder_macro_in_page
    measure()
_ _ _ _ _ _ _ _ _ _ _ _ _ _ _ _ _ _ _ _ _ _ _ _ _ _ _ _ _ _ _ _ _ _ _ _ _ _ _ _ 

args = (), kwargs = {}, node_ip = '', start = 1686735194.3891592
error_msg = 'Failed measure: view_test_cases_by_folder_action - TimeoutException'
full_exception = TimeoutException(), success = False
exc_type = <class 'selenium.common.exceptions.TimeoutException'>
end = 1686735215.101782, timing = '20712'
lockfile = '/dc-app-performance-toolkit/app/results/confluence/2023-06-14_09-17-37/selenium.jtl.lock'

    @functools.wraps(func)
    def wrapper(*args, **kwargs):
        if LOGIN_ACTION_NAME in interaction:
            globals.login_failed = False
        if globals.login_failed:
            pytest.skip("login is failed")
        node_ip = ""
        start = time.time()
        error_msg = 'Success'
        full_exception = ''
        if args:
            driver = [arg for arg in args if isinstance(arg, Chrome)]
            node_ip = "" if not driver else getattr(driver[0], "node_ip", "")
        try:
            func(*args, **kwargs)
            success = True
        except Exception:
            success = False
            # https://docs.python.org/2/library/sys.html#sys.exc_info
            exc_type, full_exception = sys.exc_info()[:2]
            error_msg = f"Failed measure: {interaction} - {exc_type.__name__}"
        end = time.time()
        timing = str(int((end - start) * 1000))
    
        lockfile = f'{selenium_results_file}.lock'
    
        with filelock.SoftFileLock(lockfile):
            with open(selenium_results_file, "a+") as jtl_file:
                timestamp = round(time.time() * 1000)
                if explicit_timing:
                    jtl_file.write(f"{timestamp},{explicit_timing*1000},{interaction},,{error_msg},"
                                   f",{success},0,0,0,0,,0\n")
                else:
                    jtl_file.write(f"{timestamp},{timing},{interaction},,{error_msg}"
                                   f",,{success},0,0,0,0,{node_ip},0\n")
    
        print(f"{timestamp},{timing},{interaction},{error_msg},{success},{node_ip}")
    
        if not success:
            if LOGIN_ACTION_NAME in interaction:
                globals.login_failed = True
>           raise Exception(error_msg, full_exception)
E           Exception: ('Failed measure: view_test_cases_by_folder_action - TimeoutException', TimeoutException())

selenium_ui/conftest.py:171: Exception
06-14-2023, 09:34:09, 1686735249462, Action: test_1_selenium_zscale_view_test_cases_by_status_macro_in_page, Error: confluence_webdriver = <selenium.webdriver.chrome.webdriver.WebDriver (session="6bf31e0c1b3bdb91a6c7f182fe7ec803")>
confluence_datasets = {'blog_id': '37387949', 'blogs': [['37623915', 'MBSC', '1'], ['37624433', 'IAC', '1'], ['37624169', 'HRBH', '1'], ['37..., 'IFE', '1'], ...], 'create_comment_page': ['36868047', 'IQRSF', 'medium_text_16'], 'custom_page_id': '43548673', ...}
confluence_screen_shots = None

    def test_1_selenium_zscale_view_test_cases_by_status_macro_in_page(confluence_webdriver, confluence_datasets, confluence_screen_shots):
>       extension_ui.zscale_view_test_cases_by_status_macro_in_page(confluence_webdriver, confluence_datasets)

selenium_ui/confluence_ui.py:51: 
_ _ _ _ _ _ _ _ _ _ _ _ _ _ _ _ _ _ _ _ _ _ _ _ _ _ _ _ _ _ _ _ _ _ _ _ _ _ _ _ 
extension/confluence/extension_ui.py:75: in zscale_view_test_cases_by_status_macro_in_page
    measure()
_ _ _ _ _ _ _ _ _ _ _ _ _ _ _ _ _ _ _ _ _ _ _ _ _ _ _ _ _ _ _ _ _ _ _ _ _ _ _ _ 

args = (), kwargs = {}, node_ip = '', start = 1686735229.100551
error_msg = 'Failed measure: view_test_cases_by_status_action - TimeoutException'
full_exception = TimeoutException(), success = False
exc_type = <class 'selenium.common.exceptions.TimeoutException'>
end = 1686735249.4506433, timing = '20350'
lockfile = '/dc-app-performance-toolkit/app/results/confluence/2023-06-14_09-17-37/selenium.jtl.lock'

    @functools.wraps(func)
    def wrapper(*args, **kwargs):
        if LOGIN_ACTION_NAME in interaction:
            globals.login_failed = False
        if globals.login_failed:
            pytest.skip("login is failed")
        node_ip = ""
        start = time.time()
        error_msg = 'Success'
        full_exception = ''
        if args:
            driver = [arg for arg in args if isinstance(arg, Chrome)]
            node_ip = "" if not driver else getattr(driver[0], "node_ip", "")
        try:
            func(*args, **kwargs)
            success = True
        except Exception:
            success = False
            # https://docs.python.org/2/library/sys.html#sys.exc_info
            exc_type, full_exception = sys.exc_info()[:2]
            error_msg = f"Failed measure: {interaction} - {exc_type.__name__}"
        end = time.time()
        timing = str(int((end - start) * 1000))
    
        lockfile = f'{selenium_results_file}.lock'
    
        with filelock.SoftFileLock(lockfile):
            with open(selenium_results_file, "a+") as jtl_file:
                timestamp = round(time.time() * 1000)
                if explicit_timing:
                    jtl_file.write(f"{timestamp},{explicit_timing*1000},{interaction},,{error_msg},"
                                   f",{success},0,0,0,0,,0\n")
                else:
                    jtl_file.write(f"{timestamp},{timing},{interaction},,{error_msg}"
                                   f",,{success},0,0,0,0,{node_ip},0\n")
    
        print(f"{timestamp},{timing},{interaction},{error_msg},{success},{node_ip}")
    
        if not success:
            if LOGIN_ACTION_NAME in interaction:
                globals.login_failed = True
>           raise Exception(error_msg, full_exception)
E           Exception: ('Failed measure: view_test_cases_by_status_action - TimeoutException', TimeoutException())

selenium_ui/conftest.py:171: Exception
06-14-2023, 09:34:30, 1686735270997, Action: test_1_selenium_zscale_view_test_cases_by_project_macro_in_page, Error: confluence_webdriver = <selenium.webdriver.chrome.webdriver.WebDriver (session="6bf31e0c1b3bdb91a6c7f182fe7ec803")>
confluence_datasets = {'blog_id': '37387949', 'blogs': [['37623915', 'MBSC', '1'], ['37624433', 'IAC', '1'], ['37624169', 'HRBH', '1'], ['37..., 'IFE', '1'], ...], 'create_comment_page': ['36868047', 'IQRSF', 'medium_text_16'], 'custom_page_id': '43548673', ...}
confluence_screen_shots = None

    def test_1_selenium_zscale_view_test_cases_by_project_macro_in_page(confluence_webdriver, confluence_datasets, confluence_screen_shots):
>       extension_ui.zscale_view_test_cases_by_project_macro_in_page(confluence_webdriver, confluence_datasets)

selenium_ui/confluence_ui.py:54: 
_ _ _ _ _ _ _ _ _ _ _ _ _ _ _ _ _ _ _ _ _ _ _ _ _ _ _ _ _ _ _ _ _ _ _ _ _ _ _ _ 
extension/confluence/extension_ui.py:104: in zscale_view_test_cases_by_project_macro_in_page
    measure()
_ _ _ _ _ _ _ _ _ _ _ _ _ _ _ _ _ _ _ _ _ _ _ _ _ _ _ _ _ _ _ _ _ _ _ _ _ _ _ _ 

args = (), kwargs = {}, node_ip = '', start = 1686735250.596048
error_msg = 'Failed measure: view_test_cases_by_project_action - TimeoutException'
full_exception = TimeoutException(), success = False
exc_type = <class 'selenium.common.exceptions.TimeoutException'>
end = 1686735270.9850488, timing = '20389'
lockfile = '/dc-app-performance-toolkit/app/results/confluence/2023-06-14_09-17-37/selenium.jtl.lock'

    @functools.wraps(func)
    def wrapper(*args, **kwargs):
        if LOGIN_ACTION_NAME in interaction:
            globals.login_failed = False
        if globals.login_failed:
            pytest.skip("login is failed")
        node_ip = ""
        start = time.time()
        error_msg = 'Success'
        full_exception = ''
        if args:
            driver = [arg for arg in args if isinstance(arg, Chrome)]
            node_ip = "" if not driver else getattr(driver[0], "node_ip", "")
        try:
            func(*args, **kwargs)
            success = True
        except Exception:
            success = False
            # https://docs.python.org/2/library/sys.html#sys.exc_info
            exc_type, full_exception = sys.exc_info()[:2]
            error_msg = f"Failed measure: {interaction} - {exc_type.__name__}"
        end = time.time()
        timing = str(int((end - start) * 1000))
    
        lockfile = f'{selenium_results_file}.lock'
    
        with filelock.SoftFileLock(lockfile):
            with open(selenium_results_file, "a+") as jtl_file:
                timestamp = round(time.time() * 1000)
                if explicit_timing:
                    jtl_file.write(f"{timestamp},{explicit_timing*1000},{interaction},,{error_msg},"
                                   f",{success},0,0,0,0,,0\n")
                else:
                    jtl_file.write(f"{timestamp},{timing},{interaction},,{error_msg}"
                                   f",,{success},0,0,0,0,{node_ip},0\n")
    
        print(f"{timestamp},{timing},{interaction},{error_msg},{success},{node_ip}")
    
        if not success:
            if LOGIN_ACTION_NAME in interaction:
                globals.login_failed = True
>           raise Exception(error_msg, full_exception)
E           Exception: ('Failed measure: view_test_cases_by_project_action - TimeoutException', TimeoutException())

selenium_ui/conftest.py:171: Exception
06-14-2023, 09:34:52, 1686735292498, Action: test_1_selenium_zscale_view_test_cases_by_folder_macro_in_page, Error: confluence_webdriver = <selenium.webdriver.chrome.webdriver.WebDriver (session="6bf31e0c1b3bdb91a6c7f182fe7ec803")>
confluence_datasets = {'blog_id': '37387949', 'blogs': [['37623915', 'MBSC', '1'], ['37624433', 'IAC', '1'], ['37624169', 'HRBH', '1'], ['37..., 'IFE', '1'], ...], 'create_comment_page': ['36868047', 'IQRSF', 'medium_text_16'], 'custom_page_id': '43548673', ...}
confluence_screen_shots = None

    def test_1_selenium_zscale_view_test_cases_by_folder_macro_in_page(confluence_webdriver, confluence_datasets, confluence_screen_shots):
>       extension_ui.zscale_view_test_cases_by_folder_macro_in_page(confluence_webdriver, confluence_datasets)

selenium_ui/confluence_ui.py:57: 
_ _ _ _ _ _ _ _ _ _ _ _ _ _ _ _ _ _ _ _ _ _ _ _ _ _ _ _ _ _ _ _ _ _ _ _ _ _ _ _ 
extension/confluence/extension_ui.py:133: in zscale_view_test_cases_by_folder_macro_in_page
    measure()
_ _ _ _ _ _ _ _ _ _ _ _ _ _ _ _ _ _ _ _ _ _ _ _ _ _ _ _ _ _ _ _ _ _ _ _ _ _ _ _ 

args = (), kwargs = {}, node_ip = '', start = 1686735272.1585488
error_msg = 'Failed measure: view_test_cases_by_folder_action - TimeoutException'
full_exception = TimeoutException(), success = False
exc_type = <class 'selenium.common.exceptions.TimeoutException'>
end = 1686735292.486924, timing = '20328'
lockfile = '/dc-app-performance-toolkit/app/results/confluence/2023-06-14_09-17-37/selenium.jtl.lock'

    @functools.wraps(func)
    def wrapper(*args, **kwargs):
        if LOGIN_ACTION_NAME in interaction:
            globals.login_failed = False
        if globals.login_failed:
            pytest.skip("login is failed")
        node_ip = ""
        start = time.time()
        error_msg = 'Success'
        full_exception = ''
        if args:
            driver = [arg for arg in args if isinstance(arg, Chrome)]
            node_ip = "" if not driver else getattr(driver[0], "node_ip", "")
        try:
            func(*args, **kwargs)
            success = True
        except Exception:
            success = False
            # https://docs.python.org/2/library/sys.html#sys.exc_info
            exc_type, full_exception = sys.exc_info()[:2]
            error_msg = f"Failed measure: {interaction} - {exc_type.__name__}"
        end = time.time()
        timing = str(int((end - start) * 1000))
    
        lockfile = f'{selenium_results_file}.lock'
    
        with filelock.SoftFileLock(lockfile):
            with open(selenium_results_file, "a+") as jtl_file:
                timestamp = round(time.time() * 1000)
                if explicit_timing:
                    jtl_file.write(f"{timestamp},{explicit_timing*1000},{interaction},,{error_msg},"
                                   f",{success},0,0,0,0,,0\n")
                else:
                    jtl_file.write(f"{timestamp},{timing},{interaction},,{error_msg}"
                                   f",,{success},0,0,0,0,{node_ip},0\n")
    
        print(f"{timestamp},{timing},{interaction},{error_msg},{success},{node_ip}")
    
        if not success:
            if LOGIN_ACTION_NAME in interaction:
                globals.login_failed = True
>           raise Exception(error_msg, full_exception)
E           Exception: ('Failed measure: view_test_cases_by_folder_action - TimeoutException', TimeoutException())

selenium_ui/conftest.py:171: Exception
06-14-2023, 09:35:28, 1686735328620, Action: test_1_selenium_zscale_view_test_cases_by_status_macro_in_page, Error: confluence_webdriver = <selenium.webdriver.chrome.webdriver.WebDriver (session="6bf31e0c1b3bdb91a6c7f182fe7ec803")>
confluence_datasets = {'blog_id': '37364971', 'blogs': [['37623915', 'MBSC', '1'], ['37624433', 'IAC', '1'], ['37624169', 'HRBH', '1'], ['37...FE', '1'], ...], 'create_comment_page': ['36715537', 'RDRRC', 'text_formatting_21'], 'custom_page_id': '43548673', ...}
confluence_screen_shots = None

    def test_1_selenium_zscale_view_test_cases_by_status_macro_in_page(confluence_webdriver, confluence_datasets, confluence_screen_shots):
>       extension_ui.zscale_view_test_cases_by_status_macro_in_page(confluence_webdriver, confluence_datasets)

selenium_ui/confluence_ui.py:51: 
_ _ _ _ _ _ _ _ _ _ _ _ _ _ _ _ _ _ _ _ _ _ _ _ _ _ _ _ _ _ _ _ _ _ _ _ _ _ _ _ 
extension/confluence/extension_ui.py:75: in zscale_view_test_cases_by_status_macro_in_page
    measure()
_ _ _ _ _ _ _ _ _ _ _ _ _ _ _ _ _ _ _ _ _ _ _ _ _ _ _ _ _ _ _ _ _ _ _ _ _ _ _ _ 

args = (), kwargs = {}, node_ip = '', start = 1686735308.0534697
error_msg = 'Failed measure: view_test_cases_by_status_action - TimeoutException'
full_exception = TimeoutException(), success = False
exc_type = <class 'selenium.common.exceptions.TimeoutException'>
end = 1686735328.6095138, timing = '20556'
lockfile = '/dc-app-performance-toolkit/app/results/confluence/2023-06-14_09-17-37/selenium.jtl.lock'

    @functools.wraps(func)
    def wrapper(*args, **kwargs):
        if LOGIN_ACTION_NAME in interaction:
            globals.login_failed = False
        if globals.login_failed:
            pytest.skip("login is failed")
        node_ip = ""
        start = time.time()
        error_msg = 'Success'
        full_exception = ''
        if args:
            driver = [arg for arg in args if isinstance(arg, Chrome)]
            node_ip = "" if not driver else getattr(driver[0], "node_ip", "")
        try:
            func(*args, **kwargs)
            success = True
        except Exception:
            success = False
            # https://docs.python.org/2/library/sys.html#sys.exc_info
            exc_type, full_exception = sys.exc_info()[:2]
            error_msg = f"Failed measure: {interaction} - {exc_type.__name__}"
        end = time.time()
        timing = str(int((end - start) * 1000))
    
        lockfile = f'{selenium_results_file}.lock'
    
        with filelock.SoftFileLock(lockfile):
            with open(selenium_results_file, "a+") as jtl_file:
                timestamp = round(time.time() * 1000)
                if explicit_timing:
                    jtl_file.write(f"{timestamp},{explicit_timing*1000},{interaction},,{error_msg},"
                                   f",{success},0,0,0,0,,0\n")
                else:
                    jtl_file.write(f"{timestamp},{timing},{interaction},,{error_msg}"
                                   f",,{success},0,0,0,0,{node_ip},0\n")
    
        print(f"{timestamp},{timing},{interaction},{error_msg},{success},{node_ip}")
    
        if not success:
            if LOGIN_ACTION_NAME in interaction:
                globals.login_failed = True
>           raise Exception(error_msg, full_exception)
E           Exception: ('Failed measure: view_test_cases_by_status_action - TimeoutException', TimeoutException())

selenium_ui/conftest.py:171: Exception
06-14-2023, 09:35:50, 1686735350406, Action: test_1_selenium_zscale_view_test_cases_by_project_macro_in_page, Error: confluence_webdriver = <selenium.webdriver.chrome.webdriver.WebDriver (session="6bf31e0c1b3bdb91a6c7f182fe7ec803")>
confluence_datasets = {'blog_id': '37364971', 'blogs': [['37623915', 'MBSC', '1'], ['37624433', 'IAC', '1'], ['37624169', 'HRBH', '1'], ['37...FE', '1'], ...], 'create_comment_page': ['36715537', 'RDRRC', 'text_formatting_21'], 'custom_page_id': '43548673', ...}
confluence_screen_shots = None

    def test_1_selenium_zscale_view_test_cases_by_project_macro_in_page(confluence_webdriver, confluence_datasets, confluence_screen_shots):
>       extension_ui.zscale_view_test_cases_by_project_macro_in_page(confluence_webdriver, confluence_datasets)

selenium_ui/confluence_ui.py:54: 
_ _ _ _ _ _ _ _ _ _ _ _ _ _ _ _ _ _ _ _ _ _ _ _ _ _ _ _ _ _ _ _ _ _ _ _ _ _ _ _ 
extension/confluence/extension_ui.py:104: in zscale_view_test_cases_by_project_macro_in_page
    measure()
_ _ _ _ _ _ _ _ _ _ _ _ _ _ _ _ _ _ _ _ _ _ _ _ _ _ _ _ _ _ _ _ _ _ _ _ _ _ _ _ 

args = (), kwargs = {}, node_ip = '', start = 1686735329.8707833
error_msg = 'Failed measure: view_test_cases_by_project_action - TimeoutException'
full_exception = TimeoutException(), success = False
exc_type = <class 'selenium.common.exceptions.TimeoutException'>
end = 1686735350.395166, timing = '20524'
lockfile = '/dc-app-performance-toolkit/app/results/confluence/2023-06-14_09-17-37/selenium.jtl.lock'

    @functools.wraps(func)
    def wrapper(*args, **kwargs):
        if LOGIN_ACTION_NAME in interaction:
            globals.login_failed = False
        if globals.login_failed:
            pytest.skip("login is failed")
        node_ip = ""
        start = time.time()
        error_msg = 'Success'
        full_exception = ''
        if args:
            driver = [arg for arg in args if isinstance(arg, Chrome)]
            node_ip = "" if not driver else getattr(driver[0], "node_ip", "")
        try:
            func(*args, **kwargs)
            success = True
        except Exception:
            success = False
            # https://docs.python.org/2/library/sys.html#sys.exc_info
            exc_type, full_exception = sys.exc_info()[:2]
            error_msg = f"Failed measure: {interaction} - {exc_type.__name__}"
        end = time.time()
        timing = str(int((end - start) * 1000))
    
        lockfile = f'{selenium_results_file}.lock'
    
        with filelock.SoftFileLock(lockfile):
            with open(selenium_results_file, "a+") as jtl_file:
                timestamp = round(time.time() * 1000)
                if explicit_timing:
                    jtl_file.write(f"{timestamp},{explicit_timing*1000},{interaction},,{error_msg},"
                                   f",{success},0,0,0,0,,0\n")
                else:
                    jtl_file.write(f"{timestamp},{timing},{interaction},,{error_msg}"
                                   f",,{success},0,0,0,0,{node_ip},0\n")
    
        print(f"{timestamp},{timing},{interaction},{error_msg},{success},{node_ip}")
    
        if not success:
            if LOGIN_ACTION_NAME in interaction:
                globals.login_failed = True
>           raise Exception(error_msg, full_exception)
E           Exception: ('Failed measure: view_test_cases_by_project_action - TimeoutException', TimeoutException())

selenium_ui/conftest.py:171: Exception
06-14-2023, 09:36:12, 1686735372130, Action: test_1_selenium_zscale_view_test_cases_by_folder_macro_in_page, Error: confluence_webdriver = <selenium.webdriver.chrome.webdriver.WebDriver (session="6bf31e0c1b3bdb91a6c7f182fe7ec803")>
confluence_datasets = {'blog_id': '37364971', 'blogs': [['37623915', 'MBSC', '1'], ['37624433', 'IAC', '1'], ['37624169', 'HRBH', '1'], ['37...FE', '1'], ...], 'create_comment_page': ['36715537', 'RDRRC', 'text_formatting_21'], 'custom_page_id': '43548673', ...}
confluence_screen_shots = None

    def test_1_selenium_zscale_view_test_cases_by_folder_macro_in_page(confluence_webdriver, confluence_datasets, confluence_screen_shots):
>       extension_ui.zscale_view_test_cases_by_folder_macro_in_page(confluence_webdriver, confluence_datasets)

selenium_ui/confluence_ui.py:57: 
_ _ _ _ _ _ _ _ _ _ _ _ _ _ _ _ _ _ _ _ _ _ _ _ _ _ _ _ _ _ _ _ _ _ _ _ _ _ _ _ 
extension/confluence/extension_ui.py:133: in zscale_view_test_cases_by_folder_macro_in_page
    measure()
_ _ _ _ _ _ _ _ _ _ _ _ _ _ _ _ _ _ _ _ _ _ _ _ _ _ _ _ _ _ _ _ _ _ _ _ _ _ _ _ 

args = (), kwargs = {}, node_ip = '', start = 1686735351.531951
error_msg = 'Failed measure: view_test_cases_by_folder_action - TimeoutException'
full_exception = TimeoutException(), success = False
exc_type = <class 'selenium.common.exceptions.TimeoutException'>
end = 1686735372.1187284, timing = '20586'
lockfile = '/dc-app-performance-toolkit/app/results/confluence/2023-06-14_09-17-37/selenium.jtl.lock'

    @functools.wraps(func)
    def wrapper(*args, **kwargs):
        if LOGIN_ACTION_NAME in interaction:
            globals.login_failed = False
        if globals.login_failed:
            pytest.skip("login is failed")
        node_ip = ""
        start = time.time()
        error_msg = 'Success'
        full_exception = ''
        if args:
            driver = [arg for arg in args if isinstance(arg, Chrome)]
            node_ip = "" if not driver else getattr(driver[0], "node_ip", "")
        try:
            func(*args, **kwargs)
            success = True
        except Exception:
            success = False
            # https://docs.python.org/2/library/sys.html#sys.exc_info
            exc_type, full_exception = sys.exc_info()[:2]
            error_msg = f"Failed measure: {interaction} - {exc_type.__name__}"
        end = time.time()
        timing = str(int((end - start) * 1000))
    
        lockfile = f'{selenium_results_file}.lock'
    
        with filelock.SoftFileLock(lockfile):
            with open(selenium_results_file, "a+") as jtl_file:
                timestamp = round(time.time() * 1000)
                if explicit_timing:
                    jtl_file.write(f"{timestamp},{explicit_timing*1000},{interaction},,{error_msg},"
                                   f",{success},0,0,0,0,,0\n")
                else:
                    jtl_file.write(f"{timestamp},{timing},{interaction},,{error_msg}"
                                   f",,{success},0,0,0,0,{node_ip},0\n")
    
        print(f"{timestamp},{timing},{interaction},{error_msg},{success},{node_ip}")
    
        if not success:
            if LOGIN_ACTION_NAME in interaction:
                globals.login_failed = True
>           raise Exception(error_msg, full_exception)
E           Exception: ('Failed measure: view_test_cases_by_folder_action - TimeoutException', TimeoutException())

selenium_ui/conftest.py:171: Exception
06-14-2023, 09:36:47, 1686735407906, Action: test_1_selenium_zscale_view_test_cases_by_status_macro_in_page, Error: confluence_webdriver = <selenium.webdriver.chrome.webdriver.WebDriver (session="6bf31e0c1b3bdb91a6c7f182fe7ec803")>
confluence_datasets = {'blog_id': '37513654', 'blogs': [['37623915', 'MBSC', '1'], ['37624433', 'IAC', '1'], ['37624169', 'HRBH', '1'], ['37...6', 'IFE', '1'], ...], 'create_comment_page': ['5622505', 'CTHN', 'medium_text_16'], 'custom_page_id': '43548673', ...}
confluence_screen_shots = None

    def test_1_selenium_zscale_view_test_cases_by_status_macro_in_page(confluence_webdriver, confluence_datasets, confluence_screen_shots):
>       extension_ui.zscale_view_test_cases_by_status_macro_in_page(confluence_webdriver, confluence_datasets)

selenium_ui/confluence_ui.py:51: 
_ _ _ _ _ _ _ _ _ _ _ _ _ _ _ _ _ _ _ _ _ _ _ _ _ _ _ _ _ _ _ _ _ _ _ _ _ _ _ _ 
extension/confluence/extension_ui.py:75: in zscale_view_test_cases_by_status_macro_in_page
    measure()
_ _ _ _ _ _ _ _ _ _ _ _ _ _ _ _ _ _ _ _ _ _ _ _ _ _ _ _ _ _ _ _ _ _ _ _ _ _ _ _ 

args = (), kwargs = {}, node_ip = '', start = 1686735387.1015248
error_msg = 'Failed measure: view_test_cases_by_status_action - TimeoutException'
full_exception = TimeoutException(), success = False
exc_type = <class 'selenium.common.exceptions.TimeoutException'>
end = 1686735407.8949528, timing = '20793'
lockfile = '/dc-app-performance-toolkit/app/results/confluence/2023-06-14_09-17-37/selenium.jtl.lock'

    @functools.wraps(func)
    def wrapper(*args, **kwargs):
        if LOGIN_ACTION_NAME in interaction:
            globals.login_failed = False
        if globals.login_failed:
            pytest.skip("login is failed")
        node_ip = ""
        start = time.time()
        error_msg = 'Success'
        full_exception = ''
        if args:
            driver = [arg for arg in args if isinstance(arg, Chrome)]
            node_ip = "" if not driver else getattr(driver[0], "node_ip", "")
        try:
            func(*args, **kwargs)
            success = True
        except Exception:
            success = False
            # https://docs.python.org/2/library/sys.html#sys.exc_info
            exc_type, full_exception = sys.exc_info()[:2]
            error_msg = f"Failed measure: {interaction} - {exc_type.__name__}"
        end = time.time()
        timing = str(int((end - start) * 1000))
    
        lockfile = f'{selenium_results_file}.lock'
    
        with filelock.SoftFileLock(lockfile):
            with open(selenium_results_file, "a+") as jtl_file:
                timestamp = round(time.time() * 1000)
                if explicit_timing:
                    jtl_file.write(f"{timestamp},{explicit_timing*1000},{interaction},,{error_msg},"
                                   f",{success},0,0,0,0,,0\n")
                else:
                    jtl_file.write(f"{timestamp},{timing},{interaction},,{error_msg}"
                                   f",,{success},0,0,0,0,{node_ip},0\n")
    
        print(f"{timestamp},{timing},{interaction},{error_msg},{success},{node_ip}")
    
        if not success:
            if LOGIN_ACTION_NAME in interaction:
                globals.login_failed = True
>           raise Exception(error_msg, full_exception)
E           Exception: ('Failed measure: view_test_cases_by_status_action - TimeoutException', TimeoutException())

selenium_ui/conftest.py:171: Exception
06-14-2023, 09:37:09, 1686735429831, Action: test_1_selenium_zscale_view_test_cases_by_project_macro_in_page, Error: confluence_webdriver = <selenium.webdriver.chrome.webdriver.WebDriver (session="6bf31e0c1b3bdb91a6c7f182fe7ec803")>
confluence_datasets = {'blog_id': '37513654', 'blogs': [['37623915', 'MBSC', '1'], ['37624433', 'IAC', '1'], ['37624169', 'HRBH', '1'], ['37...6', 'IFE', '1'], ...], 'create_comment_page': ['5622505', 'CTHN', 'medium_text_16'], 'custom_page_id': '43548673', ...}
confluence_screen_shots = None

    def test_1_selenium_zscale_view_test_cases_by_project_macro_in_page(confluence_webdriver, confluence_datasets, confluence_screen_shots):
>       extension_ui.zscale_view_test_cases_by_project_macro_in_page(confluence_webdriver, confluence_datasets)

selenium_ui/confluence_ui.py:54: 
_ _ _ _ _ _ _ _ _ _ _ _ _ _ _ _ _ _ _ _ _ _ _ _ _ _ _ _ _ _ _ _ _ _ _ _ _ _ _ _ 
extension/confluence/extension_ui.py:104: in zscale_view_test_cases_by_project_macro_in_page
    measure()
_ _ _ _ _ _ _ _ _ _ _ _ _ _ _ _ _ _ _ _ _ _ _ _ _ _ _ _ _ _ _ _ _ _ _ _ _ _ _ _ 

args = (), kwargs = {}, node_ip = '', start = 1686735409.0496917
error_msg = 'Failed measure: view_test_cases_by_project_action - TimeoutException'
full_exception = TimeoutException(), success = False
exc_type = <class 'selenium.common.exceptions.TimeoutException'>
end = 1686735429.8197918, timing = '20770'
lockfile = '/dc-app-performance-toolkit/app/results/confluence/2023-06-14_09-17-37/selenium.jtl.lock'

    @functools.wraps(func)
    def wrapper(*args, **kwargs):
        if LOGIN_ACTION_NAME in interaction:
            globals.login_failed = False
        if globals.login_failed:
            pytest.skip("login is failed")
        node_ip = ""
        start = time.time()
        error_msg = 'Success'
        full_exception = ''
        if args:
            driver = [arg for arg in args if isinstance(arg, Chrome)]
            node_ip = "" if not driver else getattr(driver[0], "node_ip", "")
        try:
            func(*args, **kwargs)
            success = True
        except Exception:
            success = False
            # https://docs.python.org/2/library/sys.html#sys.exc_info
            exc_type, full_exception = sys.exc_info()[:2]
            error_msg = f"Failed measure: {interaction} - {exc_type.__name__}"
        end = time.time()
        timing = str(int((end - start) * 1000))
    
        lockfile = f'{selenium_results_file}.lock'
    
        with filelock.SoftFileLock(lockfile):
            with open(selenium_results_file, "a+") as jtl_file:
                timestamp = round(time.time() * 1000)
                if explicit_timing:
                    jtl_file.write(f"{timestamp},{explicit_timing*1000},{interaction},,{error_msg},"
                                   f",{success},0,0,0,0,,0\n")
                else:
                    jtl_file.write(f"{timestamp},{timing},{interaction},,{error_msg}"
                                   f",,{success},0,0,0,0,{node_ip},0\n")
    
        print(f"{timestamp},{timing},{interaction},{error_msg},{success},{node_ip}")
    
        if not success:
            if LOGIN_ACTION_NAME in interaction:
                globals.login_failed = True
>           raise Exception(error_msg, full_exception)
E           Exception: ('Failed measure: view_test_cases_by_project_action - TimeoutException', TimeoutException())

selenium_ui/conftest.py:171: Exception
06-14-2023, 09:37:31, 1686735451812, Action: test_1_selenium_zscale_view_test_cases_by_folder_macro_in_page, Error: confluence_webdriver = <selenium.webdriver.chrome.webdriver.WebDriver (session="6bf31e0c1b3bdb91a6c7f182fe7ec803")>
confluence_datasets = {'blog_id': '37513654', 'blogs': [['37623915', 'MBSC', '1'], ['37624433', 'IAC', '1'], ['37624169', 'HRBH', '1'], ['37...6', 'IFE', '1'], ...], 'create_comment_page': ['5622505', 'CTHN', 'medium_text_16'], 'custom_page_id': '43548673', ...}
confluence_screen_shots = None

    def test_1_selenium_zscale_view_test_cases_by_folder_macro_in_page(confluence_webdriver, confluence_datasets, confluence_screen_shots):
>       extension_ui.zscale_view_test_cases_by_folder_macro_in_page(confluence_webdriver, confluence_datasets)

selenium_ui/confluence_ui.py:57: 
_ _ _ _ _ _ _ _ _ _ _ _ _ _ _ _ _ _ _ _ _ _ _ _ _ _ _ _ _ _ _ _ _ _ _ _ _ _ _ _ 
extension/confluence/extension_ui.py:133: in zscale_view_test_cases_by_folder_macro_in_page
    measure()
_ _ _ _ _ _ _ _ _ _ _ _ _ _ _ _ _ _ _ _ _ _ _ _ _ _ _ _ _ _ _ _ _ _ _ _ _ _ _ _ 

args = (), kwargs = {}, node_ip = '', start = 1686735430.9658937
error_msg = 'Failed measure: view_test_cases_by_folder_action - TimeoutException'
full_exception = TimeoutException(), success = False
exc_type = <class 'selenium.common.exceptions.TimeoutException'>
end = 1686735451.800731, timing = '20834'
lockfile = '/dc-app-performance-toolkit/app/results/confluence/2023-06-14_09-17-37/selenium.jtl.lock'

    @functools.wraps(func)
    def wrapper(*args, **kwargs):
        if LOGIN_ACTION_NAME in interaction:
            globals.login_failed = False
        if globals.login_failed:
            pytest.skip("login is failed")
        node_ip = ""
        start = time.time()
        error_msg = 'Success'
        full_exception = ''
        if args:
            driver = [arg for arg in args if isinstance(arg, Chrome)]
            node_ip = "" if not driver else getattr(driver[0], "node_ip", "")
        try:
            func(*args, **kwargs)
            success = True
        except Exception:
            success = False
            # https://docs.python.org/2/library/sys.html#sys.exc_info
            exc_type, full_exception = sys.exc_info()[:2]
            error_msg = f"Failed measure: {interaction} - {exc_type.__name__}"
        end = time.time()
        timing = str(int((end - start) * 1000))
    
        lockfile = f'{selenium_results_file}.lock'
    
        with filelock.SoftFileLock(lockfile):
            with open(selenium_results_file, "a+") as jtl_file:
                timestamp = round(time.time() * 1000)
                if explicit_timing:
                    jtl_file.write(f"{timestamp},{explicit_timing*1000},{interaction},,{error_msg},"
                                   f",{success},0,0,0,0,,0\n")
                else:
                    jtl_file.write(f"{timestamp},{timing},{interaction},,{error_msg}"
                                   f",,{success},0,0,0,0,{node_ip},0\n")
    
        print(f"{timestamp},{timing},{interaction},{error_msg},{success},{node_ip}")
    
        if not success:
            if LOGIN_ACTION_NAME in interaction:
                globals.login_failed = True
>           raise Exception(error_msg, full_exception)
E           Exception: ('Failed measure: view_test_cases_by_folder_action - TimeoutException', TimeoutException())

selenium_ui/conftest.py:171: Exception
06-14-2023, 09:38:07, 1686735487651, Action: test_1_selenium_zscale_view_test_cases_by_status_macro_in_page, Error: confluence_webdriver = <selenium.webdriver.chrome.webdriver.WebDriver (session="6bf31e0c1b3bdb91a6c7f182fe7ec803")>
confluence_datasets = {'blog_id': '36475291', 'blogs': [['37623915', 'MBSC', '1'], ['37624433', 'IAC', '1'], ['37624169', 'HRBH', '1'], ['37..., 'IFE', '1'], ...], 'create_comment_page': ['24813847', 'EAEMT', 'medium_text_16'], 'custom_page_id': '43548673', ...}
confluence_screen_shots = None

    def test_1_selenium_zscale_view_test_cases_by_status_macro_in_page(confluence_webdriver, confluence_datasets, confluence_screen_shots):
>       extension_ui.zscale_view_test_cases_by_status_macro_in_page(confluence_webdriver, confluence_datasets)

selenium_ui/confluence_ui.py:51: 
_ _ _ _ _ _ _ _ _ _ _ _ _ _ _ _ _ _ _ _ _ _ _ _ _ _ _ _ _ _ _ _ _ _ _ _ _ _ _ _ 
extension/confluence/extension_ui.py:75: in zscale_view_test_cases_by_status_macro_in_page
    measure()
_ _ _ _ _ _ _ _ _ _ _ _ _ _ _ _ _ _ _ _ _ _ _ _ _ _ _ _ _ _ _ _ _ _ _ _ _ _ _ _ 

args = (), kwargs = {}, node_ip = '', start = 1686735467.188053
error_msg = 'Failed measure: view_test_cases_by_status_action - TimeoutException'
full_exception = TimeoutException(), success = False
exc_type = <class 'selenium.common.exceptions.TimeoutException'>
end = 1686735487.639591, timing = '20451'
lockfile = '/dc-app-performance-toolkit/app/results/confluence/2023-06-14_09-17-37/selenium.jtl.lock'

    @functools.wraps(func)
    def wrapper(*args, **kwargs):
        if LOGIN_ACTION_NAME in interaction:
            globals.login_failed = False
        if globals.login_failed:
            pytest.skip("login is failed")
        node_ip = ""
        start = time.time()
        error_msg = 'Success'
        full_exception = ''
        if args:
            driver = [arg for arg in args if isinstance(arg, Chrome)]
            node_ip = "" if not driver else getattr(driver[0], "node_ip", "")
        try:
            func(*args, **kwargs)
            success = True
        except Exception:
            success = False
            # https://docs.python.org/2/library/sys.html#sys.exc_info
            exc_type, full_exception = sys.exc_info()[:2]
            error_msg = f"Failed measure: {interaction} - {exc_type.__name__}"
        end = time.time()
        timing = str(int((end - start) * 1000))
    
        lockfile = f'{selenium_results_file}.lock'
    
        with filelock.SoftFileLock(lockfile):
            with open(selenium_results_file, "a+") as jtl_file:
                timestamp = round(time.time() * 1000)
                if explicit_timing:
                    jtl_file.write(f"{timestamp},{explicit_timing*1000},{interaction},,{error_msg},"
                                   f",{success},0,0,0,0,,0\n")
                else:
                    jtl_file.write(f"{timestamp},{timing},{interaction},,{error_msg}"
                                   f",,{success},0,0,0,0,{node_ip},0\n")
    
        print(f"{timestamp},{timing},{interaction},{error_msg},{success},{node_ip}")
    
        if not success:
            if LOGIN_ACTION_NAME in interaction:
                globals.login_failed = True
>           raise Exception(error_msg, full_exception)
E           Exception: ('Failed measure: view_test_cases_by_status_action - TimeoutException', TimeoutException())

selenium_ui/conftest.py:171: Exception
06-14-2023, 09:38:29, 1686735509217, Action: test_1_selenium_zscale_view_test_cases_by_project_macro_in_page, Error: confluence_webdriver = <selenium.webdriver.chrome.webdriver.WebDriver (session="6bf31e0c1b3bdb91a6c7f182fe7ec803")>
confluence_datasets = {'blog_id': '36475291', 'blogs': [['37623915', 'MBSC', '1'], ['37624433', 'IAC', '1'], ['37624169', 'HRBH', '1'], ['37..., 'IFE', '1'], ...], 'create_comment_page': ['24813847', 'EAEMT', 'medium_text_16'], 'custom_page_id': '43548673', ...}
confluence_screen_shots = None

    def test_1_selenium_zscale_view_test_cases_by_project_macro_in_page(confluence_webdriver, confluence_datasets, confluence_screen_shots):
>       extension_ui.zscale_view_test_cases_by_project_macro_in_page(confluence_webdriver, confluence_datasets)

selenium_ui/confluence_ui.py:54: 
_ _ _ _ _ _ _ _ _ _ _ _ _ _ _ _ _ _ _ _ _ _ _ _ _ _ _ _ _ _ _ _ _ _ _ _ _ _ _ _ 
extension/confluence/extension_ui.py:104: in zscale_view_test_cases_by_project_macro_in_page
    measure()
_ _ _ _ _ _ _ _ _ _ _ _ _ _ _ _ _ _ _ _ _ _ _ _ _ _ _ _ _ _ _ _ _ _ _ _ _ _ _ _ 

args = (), kwargs = {}, node_ip = '', start = 1686735488.7945259
error_msg = 'Failed measure: view_test_cases_by_project_action - TimeoutException'
full_exception = TimeoutException(), success = False
exc_type = <class 'selenium.common.exceptions.TimeoutException'>
end = 1686735509.2053118, timing = '20410'
lockfile = '/dc-app-performance-toolkit/app/results/confluence/2023-06-14_09-17-37/selenium.jtl.lock'

    @functools.wraps(func)
    def wrapper(*args, **kwargs):
        if LOGIN_ACTION_NAME in interaction:
            globals.login_failed = False
        if globals.login_failed:
            pytest.skip("login is failed")
        node_ip = ""
        start = time.time()
        error_msg = 'Success'
        full_exception = ''
        if args:
            driver = [arg for arg in args if isinstance(arg, Chrome)]
            node_ip = "" if not driver else getattr(driver[0], "node_ip", "")
        try:
            func(*args, **kwargs)
            success = True
        except Exception:
            success = False
            # https://docs.python.org/2/library/sys.html#sys.exc_info
            exc_type, full_exception = sys.exc_info()[:2]
            error_msg = f"Failed measure: {interaction} - {exc_type.__name__}"
        end = time.time()
        timing = str(int((end - start) * 1000))
    
        lockfile = f'{selenium_results_file}.lock'
    
        with filelock.SoftFileLock(lockfile):
            with open(selenium_results_file, "a+") as jtl_file:
                timestamp = round(time.time() * 1000)
                if explicit_timing:
                    jtl_file.write(f"{timestamp},{explicit_timing*1000},{interaction},,{error_msg},"
                                   f",{success},0,0,0,0,,0\n")
                else:
                    jtl_file.write(f"{timestamp},{timing},{interaction},,{error_msg}"
                                   f",,{success},0,0,0,0,{node_ip},0\n")
    
        print(f"{timestamp},{timing},{interaction},{error_msg},{success},{node_ip}")
    
        if not success:
            if LOGIN_ACTION_NAME in interaction:
                globals.login_failed = True
>           raise Exception(error_msg, full_exception)
E           Exception: ('Failed measure: view_test_cases_by_project_action - TimeoutException', TimeoutException())

selenium_ui/conftest.py:171: Exception
06-14-2023, 09:38:50, 1686735530791, Action: test_1_selenium_zscale_view_test_cases_by_folder_macro_in_page, Error: confluence_webdriver = <selenium.webdriver.chrome.webdriver.WebDriver (session="6bf31e0c1b3bdb91a6c7f182fe7ec803")>
confluence_datasets = {'blog_id': '36475291', 'blogs': [['37623915', 'MBSC', '1'], ['37624433', 'IAC', '1'], ['37624169', 'HRBH', '1'], ['37..., 'IFE', '1'], ...], 'create_comment_page': ['24813847', 'EAEMT', 'medium_text_16'], 'custom_page_id': '43548673', ...}
confluence_screen_shots = None

    def test_1_selenium_zscale_view_test_cases_by_folder_macro_in_page(confluence_webdriver, confluence_datasets, confluence_screen_shots):
>       extension_ui.zscale_view_test_cases_by_folder_macro_in_page(confluence_webdriver, confluence_datasets)

selenium_ui/confluence_ui.py:57: 
_ _ _ _ _ _ _ _ _ _ _ _ _ _ _ _ _ _ _ _ _ _ _ _ _ _ _ _ _ _ _ _ _ _ _ _ _ _ _ _ 
extension/confluence/extension_ui.py:133: in zscale_view_test_cases_by_folder_macro_in_page
    measure()
_ _ _ _ _ _ _ _ _ _ _ _ _ _ _ _ _ _ _ _ _ _ _ _ _ _ _ _ _ _ _ _ _ _ _ _ _ _ _ _ 

args = (), kwargs = {}, node_ip = '', start = 1686735510.3501253
error_msg = 'Failed measure: view_test_cases_by_folder_action - TimeoutException'
full_exception = TimeoutException(), success = False
exc_type = <class 'selenium.common.exceptions.TimeoutException'>
end = 1686735530.7797122, timing = '20429'
lockfile = '/dc-app-performance-toolkit/app/results/confluence/2023-06-14_09-17-37/selenium.jtl.lock'

    @functools.wraps(func)
    def wrapper(*args, **kwargs):
        if LOGIN_ACTION_NAME in interaction:
            globals.login_failed = False
        if globals.login_failed:
            pytest.skip("login is failed")
        node_ip = ""
        start = time.time()
        error_msg = 'Success'
        full_exception = ''
        if args:
            driver = [arg for arg in args if isinstance(arg, Chrome)]
            node_ip = "" if not driver else getattr(driver[0], "node_ip", "")
        try:
            func(*args, **kwargs)
            success = True
        except Exception:
            success = False
            # https://docs.python.org/2/library/sys.html#sys.exc_info
            exc_type, full_exception = sys.exc_info()[:2]
            error_msg = f"Failed measure: {interaction} - {exc_type.__name__}"
        end = time.time()
        timing = str(int((end - start) * 1000))
    
        lockfile = f'{selenium_results_file}.lock'
    
        with filelock.SoftFileLock(lockfile):
            with open(selenium_results_file, "a+") as jtl_file:
                timestamp = round(time.time() * 1000)
                if explicit_timing:
                    jtl_file.write(f"{timestamp},{explicit_timing*1000},{interaction},,{error_msg},"
                                   f",{success},0,0,0,0,,0\n")
                else:
                    jtl_file.write(f"{timestamp},{timing},{interaction},,{error_msg}"
                                   f",,{success},0,0,0,0,{node_ip},0\n")
    
        print(f"{timestamp},{timing},{interaction},{error_msg},{success},{node_ip}")
    
        if not success:
            if LOGIN_ACTION_NAME in interaction:
                globals.login_failed = True
>           raise Exception(error_msg, full_exception)
E           Exception: ('Failed measure: view_test_cases_by_folder_action - TimeoutException', TimeoutException())

selenium_ui/conftest.py:171: Exception
06-14-2023, 09:39:28, 1686735568643, Action: test_1_selenium_zscale_view_test_cases_by_status_macro_in_page, Error: confluence_webdriver = <selenium.webdriver.chrome.webdriver.WebDriver (session="6bf31e0c1b3bdb91a6c7f182fe7ec803")>
confluence_datasets = {'blog_id': '37282929', 'blogs': [['37623915', 'MBSC', '1'], ['37624433', 'IAC', '1'], ['37624169', 'HRBH', '1'], ['37...FE', '1'], ...], 'create_comment_page': ['36723469', 'AATA', 'small_attachments_3'], 'custom_page_id': '43548673', ...}
confluence_screen_shots = None

    def test_1_selenium_zscale_view_test_cases_by_status_macro_in_page(confluence_webdriver, confluence_datasets, confluence_screen_shots):
>       extension_ui.zscale_view_test_cases_by_status_macro_in_page(confluence_webdriver, confluence_datasets)

selenium_ui/confluence_ui.py:51: 
_ _ _ _ _ _ _ _ _ _ _ _ _ _ _ _ _ _ _ _ _ _ _ _ _ _ _ _ _ _ _ _ _ _ _ _ _ _ _ _ 
extension/confluence/extension_ui.py:75: in zscale_view_test_cases_by_status_macro_in_page
    measure()
_ _ _ _ _ _ _ _ _ _ _ _ _ _ _ _ _ _ _ _ _ _ _ _ _ _ _ _ _ _ _ _ _ _ _ _ _ _ _ _ 

args = (), kwargs = {}, node_ip = '', start = 1686735547.9861898
error_msg = 'Failed measure: view_test_cases_by_status_action - TimeoutException'
full_exception = TimeoutException(), success = False
exc_type = <class 'selenium.common.exceptions.TimeoutException'>
end = 1686735568.63165, timing = '20645'
lockfile = '/dc-app-performance-toolkit/app/results/confluence/2023-06-14_09-17-37/selenium.jtl.lock'

    @functools.wraps(func)
    def wrapper(*args, **kwargs):
        if LOGIN_ACTION_NAME in interaction:
            globals.login_failed = False
        if globals.login_failed:
            pytest.skip("login is failed")
        node_ip = ""
        start = time.time()
        error_msg = 'Success'
        full_exception = ''
        if args:
            driver = [arg for arg in args if isinstance(arg, Chrome)]
            node_ip = "" if not driver else getattr(driver[0], "node_ip", "")
        try:
            func(*args, **kwargs)
            success = True
        except Exception:
            success = False
            # https://docs.python.org/2/library/sys.html#sys.exc_info
            exc_type, full_exception = sys.exc_info()[:2]
            error_msg = f"Failed measure: {interaction} - {exc_type.__name__}"
        end = time.time()
        timing = str(int((end - start) * 1000))
    
        lockfile = f'{selenium_results_file}.lock'
    
        with filelock.SoftFileLock(lockfile):
            with open(selenium_results_file, "a+") as jtl_file:
                timestamp = round(time.time() * 1000)
                if explicit_timing:
                    jtl_file.write(f"{timestamp},{explicit_timing*1000},{interaction},,{error_msg},"
                                   f",{success},0,0,0,0,,0\n")
                else:
                    jtl_file.write(f"{timestamp},{timing},{interaction},,{error_msg}"
                                   f",,{success},0,0,0,0,{node_ip},0\n")
    
        print(f"{timestamp},{timing},{interaction},{error_msg},{success},{node_ip}")
    
        if not success:
            if LOGIN_ACTION_NAME in interaction:
                globals.login_failed = True
>           raise Exception(error_msg, full_exception)
E           Exception: ('Failed measure: view_test_cases_by_status_action - TimeoutException', TimeoutException())

selenium_ui/conftest.py:171: Exception
06-14-2023, 09:39:50, 1686735590478, Action: test_1_selenium_zscale_view_test_cases_by_project_macro_in_page, Error: confluence_webdriver = <selenium.webdriver.chrome.webdriver.WebDriver (session="6bf31e0c1b3bdb91a6c7f182fe7ec803")>
confluence_datasets = {'blog_id': '37282929', 'blogs': [['37623915', 'MBSC', '1'], ['37624433', 'IAC', '1'], ['37624169', 'HRBH', '1'], ['37...FE', '1'], ...], 'create_comment_page': ['36723469', 'AATA', 'small_attachments_3'], 'custom_page_id': '43548673', ...}
confluence_screen_shots = None

    def test_1_selenium_zscale_view_test_cases_by_project_macro_in_page(confluence_webdriver, confluence_datasets, confluence_screen_shots):
>       extension_ui.zscale_view_test_cases_by_project_macro_in_page(confluence_webdriver, confluence_datasets)

selenium_ui/confluence_ui.py:54: 
_ _ _ _ _ _ _ _ _ _ _ _ _ _ _ _ _ _ _ _ _ _ _ _ _ _ _ _ _ _ _ _ _ _ _ _ _ _ _ _ 
extension/confluence/extension_ui.py:104: in zscale_view_test_cases_by_project_macro_in_page
    measure()
_ _ _ _ _ _ _ _ _ _ _ _ _ _ _ _ _ _ _ _ _ _ _ _ _ _ _ _ _ _ _ _ _ _ _ _ _ _ _ _ 

args = (), kwargs = {}, node_ip = '', start = 1686735569.800661
error_msg = 'Failed measure: view_test_cases_by_project_action - TimeoutException'
full_exception = TimeoutException(), success = False
exc_type = <class 'selenium.common.exceptions.TimeoutException'>
end = 1686735590.4669213, timing = '20666'
lockfile = '/dc-app-performance-toolkit/app/results/confluence/2023-06-14_09-17-37/selenium.jtl.lock'

    @functools.wraps(func)
    def wrapper(*args, **kwargs):
        if LOGIN_ACTION_NAME in interaction:
            globals.login_failed = False
        if globals.login_failed:
            pytest.skip("login is failed")
        node_ip = ""
        start = time.time()
        error_msg = 'Success'
        full_exception = ''
        if args:
            driver = [arg for arg in args if isinstance(arg, Chrome)]
            node_ip = "" if not driver else getattr(driver[0], "node_ip", "")
        try:
            func(*args, **kwargs)
            success = True
        except Exception:
            success = False
            # https://docs.python.org/2/library/sys.html#sys.exc_info
            exc_type, full_exception = sys.exc_info()[:2]
            error_msg = f"Failed measure: {interaction} - {exc_type.__name__}"
        end = time.time()
        timing = str(int((end - start) * 1000))
    
        lockfile = f'{selenium_results_file}.lock'
    
        with filelock.SoftFileLock(lockfile):
            with open(selenium_results_file, "a+") as jtl_file:
                timestamp = round(time.time() * 1000)
                if explicit_timing:
                    jtl_file.write(f"{timestamp},{explicit_timing*1000},{interaction},,{error_msg},"
                                   f",{success},0,0,0,0,,0\n")
                else:
                    jtl_file.write(f"{timestamp},{timing},{interaction},,{error_msg}"
                                   f",,{success},0,0,0,0,{node_ip},0\n")
    
        print(f"{timestamp},{timing},{interaction},{error_msg},{success},{node_ip}")
    
        if not success:
            if LOGIN_ACTION_NAME in interaction:
                globals.login_failed = True
>           raise Exception(error_msg, full_exception)
E           Exception: ('Failed measure: view_test_cases_by_project_action - TimeoutException', TimeoutException())

selenium_ui/conftest.py:171: Exception
06-14-2023, 09:40:12, 1686735612329, Action: test_1_selenium_zscale_view_test_cases_by_folder_macro_in_page, Error: confluence_webdriver = <selenium.webdriver.chrome.webdriver.WebDriver (session="6bf31e0c1b3bdb91a6c7f182fe7ec803")>
confluence_datasets = {'blog_id': '37282929', 'blogs': [['37623915', 'MBSC', '1'], ['37624433', 'IAC', '1'], ['37624169', 'HRBH', '1'], ['37...FE', '1'], ...], 'create_comment_page': ['36723469', 'AATA', 'small_attachments_3'], 'custom_page_id': '43548673', ...}
confluence_screen_shots = None

    def test_1_selenium_zscale_view_test_cases_by_folder_macro_in_page(confluence_webdriver, confluence_datasets, confluence_screen_shots):
>       extension_ui.zscale_view_test_cases_by_folder_macro_in_page(confluence_webdriver, confluence_datasets)

selenium_ui/confluence_ui.py:57: 
_ _ _ _ _ _ _ _ _ _ _ _ _ _ _ _ _ _ _ _ _ _ _ _ _ _ _ _ _ _ _ _ _ _ _ _ _ _ _ _ 
extension/confluence/extension_ui.py:133: in zscale_view_test_cases_by_folder_macro_in_page
    measure()
_ _ _ _ _ _ _ _ _ _ _ _ _ _ _ _ _ _ _ _ _ _ _ _ _ _ _ _ _ _ _ _ _ _ _ _ _ _ _ _ 

args = (), kwargs = {}, node_ip = '', start = 1686735591.62633
error_msg = 'Failed measure: view_test_cases_by_folder_action - TimeoutException'
full_exception = TimeoutException(), success = False
exc_type = <class 'selenium.common.exceptions.TimeoutException'>
end = 1686735612.318017, timing = '20691'
lockfile = '/dc-app-performance-toolkit/app/results/confluence/2023-06-14_09-17-37/selenium.jtl.lock'

    @functools.wraps(func)
    def wrapper(*args, **kwargs):
        if LOGIN_ACTION_NAME in interaction:
            globals.login_failed = False
        if globals.login_failed:
            pytest.skip("login is failed")
        node_ip = ""
        start = time.time()
        error_msg = 'Success'
        full_exception = ''
        if args:
            driver = [arg for arg in args if isinstance(arg, Chrome)]
            node_ip = "" if not driver else getattr(driver[0], "node_ip", "")
        try:
            func(*args, **kwargs)
            success = True
        except Exception:
            success = False
            # https://docs.python.org/2/library/sys.html#sys.exc_info
            exc_type, full_exception = sys.exc_info()[:2]
            error_msg = f"Failed measure: {interaction} - {exc_type.__name__}"
        end = time.time()
        timing = str(int((end - start) * 1000))
    
        lockfile = f'{selenium_results_file}.lock'
    
        with filelock.SoftFileLock(lockfile):
            with open(selenium_results_file, "a+") as jtl_file:
                timestamp = round(time.time() * 1000)
                if explicit_timing:
                    jtl_file.write(f"{timestamp},{explicit_timing*1000},{interaction},,{error_msg},"
                                   f",{success},0,0,0,0,,0\n")
                else:
                    jtl_file.write(f"{timestamp},{timing},{interaction},,{error_msg}"
                                   f",,{success},0,0,0,0,{node_ip},0\n")
    
        print(f"{timestamp},{timing},{interaction},{error_msg},{success},{node_ip}")
    
        if not success:
            if LOGIN_ACTION_NAME in interaction:
                globals.login_failed = True
>           raise Exception(error_msg, full_exception)
E           Exception: ('Failed measure: view_test_cases_by_folder_action - TimeoutException', TimeoutException())

selenium_ui/conftest.py:171: Exception
06-14-2023, 09:40:47, 1686735647539, Action: test_1_selenium_zscale_view_test_cases_by_status_macro_in_page, Error: confluence_webdriver = <selenium.webdriver.chrome.webdriver.WebDriver (session="6bf31e0c1b3bdb91a6c7f182fe7ec803")>
confluence_datasets = {'blog_id': '37359835', 'blogs': [['37623915', 'MBSC', '1'], ['37624433', 'IAC', '1'], ['37624169', 'HRBH', '1'], ['37...IFE', '1'], ...], 'create_comment_page': ['36871029', 'APVR', 'text_formatting_21'], 'custom_page_id': '43548673', ...}
confluence_screen_shots = None

    def test_1_selenium_zscale_view_test_cases_by_status_macro_in_page(confluence_webdriver, confluence_datasets, confluence_screen_shots):
>       extension_ui.zscale_view_test_cases_by_status_macro_in_page(confluence_webdriver, confluence_datasets)

selenium_ui/confluence_ui.py:51: 
_ _ _ _ _ _ _ _ _ _ _ _ _ _ _ _ _ _ _ _ _ _ _ _ _ _ _ _ _ _ _ _ _ _ _ _ _ _ _ _ 
extension/confluence/extension_ui.py:75: in zscale_view_test_cases_by_status_macro_in_page
    measure()
_ _ _ _ _ _ _ _ _ _ _ _ _ _ _ _ _ _ _ _ _ _ _ _ _ _ _ _ _ _ _ _ _ _ _ _ _ _ _ _ 

args = (), kwargs = {}, node_ip = '', start = 1686735627.2935112
error_msg = 'Failed measure: view_test_cases_by_status_action - TimeoutException'
full_exception = TimeoutException(), success = False
exc_type = <class 'selenium.common.exceptions.TimeoutException'>
end = 1686735647.528334, timing = '20234'
lockfile = '/dc-app-performance-toolkit/app/results/confluence/2023-06-14_09-17-37/selenium.jtl.lock'

    @functools.wraps(func)
    def wrapper(*args, **kwargs):
        if LOGIN_ACTION_NAME in interaction:
            globals.login_failed = False
        if globals.login_failed:
            pytest.skip("login is failed")
        node_ip = ""
        start = time.time()
        error_msg = 'Success'
        full_exception = ''
        if args:
            driver = [arg for arg in args if isinstance(arg, Chrome)]
            node_ip = "" if not driver else getattr(driver[0], "node_ip", "")
        try:
            func(*args, **kwargs)
            success = True
        except Exception:
            success = False
            # https://docs.python.org/2/library/sys.html#sys.exc_info
            exc_type, full_exception = sys.exc_info()[:2]
            error_msg = f"Failed measure: {interaction} - {exc_type.__name__}"
        end = time.time()
        timing = str(int((end - start) * 1000))
    
        lockfile = f'{selenium_results_file}.lock'
    
        with filelock.SoftFileLock(lockfile):
            with open(selenium_results_file, "a+") as jtl_file:
                timestamp = round(time.time() * 1000)
                if explicit_timing:
                    jtl_file.write(f"{timestamp},{explicit_timing*1000},{interaction},,{error_msg},"
                                   f",{success},0,0,0,0,,0\n")
                else:
                    jtl_file.write(f"{timestamp},{timing},{interaction},,{error_msg}"
                                   f",,{success},0,0,0,0,{node_ip},0\n")
    
        print(f"{timestamp},{timing},{interaction},{error_msg},{success},{node_ip}")
    
        if not success:
            if LOGIN_ACTION_NAME in interaction:
                globals.login_failed = True
>           raise Exception(error_msg, full_exception)
E           Exception: ('Failed measure: view_test_cases_by_status_action - TimeoutException', TimeoutException())

selenium_ui/conftest.py:171: Exception
06-14-2023, 09:41:09, 1686735669091, Action: test_1_selenium_zscale_view_test_cases_by_project_macro_in_page, Error: confluence_webdriver = <selenium.webdriver.chrome.webdriver.WebDriver (session="6bf31e0c1b3bdb91a6c7f182fe7ec803")>
confluence_datasets = {'blog_id': '37359835', 'blogs': [['37623915', 'MBSC', '1'], ['37624433', 'IAC', '1'], ['37624169', 'HRBH', '1'], ['37...IFE', '1'], ...], 'create_comment_page': ['36871029', 'APVR', 'text_formatting_21'], 'custom_page_id': '43548673', ...}
confluence_screen_shots = None

    def test_1_selenium_zscale_view_test_cases_by_project_macro_in_page(confluence_webdriver, confluence_datasets, confluence_screen_shots):
>       extension_ui.zscale_view_test_cases_by_project_macro_in_page(confluence_webdriver, confluence_datasets)

selenium_ui/confluence_ui.py:54: 
_ _ _ _ _ _ _ _ _ _ _ _ _ _ _ _ _ _ _ _ _ _ _ _ _ _ _ _ _ _ _ _ _ _ _ _ _ _ _ _ 
extension/confluence/extension_ui.py:104: in zscale_view_test_cases_by_project_macro_in_page
    measure()
_ _ _ _ _ _ _ _ _ _ _ _ _ _ _ _ _ _ _ _ _ _ _ _ _ _ _ _ _ _ _ _ _ _ _ _ _ _ _ _ 

args = (), kwargs = {}, node_ip = '', start = 1686735648.9188256
error_msg = 'Failed measure: view_test_cases_by_project_action - TimeoutException'
full_exception = TimeoutException(), success = False
exc_type = <class 'selenium.common.exceptions.TimeoutException'>
end = 1686735669.0794923, timing = '20160'
lockfile = '/dc-app-performance-toolkit/app/results/confluence/2023-06-14_09-17-37/selenium.jtl.lock'

    @functools.wraps(func)
    def wrapper(*args, **kwargs):
        if LOGIN_ACTION_NAME in interaction:
            globals.login_failed = False
        if globals.login_failed:
            pytest.skip("login is failed")
        node_ip = ""
        start = time.time()
        error_msg = 'Success'
        full_exception = ''
        if args:
            driver = [arg for arg in args if isinstance(arg, Chrome)]
            node_ip = "" if not driver else getattr(driver[0], "node_ip", "")
        try:
            func(*args, **kwargs)
            success = True
        except Exception:
            success = False
            # https://docs.python.org/2/library/sys.html#sys.exc_info
            exc_type, full_exception = sys.exc_info()[:2]
            error_msg = f"Failed measure: {interaction} - {exc_type.__name__}"
        end = time.time()
        timing = str(int((end - start) * 1000))
    
        lockfile = f'{selenium_results_file}.lock'
    
        with filelock.SoftFileLock(lockfile):
            with open(selenium_results_file, "a+") as jtl_file:
                timestamp = round(time.time() * 1000)
                if explicit_timing:
                    jtl_file.write(f"{timestamp},{explicit_timing*1000},{interaction},,{error_msg},"
                                   f",{success},0,0,0,0,,0\n")
                else:
                    jtl_file.write(f"{timestamp},{timing},{interaction},,{error_msg}"
                                   f",,{success},0,0,0,0,{node_ip},0\n")
    
        print(f"{timestamp},{timing},{interaction},{error_msg},{success},{node_ip}")
    
        if not success:
            if LOGIN_ACTION_NAME in interaction:
                globals.login_failed = True
>           raise Exception(error_msg, full_exception)
E           Exception: ('Failed measure: view_test_cases_by_project_action - TimeoutException', TimeoutException())

selenium_ui/conftest.py:171: Exception
06-14-2023, 09:41:31, 1686735691088, Action: test_1_selenium_zscale_view_test_cases_by_folder_macro_in_page, Error: confluence_webdriver = <selenium.webdriver.chrome.webdriver.WebDriver (session="6bf31e0c1b3bdb91a6c7f182fe7ec803")>
confluence_datasets = {'blog_id': '37359835', 'blogs': [['37623915', 'MBSC', '1'], ['37624433', 'IAC', '1'], ['37624169', 'HRBH', '1'], ['37...IFE', '1'], ...], 'create_comment_page': ['36871029', 'APVR', 'text_formatting_21'], 'custom_page_id': '43548673', ...}
confluence_screen_shots = None

    def test_1_selenium_zscale_view_test_cases_by_folder_macro_in_page(confluence_webdriver, confluence_datasets, confluence_screen_shots):
>       extension_ui.zscale_view_test_cases_by_folder_macro_in_page(confluence_webdriver, confluence_datasets)

selenium_ui/confluence_ui.py:57: 
_ _ _ _ _ _ _ _ _ _ _ _ _ _ _ _ _ _ _ _ _ _ _ _ _ _ _ _ _ _ _ _ _ _ _ _ _ _ _ _ 
extension/confluence/extension_ui.py:133: in zscale_view_test_cases_by_folder_macro_in_page
    measure()
_ _ _ _ _ _ _ _ _ _ _ _ _ _ _ _ _ _ _ _ _ _ _ _ _ _ _ _ _ _ _ _ _ _ _ _ _ _ _ _ 

args = (), kwargs = {}, node_ip = '', start = 1686735670.2078485
error_msg = 'Failed measure: view_test_cases_by_folder_action - TimeoutException'
full_exception = TimeoutException(), success = False
exc_type = <class 'selenium.common.exceptions.TimeoutException'>
end = 1686735691.0768707, timing = '20869'
lockfile = '/dc-app-performance-toolkit/app/results/confluence/2023-06-14_09-17-37/selenium.jtl.lock'

    @functools.wraps(func)
    def wrapper(*args, **kwargs):
        if LOGIN_ACTION_NAME in interaction:
            globals.login_failed = False
        if globals.login_failed:
            pytest.skip("login is failed")
        node_ip = ""
        start = time.time()
        error_msg = 'Success'
        full_exception = ''
        if args:
            driver = [arg for arg in args if isinstance(arg, Chrome)]
            node_ip = "" if not driver else getattr(driver[0], "node_ip", "")
        try:
            func(*args, **kwargs)
            success = True
        except Exception:
            success = False
            # https://docs.python.org/2/library/sys.html#sys.exc_info
            exc_type, full_exception = sys.exc_info()[:2]
            error_msg = f"Failed measure: {interaction} - {exc_type.__name__}"
        end = time.time()
        timing = str(int((end - start) * 1000))
    
        lockfile = f'{selenium_results_file}.lock'
    
        with filelock.SoftFileLock(lockfile):
            with open(selenium_results_file, "a+") as jtl_file:
                timestamp = round(time.time() * 1000)
                if explicit_timing:
                    jtl_file.write(f"{timestamp},{explicit_timing*1000},{interaction},,{error_msg},"
                                   f",{success},0,0,0,0,,0\n")
                else:
                    jtl_file.write(f"{timestamp},{timing},{interaction},,{error_msg}"
                                   f",,{success},0,0,0,0,{node_ip},0\n")
    
        print(f"{timestamp},{timing},{interaction},{error_msg},{success},{node_ip}")
    
        if not success:
            if LOGIN_ACTION_NAME in interaction:
                globals.login_failed = True
>           raise Exception(error_msg, full_exception)
E           Exception: ('Failed measure: view_test_cases_by_folder_action - TimeoutException', TimeoutException())

selenium_ui/conftest.py:171: Exception
06-14-2023, 09:42:07, 1686735727984, Action: test_1_selenium_zscale_view_test_cases_by_status_macro_in_page, Error: confluence_webdriver = <selenium.webdriver.chrome.webdriver.WebDriver (session="6bf31e0c1b3bdb91a6c7f182fe7ec803")>
confluence_datasets = {'blog_id': '37266720', 'blogs': [['37623915', 'MBSC', '1'], ['37624433', 'IAC', '1'], ['37624169', 'HRBH', '1'], ['37...96', 'IFE', '1'], ...], 'create_comment_page': ['36730450', 'PDCC', 'small_text_7'], 'custom_page_id': '43548673', ...}
confluence_screen_shots = None

    def test_1_selenium_zscale_view_test_cases_by_status_macro_in_page(confluence_webdriver, confluence_datasets, confluence_screen_shots):
>       extension_ui.zscale_view_test_cases_by_status_macro_in_page(confluence_webdriver, confluence_datasets)

selenium_ui/confluence_ui.py:51: 
_ _ _ _ _ _ _ _ _ _ _ _ _ _ _ _ _ _ _ _ _ _ _ _ _ _ _ _ _ _ _ _ _ _ _ _ _ _ _ _ 
extension/confluence/extension_ui.py:75: in zscale_view_test_cases_by_status_macro_in_page
    measure()
_ _ _ _ _ _ _ _ _ _ _ _ _ _ _ _ _ _ _ _ _ _ _ _ _ _ _ _ _ _ _ _ _ _ _ _ _ _ _ _ 

args = (), kwargs = {}, node_ip = '', start = 1686735707.500037
error_msg = 'Failed measure: view_test_cases_by_status_action - TimeoutException'
full_exception = TimeoutException(), success = False
exc_type = <class 'selenium.common.exceptions.TimeoutException'>
end = 1686735727.9723494, timing = '20472'
lockfile = '/dc-app-performance-toolkit/app/results/confluence/2023-06-14_09-17-37/selenium.jtl.lock'

    @functools.wraps(func)
    def wrapper(*args, **kwargs):
        if LOGIN_ACTION_NAME in interaction:
            globals.login_failed = False
        if globals.login_failed:
            pytest.skip("login is failed")
        node_ip = ""
        start = time.time()
        error_msg = 'Success'
        full_exception = ''
        if args:
            driver = [arg for arg in args if isinstance(arg, Chrome)]
            node_ip = "" if not driver else getattr(driver[0], "node_ip", "")
        try:
            func(*args, **kwargs)
            success = True
        except Exception:
            success = False
            # https://docs.python.org/2/library/sys.html#sys.exc_info
            exc_type, full_exception = sys.exc_info()[:2]
            error_msg = f"Failed measure: {interaction} - {exc_type.__name__}"
        end = time.time()
        timing = str(int((end - start) * 1000))
    
        lockfile = f'{selenium_results_file}.lock'
    
        with filelock.SoftFileLock(lockfile):
            with open(selenium_results_file, "a+") as jtl_file:
                timestamp = round(time.time() * 1000)
                if explicit_timing:
                    jtl_file.write(f"{timestamp},{explicit_timing*1000},{interaction},,{error_msg},"
                                   f",{success},0,0,0,0,,0\n")
                else:
                    jtl_file.write(f"{timestamp},{timing},{interaction},,{error_msg}"
                                   f",,{success},0,0,0,0,{node_ip},0\n")
    
        print(f"{timestamp},{timing},{interaction},{error_msg},{success},{node_ip}")
    
        if not success:
            if LOGIN_ACTION_NAME in interaction:
                globals.login_failed = True
>           raise Exception(error_msg, full_exception)
E           Exception: ('Failed measure: view_test_cases_by_status_action - TimeoutException', TimeoutException())

selenium_ui/conftest.py:171: Exception
06-14-2023, 09:42:29, 1686735749606, Action: test_1_selenium_zscale_view_test_cases_by_project_macro_in_page, Error: confluence_webdriver = <selenium.webdriver.chrome.webdriver.WebDriver (session="6bf31e0c1b3bdb91a6c7f182fe7ec803")>
confluence_datasets = {'blog_id': '37266720', 'blogs': [['37623915', 'MBSC', '1'], ['37624433', 'IAC', '1'], ['37624169', 'HRBH', '1'], ['37...96', 'IFE', '1'], ...], 'create_comment_page': ['36730450', 'PDCC', 'small_text_7'], 'custom_page_id': '43548673', ...}
confluence_screen_shots = None

    def test_1_selenium_zscale_view_test_cases_by_project_macro_in_page(confluence_webdriver, confluence_datasets, confluence_screen_shots):
>       extension_ui.zscale_view_test_cases_by_project_macro_in_page(confluence_webdriver, confluence_datasets)

selenium_ui/confluence_ui.py:54: 
_ _ _ _ _ _ _ _ _ _ _ _ _ _ _ _ _ _ _ _ _ _ _ _ _ _ _ _ _ _ _ _ _ _ _ _ _ _ _ _ 
extension/confluence/extension_ui.py:104: in zscale_view_test_cases_by_project_macro_in_page
    measure()
_ _ _ _ _ _ _ _ _ _ _ _ _ _ _ _ _ _ _ _ _ _ _ _ _ _ _ _ _ _ _ _ _ _ _ _ _ _ _ _ 

args = (), kwargs = {}, node_ip = '', start = 1686735729.1323586
error_msg = 'Failed measure: view_test_cases_by_project_action - TimeoutException'
full_exception = TimeoutException(), success = False
exc_type = <class 'selenium.common.exceptions.TimeoutException'>
end = 1686735749.5949566, timing = '20462'
lockfile = '/dc-app-performance-toolkit/app/results/confluence/2023-06-14_09-17-37/selenium.jtl.lock'

    @functools.wraps(func)
    def wrapper(*args, **kwargs):
        if LOGIN_ACTION_NAME in interaction:
            globals.login_failed = False
        if globals.login_failed:
            pytest.skip("login is failed")
        node_ip = ""
        start = time.time()
        error_msg = 'Success'
        full_exception = ''
        if args:
            driver = [arg for arg in args if isinstance(arg, Chrome)]
            node_ip = "" if not driver else getattr(driver[0], "node_ip", "")
        try:
            func(*args, **kwargs)
            success = True
        except Exception:
            success = False
            # https://docs.python.org/2/library/sys.html#sys.exc_info
            exc_type, full_exception = sys.exc_info()[:2]
            error_msg = f"Failed measure: {interaction} - {exc_type.__name__}"
        end = time.time()
        timing = str(int((end - start) * 1000))
    
        lockfile = f'{selenium_results_file}.lock'
    
        with filelock.SoftFileLock(lockfile):
            with open(selenium_results_file, "a+") as jtl_file:
                timestamp = round(time.time() * 1000)
                if explicit_timing:
                    jtl_file.write(f"{timestamp},{explicit_timing*1000},{interaction},,{error_msg},"
                                   f",{success},0,0,0,0,,0\n")
                else:
                    jtl_file.write(f"{timestamp},{timing},{interaction},,{error_msg}"
                                   f",,{success},0,0,0,0,{node_ip},0\n")
    
        print(f"{timestamp},{timing},{interaction},{error_msg},{success},{node_ip}")
    
        if not success:
            if LOGIN_ACTION_NAME in interaction:
                globals.login_failed = True
>           raise Exception(error_msg, full_exception)
E           Exception: ('Failed measure: view_test_cases_by_project_action - TimeoutException', TimeoutException())

selenium_ui/conftest.py:171: Exception
06-14-2023, 09:42:51, 1686735771248, Action: test_1_selenium_zscale_view_test_cases_by_folder_macro_in_page, Error: confluence_webdriver = <selenium.webdriver.chrome.webdriver.WebDriver (session="6bf31e0c1b3bdb91a6c7f182fe7ec803")>
confluence_datasets = {'blog_id': '37266720', 'blogs': [['37623915', 'MBSC', '1'], ['37624433', 'IAC', '1'], ['37624169', 'HRBH', '1'], ['37...96', 'IFE', '1'], ...], 'create_comment_page': ['36730450', 'PDCC', 'small_text_7'], 'custom_page_id': '43548673', ...}
confluence_screen_shots = None

    def test_1_selenium_zscale_view_test_cases_by_folder_macro_in_page(confluence_webdriver, confluence_datasets, confluence_screen_shots):
>       extension_ui.zscale_view_test_cases_by_folder_macro_in_page(confluence_webdriver, confluence_datasets)

selenium_ui/confluence_ui.py:57: 
_ _ _ _ _ _ _ _ _ _ _ _ _ _ _ _ _ _ _ _ _ _ _ _ _ _ _ _ _ _ _ _ _ _ _ _ _ _ _ _ 
extension/confluence/extension_ui.py:133: in zscale_view_test_cases_by_folder_macro_in_page
    measure()
_ _ _ _ _ _ _ _ _ _ _ _ _ _ _ _ _ _ _ _ _ _ _ _ _ _ _ _ _ _ _ _ _ _ _ _ _ _ _ _ 

args = (), kwargs = {}, node_ip = '', start = 1686735750.7692847
error_msg = 'Failed measure: view_test_cases_by_folder_action - TimeoutException'
full_exception = TimeoutException(), success = False
exc_type = <class 'selenium.common.exceptions.TimeoutException'>
end = 1686735771.2184172, timing = '20449'
lockfile = '/dc-app-performance-toolkit/app/results/confluence/2023-06-14_09-17-37/selenium.jtl.lock'

    @functools.wraps(func)
    def wrapper(*args, **kwargs):
        if LOGIN_ACTION_NAME in interaction:
            globals.login_failed = False
        if globals.login_failed:
            pytest.skip("login is failed")
        node_ip = ""
        start = time.time()
        error_msg = 'Success'
        full_exception = ''
        if args:
            driver = [arg for arg in args if isinstance(arg, Chrome)]
            node_ip = "" if not driver else getattr(driver[0], "node_ip", "")
        try:
            func(*args, **kwargs)
            success = True
        except Exception:
            success = False
            # https://docs.python.org/2/library/sys.html#sys.exc_info
            exc_type, full_exception = sys.exc_info()[:2]
            error_msg = f"Failed measure: {interaction} - {exc_type.__name__}"
        end = time.time()
        timing = str(int((end - start) * 1000))
    
        lockfile = f'{selenium_results_file}.lock'
    
        with filelock.SoftFileLock(lockfile):
            with open(selenium_results_file, "a+") as jtl_file:
                timestamp = round(time.time() * 1000)
                if explicit_timing:
                    jtl_file.write(f"{timestamp},{explicit_timing*1000},{interaction},,{error_msg},"
                                   f",{success},0,0,0,0,,0\n")
                else:
                    jtl_file.write(f"{timestamp},{timing},{interaction},,{error_msg}"
                                   f",,{success},0,0,0,0,{node_ip},0\n")
    
        print(f"{timestamp},{timing},{interaction},{error_msg},{success},{node_ip}")
    
        if not success:
            if LOGIN_ACTION_NAME in interaction:
                globals.login_failed = True
>           raise Exception(error_msg, full_exception)
E           Exception: ('Failed measure: view_test_cases_by_folder_action - TimeoutException', TimeoutException())

selenium_ui/conftest.py:171: Exception
06-14-2023, 09:43:27, 1686735807696, Action: test_1_selenium_zscale_view_test_cases_by_status_macro_in_page, Error: confluence_webdriver = <selenium.webdriver.chrome.webdriver.WebDriver (session="6bf31e0c1b3bdb91a6c7f182fe7ec803")>
confluence_datasets = {'blog_id': '37113588', 'blogs': [['37623915', 'MBSC', '1'], ['37624433', 'IAC', '1'], ['37624169', 'HRBH', '1'], ['37...FE', '1'], ...], 'create_comment_page': ['36879815', 'CESO', 'small_attachments_3'], 'custom_page_id': '43548673', ...}
confluence_screen_shots = None

    def test_1_selenium_zscale_view_test_cases_by_status_macro_in_page(confluence_webdriver, confluence_datasets, confluence_screen_shots):
>       extension_ui.zscale_view_test_cases_by_status_macro_in_page(confluence_webdriver, confluence_datasets)

selenium_ui/confluence_ui.py:51: 
_ _ _ _ _ _ _ _ _ _ _ _ _ _ _ _ _ _ _ _ _ _ _ _ _ _ _ _ _ _ _ _ _ _ _ _ _ _ _ _ 
extension/confluence/extension_ui.py:75: in zscale_view_test_cases_by_status_macro_in_page
    measure()
_ _ _ _ _ _ _ _ _ _ _ _ _ _ _ _ _ _ _ _ _ _ _ _ _ _ _ _ _ _ _ _ _ _ _ _ _ _ _ _ 

args = (), kwargs = {}, node_ip = '', start = 1686735787.0436597
error_msg = 'Failed measure: view_test_cases_by_status_action - TimeoutException'
full_exception = TimeoutException(), success = False
exc_type = <class 'selenium.common.exceptions.TimeoutException'>
end = 1686735807.6841576, timing = '20640'
lockfile = '/dc-app-performance-toolkit/app/results/confluence/2023-06-14_09-17-37/selenium.jtl.lock'

    @functools.wraps(func)
    def wrapper(*args, **kwargs):
        if LOGIN_ACTION_NAME in interaction:
            globals.login_failed = False
        if globals.login_failed:
            pytest.skip("login is failed")
        node_ip = ""
        start = time.time()
        error_msg = 'Success'
        full_exception = ''
        if args:
            driver = [arg for arg in args if isinstance(arg, Chrome)]
            node_ip = "" if not driver else getattr(driver[0], "node_ip", "")
        try:
            func(*args, **kwargs)
            success = True
        except Exception:
            success = False
            # https://docs.python.org/2/library/sys.html#sys.exc_info
            exc_type, full_exception = sys.exc_info()[:2]
            error_msg = f"Failed measure: {interaction} - {exc_type.__name__}"
        end = time.time()
        timing = str(int((end - start) * 1000))
    
        lockfile = f'{selenium_results_file}.lock'
    
        with filelock.SoftFileLock(lockfile):
            with open(selenium_results_file, "a+") as jtl_file:
                timestamp = round(time.time() * 1000)
                if explicit_timing:
                    jtl_file.write(f"{timestamp},{explicit_timing*1000},{interaction},,{error_msg},"
                                   f",{success},0,0,0,0,,0\n")
                else:
                    jtl_file.write(f"{timestamp},{timing},{interaction},,{error_msg}"
                                   f",,{success},0,0,0,0,{node_ip},0\n")
    
        print(f"{timestamp},{timing},{interaction},{error_msg},{success},{node_ip}")
    
        if not success:
            if LOGIN_ACTION_NAME in interaction:
                globals.login_failed = True
>           raise Exception(error_msg, full_exception)
E           Exception: ('Failed measure: view_test_cases_by_status_action - TimeoutException', TimeoutException())

selenium_ui/conftest.py:171: Exception
06-14-2023, 09:43:49, 1686735829532, Action: test_1_selenium_zscale_view_test_cases_by_project_macro_in_page, Error: confluence_webdriver = <selenium.webdriver.chrome.webdriver.WebDriver (session="6bf31e0c1b3bdb91a6c7f182fe7ec803")>
confluence_datasets = {'blog_id': '37113588', 'blogs': [['37623915', 'MBSC', '1'], ['37624433', 'IAC', '1'], ['37624169', 'HRBH', '1'], ['37...FE', '1'], ...], 'create_comment_page': ['36879815', 'CESO', 'small_attachments_3'], 'custom_page_id': '43548673', ...}
confluence_screen_shots = None

    def test_1_selenium_zscale_view_test_cases_by_project_macro_in_page(confluence_webdriver, confluence_datasets, confluence_screen_shots):
>       extension_ui.zscale_view_test_cases_by_project_macro_in_page(confluence_webdriver, confluence_datasets)

selenium_ui/confluence_ui.py:54: 
_ _ _ _ _ _ _ _ _ _ _ _ _ _ _ _ _ _ _ _ _ _ _ _ _ _ _ _ _ _ _ _ _ _ _ _ _ _ _ _ 
extension/confluence/extension_ui.py:104: in zscale_view_test_cases_by_project_macro_in_page
    measure()
_ _ _ _ _ _ _ _ _ _ _ _ _ _ _ _ _ _ _ _ _ _ _ _ _ _ _ _ _ _ _ _ _ _ _ _ _ _ _ _ 

args = (), kwargs = {}, node_ip = '', start = 1686735808.874467
error_msg = 'Failed measure: view_test_cases_by_project_action - TimeoutException'
full_exception = TimeoutException(), success = False
exc_type = <class 'selenium.common.exceptions.TimeoutException'>
end = 1686735829.521233, timing = '20646'
lockfile = '/dc-app-performance-toolkit/app/results/confluence/2023-06-14_09-17-37/selenium.jtl.lock'

    @functools.wraps(func)
    def wrapper(*args, **kwargs):
        if LOGIN_ACTION_NAME in interaction:
            globals.login_failed = False
        if globals.login_failed:
            pytest.skip("login is failed")
        node_ip = ""
        start = time.time()
        error_msg = 'Success'
        full_exception = ''
        if args:
            driver = [arg for arg in args if isinstance(arg, Chrome)]
            node_ip = "" if not driver else getattr(driver[0], "node_ip", "")
        try:
            func(*args, **kwargs)
            success = True
        except Exception:
            success = False
            # https://docs.python.org/2/library/sys.html#sys.exc_info
            exc_type, full_exception = sys.exc_info()[:2]
            error_msg = f"Failed measure: {interaction} - {exc_type.__name__}"
        end = time.time()
        timing = str(int((end - start) * 1000))
    
        lockfile = f'{selenium_results_file}.lock'
    
        with filelock.SoftFileLock(lockfile):
            with open(selenium_results_file, "a+") as jtl_file:
                timestamp = round(time.time() * 1000)
                if explicit_timing:
                    jtl_file.write(f"{timestamp},{explicit_timing*1000},{interaction},,{error_msg},"
                                   f",{success},0,0,0,0,,0\n")
                else:
                    jtl_file.write(f"{timestamp},{timing},{interaction},,{error_msg}"
                                   f",,{success},0,0,0,0,{node_ip},0\n")
    
        print(f"{timestamp},{timing},{interaction},{error_msg},{success},{node_ip}")
    
        if not success:
            if LOGIN_ACTION_NAME in interaction:
                globals.login_failed = True
>           raise Exception(error_msg, full_exception)
E           Exception: ('Failed measure: view_test_cases_by_project_action - TimeoutException', TimeoutException())

selenium_ui/conftest.py:171: Exception
06-14-2023, 09:44:11, 1686735851430, Action: test_1_selenium_zscale_view_test_cases_by_folder_macro_in_page, Error: confluence_webdriver = <selenium.webdriver.chrome.webdriver.WebDriver (session="6bf31e0c1b3bdb91a6c7f182fe7ec803")>
confluence_datasets = {'blog_id': '37113588', 'blogs': [['37623915', 'MBSC', '1'], ['37624433', 'IAC', '1'], ['37624169', 'HRBH', '1'], ['37...FE', '1'], ...], 'create_comment_page': ['36879815', 'CESO', 'small_attachments_3'], 'custom_page_id': '43548673', ...}
confluence_screen_shots = None

    def test_1_selenium_zscale_view_test_cases_by_folder_macro_in_page(confluence_webdriver, confluence_datasets, confluence_screen_shots):
>       extension_ui.zscale_view_test_cases_by_folder_macro_in_page(confluence_webdriver, confluence_datasets)

selenium_ui/confluence_ui.py:57: 
_ _ _ _ _ _ _ _ _ _ _ _ _ _ _ _ _ _ _ _ _ _ _ _ _ _ _ _ _ _ _ _ _ _ _ _ _ _ _ _ 
extension/confluence/extension_ui.py:133: in zscale_view_test_cases_by_folder_macro_in_page
    measure()
_ _ _ _ _ _ _ _ _ _ _ _ _ _ _ _ _ _ _ _ _ _ _ _ _ _ _ _ _ _ _ _ _ _ _ _ _ _ _ _ 

args = (), kwargs = {}, node_ip = '', start = 1686735830.7499022
error_msg = 'Failed measure: view_test_cases_by_folder_action - TimeoutException'
full_exception = TimeoutException(), success = False
exc_type = <class 'selenium.common.exceptions.TimeoutException'>
end = 1686735851.4183486, timing = '20668'
lockfile = '/dc-app-performance-toolkit/app/results/confluence/2023-06-14_09-17-37/selenium.jtl.lock'

    @functools.wraps(func)
    def wrapper(*args, **kwargs):
        if LOGIN_ACTION_NAME in interaction:
            globals.login_failed = False
        if globals.login_failed:
            pytest.skip("login is failed")
        node_ip = ""
        start = time.time()
        error_msg = 'Success'
        full_exception = ''
        if args:
            driver = [arg for arg in args if isinstance(arg, Chrome)]
            node_ip = "" if not driver else getattr(driver[0], "node_ip", "")
        try:
            func(*args, **kwargs)
            success = True
        except Exception:
            success = False
            # https://docs.python.org/2/library/sys.html#sys.exc_info
            exc_type, full_exception = sys.exc_info()[:2]
            error_msg = f"Failed measure: {interaction} - {exc_type.__name__}"
        end = time.time()
        timing = str(int((end - start) * 1000))
    
        lockfile = f'{selenium_results_file}.lock'
    
        with filelock.SoftFileLock(lockfile):
            with open(selenium_results_file, "a+") as jtl_file:
                timestamp = round(time.time() * 1000)
                if explicit_timing:
                    jtl_file.write(f"{timestamp},{explicit_timing*1000},{interaction},,{error_msg},"
                                   f",{success},0,0,0,0,,0\n")
                else:
                    jtl_file.write(f"{timestamp},{timing},{interaction},,{error_msg}"
                                   f",,{success},0,0,0,0,{node_ip},0\n")
    
        print(f"{timestamp},{timing},{interaction},{error_msg},{success},{node_ip}")
    
        if not success:
            if LOGIN_ACTION_NAME in interaction:
                globals.login_failed = True
>           raise Exception(error_msg, full_exception)
E           Exception: ('Failed measure: view_test_cases_by_folder_action - TimeoutException', TimeoutException())

selenium_ui/conftest.py:171: Exception
06-14-2023, 09:44:47, 1686735887291, Action: test_1_selenium_zscale_view_test_cases_by_status_macro_in_page, Error: confluence_webdriver = <selenium.webdriver.chrome.webdriver.WebDriver (session="6bf31e0c1b3bdb91a6c7f182fe7ec803")>
confluence_datasets = {'blog_id': '36501458', 'blogs': [['37623915', 'MBSC', '1'], ['37624433', 'IAC', '1'], ['37624169', 'HRBH', '1'], ['37...IFE', '1'], ...], 'create_comment_page': ['36717397', 'BTP', 'small_attachments_3'], 'custom_page_id': '43548673', ...}
confluence_screen_shots = None

    def test_1_selenium_zscale_view_test_cases_by_status_macro_in_page(confluence_webdriver, confluence_datasets, confluence_screen_shots):
>       extension_ui.zscale_view_test_cases_by_status_macro_in_page(confluence_webdriver, confluence_datasets)

selenium_ui/confluence_ui.py:51: 
_ _ _ _ _ _ _ _ _ _ _ _ _ _ _ _ _ _ _ _ _ _ _ _ _ _ _ _ _ _ _ _ _ _ _ _ _ _ _ _ 
extension/confluence/extension_ui.py:75: in zscale_view_test_cases_by_status_macro_in_page
    measure()
_ _ _ _ _ _ _ _ _ _ _ _ _ _ _ _ _ _ _ _ _ _ _ _ _ _ _ _ _ _ _ _ _ _ _ _ _ _ _ _ 

args = (), kwargs = {}, node_ip = '', start = 1686735867.043872
error_msg = 'Failed measure: view_test_cases_by_status_action - TimeoutException'
full_exception = TimeoutException(), success = False
exc_type = <class 'selenium.common.exceptions.TimeoutException'>
end = 1686735887.27934, timing = '20235'
lockfile = '/dc-app-performance-toolkit/app/results/confluence/2023-06-14_09-17-37/selenium.jtl.lock'

    @functools.wraps(func)
    def wrapper(*args, **kwargs):
        if LOGIN_ACTION_NAME in interaction:
            globals.login_failed = False
        if globals.login_failed:
            pytest.skip("login is failed")
        node_ip = ""
        start = time.time()
        error_msg = 'Success'
        full_exception = ''
        if args:
            driver = [arg for arg in args if isinstance(arg, Chrome)]
            node_ip = "" if not driver else getattr(driver[0], "node_ip", "")
        try:
            func(*args, **kwargs)
            success = True
        except Exception:
            success = False
            # https://docs.python.org/2/library/sys.html#sys.exc_info
            exc_type, full_exception = sys.exc_info()[:2]
            error_msg = f"Failed measure: {interaction} - {exc_type.__name__}"
        end = time.time()
        timing = str(int((end - start) * 1000))
    
        lockfile = f'{selenium_results_file}.lock'
    
        with filelock.SoftFileLock(lockfile):
            with open(selenium_results_file, "a+") as jtl_file:
                timestamp = round(time.time() * 1000)
                if explicit_timing:
                    jtl_file.write(f"{timestamp},{explicit_timing*1000},{interaction},,{error_msg},"
                                   f",{success},0,0,0,0,,0\n")
                else:
                    jtl_file.write(f"{timestamp},{timing},{interaction},,{error_msg}"
                                   f",,{success},0,0,0,0,{node_ip},0\n")
    
        print(f"{timestamp},{timing},{interaction},{error_msg},{success},{node_ip}")
    
        if not success:
            if LOGIN_ACTION_NAME in interaction:
                globals.login_failed = True
>           raise Exception(error_msg, full_exception)
E           Exception: ('Failed measure: view_test_cases_by_status_action - TimeoutException', TimeoutException())

selenium_ui/conftest.py:171: Exception
06-14-2023, 09:45:08, 1686735908800, Action: test_1_selenium_zscale_view_test_cases_by_project_macro_in_page, Error: confluence_webdriver = <selenium.webdriver.chrome.webdriver.WebDriver (session="6bf31e0c1b3bdb91a6c7f182fe7ec803")>
confluence_datasets = {'blog_id': '36501458', 'blogs': [['37623915', 'MBSC', '1'], ['37624433', 'IAC', '1'], ['37624169', 'HRBH', '1'], ['37...IFE', '1'], ...], 'create_comment_page': ['36717397', 'BTP', 'small_attachments_3'], 'custom_page_id': '43548673', ...}
confluence_screen_shots = None

    def test_1_selenium_zscale_view_test_cases_by_project_macro_in_page(confluence_webdriver, confluence_datasets, confluence_screen_shots):
>       extension_ui.zscale_view_test_cases_by_project_macro_in_page(confluence_webdriver, confluence_datasets)

selenium_ui/confluence_ui.py:54: 
_ _ _ _ _ _ _ _ _ _ _ _ _ _ _ _ _ _ _ _ _ _ _ _ _ _ _ _ _ _ _ _ _ _ _ _ _ _ _ _ 
extension/confluence/extension_ui.py:104: in zscale_view_test_cases_by_project_macro_in_page
    measure()
_ _ _ _ _ _ _ _ _ _ _ _ _ _ _ _ _ _ _ _ _ _ _ _ _ _ _ _ _ _ _ _ _ _ _ _ _ _ _ _ 

args = (), kwargs = {}, node_ip = '', start = 1686735888.4942827
error_msg = 'Failed measure: view_test_cases_by_project_action - TimeoutException'
full_exception = TimeoutException(), success = False
exc_type = <class 'selenium.common.exceptions.TimeoutException'>
end = 1686735908.7894218, timing = '20295'
lockfile = '/dc-app-performance-toolkit/app/results/confluence/2023-06-14_09-17-37/selenium.jtl.lock'

    @functools.wraps(func)
    def wrapper(*args, **kwargs):
        if LOGIN_ACTION_NAME in interaction:
            globals.login_failed = False
        if globals.login_failed:
            pytest.skip("login is failed")
        node_ip = ""
        start = time.time()
        error_msg = 'Success'
        full_exception = ''
        if args:
            driver = [arg for arg in args if isinstance(arg, Chrome)]
            node_ip = "" if not driver else getattr(driver[0], "node_ip", "")
        try:
            func(*args, **kwargs)
            success = True
        except Exception:
            success = False
            # https://docs.python.org/2/library/sys.html#sys.exc_info
            exc_type, full_exception = sys.exc_info()[:2]
            error_msg = f"Failed measure: {interaction} - {exc_type.__name__}"
        end = time.time()
        timing = str(int((end - start) * 1000))
    
        lockfile = f'{selenium_results_file}.lock'
    
        with filelock.SoftFileLock(lockfile):
            with open(selenium_results_file, "a+") as jtl_file:
                timestamp = round(time.time() * 1000)
                if explicit_timing:
                    jtl_file.write(f"{timestamp},{explicit_timing*1000},{interaction},,{error_msg},"
                                   f",{success},0,0,0,0,,0\n")
                else:
                    jtl_file.write(f"{timestamp},{timing},{interaction},,{error_msg}"
                                   f",,{success},0,0,0,0,{node_ip},0\n")
    
        print(f"{timestamp},{timing},{interaction},{error_msg},{success},{node_ip}")
    
        if not success:
            if LOGIN_ACTION_NAME in interaction:
                globals.login_failed = True
>           raise Exception(error_msg, full_exception)
E           Exception: ('Failed measure: view_test_cases_by_project_action - TimeoutException', TimeoutException())

selenium_ui/conftest.py:171: Exception
06-14-2023, 09:45:30, 1686735930405, Action: test_1_selenium_zscale_view_test_cases_by_folder_macro_in_page, Error: confluence_webdriver = <selenium.webdriver.chrome.webdriver.WebDriver (session="6bf31e0c1b3bdb91a6c7f182fe7ec803")>
confluence_datasets = {'blog_id': '36501458', 'blogs': [['37623915', 'MBSC', '1'], ['37624433', 'IAC', '1'], ['37624169', 'HRBH', '1'], ['37...IFE', '1'], ...], 'create_comment_page': ['36717397', 'BTP', 'small_attachments_3'], 'custom_page_id': '43548673', ...}
confluence_screen_shots = None

    def test_1_selenium_zscale_view_test_cases_by_folder_macro_in_page(confluence_webdriver, confluence_datasets, confluence_screen_shots):
>       extension_ui.zscale_view_test_cases_by_folder_macro_in_page(confluence_webdriver, confluence_datasets)

selenium_ui/confluence_ui.py:57: 
_ _ _ _ _ _ _ _ _ _ _ _ _ _ _ _ _ _ _ _ _ _ _ _ _ _ _ _ _ _ _ _ _ _ _ _ _ _ _ _ 
extension/confluence/extension_ui.py:133: in zscale_view_test_cases_by_folder_macro_in_page
    measure()
_ _ _ _ _ _ _ _ _ _ _ _ _ _ _ _ _ _ _ _ _ _ _ _ _ _ _ _ _ _ _ _ _ _ _ _ _ _ _ _ 

args = (), kwargs = {}, node_ip = '', start = 1686735909.9802513
error_msg = 'Failed measure: view_test_cases_by_folder_action - TimeoutException'
full_exception = TimeoutException(), success = False
exc_type = <class 'selenium.common.exceptions.TimeoutException'>
end = 1686735930.3936903, timing = '20413'
lockfile = '/dc-app-performance-toolkit/app/results/confluence/2023-06-14_09-17-37/selenium.jtl.lock'

    @functools.wraps(func)
    def wrapper(*args, **kwargs):
        if LOGIN_ACTION_NAME in interaction:
            globals.login_failed = False
        if globals.login_failed:
            pytest.skip("login is failed")
        node_ip = ""
        start = time.time()
        error_msg = 'Success'
        full_exception = ''
        if args:
            driver = [arg for arg in args if isinstance(arg, Chrome)]
            node_ip = "" if not driver else getattr(driver[0], "node_ip", "")
        try:
            func(*args, **kwargs)
            success = True
        except Exception:
            success = False
            # https://docs.python.org/2/library/sys.html#sys.exc_info
            exc_type, full_exception = sys.exc_info()[:2]
            error_msg = f"Failed measure: {interaction} - {exc_type.__name__}"
        end = time.time()
        timing = str(int((end - start) * 1000))
    
        lockfile = f'{selenium_results_file}.lock'
    
        with filelock.SoftFileLock(lockfile):
            with open(selenium_results_file, "a+") as jtl_file:
                timestamp = round(time.time() * 1000)
                if explicit_timing:
                    jtl_file.write(f"{timestamp},{explicit_timing*1000},{interaction},,{error_msg},"
                                   f",{success},0,0,0,0,,0\n")
                else:
                    jtl_file.write(f"{timestamp},{timing},{interaction},,{error_msg}"
                                   f",,{success},0,0,0,0,{node_ip},0\n")
    
        print(f"{timestamp},{timing},{interaction},{error_msg},{success},{node_ip}")
    
        if not success:
            if LOGIN_ACTION_NAME in interaction:
                globals.login_failed = True
>           raise Exception(error_msg, full_exception)
E           Exception: ('Failed measure: view_test_cases_by_folder_action - TimeoutException', TimeoutException())

selenium_ui/conftest.py:171: Exception
06-14-2023, 09:46:06, 1686735966466, Action: test_1_selenium_zscale_view_test_cases_by_status_macro_in_page, Error: confluence_webdriver = <selenium.webdriver.chrome.webdriver.WebDriver (session="6bf31e0c1b3bdb91a6c7f182fe7ec803")>
confluence_datasets = {'blog_id': '36571909', 'blogs': [['37623915', 'MBSC', '1'], ['37624433', 'IAC', '1'], ['37624169', 'HRBH', '1'], ['37...6', 'IFE', '1'], ...], 'create_comment_page': ['36718107', 'ACFWA', 'small_text_7'], 'custom_page_id': '43548673', ...}
confluence_screen_shots = None

    def test_1_selenium_zscale_view_test_cases_by_status_macro_in_page(confluence_webdriver, confluence_datasets, confluence_screen_shots):
>       extension_ui.zscale_view_test_cases_by_status_macro_in_page(confluence_webdriver, confluence_datasets)

selenium_ui/confluence_ui.py:51: 
_ _ _ _ _ _ _ _ _ _ _ _ _ _ _ _ _ _ _ _ _ _ _ _ _ _ _ _ _ _ _ _ _ _ _ _ _ _ _ _ 
extension/confluence/extension_ui.py:75: in zscale_view_test_cases_by_status_macro_in_page
    measure()
_ _ _ _ _ _ _ _ _ _ _ _ _ _ _ _ _ _ _ _ _ _ _ _ _ _ _ _ _ _ _ _ _ _ _ _ _ _ _ _ 

args = (), kwargs = {}, node_ip = '', start = 1686735945.9497168
error_msg = 'Failed measure: view_test_cases_by_status_action - TimeoutException'
full_exception = TimeoutException(), success = False
exc_type = <class 'selenium.common.exceptions.TimeoutException'>
end = 1686735966.4547884, timing = '20505'
lockfile = '/dc-app-performance-toolkit/app/results/confluence/2023-06-14_09-17-37/selenium.jtl.lock'

    @functools.wraps(func)
    def wrapper(*args, **kwargs):
        if LOGIN_ACTION_NAME in interaction:
            globals.login_failed = False
        if globals.login_failed:
            pytest.skip("login is failed")
        node_ip = ""
        start = time.time()
        error_msg = 'Success'
        full_exception = ''
        if args:
            driver = [arg for arg in args if isinstance(arg, Chrome)]
            node_ip = "" if not driver else getattr(driver[0], "node_ip", "")
        try:
            func(*args, **kwargs)
            success = True
        except Exception:
            success = False
            # https://docs.python.org/2/library/sys.html#sys.exc_info
            exc_type, full_exception = sys.exc_info()[:2]
            error_msg = f"Failed measure: {interaction} - {exc_type.__name__}"
        end = time.time()
        timing = str(int((end - start) * 1000))
    
        lockfile = f'{selenium_results_file}.lock'
    
        with filelock.SoftFileLock(lockfile):
            with open(selenium_results_file, "a+") as jtl_file:
                timestamp = round(time.time() * 1000)
                if explicit_timing:
                    jtl_file.write(f"{timestamp},{explicit_timing*1000},{interaction},,{error_msg},"
                                   f",{success},0,0,0,0,,0\n")
                else:
                    jtl_file.write(f"{timestamp},{timing},{interaction},,{error_msg}"
                                   f",,{success},0,0,0,0,{node_ip},0\n")
    
        print(f"{timestamp},{timing},{interaction},{error_msg},{success},{node_ip}")
    
        if not success:
            if LOGIN_ACTION_NAME in interaction:
                globals.login_failed = True
>           raise Exception(error_msg, full_exception)
E           Exception: ('Failed measure: view_test_cases_by_status_action - TimeoutException', TimeoutException())

selenium_ui/conftest.py:171: Exception
06-14-2023, 09:46:28, 1686735988121, Action: test_1_selenium_zscale_view_test_cases_by_project_macro_in_page, Error: confluence_webdriver = <selenium.webdriver.chrome.webdriver.WebDriver (session="6bf31e0c1b3bdb91a6c7f182fe7ec803")>
confluence_datasets = {'blog_id': '36571909', 'blogs': [['37623915', 'MBSC', '1'], ['37624433', 'IAC', '1'], ['37624169', 'HRBH', '1'], ['37...6', 'IFE', '1'], ...], 'create_comment_page': ['36718107', 'ACFWA', 'small_text_7'], 'custom_page_id': '43548673', ...}
confluence_screen_shots = None

    def test_1_selenium_zscale_view_test_cases_by_project_macro_in_page(confluence_webdriver, confluence_datasets, confluence_screen_shots):
>       extension_ui.zscale_view_test_cases_by_project_macro_in_page(confluence_webdriver, confluence_datasets)

selenium_ui/confluence_ui.py:54: 
_ _ _ _ _ _ _ _ _ _ _ _ _ _ _ _ _ _ _ _ _ _ _ _ _ _ _ _ _ _ _ _ _ _ _ _ _ _ _ _ 
extension/confluence/extension_ui.py:104: in zscale_view_test_cases_by_project_macro_in_page
    measure()
_ _ _ _ _ _ _ _ _ _ _ _ _ _ _ _ _ _ _ _ _ _ _ _ _ _ _ _ _ _ _ _ _ _ _ _ _ _ _ _ 

args = (), kwargs = {}, node_ip = '', start = 1686735967.6681366
error_msg = 'Failed measure: view_test_cases_by_project_action - TimeoutException'
full_exception = TimeoutException(), success = False
exc_type = <class 'selenium.common.exceptions.TimeoutException'>
end = 1686735988.1094918, timing = '20441'
lockfile = '/dc-app-performance-toolkit/app/results/confluence/2023-06-14_09-17-37/selenium.jtl.lock'

    @functools.wraps(func)
    def wrapper(*args, **kwargs):
        if LOGIN_ACTION_NAME in interaction:
            globals.login_failed = False
        if globals.login_failed:
            pytest.skip("login is failed")
        node_ip = ""
        start = time.time()
        error_msg = 'Success'
        full_exception = ''
        if args:
            driver = [arg for arg in args if isinstance(arg, Chrome)]
            node_ip = "" if not driver else getattr(driver[0], "node_ip", "")
        try:
            func(*args, **kwargs)
            success = True
        except Exception:
            success = False
            # https://docs.python.org/2/library/sys.html#sys.exc_info
            exc_type, full_exception = sys.exc_info()[:2]
            error_msg = f"Failed measure: {interaction} - {exc_type.__name__}"
        end = time.time()
        timing = str(int((end - start) * 1000))
    
        lockfile = f'{selenium_results_file}.lock'
    
        with filelock.SoftFileLock(lockfile):
            with open(selenium_results_file, "a+") as jtl_file:
                timestamp = round(time.time() * 1000)
                if explicit_timing:
                    jtl_file.write(f"{timestamp},{explicit_timing*1000},{interaction},,{error_msg},"
                                   f",{success},0,0,0,0,,0\n")
                else:
                    jtl_file.write(f"{timestamp},{timing},{interaction},,{error_msg}"
                                   f",,{success},0,0,0,0,{node_ip},0\n")
    
        print(f"{timestamp},{timing},{interaction},{error_msg},{success},{node_ip}")
    
        if not success:
            if LOGIN_ACTION_NAME in interaction:
                globals.login_failed = True
>           raise Exception(error_msg, full_exception)
E           Exception: ('Failed measure: view_test_cases_by_project_action - TimeoutException', TimeoutException())

selenium_ui/conftest.py:171: Exception
06-14-2023, 09:46:49, 1686736009738, Action: test_1_selenium_zscale_view_test_cases_by_folder_macro_in_page, Error: confluence_webdriver = <selenium.webdriver.chrome.webdriver.WebDriver (session="6bf31e0c1b3bdb91a6c7f182fe7ec803")>
confluence_datasets = {'blog_id': '36571909', 'blogs': [['37623915', 'MBSC', '1'], ['37624433', 'IAC', '1'], ['37624169', 'HRBH', '1'], ['37...6', 'IFE', '1'], ...], 'create_comment_page': ['36718107', 'ACFWA', 'small_text_7'], 'custom_page_id': '43548673', ...}
confluence_screen_shots = None

    def test_1_selenium_zscale_view_test_cases_by_folder_macro_in_page(confluence_webdriver, confluence_datasets, confluence_screen_shots):
>       extension_ui.zscale_view_test_cases_by_folder_macro_in_page(confluence_webdriver, confluence_datasets)

selenium_ui/confluence_ui.py:57: 
_ _ _ _ _ _ _ _ _ _ _ _ _ _ _ _ _ _ _ _ _ _ _ _ _ _ _ _ _ _ _ _ _ _ _ _ _ _ _ _ 
extension/confluence/extension_ui.py:133: in zscale_view_test_cases_by_folder_macro_in_page
    measure()
_ _ _ _ _ _ _ _ _ _ _ _ _ _ _ _ _ _ _ _ _ _ _ _ _ _ _ _ _ _ _ _ _ _ _ _ _ _ _ _ 

args = (), kwargs = {}, node_ip = '', start = 1686735989.2949924
error_msg = 'Failed measure: view_test_cases_by_folder_action - TimeoutException'
full_exception = TimeoutException(), success = False
exc_type = <class 'selenium.common.exceptions.TimeoutException'>
end = 1686736009.7269952, timing = '20432'
lockfile = '/dc-app-performance-toolkit/app/results/confluence/2023-06-14_09-17-37/selenium.jtl.lock'

    @functools.wraps(func)
    def wrapper(*args, **kwargs):
        if LOGIN_ACTION_NAME in interaction:
            globals.login_failed = False
        if globals.login_failed:
            pytest.skip("login is failed")
        node_ip = ""
        start = time.time()
        error_msg = 'Success'
        full_exception = ''
        if args:
            driver = [arg for arg in args if isinstance(arg, Chrome)]
            node_ip = "" if not driver else getattr(driver[0], "node_ip", "")
        try:
            func(*args, **kwargs)
            success = True
        except Exception:
            success = False
            # https://docs.python.org/2/library/sys.html#sys.exc_info
            exc_type, full_exception = sys.exc_info()[:2]
            error_msg = f"Failed measure: {interaction} - {exc_type.__name__}"
        end = time.time()
        timing = str(int((end - start) * 1000))
    
        lockfile = f'{selenium_results_file}.lock'
    
        with filelock.SoftFileLock(lockfile):
            with open(selenium_results_file, "a+") as jtl_file:
                timestamp = round(time.time() * 1000)
                if explicit_timing:
                    jtl_file.write(f"{timestamp},{explicit_timing*1000},{interaction},,{error_msg},"
                                   f",{success},0,0,0,0,,0\n")
                else:
                    jtl_file.write(f"{timestamp},{timing},{interaction},,{error_msg}"
                                   f",,{success},0,0,0,0,{node_ip},0\n")
    
        print(f"{timestamp},{timing},{interaction},{error_msg},{success},{node_ip}")
    
        if not success:
            if LOGIN_ACTION_NAME in interaction:
                globals.login_failed = True
>           raise Exception(error_msg, full_exception)
E           Exception: ('Failed measure: view_test_cases_by_folder_action - TimeoutException', TimeoutException())

selenium_ui/conftest.py:171: Exception
06-14-2023, 09:47:26, 1686736046605, Action: test_1_selenium_zscale_view_test_cases_by_status_macro_in_page, Error: confluence_webdriver = <selenium.webdriver.chrome.webdriver.WebDriver (session="6bf31e0c1b3bdb91a6c7f182fe7ec803")>
confluence_datasets = {'blog_id': '36326491', 'blogs': [['37623915', 'MBSC', '1'], ['37624433', 'IAC', '1'], ['37624169', 'HRBH', '1'], ['37... 'IFE', '1'], ...], 'create_comment_page': ['36701211', 'OIW', 'big_attachments_1'], 'custom_page_id': '43548673', ...}
confluence_screen_shots = None

    def test_1_selenium_zscale_view_test_cases_by_status_macro_in_page(confluence_webdriver, confluence_datasets, confluence_screen_shots):
>       extension_ui.zscale_view_test_cases_by_status_macro_in_page(confluence_webdriver, confluence_datasets)

selenium_ui/confluence_ui.py:51: 
_ _ _ _ _ _ _ _ _ _ _ _ _ _ _ _ _ _ _ _ _ _ _ _ _ _ _ _ _ _ _ _ _ _ _ _ _ _ _ _ 
extension/confluence/extension_ui.py:75: in zscale_view_test_cases_by_status_macro_in_page
    measure()
_ _ _ _ _ _ _ _ _ _ _ _ _ _ _ _ _ _ _ _ _ _ _ _ _ _ _ _ _ _ _ _ _ _ _ _ _ _ _ _ 

args = (), kwargs = {}, node_ip = '', start = 1686736025.9452448
error_msg = 'Failed measure: view_test_cases_by_status_action - TimeoutException'
full_exception = TimeoutException(), success = False
exc_type = <class 'selenium.common.exceptions.TimeoutException'>
end = 1686736046.5930467, timing = '20647'
lockfile = '/dc-app-performance-toolkit/app/results/confluence/2023-06-14_09-17-37/selenium.jtl.lock'

    @functools.wraps(func)
    def wrapper(*args, **kwargs):
        if LOGIN_ACTION_NAME in interaction:
            globals.login_failed = False
        if globals.login_failed:
            pytest.skip("login is failed")
        node_ip = ""
        start = time.time()
        error_msg = 'Success'
        full_exception = ''
        if args:
            driver = [arg for arg in args if isinstance(arg, Chrome)]
            node_ip = "" if not driver else getattr(driver[0], "node_ip", "")
        try:
            func(*args, **kwargs)
            success = True
        except Exception:
            success = False
            # https://docs.python.org/2/library/sys.html#sys.exc_info
            exc_type, full_exception = sys.exc_info()[:2]
            error_msg = f"Failed measure: {interaction} - {exc_type.__name__}"
        end = time.time()
        timing = str(int((end - start) * 1000))
    
        lockfile = f'{selenium_results_file}.lock'
    
        with filelock.SoftFileLock(lockfile):
            with open(selenium_results_file, "a+") as jtl_file:
                timestamp = round(time.time() * 1000)
                if explicit_timing:
                    jtl_file.write(f"{timestamp},{explicit_timing*1000},{interaction},,{error_msg},"
                                   f",{success},0,0,0,0,,0\n")
                else:
                    jtl_file.write(f"{timestamp},{timing},{interaction},,{error_msg}"
                                   f",,{success},0,0,0,0,{node_ip},0\n")
    
        print(f"{timestamp},{timing},{interaction},{error_msg},{success},{node_ip}")
    
        if not success:
            if LOGIN_ACTION_NAME in interaction:
                globals.login_failed = True
>           raise Exception(error_msg, full_exception)
E           Exception: ('Failed measure: view_test_cases_by_status_action - TimeoutException', TimeoutException())

selenium_ui/conftest.py:171: Exception
06-14-2023, 09:47:48, 1686736068576, Action: test_1_selenium_zscale_view_test_cases_by_project_macro_in_page, Error: confluence_webdriver = <selenium.webdriver.chrome.webdriver.WebDriver (session="6bf31e0c1b3bdb91a6c7f182fe7ec803")>
confluence_datasets = {'blog_id': '36326491', 'blogs': [['37623915', 'MBSC', '1'], ['37624433', 'IAC', '1'], ['37624169', 'HRBH', '1'], ['37... 'IFE', '1'], ...], 'create_comment_page': ['36701211', 'OIW', 'big_attachments_1'], 'custom_page_id': '43548673', ...}
confluence_screen_shots = None

    def test_1_selenium_zscale_view_test_cases_by_project_macro_in_page(confluence_webdriver, confluence_datasets, confluence_screen_shots):
>       extension_ui.zscale_view_test_cases_by_project_macro_in_page(confluence_webdriver, confluence_datasets)

selenium_ui/confluence_ui.py:54: 
_ _ _ _ _ _ _ _ _ _ _ _ _ _ _ _ _ _ _ _ _ _ _ _ _ _ _ _ _ _ _ _ _ _ _ _ _ _ _ _ 
extension/confluence/extension_ui.py:104: in zscale_view_test_cases_by_project_macro_in_page
    measure()
_ _ _ _ _ _ _ _ _ _ _ _ _ _ _ _ _ _ _ _ _ _ _ _ _ _ _ _ _ _ _ _ _ _ _ _ _ _ _ _ 

args = (), kwargs = {}, node_ip = '', start = 1686736047.9349964
error_msg = 'Failed measure: view_test_cases_by_project_action - TimeoutException'
full_exception = TimeoutException(), success = False
exc_type = <class 'selenium.common.exceptions.TimeoutException'>
end = 1686736068.5458055, timing = '20610'
lockfile = '/dc-app-performance-toolkit/app/results/confluence/2023-06-14_09-17-37/selenium.jtl.lock'

    @functools.wraps(func)
    def wrapper(*args, **kwargs):
        if LOGIN_ACTION_NAME in interaction:
            globals.login_failed = False
        if globals.login_failed:
            pytest.skip("login is failed")
        node_ip = ""
        start = time.time()
        error_msg = 'Success'
        full_exception = ''
        if args:
            driver = [arg for arg in args if isinstance(arg, Chrome)]
            node_ip = "" if not driver else getattr(driver[0], "node_ip", "")
        try:
            func(*args, **kwargs)
            success = True
        except Exception:
            success = False
            # https://docs.python.org/2/library/sys.html#sys.exc_info
            exc_type, full_exception = sys.exc_info()[:2]
            error_msg = f"Failed measure: {interaction} - {exc_type.__name__}"
        end = time.time()
        timing = str(int((end - start) * 1000))
    
        lockfile = f'{selenium_results_file}.lock'
    
        with filelock.SoftFileLock(lockfile):
            with open(selenium_results_file, "a+") as jtl_file:
                timestamp = round(time.time() * 1000)
                if explicit_timing:
                    jtl_file.write(f"{timestamp},{explicit_timing*1000},{interaction},,{error_msg},"
                                   f",{success},0,0,0,0,,0\n")
                else:
                    jtl_file.write(f"{timestamp},{timing},{interaction},,{error_msg}"
                                   f",,{success},0,0,0,0,{node_ip},0\n")
    
        print(f"{timestamp},{timing},{interaction},{error_msg},{success},{node_ip}")
    
        if not success:
            if LOGIN_ACTION_NAME in interaction:
                globals.login_failed = True
>           raise Exception(error_msg, full_exception)
E           Exception: ('Failed measure: view_test_cases_by_project_action - TimeoutException', TimeoutException())

selenium_ui/conftest.py:171: Exception
06-14-2023, 09:48:10, 1686736090654, Action: test_1_selenium_zscale_view_test_cases_by_folder_macro_in_page, Error: confluence_webdriver = <selenium.webdriver.chrome.webdriver.WebDriver (session="6bf31e0c1b3bdb91a6c7f182fe7ec803")>
confluence_datasets = {'blog_id': '36326491', 'blogs': [['37623915', 'MBSC', '1'], ['37624433', 'IAC', '1'], ['37624169', 'HRBH', '1'], ['37... 'IFE', '1'], ...], 'create_comment_page': ['36701211', 'OIW', 'big_attachments_1'], 'custom_page_id': '43548673', ...}
confluence_screen_shots = None

    def test_1_selenium_zscale_view_test_cases_by_folder_macro_in_page(confluence_webdriver, confluence_datasets, confluence_screen_shots):
>       extension_ui.zscale_view_test_cases_by_folder_macro_in_page(confluence_webdriver, confluence_datasets)

selenium_ui/confluence_ui.py:57: 
_ _ _ _ _ _ _ _ _ _ _ _ _ _ _ _ _ _ _ _ _ _ _ _ _ _ _ _ _ _ _ _ _ _ _ _ _ _ _ _ 
extension/confluence/extension_ui.py:133: in zscale_view_test_cases_by_folder_macro_in_page
    measure()
_ _ _ _ _ _ _ _ _ _ _ _ _ _ _ _ _ _ _ _ _ _ _ _ _ _ _ _ _ _ _ _ _ _ _ _ _ _ _ _ 

args = (), kwargs = {}, node_ip = '', start = 1686736069.9833405
error_msg = 'Failed measure: view_test_cases_by_folder_action - TimeoutException'
full_exception = TimeoutException(), success = False
exc_type = <class 'selenium.common.exceptions.TimeoutException'>
end = 1686736090.6429765, timing = '20659'
lockfile = '/dc-app-performance-toolkit/app/results/confluence/2023-06-14_09-17-37/selenium.jtl.lock'

    @functools.wraps(func)
    def wrapper(*args, **kwargs):
        if LOGIN_ACTION_NAME in interaction:
            globals.login_failed = False
        if globals.login_failed:
            pytest.skip("login is failed")
        node_ip = ""
        start = time.time()
        error_msg = 'Success'
        full_exception = ''
        if args:
            driver = [arg for arg in args if isinstance(arg, Chrome)]
            node_ip = "" if not driver else getattr(driver[0], "node_ip", "")
        try:
            func(*args, **kwargs)
            success = True
        except Exception:
            success = False
            # https://docs.python.org/2/library/sys.html#sys.exc_info
            exc_type, full_exception = sys.exc_info()[:2]
            error_msg = f"Failed measure: {interaction} - {exc_type.__name__}"
        end = time.time()
        timing = str(int((end - start) * 1000))
    
        lockfile = f'{selenium_results_file}.lock'
    
        with filelock.SoftFileLock(lockfile):
            with open(selenium_results_file, "a+") as jtl_file:
                timestamp = round(time.time() * 1000)
                if explicit_timing:
                    jtl_file.write(f"{timestamp},{explicit_timing*1000},{interaction},,{error_msg},"
                                   f",{success},0,0,0,0,,0\n")
                else:
                    jtl_file.write(f"{timestamp},{timing},{interaction},,{error_msg}"
                                   f",,{success},0,0,0,0,{node_ip},0\n")
    
        print(f"{timestamp},{timing},{interaction},{error_msg},{success},{node_ip}")
    
        if not success:
            if LOGIN_ACTION_NAME in interaction:
                globals.login_failed = True
>           raise Exception(error_msg, full_exception)
E           Exception: ('Failed measure: view_test_cases_by_folder_action - TimeoutException', TimeoutException())

selenium_ui/conftest.py:171: Exception
06-14-2023, 09:48:47, 1686736127633, Action: test_1_selenium_zscale_view_test_cases_by_status_macro_in_page, Error: confluence_webdriver = <selenium.webdriver.chrome.webdriver.WebDriver (session="6bf31e0c1b3bdb91a6c7f182fe7ec803")>
confluence_datasets = {'blog_id': '36327293', 'blogs': [['37623915', 'MBSC', '1'], ['37624433', 'IAC', '1'], ['37624169', 'HRBH', '1'], ['37...'IFE', '1'], ...], 'create_comment_page': ['33439008', 'CQDE', 'big_attachments_1'], 'custom_page_id': '43548673', ...}
confluence_screen_shots = None

    def test_1_selenium_zscale_view_test_cases_by_status_macro_in_page(confluence_webdriver, confluence_datasets, confluence_screen_shots):
>       extension_ui.zscale_view_test_cases_by_status_macro_in_page(confluence_webdriver, confluence_datasets)

selenium_ui/confluence_ui.py:51: 
_ _ _ _ _ _ _ _ _ _ _ _ _ _ _ _ _ _ _ _ _ _ _ _ _ _ _ _ _ _ _ _ _ _ _ _ _ _ _ _ 
extension/confluence/extension_ui.py:75: in zscale_view_test_cases_by_status_macro_in_page
    measure()
_ _ _ _ _ _ _ _ _ _ _ _ _ _ _ _ _ _ _ _ _ _ _ _ _ _ _ _ _ _ _ _ _ _ _ _ _ _ _ _ 

args = (), kwargs = {}, node_ip = '', start = 1686736107.4091809
error_msg = 'Failed measure: view_test_cases_by_status_action - TimeoutException'
full_exception = TimeoutException(), success = False
exc_type = <class 'selenium.common.exceptions.TimeoutException'>
end = 1686736127.6216867, timing = '20212'
lockfile = '/dc-app-performance-toolkit/app/results/confluence/2023-06-14_09-17-37/selenium.jtl.lock'

    @functools.wraps(func)
    def wrapper(*args, **kwargs):
        if LOGIN_ACTION_NAME in interaction:
            globals.login_failed = False
        if globals.login_failed:
            pytest.skip("login is failed")
        node_ip = ""
        start = time.time()
        error_msg = 'Success'
        full_exception = ''
        if args:
            driver = [arg for arg in args if isinstance(arg, Chrome)]
            node_ip = "" if not driver else getattr(driver[0], "node_ip", "")
        try:
            func(*args, **kwargs)
            success = True
        except Exception:
            success = False
            # https://docs.python.org/2/library/sys.html#sys.exc_info
            exc_type, full_exception = sys.exc_info()[:2]
            error_msg = f"Failed measure: {interaction} - {exc_type.__name__}"
        end = time.time()
        timing = str(int((end - start) * 1000))
    
        lockfile = f'{selenium_results_file}.lock'
    
        with filelock.SoftFileLock(lockfile):
            with open(selenium_results_file, "a+") as jtl_file:
                timestamp = round(time.time() * 1000)
                if explicit_timing:
                    jtl_file.write(f"{timestamp},{explicit_timing*1000},{interaction},,{error_msg},"
                                   f",{success},0,0,0,0,,0\n")
                else:
                    jtl_file.write(f"{timestamp},{timing},{interaction},,{error_msg}"
                                   f",,{success},0,0,0,0,{node_ip},0\n")
    
        print(f"{timestamp},{timing},{interaction},{error_msg},{success},{node_ip}")
    
        if not success:
            if LOGIN_ACTION_NAME in interaction:
                globals.login_failed = True
>           raise Exception(error_msg, full_exception)
E           Exception: ('Failed measure: view_test_cases_by_status_action - TimeoutException', TimeoutException())

selenium_ui/conftest.py:171: Exception
06-14-2023, 09:49:09, 1686736149276, Action: test_1_selenium_zscale_view_test_cases_by_project_macro_in_page, Error: confluence_webdriver = <selenium.webdriver.chrome.webdriver.WebDriver (session="6bf31e0c1b3bdb91a6c7f182fe7ec803")>
confluence_datasets = {'blog_id': '36327293', 'blogs': [['37623915', 'MBSC', '1'], ['37624433', 'IAC', '1'], ['37624169', 'HRBH', '1'], ['37...'IFE', '1'], ...], 'create_comment_page': ['33439008', 'CQDE', 'big_attachments_1'], 'custom_page_id': '43548673', ...}
confluence_screen_shots = None

    def test_1_selenium_zscale_view_test_cases_by_project_macro_in_page(confluence_webdriver, confluence_datasets, confluence_screen_shots):
>       extension_ui.zscale_view_test_cases_by_project_macro_in_page(confluence_webdriver, confluence_datasets)

selenium_ui/confluence_ui.py:54: 
_ _ _ _ _ _ _ _ _ _ _ _ _ _ _ _ _ _ _ _ _ _ _ _ _ _ _ _ _ _ _ _ _ _ _ _ _ _ _ _ 
extension/confluence/extension_ui.py:104: in zscale_view_test_cases_by_project_macro_in_page
    measure()
_ _ _ _ _ _ _ _ _ _ _ _ _ _ _ _ _ _ _ _ _ _ _ _ _ _ _ _ _ _ _ _ _ _ _ _ _ _ _ _ 

args = (), kwargs = {}, node_ip = '', start = 1686736129.0654905
error_msg = 'Failed measure: view_test_cases_by_project_action - TimeoutException'
full_exception = TimeoutException(), success = False
exc_type = <class 'selenium.common.exceptions.TimeoutException'>
end = 1686736149.2644048, timing = '20198'
lockfile = '/dc-app-performance-toolkit/app/results/confluence/2023-06-14_09-17-37/selenium.jtl.lock'

    @functools.wraps(func)
    def wrapper(*args, **kwargs):
        if LOGIN_ACTION_NAME in interaction:
            globals.login_failed = False
        if globals.login_failed:
            pytest.skip("login is failed")
        node_ip = ""
        start = time.time()
        error_msg = 'Success'
        full_exception = ''
        if args:
            driver = [arg for arg in args if isinstance(arg, Chrome)]
            node_ip = "" if not driver else getattr(driver[0], "node_ip", "")
        try:
            func(*args, **kwargs)
            success = True
        except Exception:
            success = False
            # https://docs.python.org/2/library/sys.html#sys.exc_info
            exc_type, full_exception = sys.exc_info()[:2]
            error_msg = f"Failed measure: {interaction} - {exc_type.__name__}"
        end = time.time()
        timing = str(int((end - start) * 1000))
    
        lockfile = f'{selenium_results_file}.lock'
    
        with filelock.SoftFileLock(lockfile):
            with open(selenium_results_file, "a+") as jtl_file:
                timestamp = round(time.time() * 1000)
                if explicit_timing:
                    jtl_file.write(f"{timestamp},{explicit_timing*1000},{interaction},,{error_msg},"
                                   f",{success},0,0,0,0,,0\n")
                else:
                    jtl_file.write(f"{timestamp},{timing},{interaction},,{error_msg}"
                                   f",,{success},0,0,0,0,{node_ip},0\n")
    
        print(f"{timestamp},{timing},{interaction},{error_msg},{success},{node_ip}")
    
        if not success:
            if LOGIN_ACTION_NAME in interaction:
                globals.login_failed = True
>           raise Exception(error_msg, full_exception)
E           Exception: ('Failed measure: view_test_cases_by_project_action - TimeoutException', TimeoutException())

selenium_ui/conftest.py:171: Exception
06-14-2023, 09:49:30, 1686736170881, Action: test_1_selenium_zscale_view_test_cases_by_folder_macro_in_page, Error: confluence_webdriver = <selenium.webdriver.chrome.webdriver.WebDriver (session="6bf31e0c1b3bdb91a6c7f182fe7ec803")>
confluence_datasets = {'blog_id': '36327293', 'blogs': [['37623915', 'MBSC', '1'], ['37624433', 'IAC', '1'], ['37624169', 'HRBH', '1'], ['37...'IFE', '1'], ...], 'create_comment_page': ['33439008', 'CQDE', 'big_attachments_1'], 'custom_page_id': '43548673', ...}
confluence_screen_shots = None

    def test_1_selenium_zscale_view_test_cases_by_folder_macro_in_page(confluence_webdriver, confluence_datasets, confluence_screen_shots):
>       extension_ui.zscale_view_test_cases_by_folder_macro_in_page(confluence_webdriver, confluence_datasets)

selenium_ui/confluence_ui.py:57: 
_ _ _ _ _ _ _ _ _ _ _ _ _ _ _ _ _ _ _ _ _ _ _ _ _ _ _ _ _ _ _ _ _ _ _ _ _ _ _ _ 
extension/confluence/extension_ui.py:133: in zscale_view_test_cases_by_folder_macro_in_page
    measure()
_ _ _ _ _ _ _ _ _ _ _ _ _ _ _ _ _ _ _ _ _ _ _ _ _ _ _ _ _ _ _ _ _ _ _ _ _ _ _ _ 

args = (), kwargs = {}, node_ip = '', start = 1686736150.6249788
error_msg = 'Failed measure: view_test_cases_by_folder_action - TimeoutException'
full_exception = TimeoutException(), success = False
exc_type = <class 'selenium.common.exceptions.TimeoutException'>
end = 1686736170.869358, timing = '20244'
lockfile = '/dc-app-performance-toolkit/app/results/confluence/2023-06-14_09-17-37/selenium.jtl.lock'

    @functools.wraps(func)
    def wrapper(*args, **kwargs):
        if LOGIN_ACTION_NAME in interaction:
            globals.login_failed = False
        if globals.login_failed:
            pytest.skip("login is failed")
        node_ip = ""
        start = time.time()
        error_msg = 'Success'
        full_exception = ''
        if args:
            driver = [arg for arg in args if isinstance(arg, Chrome)]
            node_ip = "" if not driver else getattr(driver[0], "node_ip", "")
        try:
            func(*args, **kwargs)
            success = True
        except Exception:
            success = False
            # https://docs.python.org/2/library/sys.html#sys.exc_info
            exc_type, full_exception = sys.exc_info()[:2]
            error_msg = f"Failed measure: {interaction} - {exc_type.__name__}"
        end = time.time()
        timing = str(int((end - start) * 1000))
    
        lockfile = f'{selenium_results_file}.lock'
    
        with filelock.SoftFileLock(lockfile):
            with open(selenium_results_file, "a+") as jtl_file:
                timestamp = round(time.time() * 1000)
                if explicit_timing:
                    jtl_file.write(f"{timestamp},{explicit_timing*1000},{interaction},,{error_msg},"
                                   f",{success},0,0,0,0,,0\n")
                else:
                    jtl_file.write(f"{timestamp},{timing},{interaction},,{error_msg}"
                                   f",,{success},0,0,0,0,{node_ip},0\n")
    
        print(f"{timestamp},{timing},{interaction},{error_msg},{success},{node_ip}")
    
        if not success:
            if LOGIN_ACTION_NAME in interaction:
                globals.login_failed = True
>           raise Exception(error_msg, full_exception)
E           Exception: ('Failed measure: view_test_cases_by_folder_action - TimeoutException', TimeoutException())

selenium_ui/conftest.py:171: Exception
06-14-2023, 09:50:08, 1686736208446, Action: test_1_selenium_zscale_view_test_cases_by_status_macro_in_page, Error: confluence_webdriver = <selenium.webdriver.chrome.webdriver.WebDriver (session="6bf31e0c1b3bdb91a6c7f182fe7ec803")>
confluence_datasets = {'blog_id': '36330416', 'blogs': [['37623915', 'MBSC', '1'], ['37624433', 'IAC', '1'], ['37624169', 'HRBH', '1'], ['37...IFE', '1'], ...], 'create_comment_page': ['23215802', 'PCDD', 'text_formatting_21'], 'custom_page_id': '43548673', ...}
confluence_screen_shots = None

    def test_1_selenium_zscale_view_test_cases_by_status_macro_in_page(confluence_webdriver, confluence_datasets, confluence_screen_shots):
>       extension_ui.zscale_view_test_cases_by_status_macro_in_page(confluence_webdriver, confluence_datasets)

selenium_ui/confluence_ui.py:51: 
_ _ _ _ _ _ _ _ _ _ _ _ _ _ _ _ _ _ _ _ _ _ _ _ _ _ _ _ _ _ _ _ _ _ _ _ _ _ _ _ 
extension/confluence/extension_ui.py:75: in zscale_view_test_cases_by_status_macro_in_page
    measure()
_ _ _ _ _ _ _ _ _ _ _ _ _ _ _ _ _ _ _ _ _ _ _ _ _ _ _ _ _ _ _ _ _ _ _ _ _ _ _ _ 

args = (), kwargs = {}, node_ip = '', start = 1686736187.964729
error_msg = 'Failed measure: view_test_cases_by_status_action - TimeoutException'
full_exception = TimeoutException(), success = False
exc_type = <class 'selenium.common.exceptions.TimeoutException'>
end = 1686736208.4339442, timing = '20469'
lockfile = '/dc-app-performance-toolkit/app/results/confluence/2023-06-14_09-17-37/selenium.jtl.lock'

    @functools.wraps(func)
    def wrapper(*args, **kwargs):
        if LOGIN_ACTION_NAME in interaction:
            globals.login_failed = False
        if globals.login_failed:
            pytest.skip("login is failed")
        node_ip = ""
        start = time.time()
        error_msg = 'Success'
        full_exception = ''
        if args:
            driver = [arg for arg in args if isinstance(arg, Chrome)]
            node_ip = "" if not driver else getattr(driver[0], "node_ip", "")
        try:
            func(*args, **kwargs)
            success = True
        except Exception:
            success = False
            # https://docs.python.org/2/library/sys.html#sys.exc_info
            exc_type, full_exception = sys.exc_info()[:2]
            error_msg = f"Failed measure: {interaction} - {exc_type.__name__}"
        end = time.time()
        timing = str(int((end - start) * 1000))
    
        lockfile = f'{selenium_results_file}.lock'
    
        with filelock.SoftFileLock(lockfile):
            with open(selenium_results_file, "a+") as jtl_file:
                timestamp = round(time.time() * 1000)
                if explicit_timing:
                    jtl_file.write(f"{timestamp},{explicit_timing*1000},{interaction},,{error_msg},"
                                   f",{success},0,0,0,0,,0\n")
                else:
                    jtl_file.write(f"{timestamp},{timing},{interaction},,{error_msg}"
                                   f",,{success},0,0,0,0,{node_ip},0\n")
    
        print(f"{timestamp},{timing},{interaction},{error_msg},{success},{node_ip}")
    
        if not success:
            if LOGIN_ACTION_NAME in interaction:
                globals.login_failed = True
>           raise Exception(error_msg, full_exception)
E           Exception: ('Failed measure: view_test_cases_by_status_action - TimeoutException', TimeoutException())

selenium_ui/conftest.py:171: Exception
06-14-2023, 09:50:30, 1686736230260, Action: test_1_selenium_zscale_view_test_cases_by_project_macro_in_page, Error: confluence_webdriver = <selenium.webdriver.chrome.webdriver.WebDriver (session="6bf31e0c1b3bdb91a6c7f182fe7ec803")>
confluence_datasets = {'blog_id': '36330416', 'blogs': [['37623915', 'MBSC', '1'], ['37624433', 'IAC', '1'], ['37624169', 'HRBH', '1'], ['37...IFE', '1'], ...], 'create_comment_page': ['23215802', 'PCDD', 'text_formatting_21'], 'custom_page_id': '43548673', ...}
confluence_screen_shots = None

    def test_1_selenium_zscale_view_test_cases_by_project_macro_in_page(confluence_webdriver, confluence_datasets, confluence_screen_shots):
>       extension_ui.zscale_view_test_cases_by_project_macro_in_page(confluence_webdriver, confluence_datasets)

selenium_ui/confluence_ui.py:54: 
_ _ _ _ _ _ _ _ _ _ _ _ _ _ _ _ _ _ _ _ _ _ _ _ _ _ _ _ _ _ _ _ _ _ _ _ _ _ _ _ 
extension/confluence/extension_ui.py:104: in zscale_view_test_cases_by_project_macro_in_page
    measure()
_ _ _ _ _ _ _ _ _ _ _ _ _ _ _ _ _ _ _ _ _ _ _ _ _ _ _ _ _ _ _ _ _ _ _ _ _ _ _ _ 

args = (), kwargs = {}, node_ip = '', start = 1686736209.8331664
error_msg = 'Failed measure: view_test_cases_by_project_action - TimeoutException'
full_exception = TimeoutException(), success = False
exc_type = <class 'selenium.common.exceptions.TimeoutException'>
end = 1686736230.2483263, timing = '20415'
lockfile = '/dc-app-performance-toolkit/app/results/confluence/2023-06-14_09-17-37/selenium.jtl.lock'

    @functools.wraps(func)
    def wrapper(*args, **kwargs):
        if LOGIN_ACTION_NAME in interaction:
            globals.login_failed = False
        if globals.login_failed:
            pytest.skip("login is failed")
        node_ip = ""
        start = time.time()
        error_msg = 'Success'
        full_exception = ''
        if args:
            driver = [arg for arg in args if isinstance(arg, Chrome)]
            node_ip = "" if not driver else getattr(driver[0], "node_ip", "")
        try:
            func(*args, **kwargs)
            success = True
        except Exception:
            success = False
            # https://docs.python.org/2/library/sys.html#sys.exc_info
            exc_type, full_exception = sys.exc_info()[:2]
            error_msg = f"Failed measure: {interaction} - {exc_type.__name__}"
        end = time.time()
        timing = str(int((end - start) * 1000))
    
        lockfile = f'{selenium_results_file}.lock'
    
        with filelock.SoftFileLock(lockfile):
            with open(selenium_results_file, "a+") as jtl_file:
                timestamp = round(time.time() * 1000)
                if explicit_timing:
                    jtl_file.write(f"{timestamp},{explicit_timing*1000},{interaction},,{error_msg},"
                                   f",{success},0,0,0,0,,0\n")
                else:
                    jtl_file.write(f"{timestamp},{timing},{interaction},,{error_msg}"
                                   f",,{success},0,0,0,0,{node_ip},0\n")
    
        print(f"{timestamp},{timing},{interaction},{error_msg},{success},{node_ip}")
    
        if not success:
            if LOGIN_ACTION_NAME in interaction:
                globals.login_failed = True
>           raise Exception(error_msg, full_exception)
E           Exception: ('Failed measure: view_test_cases_by_project_action - TimeoutException', TimeoutException())

selenium_ui/conftest.py:171: Exception
06-14-2023, 09:50:52, 1686736252197, Action: test_1_selenium_zscale_view_test_cases_by_folder_macro_in_page, Error: confluence_webdriver = <selenium.webdriver.chrome.webdriver.WebDriver (session="6bf31e0c1b3bdb91a6c7f182fe7ec803")>
confluence_datasets = {'blog_id': '36330416', 'blogs': [['37623915', 'MBSC', '1'], ['37624433', 'IAC', '1'], ['37624169', 'HRBH', '1'], ['37...IFE', '1'], ...], 'create_comment_page': ['23215802', 'PCDD', 'text_formatting_21'], 'custom_page_id': '43548673', ...}
confluence_screen_shots = None

    def test_1_selenium_zscale_view_test_cases_by_folder_macro_in_page(confluence_webdriver, confluence_datasets, confluence_screen_shots):
>       extension_ui.zscale_view_test_cases_by_folder_macro_in_page(confluence_webdriver, confluence_datasets)

selenium_ui/confluence_ui.py:57: 
_ _ _ _ _ _ _ _ _ _ _ _ _ _ _ _ _ _ _ _ _ _ _ _ _ _ _ _ _ _ _ _ _ _ _ _ _ _ _ _ 
extension/confluence/extension_ui.py:133: in zscale_view_test_cases_by_folder_macro_in_page
    measure()
_ _ _ _ _ _ _ _ _ _ _ _ _ _ _ _ _ _ _ _ _ _ _ _ _ _ _ _ _ _ _ _ _ _ _ _ _ _ _ _ 

args = (), kwargs = {}, node_ip = '', start = 1686736231.7681034
error_msg = 'Failed measure: view_test_cases_by_folder_action - TimeoutException'
full_exception = TimeoutException(), success = False
exc_type = <class 'selenium.common.exceptions.TimeoutException'>
end = 1686736252.1859612, timing = '20417'
lockfile = '/dc-app-performance-toolkit/app/results/confluence/2023-06-14_09-17-37/selenium.jtl.lock'

    @functools.wraps(func)
    def wrapper(*args, **kwargs):
        if LOGIN_ACTION_NAME in interaction:
            globals.login_failed = False
        if globals.login_failed:
            pytest.skip("login is failed")
        node_ip = ""
        start = time.time()
        error_msg = 'Success'
        full_exception = ''
        if args:
            driver = [arg for arg in args if isinstance(arg, Chrome)]
            node_ip = "" if not driver else getattr(driver[0], "node_ip", "")
        try:
            func(*args, **kwargs)
            success = True
        except Exception:
            success = False
            # https://docs.python.org/2/library/sys.html#sys.exc_info
            exc_type, full_exception = sys.exc_info()[:2]
            error_msg = f"Failed measure: {interaction} - {exc_type.__name__}"
        end = time.time()
        timing = str(int((end - start) * 1000))
    
        lockfile = f'{selenium_results_file}.lock'
    
        with filelock.SoftFileLock(lockfile):
            with open(selenium_results_file, "a+") as jtl_file:
                timestamp = round(time.time() * 1000)
                if explicit_timing:
                    jtl_file.write(f"{timestamp},{explicit_timing*1000},{interaction},,{error_msg},"
                                   f",{success},0,0,0,0,,0\n")
                else:
                    jtl_file.write(f"{timestamp},{timing},{interaction},,{error_msg}"
                                   f",,{success},0,0,0,0,{node_ip},0\n")
    
        print(f"{timestamp},{timing},{interaction},{error_msg},{success},{node_ip}")
    
        if not success:
            if LOGIN_ACTION_NAME in interaction:
                globals.login_failed = True
>           raise Exception(error_msg, full_exception)
E           Exception: ('Failed measure: view_test_cases_by_folder_action - TimeoutException', TimeoutException())

selenium_ui/conftest.py:171: Exception
06-14-2023, 09:51:29, 1686736289246, Action: test_1_selenium_zscale_view_test_cases_by_status_macro_in_page, Error: confluence_webdriver = <selenium.webdriver.chrome.webdriver.WebDriver (session="6bf31e0c1b3bdb91a6c7f182fe7ec803")>
confluence_datasets = {'blog_id': '36327815', 'blogs': [['37623915', 'MBSC', '1'], ['37624433', 'IAC', '1'], ['37624169', 'HRBH', '1'], ['37...96', 'IFE', '1'], ...], 'create_comment_page': ['23207422', 'AEOO', 'small_text_7'], 'custom_page_id': '43548673', ...}
confluence_screen_shots = None

    def test_1_selenium_zscale_view_test_cases_by_status_macro_in_page(confluence_webdriver, confluence_datasets, confluence_screen_shots):
>       extension_ui.zscale_view_test_cases_by_status_macro_in_page(confluence_webdriver, confluence_datasets)

selenium_ui/confluence_ui.py:51: 
_ _ _ _ _ _ _ _ _ _ _ _ _ _ _ _ _ _ _ _ _ _ _ _ _ _ _ _ _ _ _ _ _ _ _ _ _ _ _ _ 
extension/confluence/extension_ui.py:75: in zscale_view_test_cases_by_status_macro_in_page
    measure()
_ _ _ _ _ _ _ _ _ _ _ _ _ _ _ _ _ _ _ _ _ _ _ _ _ _ _ _ _ _ _ _ _ _ _ _ _ _ _ _ 

args = (), kwargs = {}, node_ip = '', start = 1686736268.6239595
error_msg = 'Failed measure: view_test_cases_by_status_action - TimeoutException'
full_exception = TimeoutException(), success = False
exc_type = <class 'selenium.common.exceptions.TimeoutException'>
end = 1686736289.23454, timing = '20610'
lockfile = '/dc-app-performance-toolkit/app/results/confluence/2023-06-14_09-17-37/selenium.jtl.lock'

    @functools.wraps(func)
    def wrapper(*args, **kwargs):
        if LOGIN_ACTION_NAME in interaction:
            globals.login_failed = False
        if globals.login_failed:
            pytest.skip("login is failed")
        node_ip = ""
        start = time.time()
        error_msg = 'Success'
        full_exception = ''
        if args:
            driver = [arg for arg in args if isinstance(arg, Chrome)]
            node_ip = "" if not driver else getattr(driver[0], "node_ip", "")
        try:
            func(*args, **kwargs)
            success = True
        except Exception:
            success = False
            # https://docs.python.org/2/library/sys.html#sys.exc_info
            exc_type, full_exception = sys.exc_info()[:2]
            error_msg = f"Failed measure: {interaction} - {exc_type.__name__}"
        end = time.time()
        timing = str(int((end - start) * 1000))
    
        lockfile = f'{selenium_results_file}.lock'
    
        with filelock.SoftFileLock(lockfile):
            with open(selenium_results_file, "a+") as jtl_file:
                timestamp = round(time.time() * 1000)
                if explicit_timing:
                    jtl_file.write(f"{timestamp},{explicit_timing*1000},{interaction},,{error_msg},"
                                   f",{success},0,0,0,0,,0\n")
                else:
                    jtl_file.write(f"{timestamp},{timing},{interaction},,{error_msg}"
                                   f",,{success},0,0,0,0,{node_ip},0\n")
    
        print(f"{timestamp},{timing},{interaction},{error_msg},{success},{node_ip}")
    
        if not success:
            if LOGIN_ACTION_NAME in interaction:
                globals.login_failed = True
>           raise Exception(error_msg, full_exception)
E           Exception: ('Failed measure: view_test_cases_by_status_action - TimeoutException', TimeoutException())

selenium_ui/conftest.py:171: Exception
06-14-2023, 09:51:50, 1686736310832, Action: test_1_selenium_zscale_view_test_cases_by_project_macro_in_page, Error: confluence_webdriver = <selenium.webdriver.chrome.webdriver.WebDriver (session="6bf31e0c1b3bdb91a6c7f182fe7ec803")>
confluence_datasets = {'blog_id': '36327815', 'blogs': [['37623915', 'MBSC', '1'], ['37624433', 'IAC', '1'], ['37624169', 'HRBH', '1'], ['37...96', 'IFE', '1'], ...], 'create_comment_page': ['23207422', 'AEOO', 'small_text_7'], 'custom_page_id': '43548673', ...}
confluence_screen_shots = None

    def test_1_selenium_zscale_view_test_cases_by_project_macro_in_page(confluence_webdriver, confluence_datasets, confluence_screen_shots):
>       extension_ui.zscale_view_test_cases_by_project_macro_in_page(confluence_webdriver, confluence_datasets)

selenium_ui/confluence_ui.py:54: 
_ _ _ _ _ _ _ _ _ _ _ _ _ _ _ _ _ _ _ _ _ _ _ _ _ _ _ _ _ _ _ _ _ _ _ _ _ _ _ _ 
extension/confluence/extension_ui.py:104: in zscale_view_test_cases_by_project_macro_in_page
    measure()
_ _ _ _ _ _ _ _ _ _ _ _ _ _ _ _ _ _ _ _ _ _ _ _ _ _ _ _ _ _ _ _ _ _ _ _ _ _ _ _ 

args = (), kwargs = {}, node_ip = '', start = 1686736290.6607804
error_msg = 'Failed measure: view_test_cases_by_project_action - TimeoutException'
full_exception = TimeoutException(), success = False
exc_type = <class 'selenium.common.exceptions.TimeoutException'>
end = 1686736310.8205998, timing = '20159'
lockfile = '/dc-app-performance-toolkit/app/results/confluence/2023-06-14_09-17-37/selenium.jtl.lock'

    @functools.wraps(func)
    def wrapper(*args, **kwargs):
        if LOGIN_ACTION_NAME in interaction:
            globals.login_failed = False
        if globals.login_failed:
            pytest.skip("login is failed")
        node_ip = ""
        start = time.time()
        error_msg = 'Success'
        full_exception = ''
        if args:
            driver = [arg for arg in args if isinstance(arg, Chrome)]
            node_ip = "" if not driver else getattr(driver[0], "node_ip", "")
        try:
            func(*args, **kwargs)
            success = True
        except Exception:
            success = False
            # https://docs.python.org/2/library/sys.html#sys.exc_info
            exc_type, full_exception = sys.exc_info()[:2]
            error_msg = f"Failed measure: {interaction} - {exc_type.__name__}"
        end = time.time()
        timing = str(int((end - start) * 1000))
    
        lockfile = f'{selenium_results_file}.lock'
    
        with filelock.SoftFileLock(lockfile):
            with open(selenium_results_file, "a+") as jtl_file:
                timestamp = round(time.time() * 1000)
                if explicit_timing:
                    jtl_file.write(f"{timestamp},{explicit_timing*1000},{interaction},,{error_msg},"
                                   f",{success},0,0,0,0,,0\n")
                else:
                    jtl_file.write(f"{timestamp},{timing},{interaction},,{error_msg}"
                                   f",,{success},0,0,0,0,{node_ip},0\n")
    
        print(f"{timestamp},{timing},{interaction},{error_msg},{success},{node_ip}")
    
        if not success:
            if LOGIN_ACTION_NAME in interaction:
                globals.login_failed = True
>           raise Exception(error_msg, full_exception)
E           Exception: ('Failed measure: view_test_cases_by_project_action - TimeoutException', TimeoutException())

selenium_ui/conftest.py:171: Exception
06-14-2023, 09:52:12, 1686736332825, Action: test_1_selenium_zscale_view_test_cases_by_folder_macro_in_page, Error: confluence_webdriver = <selenium.webdriver.chrome.webdriver.WebDriver (session="6bf31e0c1b3bdb91a6c7f182fe7ec803")>
confluence_datasets = {'blog_id': '36327815', 'blogs': [['37623915', 'MBSC', '1'], ['37624433', 'IAC', '1'], ['37624169', 'HRBH', '1'], ['37...96', 'IFE', '1'], ...], 'create_comment_page': ['23207422', 'AEOO', 'small_text_7'], 'custom_page_id': '43548673', ...}
confluence_screen_shots = None

    def test_1_selenium_zscale_view_test_cases_by_folder_macro_in_page(confluence_webdriver, confluence_datasets, confluence_screen_shots):
>       extension_ui.zscale_view_test_cases_by_folder_macro_in_page(confluence_webdriver, confluence_datasets)

selenium_ui/confluence_ui.py:57: 
_ _ _ _ _ _ _ _ _ _ _ _ _ _ _ _ _ _ _ _ _ _ _ _ _ _ _ _ _ _ _ _ _ _ _ _ _ _ _ _ 
extension/confluence/extension_ui.py:133: in zscale_view_test_cases_by_folder_macro_in_page
    measure()
_ _ _ _ _ _ _ _ _ _ _ _ _ _ _ _ _ _ _ _ _ _ _ _ _ _ _ _ _ _ _ _ _ _ _ _ _ _ _ _ 

args = (), kwargs = {}, node_ip = '', start = 1686736312.221
error_msg = 'Failed measure: view_test_cases_by_folder_action - TimeoutException'
full_exception = TimeoutException(), success = False
exc_type = <class 'selenium.common.exceptions.TimeoutException'>
end = 1686736332.8130705, timing = '20592'
lockfile = '/dc-app-performance-toolkit/app/results/confluence/2023-06-14_09-17-37/selenium.jtl.lock'

    @functools.wraps(func)
    def wrapper(*args, **kwargs):
        if LOGIN_ACTION_NAME in interaction:
            globals.login_failed = False
        if globals.login_failed:
            pytest.skip("login is failed")
        node_ip = ""
        start = time.time()
        error_msg = 'Success'
        full_exception = ''
        if args:
            driver = [arg for arg in args if isinstance(arg, Chrome)]
            node_ip = "" if not driver else getattr(driver[0], "node_ip", "")
        try:
            func(*args, **kwargs)
            success = True
        except Exception:
            success = False
            # https://docs.python.org/2/library/sys.html#sys.exc_info
            exc_type, full_exception = sys.exc_info()[:2]
            error_msg = f"Failed measure: {interaction} - {exc_type.__name__}"
        end = time.time()
        timing = str(int((end - start) * 1000))
    
        lockfile = f'{selenium_results_file}.lock'
    
        with filelock.SoftFileLock(lockfile):
            with open(selenium_results_file, "a+") as jtl_file:
                timestamp = round(time.time() * 1000)
                if explicit_timing:
                    jtl_file.write(f"{timestamp},{explicit_timing*1000},{interaction},,{error_msg},"
                                   f",{success},0,0,0,0,,0\n")
                else:
                    jtl_file.write(f"{timestamp},{timing},{interaction},,{error_msg}"
                                   f",,{success},0,0,0,0,{node_ip},0\n")
    
        print(f"{timestamp},{timing},{interaction},{error_msg},{success},{node_ip}")
    
        if not success:
            if LOGIN_ACTION_NAME in interaction:
                globals.login_failed = True
>           raise Exception(error_msg, full_exception)
E           Exception: ('Failed measure: view_test_cases_by_folder_action - TimeoutException', TimeoutException())

selenium_ui/conftest.py:171: Exception
06-14-2023, 09:52:50, 1686736370093, Action: test_1_selenium_zscale_view_test_cases_by_status_macro_in_page, Error: confluence_webdriver = <selenium.webdriver.chrome.webdriver.WebDriver (session="6bf31e0c1b3bdb91a6c7f182fe7ec803")>
confluence_datasets = {'blog_id': '37123004', 'blogs': [['37623915', 'MBSC', '1'], ['37624433', 'IAC', '1'], ['37624169', 'HRBH', '1'], ['37...IFE', '1'], ...], 'create_comment_page': ['36880204', 'BSRW', 'text_formatting_21'], 'custom_page_id': '43548673', ...}
confluence_screen_shots = None

    def test_1_selenium_zscale_view_test_cases_by_status_macro_in_page(confluence_webdriver, confluence_datasets, confluence_screen_shots):
>       extension_ui.zscale_view_test_cases_by_status_macro_in_page(confluence_webdriver, confluence_datasets)

selenium_ui/confluence_ui.py:51: 
_ _ _ _ _ _ _ _ _ _ _ _ _ _ _ _ _ _ _ _ _ _ _ _ _ _ _ _ _ _ _ _ _ _ _ _ _ _ _ _ 
extension/confluence/extension_ui.py:75: in zscale_view_test_cases_by_status_macro_in_page
    measure()
_ _ _ _ _ _ _ _ _ _ _ _ _ _ _ _ _ _ _ _ _ _ _ _ _ _ _ _ _ _ _ _ _ _ _ _ _ _ _ _ 

args = (), kwargs = {}, node_ip = '', start = 1686736349.8891442
error_msg = 'Failed measure: view_test_cases_by_status_action - TimeoutException'
full_exception = TimeoutException(), success = False
exc_type = <class 'selenium.common.exceptions.TimeoutException'>
end = 1686736370.0616975, timing = '20172'
lockfile = '/dc-app-performance-toolkit/app/results/confluence/2023-06-14_09-17-37/selenium.jtl.lock'

    @functools.wraps(func)
    def wrapper(*args, **kwargs):
        if LOGIN_ACTION_NAME in interaction:
            globals.login_failed = False
        if globals.login_failed:
            pytest.skip("login is failed")
        node_ip = ""
        start = time.time()
        error_msg = 'Success'
        full_exception = ''
        if args:
            driver = [arg for arg in args if isinstance(arg, Chrome)]
            node_ip = "" if not driver else getattr(driver[0], "node_ip", "")
        try:
            func(*args, **kwargs)
            success = True
        except Exception:
            success = False
            # https://docs.python.org/2/library/sys.html#sys.exc_info
            exc_type, full_exception = sys.exc_info()[:2]
            error_msg = f"Failed measure: {interaction} - {exc_type.__name__}"
        end = time.time()
        timing = str(int((end - start) * 1000))
    
        lockfile = f'{selenium_results_file}.lock'
    
        with filelock.SoftFileLock(lockfile):
            with open(selenium_results_file, "a+") as jtl_file:
                timestamp = round(time.time() * 1000)
                if explicit_timing:
                    jtl_file.write(f"{timestamp},{explicit_timing*1000},{interaction},,{error_msg},"
                                   f",{success},0,0,0,0,,0\n")
                else:
                    jtl_file.write(f"{timestamp},{timing},{interaction},,{error_msg}"
                                   f",,{success},0,0,0,0,{node_ip},0\n")
    
        print(f"{timestamp},{timing},{interaction},{error_msg},{success},{node_ip}")
    
        if not success:
            if LOGIN_ACTION_NAME in interaction:
                globals.login_failed = True
>           raise Exception(error_msg, full_exception)
E           Exception: ('Failed measure: view_test_cases_by_status_action - TimeoutException', TimeoutException())

selenium_ui/conftest.py:171: Exception
06-14-2023, 09:53:11, 1686736391692, Action: test_1_selenium_zscale_view_test_cases_by_project_macro_in_page, Error: confluence_webdriver = <selenium.webdriver.chrome.webdriver.WebDriver (session="6bf31e0c1b3bdb91a6c7f182fe7ec803")>
confluence_datasets = {'blog_id': '37123004', 'blogs': [['37623915', 'MBSC', '1'], ['37624433', 'IAC', '1'], ['37624169', 'HRBH', '1'], ['37...IFE', '1'], ...], 'create_comment_page': ['36880204', 'BSRW', 'text_formatting_21'], 'custom_page_id': '43548673', ...}
confluence_screen_shots = None

    def test_1_selenium_zscale_view_test_cases_by_project_macro_in_page(confluence_webdriver, confluence_datasets, confluence_screen_shots):
>       extension_ui.zscale_view_test_cases_by_project_macro_in_page(confluence_webdriver, confluence_datasets)

selenium_ui/confluence_ui.py:54: 
_ _ _ _ _ _ _ _ _ _ _ _ _ _ _ _ _ _ _ _ _ _ _ _ _ _ _ _ _ _ _ _ _ _ _ _ _ _ _ _ 
extension/confluence/extension_ui.py:104: in zscale_view_test_cases_by_project_macro_in_page
    measure()
_ _ _ _ _ _ _ _ _ _ _ _ _ _ _ _ _ _ _ _ _ _ _ _ _ _ _ _ _ _ _ _ _ _ _ _ _ _ _ _ 

args = (), kwargs = {}, node_ip = '', start = 1686736371.4613688
error_msg = 'Failed measure: view_test_cases_by_project_action - TimeoutException'
full_exception = TimeoutException(), success = False
exc_type = <class 'selenium.common.exceptions.TimeoutException'>
end = 1686736391.6813111, timing = '20219'
lockfile = '/dc-app-performance-toolkit/app/results/confluence/2023-06-14_09-17-37/selenium.jtl.lock'

    @functools.wraps(func)
    def wrapper(*args, **kwargs):
        if LOGIN_ACTION_NAME in interaction:
            globals.login_failed = False
        if globals.login_failed:
            pytest.skip("login is failed")
        node_ip = ""
        start = time.time()
        error_msg = 'Success'
        full_exception = ''
        if args:
            driver = [arg for arg in args if isinstance(arg, Chrome)]
            node_ip = "" if not driver else getattr(driver[0], "node_ip", "")
        try:
            func(*args, **kwargs)
            success = True
        except Exception:
            success = False
            # https://docs.python.org/2/library/sys.html#sys.exc_info
            exc_type, full_exception = sys.exc_info()[:2]
            error_msg = f"Failed measure: {interaction} - {exc_type.__name__}"
        end = time.time()
        timing = str(int((end - start) * 1000))
    
        lockfile = f'{selenium_results_file}.lock'
    
        with filelock.SoftFileLock(lockfile):
            with open(selenium_results_file, "a+") as jtl_file:
                timestamp = round(time.time() * 1000)
                if explicit_timing:
                    jtl_file.write(f"{timestamp},{explicit_timing*1000},{interaction},,{error_msg},"
                                   f",{success},0,0,0,0,,0\n")
                else:
                    jtl_file.write(f"{timestamp},{timing},{interaction},,{error_msg}"
                                   f",,{success},0,0,0,0,{node_ip},0\n")
    
        print(f"{timestamp},{timing},{interaction},{error_msg},{success},{node_ip}")
    
        if not success:
            if LOGIN_ACTION_NAME in interaction:
                globals.login_failed = True
>           raise Exception(error_msg, full_exception)
E           Exception: ('Failed measure: view_test_cases_by_project_action - TimeoutException', TimeoutException())

selenium_ui/conftest.py:171: Exception
06-14-2023, 09:53:33, 1686736413306, Action: test_1_selenium_zscale_view_test_cases_by_folder_macro_in_page, Error: confluence_webdriver = <selenium.webdriver.chrome.webdriver.WebDriver (session="6bf31e0c1b3bdb91a6c7f182fe7ec803")>
confluence_datasets = {'blog_id': '37123004', 'blogs': [['37623915', 'MBSC', '1'], ['37624433', 'IAC', '1'], ['37624169', 'HRBH', '1'], ['37...IFE', '1'], ...], 'create_comment_page': ['36880204', 'BSRW', 'text_formatting_21'], 'custom_page_id': '43548673', ...}
confluence_screen_shots = None

    def test_1_selenium_zscale_view_test_cases_by_folder_macro_in_page(confluence_webdriver, confluence_datasets, confluence_screen_shots):
>       extension_ui.zscale_view_test_cases_by_folder_macro_in_page(confluence_webdriver, confluence_datasets)

selenium_ui/confluence_ui.py:57: 
_ _ _ _ _ _ _ _ _ _ _ _ _ _ _ _ _ _ _ _ _ _ _ _ _ _ _ _ _ _ _ _ _ _ _ _ _ _ _ _ 
extension/confluence/extension_ui.py:133: in zscale_view_test_cases_by_folder_macro_in_page
    measure()
_ _ _ _ _ _ _ _ _ _ _ _ _ _ _ _ _ _ _ _ _ _ _ _ _ _ _ _ _ _ _ _ _ _ _ _ _ _ _ _ 

args = (), kwargs = {}, node_ip = '', start = 1686736393.079399
error_msg = 'Failed measure: view_test_cases_by_folder_action - TimeoutException'
full_exception = TimeoutException(), success = False
exc_type = <class 'selenium.common.exceptions.TimeoutException'>
end = 1686736413.2948363, timing = '20215'
lockfile = '/dc-app-performance-toolkit/app/results/confluence/2023-06-14_09-17-37/selenium.jtl.lock'

    @functools.wraps(func)
    def wrapper(*args, **kwargs):
        if LOGIN_ACTION_NAME in interaction:
            globals.login_failed = False
        if globals.login_failed:
            pytest.skip("login is failed")
        node_ip = ""
        start = time.time()
        error_msg = 'Success'
        full_exception = ''
        if args:
            driver = [arg for arg in args if isinstance(arg, Chrome)]
            node_ip = "" if not driver else getattr(driver[0], "node_ip", "")
        try:
            func(*args, **kwargs)
            success = True
        except Exception:
            success = False
            # https://docs.python.org/2/library/sys.html#sys.exc_info
            exc_type, full_exception = sys.exc_info()[:2]
            error_msg = f"Failed measure: {interaction} - {exc_type.__name__}"
        end = time.time()
        timing = str(int((end - start) * 1000))
    
        lockfile = f'{selenium_results_file}.lock'
    
        with filelock.SoftFileLock(lockfile):
            with open(selenium_results_file, "a+") as jtl_file:
                timestamp = round(time.time() * 1000)
                if explicit_timing:
                    jtl_file.write(f"{timestamp},{explicit_timing*1000},{interaction},,{error_msg},"
                                   f",{success},0,0,0,0,,0\n")
                else:
                    jtl_file.write(f"{timestamp},{timing},{interaction},,{error_msg}"
                                   f",,{success},0,0,0,0,{node_ip},0\n")
    
        print(f"{timestamp},{timing},{interaction},{error_msg},{success},{node_ip}")
    
        if not success:
            if LOGIN_ACTION_NAME in interaction:
                globals.login_failed = True
>           raise Exception(error_msg, full_exception)
E           Exception: ('Failed measure: view_test_cases_by_folder_action - TimeoutException', TimeoutException())

selenium_ui/conftest.py:171: Exception
06-14-2023, 09:54:10, 1686736450215, Action: test_1_selenium_zscale_view_test_cases_by_status_macro_in_page, Error: confluence_webdriver = <selenium.webdriver.chrome.webdriver.WebDriver (session="6bf31e0c1b3bdb91a6c7f182fe7ec803")>
confluence_datasets = {'blog_id': '37517945', 'blogs': [['37623915', 'MBSC', '1'], ['37624433', 'IAC', '1'], ['37624169', 'HRBH', '1'], ['37...96', 'IFE', '1'], ...], 'create_comment_page': ['34088695', 'HFCC', 'small_text_7'], 'custom_page_id': '43548673', ...}
confluence_screen_shots = None

    def test_1_selenium_zscale_view_test_cases_by_status_macro_in_page(confluence_webdriver, confluence_datasets, confluence_screen_shots):
>       extension_ui.zscale_view_test_cases_by_status_macro_in_page(confluence_webdriver, confluence_datasets)

selenium_ui/confluence_ui.py:51: 
_ _ _ _ _ _ _ _ _ _ _ _ _ _ _ _ _ _ _ _ _ _ _ _ _ _ _ _ _ _ _ _ _ _ _ _ _ _ _ _ 
extension/confluence/extension_ui.py:75: in zscale_view_test_cases_by_status_macro_in_page
    measure()
_ _ _ _ _ _ _ _ _ _ _ _ _ _ _ _ _ _ _ _ _ _ _ _ _ _ _ _ _ _ _ _ _ _ _ _ _ _ _ _ 

args = (), kwargs = {}, node_ip = '', start = 1686736429.8277225
error_msg = 'Failed measure: view_test_cases_by_status_action - TimeoutException'
full_exception = TimeoutException(), success = False
exc_type = <class 'selenium.common.exceptions.TimeoutException'>
end = 1686736450.2034595, timing = '20375'
lockfile = '/dc-app-performance-toolkit/app/results/confluence/2023-06-14_09-17-37/selenium.jtl.lock'

    @functools.wraps(func)
    def wrapper(*args, **kwargs):
        if LOGIN_ACTION_NAME in interaction:
            globals.login_failed = False
        if globals.login_failed:
            pytest.skip("login is failed")
        node_ip = ""
        start = time.time()
        error_msg = 'Success'
        full_exception = ''
        if args:
            driver = [arg for arg in args if isinstance(arg, Chrome)]
            node_ip = "" if not driver else getattr(driver[0], "node_ip", "")
        try:
            func(*args, **kwargs)
            success = True
        except Exception:
            success = False
            # https://docs.python.org/2/library/sys.html#sys.exc_info
            exc_type, full_exception = sys.exc_info()[:2]
            error_msg = f"Failed measure: {interaction} - {exc_type.__name__}"
        end = time.time()
        timing = str(int((end - start) * 1000))
    
        lockfile = f'{selenium_results_file}.lock'
    
        with filelock.SoftFileLock(lockfile):
            with open(selenium_results_file, "a+") as jtl_file:
                timestamp = round(time.time() * 1000)
                if explicit_timing:
                    jtl_file.write(f"{timestamp},{explicit_timing*1000},{interaction},,{error_msg},"
                                   f",{success},0,0,0,0,,0\n")
                else:
                    jtl_file.write(f"{timestamp},{timing},{interaction},,{error_msg}"
                                   f",,{success},0,0,0,0,{node_ip},0\n")
    
        print(f"{timestamp},{timing},{interaction},{error_msg},{success},{node_ip}")
    
        if not success:
            if LOGIN_ACTION_NAME in interaction:
                globals.login_failed = True
>           raise Exception(error_msg, full_exception)
E           Exception: ('Failed measure: view_test_cases_by_status_action - TimeoutException', TimeoutException())

selenium_ui/conftest.py:171: Exception
06-14-2023, 09:54:32, 1686736472018, Action: test_1_selenium_zscale_view_test_cases_by_project_macro_in_page, Error: confluence_webdriver = <selenium.webdriver.chrome.webdriver.WebDriver (session="6bf31e0c1b3bdb91a6c7f182fe7ec803")>
confluence_datasets = {'blog_id': '37517945', 'blogs': [['37623915', 'MBSC', '1'], ['37624433', 'IAC', '1'], ['37624169', 'HRBH', '1'], ['37...96', 'IFE', '1'], ...], 'create_comment_page': ['34088695', 'HFCC', 'small_text_7'], 'custom_page_id': '43548673', ...}
confluence_screen_shots = None

    def test_1_selenium_zscale_view_test_cases_by_project_macro_in_page(confluence_webdriver, confluence_datasets, confluence_screen_shots):
>       extension_ui.zscale_view_test_cases_by_project_macro_in_page(confluence_webdriver, confluence_datasets)

selenium_ui/confluence_ui.py:54: 
_ _ _ _ _ _ _ _ _ _ _ _ _ _ _ _ _ _ _ _ _ _ _ _ _ _ _ _ _ _ _ _ _ _ _ _ _ _ _ _ 
extension/confluence/extension_ui.py:104: in zscale_view_test_cases_by_project_macro_in_page
    measure()
_ _ _ _ _ _ _ _ _ _ _ _ _ _ _ _ _ _ _ _ _ _ _ _ _ _ _ _ _ _ _ _ _ _ _ _ _ _ _ _ 

args = (), kwargs = {}, node_ip = '', start = 1686736451.6432168
error_msg = 'Failed measure: view_test_cases_by_project_action - TimeoutException'
full_exception = TimeoutException(), success = False
exc_type = <class 'selenium.common.exceptions.TimeoutException'>
end = 1686736472.0067744, timing = '20363'
lockfile = '/dc-app-performance-toolkit/app/results/confluence/2023-06-14_09-17-37/selenium.jtl.lock'

    @functools.wraps(func)
    def wrapper(*args, **kwargs):
        if LOGIN_ACTION_NAME in interaction:
            globals.login_failed = False
        if globals.login_failed:
            pytest.skip("login is failed")
        node_ip = ""
        start = time.time()
        error_msg = 'Success'
        full_exception = ''
        if args:
            driver = [arg for arg in args if isinstance(arg, Chrome)]
            node_ip = "" if not driver else getattr(driver[0], "node_ip", "")
        try:
            func(*args, **kwargs)
            success = True
        except Exception:
            success = False
            # https://docs.python.org/2/library/sys.html#sys.exc_info
            exc_type, full_exception = sys.exc_info()[:2]
            error_msg = f"Failed measure: {interaction} - {exc_type.__name__}"
        end = time.time()
        timing = str(int((end - start) * 1000))
    
        lockfile = f'{selenium_results_file}.lock'
    
        with filelock.SoftFileLock(lockfile):
            with open(selenium_results_file, "a+") as jtl_file:
                timestamp = round(time.time() * 1000)
                if explicit_timing:
                    jtl_file.write(f"{timestamp},{explicit_timing*1000},{interaction},,{error_msg},"
                                   f",{success},0,0,0,0,,0\n")
                else:
                    jtl_file.write(f"{timestamp},{timing},{interaction},,{error_msg}"
                                   f",,{success},0,0,0,0,{node_ip},0\n")
    
        print(f"{timestamp},{timing},{interaction},{error_msg},{success},{node_ip}")
    
        if not success:
            if LOGIN_ACTION_NAME in interaction:
                globals.login_failed = True
>           raise Exception(error_msg, full_exception)
E           Exception: ('Failed measure: view_test_cases_by_project_action - TimeoutException', TimeoutException())

selenium_ui/conftest.py:171: Exception
06-14-2023, 09:54:53, 1686736493829, Action: test_1_selenium_zscale_view_test_cases_by_folder_macro_in_page, Error: confluence_webdriver = <selenium.webdriver.chrome.webdriver.WebDriver (session="6bf31e0c1b3bdb91a6c7f182fe7ec803")>
confluence_datasets = {'blog_id': '37517945', 'blogs': [['37623915', 'MBSC', '1'], ['37624433', 'IAC', '1'], ['37624169', 'HRBH', '1'], ['37...96', 'IFE', '1'], ...], 'create_comment_page': ['34088695', 'HFCC', 'small_text_7'], 'custom_page_id': '43548673', ...}
confluence_screen_shots = None

    def test_1_selenium_zscale_view_test_cases_by_folder_macro_in_page(confluence_webdriver, confluence_datasets, confluence_screen_shots):
>       extension_ui.zscale_view_test_cases_by_folder_macro_in_page(confluence_webdriver, confluence_datasets)

selenium_ui/confluence_ui.py:57: 
_ _ _ _ _ _ _ _ _ _ _ _ _ _ _ _ _ _ _ _ _ _ _ _ _ _ _ _ _ _ _ _ _ _ _ _ _ _ _ _ 
extension/confluence/extension_ui.py:133: in zscale_view_test_cases_by_folder_macro_in_page
    measure()
_ _ _ _ _ _ _ _ _ _ _ _ _ _ _ _ _ _ _ _ _ _ _ _ _ _ _ _ _ _ _ _ _ _ _ _ _ _ _ _ 

args = (), kwargs = {}, node_ip = '', start = 1686736473.4229205
error_msg = 'Failed measure: view_test_cases_by_folder_action - TimeoutException'
full_exception = TimeoutException(), success = False
exc_type = <class 'selenium.common.exceptions.TimeoutException'>
end = 1686736493.818086, timing = '20395'
lockfile = '/dc-app-performance-toolkit/app/results/confluence/2023-06-14_09-17-37/selenium.jtl.lock'

    @functools.wraps(func)
    def wrapper(*args, **kwargs):
        if LOGIN_ACTION_NAME in interaction:
            globals.login_failed = False
        if globals.login_failed:
            pytest.skip("login is failed")
        node_ip = ""
        start = time.time()
        error_msg = 'Success'
        full_exception = ''
        if args:
            driver = [arg for arg in args if isinstance(arg, Chrome)]
            node_ip = "" if not driver else getattr(driver[0], "node_ip", "")
        try:
            func(*args, **kwargs)
            success = True
        except Exception:
            success = False
            # https://docs.python.org/2/library/sys.html#sys.exc_info
            exc_type, full_exception = sys.exc_info()[:2]
            error_msg = f"Failed measure: {interaction} - {exc_type.__name__}"
        end = time.time()
        timing = str(int((end - start) * 1000))
    
        lockfile = f'{selenium_results_file}.lock'
    
        with filelock.SoftFileLock(lockfile):
            with open(selenium_results_file, "a+") as jtl_file:
                timestamp = round(time.time() * 1000)
                if explicit_timing:
                    jtl_file.write(f"{timestamp},{explicit_timing*1000},{interaction},,{error_msg},"
                                   f",{success},0,0,0,0,,0\n")
                else:
                    jtl_file.write(f"{timestamp},{timing},{interaction},,{error_msg}"
                                   f",,{success},0,0,0,0,{node_ip},0\n")
    
        print(f"{timestamp},{timing},{interaction},{error_msg},{success},{node_ip}")
    
        if not success:
            if LOGIN_ACTION_NAME in interaction:
                globals.login_failed = True
>           raise Exception(error_msg, full_exception)
E           Exception: ('Failed measure: view_test_cases_by_folder_action - TimeoutException', TimeoutException())

selenium_ui/conftest.py:171: Exception
06-14-2023, 09:55:31, 1686736531916, Action: test_1_selenium_zscale_view_test_cases_by_status_macro_in_page, Error: confluence_webdriver = <selenium.webdriver.chrome.webdriver.WebDriver (session="6bf31e0c1b3bdb91a6c7f182fe7ec803")>
confluence_datasets = {'blog_id': '37107336', 'blogs': [['37623915', 'MBSC', '1'], ['37624433', 'IAC', '1'], ['37624169', 'HRBH', '1'], ['37... 'IFE', '1'], ...], 'create_comment_page': ['36718867', 'CBB', 'big_attachments_1'], 'custom_page_id': '43548673', ...}
confluence_screen_shots = None

    def test_1_selenium_zscale_view_test_cases_by_status_macro_in_page(confluence_webdriver, confluence_datasets, confluence_screen_shots):
>       extension_ui.zscale_view_test_cases_by_status_macro_in_page(confluence_webdriver, confluence_datasets)

selenium_ui/confluence_ui.py:51: 
_ _ _ _ _ _ _ _ _ _ _ _ _ _ _ _ _ _ _ _ _ _ _ _ _ _ _ _ _ _ _ _ _ _ _ _ _ _ _ _ 
extension/confluence/extension_ui.py:75: in zscale_view_test_cases_by_status_macro_in_page
    measure()
_ _ _ _ _ _ _ _ _ _ _ _ _ _ _ _ _ _ _ _ _ _ _ _ _ _ _ _ _ _ _ _ _ _ _ _ _ _ _ _ 

args = (), kwargs = {}, node_ip = '', start = 1686736511.2870958
error_msg = 'Failed measure: view_test_cases_by_status_action - TimeoutException'
full_exception = TimeoutException(), success = False
exc_type = <class 'selenium.common.exceptions.TimeoutException'>
end = 1686736531.9039216, timing = '20616'
lockfile = '/dc-app-performance-toolkit/app/results/confluence/2023-06-14_09-17-37/selenium.jtl.lock'

    @functools.wraps(func)
    def wrapper(*args, **kwargs):
        if LOGIN_ACTION_NAME in interaction:
            globals.login_failed = False
        if globals.login_failed:
            pytest.skip("login is failed")
        node_ip = ""
        start = time.time()
        error_msg = 'Success'
        full_exception = ''
        if args:
            driver = [arg for arg in args if isinstance(arg, Chrome)]
            node_ip = "" if not driver else getattr(driver[0], "node_ip", "")
        try:
            func(*args, **kwargs)
            success = True
        except Exception:
            success = False
            # https://docs.python.org/2/library/sys.html#sys.exc_info
            exc_type, full_exception = sys.exc_info()[:2]
            error_msg = f"Failed measure: {interaction} - {exc_type.__name__}"
        end = time.time()
        timing = str(int((end - start) * 1000))
    
        lockfile = f'{selenium_results_file}.lock'
    
        with filelock.SoftFileLock(lockfile):
            with open(selenium_results_file, "a+") as jtl_file:
                timestamp = round(time.time() * 1000)
                if explicit_timing:
                    jtl_file.write(f"{timestamp},{explicit_timing*1000},{interaction},,{error_msg},"
                                   f",{success},0,0,0,0,,0\n")
                else:
                    jtl_file.write(f"{timestamp},{timing},{interaction},,{error_msg}"
                                   f",,{success},0,0,0,0,{node_ip},0\n")
    
        print(f"{timestamp},{timing},{interaction},{error_msg},{success},{node_ip}")
    
        if not success:
            if LOGIN_ACTION_NAME in interaction:
                globals.login_failed = True
>           raise Exception(error_msg, full_exception)
E           Exception: ('Failed measure: view_test_cases_by_status_action - TimeoutException', TimeoutException())

selenium_ui/conftest.py:171: Exception
06-14-2023, 09:55:53, 1686736553968, Action: test_1_selenium_zscale_view_test_cases_by_project_macro_in_page, Error: confluence_webdriver = <selenium.webdriver.chrome.webdriver.WebDriver (session="6bf31e0c1b3bdb91a6c7f182fe7ec803")>
confluence_datasets = {'blog_id': '37107336', 'blogs': [['37623915', 'MBSC', '1'], ['37624433', 'IAC', '1'], ['37624169', 'HRBH', '1'], ['37... 'IFE', '1'], ...], 'create_comment_page': ['36718867', 'CBB', 'big_attachments_1'], 'custom_page_id': '43548673', ...}
confluence_screen_shots = None

    def test_1_selenium_zscale_view_test_cases_by_project_macro_in_page(confluence_webdriver, confluence_datasets, confluence_screen_shots):
>       extension_ui.zscale_view_test_cases_by_project_macro_in_page(confluence_webdriver, confluence_datasets)

selenium_ui/confluence_ui.py:54: 
_ _ _ _ _ _ _ _ _ _ _ _ _ _ _ _ _ _ _ _ _ _ _ _ _ _ _ _ _ _ _ _ _ _ _ _ _ _ _ _ 
extension/confluence/extension_ui.py:104: in zscale_view_test_cases_by_project_macro_in_page
    measure()
_ _ _ _ _ _ _ _ _ _ _ _ _ _ _ _ _ _ _ _ _ _ _ _ _ _ _ _ _ _ _ _ _ _ _ _ _ _ _ _ 

args = (), kwargs = {}, node_ip = '', start = 1686736533.3070178
error_msg = 'Failed measure: view_test_cases_by_project_action - TimeoutException'
full_exception = TimeoutException(), success = False
exc_type = <class 'selenium.common.exceptions.TimeoutException'>
end = 1686736553.9562283, timing = '20649'
lockfile = '/dc-app-performance-toolkit/app/results/confluence/2023-06-14_09-17-37/selenium.jtl.lock'

    @functools.wraps(func)
    def wrapper(*args, **kwargs):
        if LOGIN_ACTION_NAME in interaction:
            globals.login_failed = False
        if globals.login_failed:
            pytest.skip("login is failed")
        node_ip = ""
        start = time.time()
        error_msg = 'Success'
        full_exception = ''
        if args:
            driver = [arg for arg in args if isinstance(arg, Chrome)]
            node_ip = "" if not driver else getattr(driver[0], "node_ip", "")
        try:
            func(*args, **kwargs)
            success = True
        except Exception:
            success = False
            # https://docs.python.org/2/library/sys.html#sys.exc_info
            exc_type, full_exception = sys.exc_info()[:2]
            error_msg = f"Failed measure: {interaction} - {exc_type.__name__}"
        end = time.time()
        timing = str(int((end - start) * 1000))
    
        lockfile = f'{selenium_results_file}.lock'
    
        with filelock.SoftFileLock(lockfile):
            with open(selenium_results_file, "a+") as jtl_file:
                timestamp = round(time.time() * 1000)
                if explicit_timing:
                    jtl_file.write(f"{timestamp},{explicit_timing*1000},{interaction},,{error_msg},"
                                   f",{success},0,0,0,0,,0\n")
                else:
                    jtl_file.write(f"{timestamp},{timing},{interaction},,{error_msg}"
                                   f",,{success},0,0,0,0,{node_ip},0\n")
    
        print(f"{timestamp},{timing},{interaction},{error_msg},{success},{node_ip}")
    
        if not success:
            if LOGIN_ACTION_NAME in interaction:
                globals.login_failed = True
>           raise Exception(error_msg, full_exception)
E           Exception: ('Failed measure: view_test_cases_by_project_action - TimeoutException', TimeoutException())

selenium_ui/conftest.py:171: Exception
06-14-2023, 09:56:16, 1686736576007, Action: test_1_selenium_zscale_view_test_cases_by_folder_macro_in_page, Error: confluence_webdriver = <selenium.webdriver.chrome.webdriver.WebDriver (session="6bf31e0c1b3bdb91a6c7f182fe7ec803")>
confluence_datasets = {'blog_id': '37107336', 'blogs': [['37623915', 'MBSC', '1'], ['37624433', 'IAC', '1'], ['37624169', 'HRBH', '1'], ['37... 'IFE', '1'], ...], 'create_comment_page': ['36718867', 'CBB', 'big_attachments_1'], 'custom_page_id': '43548673', ...}
confluence_screen_shots = None

    def test_1_selenium_zscale_view_test_cases_by_folder_macro_in_page(confluence_webdriver, confluence_datasets, confluence_screen_shots):
>       extension_ui.zscale_view_test_cases_by_folder_macro_in_page(confluence_webdriver, confluence_datasets)

selenium_ui/confluence_ui.py:57: 
_ _ _ _ _ _ _ _ _ _ _ _ _ _ _ _ _ _ _ _ _ _ _ _ _ _ _ _ _ _ _ _ _ _ _ _ _ _ _ _ 
extension/confluence/extension_ui.py:133: in zscale_view_test_cases_by_folder_macro_in_page
    measure()
_ _ _ _ _ _ _ _ _ _ _ _ _ _ _ _ _ _ _ _ _ _ _ _ _ _ _ _ _ _ _ _ _ _ _ _ _ _ _ _ 

args = (), kwargs = {}, node_ip = '', start = 1686736555.3713725
error_msg = 'Failed measure: view_test_cases_by_folder_action - TimeoutException'
full_exception = TimeoutException(), success = False
exc_type = <class 'selenium.common.exceptions.TimeoutException'>
end = 1686736575.9955075, timing = '20624'
lockfile = '/dc-app-performance-toolkit/app/results/confluence/2023-06-14_09-17-37/selenium.jtl.lock'

    @functools.wraps(func)
    def wrapper(*args, **kwargs):
        if LOGIN_ACTION_NAME in interaction:
            globals.login_failed = False
        if globals.login_failed:
            pytest.skip("login is failed")
        node_ip = ""
        start = time.time()
        error_msg = 'Success'
        full_exception = ''
        if args:
            driver = [arg for arg in args if isinstance(arg, Chrome)]
            node_ip = "" if not driver else getattr(driver[0], "node_ip", "")
        try:
            func(*args, **kwargs)
            success = True
        except Exception:
            success = False
            # https://docs.python.org/2/library/sys.html#sys.exc_info
            exc_type, full_exception = sys.exc_info()[:2]
            error_msg = f"Failed measure: {interaction} - {exc_type.__name__}"
        end = time.time()
        timing = str(int((end - start) * 1000))
    
        lockfile = f'{selenium_results_file}.lock'
    
        with filelock.SoftFileLock(lockfile):
            with open(selenium_results_file, "a+") as jtl_file:
                timestamp = round(time.time() * 1000)
                if explicit_timing:
                    jtl_file.write(f"{timestamp},{explicit_timing*1000},{interaction},,{error_msg},"
                                   f",{success},0,0,0,0,,0\n")
                else:
                    jtl_file.write(f"{timestamp},{timing},{interaction},,{error_msg}"
                                   f",,{success},0,0,0,0,{node_ip},0\n")
    
        print(f"{timestamp},{timing},{interaction},{error_msg},{success},{node_ip}")
    
        if not success:
            if LOGIN_ACTION_NAME in interaction:
                globals.login_failed = True
>           raise Exception(error_msg, full_exception)
E           Exception: ('Failed measure: view_test_cases_by_folder_action - TimeoutException', TimeoutException())

selenium_ui/conftest.py:171: Exception
06-14-2023, 09:56:54, 1686736614569, Action: test_1_selenium_zscale_view_test_cases_by_status_macro_in_page, Error: confluence_webdriver = <selenium.webdriver.chrome.webdriver.WebDriver (session="6bf31e0c1b3bdb91a6c7f182fe7ec803")>
confluence_datasets = {'blog_id': '37258037', 'blogs': [['37623915', 'MBSC', '1'], ['37624433', 'IAC', '1'], ['37624169', 'HRBH', '1'], ['37...FE', '1'], ...], 'create_comment_page': ['36869533', 'UORCB', 'text_formatting_21'], 'custom_page_id': '43548673', ...}
confluence_screen_shots = None

    def test_1_selenium_zscale_view_test_cases_by_status_macro_in_page(confluence_webdriver, confluence_datasets, confluence_screen_shots):
>       extension_ui.zscale_view_test_cases_by_status_macro_in_page(confluence_webdriver, confluence_datasets)

selenium_ui/confluence_ui.py:51: 
_ _ _ _ _ _ _ _ _ _ _ _ _ _ _ _ _ _ _ _ _ _ _ _ _ _ _ _ _ _ _ _ _ _ _ _ _ _ _ _ 
extension/confluence/extension_ui.py:75: in zscale_view_test_cases_by_status_macro_in_page
    measure()
_ _ _ _ _ _ _ _ _ _ _ _ _ _ _ _ _ _ _ _ _ _ _ _ _ _ _ _ _ _ _ _ _ _ _ _ _ _ _ _ 

args = (), kwargs = {}, node_ip = '', start = 1686736593.7393906
error_msg = 'Failed measure: view_test_cases_by_status_action - TimeoutException'
full_exception = TimeoutException(), success = False
exc_type = <class 'selenium.common.exceptions.TimeoutException'>
end = 1686736614.5574725, timing = '20818'
lockfile = '/dc-app-performance-toolkit/app/results/confluence/2023-06-14_09-17-37/selenium.jtl.lock'

    @functools.wraps(func)
    def wrapper(*args, **kwargs):
        if LOGIN_ACTION_NAME in interaction:
            globals.login_failed = False
        if globals.login_failed:
            pytest.skip("login is failed")
        node_ip = ""
        start = time.time()
        error_msg = 'Success'
        full_exception = ''
        if args:
            driver = [arg for arg in args if isinstance(arg, Chrome)]
            node_ip = "" if not driver else getattr(driver[0], "node_ip", "")
        try:
            func(*args, **kwargs)
            success = True
        except Exception:
            success = False
            # https://docs.python.org/2/library/sys.html#sys.exc_info
            exc_type, full_exception = sys.exc_info()[:2]
            error_msg = f"Failed measure: {interaction} - {exc_type.__name__}"
        end = time.time()
        timing = str(int((end - start) * 1000))
    
        lockfile = f'{selenium_results_file}.lock'
    
        with filelock.SoftFileLock(lockfile):
            with open(selenium_results_file, "a+") as jtl_file:
                timestamp = round(time.time() * 1000)
                if explicit_timing:
                    jtl_file.write(f"{timestamp},{explicit_timing*1000},{interaction},,{error_msg},"
                                   f",{success},0,0,0,0,,0\n")
                else:
                    jtl_file.write(f"{timestamp},{timing},{interaction},,{error_msg}"
                                   f",,{success},0,0,0,0,{node_ip},0\n")
    
        print(f"{timestamp},{timing},{interaction},{error_msg},{success},{node_ip}")
    
        if not success:
            if LOGIN_ACTION_NAME in interaction:
                globals.login_failed = True
>           raise Exception(error_msg, full_exception)
E           Exception: ('Failed measure: view_test_cases_by_status_action - TimeoutException', TimeoutException())

selenium_ui/conftest.py:171: Exception
06-14-2023, 09:57:16, 1686736636787, Action: test_1_selenium_zscale_view_test_cases_by_project_macro_in_page, Error: confluence_webdriver = <selenium.webdriver.chrome.webdriver.WebDriver (session="6bf31e0c1b3bdb91a6c7f182fe7ec803")>
confluence_datasets = {'blog_id': '37258037', 'blogs': [['37623915', 'MBSC', '1'], ['37624433', 'IAC', '1'], ['37624169', 'HRBH', '1'], ['37...FE', '1'], ...], 'create_comment_page': ['36869533', 'UORCB', 'text_formatting_21'], 'custom_page_id': '43548673', ...}
confluence_screen_shots = None

    def test_1_selenium_zscale_view_test_cases_by_project_macro_in_page(confluence_webdriver, confluence_datasets, confluence_screen_shots):
>       extension_ui.zscale_view_test_cases_by_project_macro_in_page(confluence_webdriver, confluence_datasets)

selenium_ui/confluence_ui.py:54: 
_ _ _ _ _ _ _ _ _ _ _ _ _ _ _ _ _ _ _ _ _ _ _ _ _ _ _ _ _ _ _ _ _ _ _ _ _ _ _ _ 
extension/confluence/extension_ui.py:104: in zscale_view_test_cases_by_project_macro_in_page
    measure()
_ _ _ _ _ _ _ _ _ _ _ _ _ _ _ _ _ _ _ _ _ _ _ _ _ _ _ _ _ _ _ _ _ _ _ _ _ _ _ _ 

args = (), kwargs = {}, node_ip = '', start = 1686736615.9761302
error_msg = 'Failed measure: view_test_cases_by_project_action - TimeoutException'
full_exception = TimeoutException(), success = False
exc_type = <class 'selenium.common.exceptions.TimeoutException'>
end = 1686736636.775924, timing = '20799'
lockfile = '/dc-app-performance-toolkit/app/results/confluence/2023-06-14_09-17-37/selenium.jtl.lock'

    @functools.wraps(func)
    def wrapper(*args, **kwargs):
        if LOGIN_ACTION_NAME in interaction:
            globals.login_failed = False
        if globals.login_failed:
            pytest.skip("login is failed")
        node_ip = ""
        start = time.time()
        error_msg = 'Success'
        full_exception = ''
        if args:
            driver = [arg for arg in args if isinstance(arg, Chrome)]
            node_ip = "" if not driver else getattr(driver[0], "node_ip", "")
        try:
            func(*args, **kwargs)
            success = True
        except Exception:
            success = False
            # https://docs.python.org/2/library/sys.html#sys.exc_info
            exc_type, full_exception = sys.exc_info()[:2]
            error_msg = f"Failed measure: {interaction} - {exc_type.__name__}"
        end = time.time()
        timing = str(int((end - start) * 1000))
    
        lockfile = f'{selenium_results_file}.lock'
    
        with filelock.SoftFileLock(lockfile):
            with open(selenium_results_file, "a+") as jtl_file:
                timestamp = round(time.time() * 1000)
                if explicit_timing:
                    jtl_file.write(f"{timestamp},{explicit_timing*1000},{interaction},,{error_msg},"
                                   f",{success},0,0,0,0,,0\n")
                else:
                    jtl_file.write(f"{timestamp},{timing},{interaction},,{error_msg}"
                                   f",,{success},0,0,0,0,{node_ip},0\n")
    
        print(f"{timestamp},{timing},{interaction},{error_msg},{success},{node_ip}")
    
        if not success:
            if LOGIN_ACTION_NAME in interaction:
                globals.login_failed = True
>           raise Exception(error_msg, full_exception)
E           Exception: ('Failed measure: view_test_cases_by_project_action - TimeoutException', TimeoutException())

selenium_ui/conftest.py:171: Exception
06-14-2023, 09:57:39, 1686736659038, Action: test_1_selenium_zscale_view_test_cases_by_folder_macro_in_page, Error: confluence_webdriver = <selenium.webdriver.chrome.webdriver.WebDriver (session="6bf31e0c1b3bdb91a6c7f182fe7ec803")>
confluence_datasets = {'blog_id': '37258037', 'blogs': [['37623915', 'MBSC', '1'], ['37624433', 'IAC', '1'], ['37624169', 'HRBH', '1'], ['37...FE', '1'], ...], 'create_comment_page': ['36869533', 'UORCB', 'text_formatting_21'], 'custom_page_id': '43548673', ...}
confluence_screen_shots = None

    def test_1_selenium_zscale_view_test_cases_by_folder_macro_in_page(confluence_webdriver, confluence_datasets, confluence_screen_shots):
>       extension_ui.zscale_view_test_cases_by_folder_macro_in_page(confluence_webdriver, confluence_datasets)

selenium_ui/confluence_ui.py:57: 
_ _ _ _ _ _ _ _ _ _ _ _ _ _ _ _ _ _ _ _ _ _ _ _ _ _ _ _ _ _ _ _ _ _ _ _ _ _ _ _ 
extension/confluence/extension_ui.py:133: in zscale_view_test_cases_by_folder_macro_in_page
    measure()
_ _ _ _ _ _ _ _ _ _ _ _ _ _ _ _ _ _ _ _ _ _ _ _ _ _ _ _ _ _ _ _ _ _ _ _ _ _ _ _ 

args = (), kwargs = {}, node_ip = '', start = 1686736638.241882
error_msg = 'Failed measure: view_test_cases_by_folder_action - TimeoutException'
full_exception = TimeoutException(), success = False
exc_type = <class 'selenium.common.exceptions.TimeoutException'>
end = 1686736659.008097, timing = '20766'
lockfile = '/dc-app-performance-toolkit/app/results/confluence/2023-06-14_09-17-37/selenium.jtl.lock'

    @functools.wraps(func)
    def wrapper(*args, **kwargs):
        if LOGIN_ACTION_NAME in interaction:
            globals.login_failed = False
        if globals.login_failed:
            pytest.skip("login is failed")
        node_ip = ""
        start = time.time()
        error_msg = 'Success'
        full_exception = ''
        if args:
            driver = [arg for arg in args if isinstance(arg, Chrome)]
            node_ip = "" if not driver else getattr(driver[0], "node_ip", "")
        try:
            func(*args, **kwargs)
            success = True
        except Exception:
            success = False
            # https://docs.python.org/2/library/sys.html#sys.exc_info
            exc_type, full_exception = sys.exc_info()[:2]
            error_msg = f"Failed measure: {interaction} - {exc_type.__name__}"
        end = time.time()
        timing = str(int((end - start) * 1000))
    
        lockfile = f'{selenium_results_file}.lock'
    
        with filelock.SoftFileLock(lockfile):
            with open(selenium_results_file, "a+") as jtl_file:
                timestamp = round(time.time() * 1000)
                if explicit_timing:
                    jtl_file.write(f"{timestamp},{explicit_timing*1000},{interaction},,{error_msg},"
                                   f",{success},0,0,0,0,,0\n")
                else:
                    jtl_file.write(f"{timestamp},{timing},{interaction},,{error_msg}"
                                   f",,{success},0,0,0,0,{node_ip},0\n")
    
        print(f"{timestamp},{timing},{interaction},{error_msg},{success},{node_ip}")
    
        if not success:
            if LOGIN_ACTION_NAME in interaction:
                globals.login_failed = True
>           raise Exception(error_msg, full_exception)
E           Exception: ('Failed measure: view_test_cases_by_folder_action - TimeoutException', TimeoutException())

selenium_ui/conftest.py:171: Exception
06-14-2023, 09:58:15, 1686736695818, Action: test_1_selenium_zscale_view_test_cases_by_status_macro_in_page, Error: confluence_webdriver = <selenium.webdriver.chrome.webdriver.WebDriver (session="6bf31e0c1b3bdb91a6c7f182fe7ec803")>
confluence_datasets = {'blog_id': '37259168', 'blogs': [['37623915', 'MBSC', '1'], ['37624433', 'IAC', '1'], ['37624169', 'HRBH', '1'], ['37... 'IFE', '1'], ...], 'create_comment_page': ['30651022', 'NEM', 'big_attachments_1'], 'custom_page_id': '43548673', ...}
confluence_screen_shots = None

    def test_1_selenium_zscale_view_test_cases_by_status_macro_in_page(confluence_webdriver, confluence_datasets, confluence_screen_shots):
>       extension_ui.zscale_view_test_cases_by_status_macro_in_page(confluence_webdriver, confluence_datasets)

selenium_ui/confluence_ui.py:51: 
_ _ _ _ _ _ _ _ _ _ _ _ _ _ _ _ _ _ _ _ _ _ _ _ _ _ _ _ _ _ _ _ _ _ _ _ _ _ _ _ 
extension/confluence/extension_ui.py:75: in zscale_view_test_cases_by_status_macro_in_page
    measure()
_ _ _ _ _ _ _ _ _ _ _ _ _ _ _ _ _ _ _ _ _ _ _ _ _ _ _ _ _ _ _ _ _ _ _ _ _ _ _ _ 

args = (), kwargs = {}, node_ip = '', start = 1686736675.514209
error_msg = 'Failed measure: view_test_cases_by_status_action - TimeoutException'
full_exception = TimeoutException(), success = False
exc_type = <class 'selenium.common.exceptions.TimeoutException'>
end = 1686736695.8065617, timing = '20292'
lockfile = '/dc-app-performance-toolkit/app/results/confluence/2023-06-14_09-17-37/selenium.jtl.lock'

    @functools.wraps(func)
    def wrapper(*args, **kwargs):
        if LOGIN_ACTION_NAME in interaction:
            globals.login_failed = False
        if globals.login_failed:
            pytest.skip("login is failed")
        node_ip = ""
        start = time.time()
        error_msg = 'Success'
        full_exception = ''
        if args:
            driver = [arg for arg in args if isinstance(arg, Chrome)]
            node_ip = "" if not driver else getattr(driver[0], "node_ip", "")
        try:
            func(*args, **kwargs)
            success = True
        except Exception:
            success = False
            # https://docs.python.org/2/library/sys.html#sys.exc_info
            exc_type, full_exception = sys.exc_info()[:2]
            error_msg = f"Failed measure: {interaction} - {exc_type.__name__}"
        end = time.time()
        timing = str(int((end - start) * 1000))
    
        lockfile = f'{selenium_results_file}.lock'
    
        with filelock.SoftFileLock(lockfile):
            with open(selenium_results_file, "a+") as jtl_file:
                timestamp = round(time.time() * 1000)
                if explicit_timing:
                    jtl_file.write(f"{timestamp},{explicit_timing*1000},{interaction},,{error_msg},"
                                   f",{success},0,0,0,0,,0\n")
                else:
                    jtl_file.write(f"{timestamp},{timing},{interaction},,{error_msg}"
                                   f",,{success},0,0,0,0,{node_ip},0\n")
    
        print(f"{timestamp},{timing},{interaction},{error_msg},{success},{node_ip}")
    
        if not success:
            if LOGIN_ACTION_NAME in interaction:
                globals.login_failed = True
>           raise Exception(error_msg, full_exception)
E           Exception: ('Failed measure: view_test_cases_by_status_action - TimeoutException', TimeoutException())

selenium_ui/conftest.py:171: Exception
06-14-2023, 09:58:37, 1686736717494, Action: test_1_selenium_zscale_view_test_cases_by_project_macro_in_page, Error: confluence_webdriver = <selenium.webdriver.chrome.webdriver.WebDriver (session="6bf31e0c1b3bdb91a6c7f182fe7ec803")>
confluence_datasets = {'blog_id': '37259168', 'blogs': [['37623915', 'MBSC', '1'], ['37624433', 'IAC', '1'], ['37624169', 'HRBH', '1'], ['37... 'IFE', '1'], ...], 'create_comment_page': ['30651022', 'NEM', 'big_attachments_1'], 'custom_page_id': '43548673', ...}
confluence_screen_shots = None

    def test_1_selenium_zscale_view_test_cases_by_project_macro_in_page(confluence_webdriver, confluence_datasets, confluence_screen_shots):
>       extension_ui.zscale_view_test_cases_by_project_macro_in_page(confluence_webdriver, confluence_datasets)

selenium_ui/confluence_ui.py:54: 
_ _ _ _ _ _ _ _ _ _ _ _ _ _ _ _ _ _ _ _ _ _ _ _ _ _ _ _ _ _ _ _ _ _ _ _ _ _ _ _ 
extension/confluence/extension_ui.py:104: in zscale_view_test_cases_by_project_macro_in_page
    measure()
_ _ _ _ _ _ _ _ _ _ _ _ _ _ _ _ _ _ _ _ _ _ _ _ _ _ _ _ _ _ _ _ _ _ _ _ _ _ _ _ 

args = (), kwargs = {}, node_ip = '', start = 1686736697.243124
error_msg = 'Failed measure: view_test_cases_by_project_action - TimeoutException'
full_exception = TimeoutException(), success = False
exc_type = <class 'selenium.common.exceptions.TimeoutException'>
end = 1686736717.4810724, timing = '20237'
lockfile = '/dc-app-performance-toolkit/app/results/confluence/2023-06-14_09-17-37/selenium.jtl.lock'

    @functools.wraps(func)
    def wrapper(*args, **kwargs):
        if LOGIN_ACTION_NAME in interaction:
            globals.login_failed = False
        if globals.login_failed:
            pytest.skip("login is failed")
        node_ip = ""
        start = time.time()
        error_msg = 'Success'
        full_exception = ''
        if args:
            driver = [arg for arg in args if isinstance(arg, Chrome)]
            node_ip = "" if not driver else getattr(driver[0], "node_ip", "")
        try:
            func(*args, **kwargs)
            success = True
        except Exception:
            success = False
            # https://docs.python.org/2/library/sys.html#sys.exc_info
            exc_type, full_exception = sys.exc_info()[:2]
            error_msg = f"Failed measure: {interaction} - {exc_type.__name__}"
        end = time.time()
        timing = str(int((end - start) * 1000))
    
        lockfile = f'{selenium_results_file}.lock'
    
        with filelock.SoftFileLock(lockfile):
            with open(selenium_results_file, "a+") as jtl_file:
                timestamp = round(time.time() * 1000)
                if explicit_timing:
                    jtl_file.write(f"{timestamp},{explicit_timing*1000},{interaction},,{error_msg},"
                                   f",{success},0,0,0,0,,0\n")
                else:
                    jtl_file.write(f"{timestamp},{timing},{interaction},,{error_msg}"
                                   f",,{success},0,0,0,0,{node_ip},0\n")
    
        print(f"{timestamp},{timing},{interaction},{error_msg},{success},{node_ip}")
    
        if not success:
            if LOGIN_ACTION_NAME in interaction:
                globals.login_failed = True
>           raise Exception(error_msg, full_exception)
E           Exception: ('Failed measure: view_test_cases_by_project_action - TimeoutException', TimeoutException())

selenium_ui/conftest.py:171: Exception
06-14-2023, 09:58:59, 1686736739220, Action: test_1_selenium_zscale_view_test_cases_by_folder_macro_in_page, Error: confluence_webdriver = <selenium.webdriver.chrome.webdriver.WebDriver (session="6bf31e0c1b3bdb91a6c7f182fe7ec803")>
confluence_datasets = {'blog_id': '37259168', 'blogs': [['37623915', 'MBSC', '1'], ['37624433', 'IAC', '1'], ['37624169', 'HRBH', '1'], ['37... 'IFE', '1'], ...], 'create_comment_page': ['30651022', 'NEM', 'big_attachments_1'], 'custom_page_id': '43548673', ...}
confluence_screen_shots = None

    def test_1_selenium_zscale_view_test_cases_by_folder_macro_in_page(confluence_webdriver, confluence_datasets, confluence_screen_shots):
>       extension_ui.zscale_view_test_cases_by_folder_macro_in_page(confluence_webdriver, confluence_datasets)

selenium_ui/confluence_ui.py:57: 
_ _ _ _ _ _ _ _ _ _ _ _ _ _ _ _ _ _ _ _ _ _ _ _ _ _ _ _ _ _ _ _ _ _ _ _ _ _ _ _ 
extension/confluence/extension_ui.py:133: in zscale_view_test_cases_by_folder_macro_in_page
    measure()
_ _ _ _ _ _ _ _ _ _ _ _ _ _ _ _ _ _ _ _ _ _ _ _ _ _ _ _ _ _ _ _ _ _ _ _ _ _ _ _ 

args = (), kwargs = {}, node_ip = '', start = 1686736718.8920496
error_msg = 'Failed measure: view_test_cases_by_folder_action - TimeoutException'
full_exception = TimeoutException(), success = False
exc_type = <class 'selenium.common.exceptions.TimeoutException'>
end = 1686736739.207059, timing = '20315'
lockfile = '/dc-app-performance-toolkit/app/results/confluence/2023-06-14_09-17-37/selenium.jtl.lock'

    @functools.wraps(func)
    def wrapper(*args, **kwargs):
        if LOGIN_ACTION_NAME in interaction:
            globals.login_failed = False
        if globals.login_failed:
            pytest.skip("login is failed")
        node_ip = ""
        start = time.time()
        error_msg = 'Success'
        full_exception = ''
        if args:
            driver = [arg for arg in args if isinstance(arg, Chrome)]
            node_ip = "" if not driver else getattr(driver[0], "node_ip", "")
        try:
            func(*args, **kwargs)
            success = True
        except Exception:
            success = False
            # https://docs.python.org/2/library/sys.html#sys.exc_info
            exc_type, full_exception = sys.exc_info()[:2]
            error_msg = f"Failed measure: {interaction} - {exc_type.__name__}"
        end = time.time()
        timing = str(int((end - start) * 1000))
    
        lockfile = f'{selenium_results_file}.lock'
    
        with filelock.SoftFileLock(lockfile):
            with open(selenium_results_file, "a+") as jtl_file:
                timestamp = round(time.time() * 1000)
                if explicit_timing:
                    jtl_file.write(f"{timestamp},{explicit_timing*1000},{interaction},,{error_msg},"
                                   f",{success},0,0,0,0,,0\n")
                else:
                    jtl_file.write(f"{timestamp},{timing},{interaction},,{error_msg}"
                                   f",,{success},0,0,0,0,{node_ip},0\n")
    
        print(f"{timestamp},{timing},{interaction},{error_msg},{success},{node_ip}")
    
        if not success:
            if LOGIN_ACTION_NAME in interaction:
                globals.login_failed = True
>           raise Exception(error_msg, full_exception)
E           Exception: ('Failed measure: view_test_cases_by_folder_action - TimeoutException', TimeoutException())

selenium_ui/conftest.py:171: Exception
06-14-2023, 09:59:36, 1686736776750, Action: test_1_selenium_zscale_view_test_cases_by_status_macro_in_page, Error: confluence_webdriver = <selenium.webdriver.chrome.webdriver.WebDriver (session="6bf31e0c1b3bdb91a6c7f182fe7ec803")>
confluence_datasets = {'blog_id': '36318052', 'blogs': [['37623915', 'MBSC', '1'], ['37624433', 'IAC', '1'], ['37624169', 'HRBH', '1'], ['37...'IFE', '1'], ...], 'create_comment_page': ['33664793', 'MHN', 'text_formatting_21'], 'custom_page_id': '43548673', ...}
confluence_screen_shots = None

    def test_1_selenium_zscale_view_test_cases_by_status_macro_in_page(confluence_webdriver, confluence_datasets, confluence_screen_shots):
>       extension_ui.zscale_view_test_cases_by_status_macro_in_page(confluence_webdriver, confluence_datasets)

selenium_ui/confluence_ui.py:51: 
_ _ _ _ _ _ _ _ _ _ _ _ _ _ _ _ _ _ _ _ _ _ _ _ _ _ _ _ _ _ _ _ _ _ _ _ _ _ _ _ 
extension/confluence/extension_ui.py:75: in zscale_view_test_cases_by_status_macro_in_page
    measure()
_ _ _ _ _ _ _ _ _ _ _ _ _ _ _ _ _ _ _ _ _ _ _ _ _ _ _ _ _ _ _ _ _ _ _ _ _ _ _ _ 

args = (), kwargs = {}, node_ip = '', start = 1686736756.255754
error_msg = 'Failed measure: view_test_cases_by_status_action - TimeoutException'
full_exception = TimeoutException(), success = False
exc_type = <class 'selenium.common.exceptions.TimeoutException'>
end = 1686736776.7378588, timing = '20482'
lockfile = '/dc-app-performance-toolkit/app/results/confluence/2023-06-14_09-17-37/selenium.jtl.lock'

    @functools.wraps(func)
    def wrapper(*args, **kwargs):
        if LOGIN_ACTION_NAME in interaction:
            globals.login_failed = False
        if globals.login_failed:
            pytest.skip("login is failed")
        node_ip = ""
        start = time.time()
        error_msg = 'Success'
        full_exception = ''
        if args:
            driver = [arg for arg in args if isinstance(arg, Chrome)]
            node_ip = "" if not driver else getattr(driver[0], "node_ip", "")
        try:
            func(*args, **kwargs)
            success = True
        except Exception:
            success = False
            # https://docs.python.org/2/library/sys.html#sys.exc_info
            exc_type, full_exception = sys.exc_info()[:2]
            error_msg = f"Failed measure: {interaction} - {exc_type.__name__}"
        end = time.time()
        timing = str(int((end - start) * 1000))
    
        lockfile = f'{selenium_results_file}.lock'
    
        with filelock.SoftFileLock(lockfile):
            with open(selenium_results_file, "a+") as jtl_file:
                timestamp = round(time.time() * 1000)
                if explicit_timing:
                    jtl_file.write(f"{timestamp},{explicit_timing*1000},{interaction},,{error_msg},"
                                   f",{success},0,0,0,0,,0\n")
                else:
                    jtl_file.write(f"{timestamp},{timing},{interaction},,{error_msg}"
                                   f",,{success},0,0,0,0,{node_ip},0\n")
    
        print(f"{timestamp},{timing},{interaction},{error_msg},{success},{node_ip}")
    
        if not success:
            if LOGIN_ACTION_NAME in interaction:
                globals.login_failed = True
>           raise Exception(error_msg, full_exception)
E           Exception: ('Failed measure: view_test_cases_by_status_action - TimeoutException', TimeoutException())

selenium_ui/conftest.py:171: Exception
06-14-2023, 09:59:58, 1686736798815, Action: test_1_selenium_zscale_view_test_cases_by_project_macro_in_page, Error: confluence_webdriver = <selenium.webdriver.chrome.webdriver.WebDriver (session="6bf31e0c1b3bdb91a6c7f182fe7ec803")>
confluence_datasets = {'blog_id': '36318052', 'blogs': [['37623915', 'MBSC', '1'], ['37624433', 'IAC', '1'], ['37624169', 'HRBH', '1'], ['37...'IFE', '1'], ...], 'create_comment_page': ['33664793', 'MHN', 'text_formatting_21'], 'custom_page_id': '43548673', ...}
confluence_screen_shots = None

    def test_1_selenium_zscale_view_test_cases_by_project_macro_in_page(confluence_webdriver, confluence_datasets, confluence_screen_shots):
>       extension_ui.zscale_view_test_cases_by_project_macro_in_page(confluence_webdriver, confluence_datasets)

selenium_ui/confluence_ui.py:54: 
_ _ _ _ _ _ _ _ _ _ _ _ _ _ _ _ _ _ _ _ _ _ _ _ _ _ _ _ _ _ _ _ _ _ _ _ _ _ _ _ 
extension/confluence/extension_ui.py:104: in zscale_view_test_cases_by_project_macro_in_page
    measure()
_ _ _ _ _ _ _ _ _ _ _ _ _ _ _ _ _ _ _ _ _ _ _ _ _ _ _ _ _ _ _ _ _ _ _ _ _ _ _ _ 

args = (), kwargs = {}, node_ip = '', start = 1686736778.3177404
error_msg = 'Failed measure: view_test_cases_by_project_action - TimeoutException'
full_exception = TimeoutException(), success = False
exc_type = <class 'selenium.common.exceptions.TimeoutException'>
end = 1686736798.8041377, timing = '20486'
lockfile = '/dc-app-performance-toolkit/app/results/confluence/2023-06-14_09-17-37/selenium.jtl.lock'

    @functools.wraps(func)
    def wrapper(*args, **kwargs):
        if LOGIN_ACTION_NAME in interaction:
            globals.login_failed = False
        if globals.login_failed:
            pytest.skip("login is failed")
        node_ip = ""
        start = time.time()
        error_msg = 'Success'
        full_exception = ''
        if args:
            driver = [arg for arg in args if isinstance(arg, Chrome)]
            node_ip = "" if not driver else getattr(driver[0], "node_ip", "")
        try:
            func(*args, **kwargs)
            success = True
        except Exception:
            success = False
            # https://docs.python.org/2/library/sys.html#sys.exc_info
            exc_type, full_exception = sys.exc_info()[:2]
            error_msg = f"Failed measure: {interaction} - {exc_type.__name__}"
        end = time.time()
        timing = str(int((end - start) * 1000))
    
        lockfile = f'{selenium_results_file}.lock'
    
        with filelock.SoftFileLock(lockfile):
            with open(selenium_results_file, "a+") as jtl_file:
                timestamp = round(time.time() * 1000)
                if explicit_timing:
                    jtl_file.write(f"{timestamp},{explicit_timing*1000},{interaction},,{error_msg},"
                                   f",{success},0,0,0,0,,0\n")
                else:
                    jtl_file.write(f"{timestamp},{timing},{interaction},,{error_msg}"
                                   f",,{success},0,0,0,0,{node_ip},0\n")
    
        print(f"{timestamp},{timing},{interaction},{error_msg},{success},{node_ip}")
    
        if not success:
            if LOGIN_ACTION_NAME in interaction:
                globals.login_failed = True
>           raise Exception(error_msg, full_exception)
E           Exception: ('Failed measure: view_test_cases_by_project_action - TimeoutException', TimeoutException())

selenium_ui/conftest.py:171: Exception
06-14-2023, 10:00:20, 1686736820755, Action: test_1_selenium_zscale_view_test_cases_by_folder_macro_in_page, Error: confluence_webdriver = <selenium.webdriver.chrome.webdriver.WebDriver (session="6bf31e0c1b3bdb91a6c7f182fe7ec803")>
confluence_datasets = {'blog_id': '36318052', 'blogs': [['37623915', 'MBSC', '1'], ['37624433', 'IAC', '1'], ['37624169', 'HRBH', '1'], ['37...'IFE', '1'], ...], 'create_comment_page': ['33664793', 'MHN', 'text_formatting_21'], 'custom_page_id': '43548673', ...}
confluence_screen_shots = None

    def test_1_selenium_zscale_view_test_cases_by_folder_macro_in_page(confluence_webdriver, confluence_datasets, confluence_screen_shots):
>       extension_ui.zscale_view_test_cases_by_folder_macro_in_page(confluence_webdriver, confluence_datasets)

selenium_ui/confluence_ui.py:57: 
_ _ _ _ _ _ _ _ _ _ _ _ _ _ _ _ _ _ _ _ _ _ _ _ _ _ _ _ _ _ _ _ _ _ _ _ _ _ _ _ 
extension/confluence/extension_ui.py:133: in zscale_view_test_cases_by_folder_macro_in_page
    measure()
_ _ _ _ _ _ _ _ _ _ _ _ _ _ _ _ _ _ _ _ _ _ _ _ _ _ _ _ _ _ _ _ _ _ _ _ _ _ _ _ 

args = (), kwargs = {}, node_ip = '', start = 1686736800.2520707
error_msg = 'Failed measure: view_test_cases_by_folder_action - TimeoutException'
full_exception = TimeoutException(), success = False
exc_type = <class 'selenium.common.exceptions.TimeoutException'>
end = 1686736820.7437732, timing = '20491'
lockfile = '/dc-app-performance-toolkit/app/results/confluence/2023-06-14_09-17-37/selenium.jtl.lock'

    @functools.wraps(func)
    def wrapper(*args, **kwargs):
        if LOGIN_ACTION_NAME in interaction:
            globals.login_failed = False
        if globals.login_failed:
            pytest.skip("login is failed")
        node_ip = ""
        start = time.time()
        error_msg = 'Success'
        full_exception = ''
        if args:
            driver = [arg for arg in args if isinstance(arg, Chrome)]
            node_ip = "" if not driver else getattr(driver[0], "node_ip", "")
        try:
            func(*args, **kwargs)
            success = True
        except Exception:
            success = False
            # https://docs.python.org/2/library/sys.html#sys.exc_info
            exc_type, full_exception = sys.exc_info()[:2]
            error_msg = f"Failed measure: {interaction} - {exc_type.__name__}"
        end = time.time()
        timing = str(int((end - start) * 1000))
    
        lockfile = f'{selenium_results_file}.lock'
    
        with filelock.SoftFileLock(lockfile):
            with open(selenium_results_file, "a+") as jtl_file:
                timestamp = round(time.time() * 1000)
                if explicit_timing:
                    jtl_file.write(f"{timestamp},{explicit_timing*1000},{interaction},,{error_msg},"
                                   f",{success},0,0,0,0,,0\n")
                else:
                    jtl_file.write(f"{timestamp},{timing},{interaction},,{error_msg}"
                                   f",,{success},0,0,0,0,{node_ip},0\n")
    
        print(f"{timestamp},{timing},{interaction},{error_msg},{success},{node_ip}")
    
        if not success:
            if LOGIN_ACTION_NAME in interaction:
                globals.login_failed = True
>           raise Exception(error_msg, full_exception)
E           Exception: ('Failed measure: view_test_cases_by_folder_action - TimeoutException', TimeoutException())

selenium_ui/conftest.py:171: Exception
06-14-2023, 10:00:57, 1686736857671, Action: test_1_selenium_zscale_view_test_cases_by_status_macro_in_page, Error: confluence_webdriver = <selenium.webdriver.chrome.webdriver.WebDriver (session="6bf31e0c1b3bdb91a6c7f182fe7ec803")>
confluence_datasets = {'blog_id': '37103471', 'blogs': [['37623915', 'MBSC', '1'], ['37624433', 'IAC', '1'], ['37624169', 'HRBH', '1'], ['37...396', 'IFE', '1'], ...], 'create_comment_page': ['33324893', 'SSI', 'small_text_7'], 'custom_page_id': '43548673', ...}
confluence_screen_shots = None

    def test_1_selenium_zscale_view_test_cases_by_status_macro_in_page(confluence_webdriver, confluence_datasets, confluence_screen_shots):
>       extension_ui.zscale_view_test_cases_by_status_macro_in_page(confluence_webdriver, confluence_datasets)

selenium_ui/confluence_ui.py:51: 
_ _ _ _ _ _ _ _ _ _ _ _ _ _ _ _ _ _ _ _ _ _ _ _ _ _ _ _ _ _ _ _ _ _ _ _ _ _ _ _ 
extension/confluence/extension_ui.py:75: in zscale_view_test_cases_by_status_macro_in_page
    measure()
_ _ _ _ _ _ _ _ _ _ _ _ _ _ _ _ _ _ _ _ _ _ _ _ _ _ _ _ _ _ _ _ _ _ _ _ _ _ _ _ 

args = (), kwargs = {}, node_ip = '', start = 1686736836.9677324
error_msg = 'Failed measure: view_test_cases_by_status_action - TimeoutException'
full_exception = TimeoutException(), success = False
exc_type = <class 'selenium.common.exceptions.TimeoutException'>
end = 1686736857.6594977, timing = '20691'
lockfile = '/dc-app-performance-toolkit/app/results/confluence/2023-06-14_09-17-37/selenium.jtl.lock'

    @functools.wraps(func)
    def wrapper(*args, **kwargs):
        if LOGIN_ACTION_NAME in interaction:
            globals.login_failed = False
        if globals.login_failed:
            pytest.skip("login is failed")
        node_ip = ""
        start = time.time()
        error_msg = 'Success'
        full_exception = ''
        if args:
            driver = [arg for arg in args if isinstance(arg, Chrome)]
            node_ip = "" if not driver else getattr(driver[0], "node_ip", "")
        try:
            func(*args, **kwargs)
            success = True
        except Exception:
            success = False
            # https://docs.python.org/2/library/sys.html#sys.exc_info
            exc_type, full_exception = sys.exc_info()[:2]
            error_msg = f"Failed measure: {interaction} - {exc_type.__name__}"
        end = time.time()
        timing = str(int((end - start) * 1000))
    
        lockfile = f'{selenium_results_file}.lock'
    
        with filelock.SoftFileLock(lockfile):
            with open(selenium_results_file, "a+") as jtl_file:
                timestamp = round(time.time() * 1000)
                if explicit_timing:
                    jtl_file.write(f"{timestamp},{explicit_timing*1000},{interaction},,{error_msg},"
                                   f",{success},0,0,0,0,,0\n")
                else:
                    jtl_file.write(f"{timestamp},{timing},{interaction},,{error_msg}"
                                   f",,{success},0,0,0,0,{node_ip},0\n")
    
        print(f"{timestamp},{timing},{interaction},{error_msg},{success},{node_ip}")
    
        if not success:
            if LOGIN_ACTION_NAME in interaction:
                globals.login_failed = True
>           raise Exception(error_msg, full_exception)
E           Exception: ('Failed measure: view_test_cases_by_status_action - TimeoutException', TimeoutException())

selenium_ui/conftest.py:171: Exception
06-14-2023, 10:01:19, 1686736879866, Action: test_1_selenium_zscale_view_test_cases_by_project_macro_in_page, Error: confluence_webdriver = <selenium.webdriver.chrome.webdriver.WebDriver (session="6bf31e0c1b3bdb91a6c7f182fe7ec803")>
confluence_datasets = {'blog_id': '37103471', 'blogs': [['37623915', 'MBSC', '1'], ['37624433', 'IAC', '1'], ['37624169', 'HRBH', '1'], ['37...396', 'IFE', '1'], ...], 'create_comment_page': ['33324893', 'SSI', 'small_text_7'], 'custom_page_id': '43548673', ...}
confluence_screen_shots = None

    def test_1_selenium_zscale_view_test_cases_by_project_macro_in_page(confluence_webdriver, confluence_datasets, confluence_screen_shots):
>       extension_ui.zscale_view_test_cases_by_project_macro_in_page(confluence_webdriver, confluence_datasets)

selenium_ui/confluence_ui.py:54: 
_ _ _ _ _ _ _ _ _ _ _ _ _ _ _ _ _ _ _ _ _ _ _ _ _ _ _ _ _ _ _ _ _ _ _ _ _ _ _ _ 
extension/confluence/extension_ui.py:104: in zscale_view_test_cases_by_project_macro_in_page
    measure()
_ _ _ _ _ _ _ _ _ _ _ _ _ _ _ _ _ _ _ _ _ _ _ _ _ _ _ _ _ _ _ _ _ _ _ _ _ _ _ _ 

args = (), kwargs = {}, node_ip = '', start = 1686736858.9932024
error_msg = 'Failed measure: view_test_cases_by_project_action - TimeoutException'
full_exception = TimeoutException(), success = False
exc_type = <class 'selenium.common.exceptions.TimeoutException'>
end = 1686736879.8550925, timing = '20861'
lockfile = '/dc-app-performance-toolkit/app/results/confluence/2023-06-14_09-17-37/selenium.jtl.lock'

    @functools.wraps(func)
    def wrapper(*args, **kwargs):
        if LOGIN_ACTION_NAME in interaction:
            globals.login_failed = False
        if globals.login_failed:
            pytest.skip("login is failed")
        node_ip = ""
        start = time.time()
        error_msg = 'Success'
        full_exception = ''
        if args:
            driver = [arg for arg in args if isinstance(arg, Chrome)]
            node_ip = "" if not driver else getattr(driver[0], "node_ip", "")
        try:
            func(*args, **kwargs)
            success = True
        except Exception:
            success = False
            # https://docs.python.org/2/library/sys.html#sys.exc_info
            exc_type, full_exception = sys.exc_info()[:2]
            error_msg = f"Failed measure: {interaction} - {exc_type.__name__}"
        end = time.time()
        timing = str(int((end - start) * 1000))
    
        lockfile = f'{selenium_results_file}.lock'
    
        with filelock.SoftFileLock(lockfile):
            with open(selenium_results_file, "a+") as jtl_file:
                timestamp = round(time.time() * 1000)
                if explicit_timing:
                    jtl_file.write(f"{timestamp},{explicit_timing*1000},{interaction},,{error_msg},"
                                   f",{success},0,0,0,0,,0\n")
                else:
                    jtl_file.write(f"{timestamp},{timing},{interaction},,{error_msg}"
                                   f",,{success},0,0,0,0,{node_ip},0\n")
    
        print(f"{timestamp},{timing},{interaction},{error_msg},{success},{node_ip}")
    
        if not success:
            if LOGIN_ACTION_NAME in interaction:
                globals.login_failed = True
>           raise Exception(error_msg, full_exception)
E           Exception: ('Failed measure: view_test_cases_by_project_action - TimeoutException', TimeoutException())

selenium_ui/conftest.py:171: Exception
06-14-2023, 10:01:41, 1686736901934, Action: test_1_selenium_zscale_view_test_cases_by_folder_macro_in_page, Error: confluence_webdriver = <selenium.webdriver.chrome.webdriver.WebDriver (session="6bf31e0c1b3bdb91a6c7f182fe7ec803")>
confluence_datasets = {'blog_id': '37103471', 'blogs': [['37623915', 'MBSC', '1'], ['37624433', 'IAC', '1'], ['37624169', 'HRBH', '1'], ['37...396', 'IFE', '1'], ...], 'create_comment_page': ['33324893', 'SSI', 'small_text_7'], 'custom_page_id': '43548673', ...}
confluence_screen_shots = None

    def test_1_selenium_zscale_view_test_cases_by_folder_macro_in_page(confluence_webdriver, confluence_datasets, confluence_screen_shots):
>       extension_ui.zscale_view_test_cases_by_folder_macro_in_page(confluence_webdriver, confluence_datasets)

selenium_ui/confluence_ui.py:57: 
_ _ _ _ _ _ _ _ _ _ _ _ _ _ _ _ _ _ _ _ _ _ _ _ _ _ _ _ _ _ _ _ _ _ _ _ _ _ _ _ 
extension/confluence/extension_ui.py:133: in zscale_view_test_cases_by_folder_macro_in_page
    measure()
_ _ _ _ _ _ _ _ _ _ _ _ _ _ _ _ _ _ _ _ _ _ _ _ _ _ _ _ _ _ _ _ _ _ _ _ _ _ _ _ 

args = (), kwargs = {}, node_ip = '', start = 1686736881.2694013
error_msg = 'Failed measure: view_test_cases_by_folder_action - TimeoutException'
full_exception = TimeoutException(), success = False
exc_type = <class 'selenium.common.exceptions.TimeoutException'>
end = 1686736901.9225087, timing = '20653'
lockfile = '/dc-app-performance-toolkit/app/results/confluence/2023-06-14_09-17-37/selenium.jtl.lock'

    @functools.wraps(func)
    def wrapper(*args, **kwargs):
        if LOGIN_ACTION_NAME in interaction:
            globals.login_failed = False
        if globals.login_failed:
            pytest.skip("login is failed")
        node_ip = ""
        start = time.time()
        error_msg = 'Success'
        full_exception = ''
        if args:
            driver = [arg for arg in args if isinstance(arg, Chrome)]
            node_ip = "" if not driver else getattr(driver[0], "node_ip", "")
        try:
            func(*args, **kwargs)
            success = True
        except Exception:
            success = False
            # https://docs.python.org/2/library/sys.html#sys.exc_info
            exc_type, full_exception = sys.exc_info()[:2]
            error_msg = f"Failed measure: {interaction} - {exc_type.__name__}"
        end = time.time()
        timing = str(int((end - start) * 1000))
    
        lockfile = f'{selenium_results_file}.lock'
    
        with filelock.SoftFileLock(lockfile):
            with open(selenium_results_file, "a+") as jtl_file:
                timestamp = round(time.time() * 1000)
                if explicit_timing:
                    jtl_file.write(f"{timestamp},{explicit_timing*1000},{interaction},,{error_msg},"
                                   f",{success},0,0,0,0,,0\n")
                else:
                    jtl_file.write(f"{timestamp},{timing},{interaction},,{error_msg}"
                                   f",,{success},0,0,0,0,{node_ip},0\n")
    
        print(f"{timestamp},{timing},{interaction},{error_msg},{success},{node_ip}")
    
        if not success:
            if LOGIN_ACTION_NAME in interaction:
                globals.login_failed = True
>           raise Exception(error_msg, full_exception)
E           Exception: ('Failed measure: view_test_cases_by_folder_action - TimeoutException', TimeoutException())

selenium_ui/conftest.py:171: Exception
06-14-2023, 10:02:22, 1686736942876, Action: test_1_selenium_zscale_view_test_cases_by_status_macro_in_page, Error: confluence_webdriver = <selenium.webdriver.chrome.webdriver.WebDriver (session="6bf31e0c1b3bdb91a6c7f182fe7ec803")>
confluence_datasets = {'blog_id': '36891424', 'blogs': [['37623915', 'MBSC', '1'], ['37624433', 'IAC', '1'], ['37624169', 'HRBH', '1'], ['37...IFE', '1'], ...], 'create_comment_page': ['36881418', 'CGGW', 'text_formatting_21'], 'custom_page_id': '43548673', ...}
confluence_screen_shots = None

    def test_1_selenium_zscale_view_test_cases_by_status_macro_in_page(confluence_webdriver, confluence_datasets, confluence_screen_shots):
>       extension_ui.zscale_view_test_cases_by_status_macro_in_page(confluence_webdriver, confluence_datasets)

selenium_ui/confluence_ui.py:51: 
_ _ _ _ _ _ _ _ _ _ _ _ _ _ _ _ _ _ _ _ _ _ _ _ _ _ _ _ _ _ _ _ _ _ _ _ _ _ _ _ 
extension/confluence/extension_ui.py:75: in zscale_view_test_cases_by_status_macro_in_page
    measure()
_ _ _ _ _ _ _ _ _ _ _ _ _ _ _ _ _ _ _ _ _ _ _ _ _ _ _ _ _ _ _ _ _ _ _ _ _ _ _ _ 

args = (), kwargs = {}, node_ip = '', start = 1686736921.988051
error_msg = 'Failed measure: view_test_cases_by_status_action - TimeoutException'
full_exception = TimeoutException(), success = False
exc_type = <class 'selenium.common.exceptions.TimeoutException'>
end = 1686736942.8640087, timing = '20875'
lockfile = '/dc-app-performance-toolkit/app/results/confluence/2023-06-14_09-17-37/selenium.jtl.lock'

    @functools.wraps(func)
    def wrapper(*args, **kwargs):
        if LOGIN_ACTION_NAME in interaction:
            globals.login_failed = False
        if globals.login_failed:
            pytest.skip("login is failed")
        node_ip = ""
        start = time.time()
        error_msg = 'Success'
        full_exception = ''
        if args:
            driver = [arg for arg in args if isinstance(arg, Chrome)]
            node_ip = "" if not driver else getattr(driver[0], "node_ip", "")
        try:
            func(*args, **kwargs)
            success = True
        except Exception:
            success = False
            # https://docs.python.org/2/library/sys.html#sys.exc_info
            exc_type, full_exception = sys.exc_info()[:2]
            error_msg = f"Failed measure: {interaction} - {exc_type.__name__}"
        end = time.time()
        timing = str(int((end - start) * 1000))
    
        lockfile = f'{selenium_results_file}.lock'
    
        with filelock.SoftFileLock(lockfile):
            with open(selenium_results_file, "a+") as jtl_file:
                timestamp = round(time.time() * 1000)
                if explicit_timing:
                    jtl_file.write(f"{timestamp},{explicit_timing*1000},{interaction},,{error_msg},"
                                   f",{success},0,0,0,0,,0\n")
                else:
                    jtl_file.write(f"{timestamp},{timing},{interaction},,{error_msg}"
                                   f",,{success},0,0,0,0,{node_ip},0\n")
    
        print(f"{timestamp},{timing},{interaction},{error_msg},{success},{node_ip}")
    
        if not success:
            if LOGIN_ACTION_NAME in interaction:
                globals.login_failed = True
>           raise Exception(error_msg, full_exception)
E           Exception: ('Failed measure: view_test_cases_by_status_action - TimeoutException', TimeoutException())

selenium_ui/conftest.py:171: Exception
06-14-2023, 10:02:45, 1686736965222, Action: test_1_selenium_zscale_view_test_cases_by_project_macro_in_page, Error: confluence_webdriver = <selenium.webdriver.chrome.webdriver.WebDriver (session="6bf31e0c1b3bdb91a6c7f182fe7ec803")>
confluence_datasets = {'blog_id': '36891424', 'blogs': [['37623915', 'MBSC', '1'], ['37624433', 'IAC', '1'], ['37624169', 'HRBH', '1'], ['37...IFE', '1'], ...], 'create_comment_page': ['36881418', 'CGGW', 'text_formatting_21'], 'custom_page_id': '43548673', ...}
confluence_screen_shots = None

    def test_1_selenium_zscale_view_test_cases_by_project_macro_in_page(confluence_webdriver, confluence_datasets, confluence_screen_shots):
>       extension_ui.zscale_view_test_cases_by_project_macro_in_page(confluence_webdriver, confluence_datasets)

selenium_ui/confluence_ui.py:54: 
_ _ _ _ _ _ _ _ _ _ _ _ _ _ _ _ _ _ _ _ _ _ _ _ _ _ _ _ _ _ _ _ _ _ _ _ _ _ _ _ 
extension/confluence/extension_ui.py:104: in zscale_view_test_cases_by_project_macro_in_page
    measure()
_ _ _ _ _ _ _ _ _ _ _ _ _ _ _ _ _ _ _ _ _ _ _ _ _ _ _ _ _ _ _ _ _ _ _ _ _ _ _ _ 

args = (), kwargs = {}, node_ip = '', start = 1686736944.3144703
error_msg = 'Failed measure: view_test_cases_by_project_action - TimeoutException'
full_exception = TimeoutException(), success = False
exc_type = <class 'selenium.common.exceptions.TimeoutException'>
end = 1686736965.1916919, timing = '20877'
lockfile = '/dc-app-performance-toolkit/app/results/confluence/2023-06-14_09-17-37/selenium.jtl.lock'

    @functools.wraps(func)
    def wrapper(*args, **kwargs):
        if LOGIN_ACTION_NAME in interaction:
            globals.login_failed = False
        if globals.login_failed:
            pytest.skip("login is failed")
        node_ip = ""
        start = time.time()
        error_msg = 'Success'
        full_exception = ''
        if args:
            driver = [arg for arg in args if isinstance(arg, Chrome)]
            node_ip = "" if not driver else getattr(driver[0], "node_ip", "")
        try:
            func(*args, **kwargs)
            success = True
        except Exception:
            success = False
            # https://docs.python.org/2/library/sys.html#sys.exc_info
            exc_type, full_exception = sys.exc_info()[:2]
            error_msg = f"Failed measure: {interaction} - {exc_type.__name__}"
        end = time.time()
        timing = str(int((end - start) * 1000))
    
        lockfile = f'{selenium_results_file}.lock'
    
        with filelock.SoftFileLock(lockfile):
            with open(selenium_results_file, "a+") as jtl_file:
                timestamp = round(time.time() * 1000)
                if explicit_timing:
                    jtl_file.write(f"{timestamp},{explicit_timing*1000},{interaction},,{error_msg},"
                                   f",{success},0,0,0,0,,0\n")
                else:
                    jtl_file.write(f"{timestamp},{timing},{interaction},,{error_msg}"
                                   f",,{success},0,0,0,0,{node_ip},0\n")
    
        print(f"{timestamp},{timing},{interaction},{error_msg},{success},{node_ip}")
    
        if not success:
            if LOGIN_ACTION_NAME in interaction:
                globals.login_failed = True
>           raise Exception(error_msg, full_exception)
E           Exception: ('Failed measure: view_test_cases_by_project_action - TimeoutException', TimeoutException())

selenium_ui/conftest.py:171: Exception
06-14-2023, 10:03:06, 1686736986807, Action: test_1_selenium_zscale_view_test_cases_by_folder_macro_in_page, Error: confluence_webdriver = <selenium.webdriver.chrome.webdriver.WebDriver (session="6bf31e0c1b3bdb91a6c7f182fe7ec803")>
confluence_datasets = {'blog_id': '36891424', 'blogs': [['37623915', 'MBSC', '1'], ['37624433', 'IAC', '1'], ['37624169', 'HRBH', '1'], ['37...IFE', '1'], ...], 'create_comment_page': ['36881418', 'CGGW', 'text_formatting_21'], 'custom_page_id': '43548673', ...}
confluence_screen_shots = None

    def test_1_selenium_zscale_view_test_cases_by_folder_macro_in_page(confluence_webdriver, confluence_datasets, confluence_screen_shots):
>       extension_ui.zscale_view_test_cases_by_folder_macro_in_page(confluence_webdriver, confluence_datasets)

selenium_ui/confluence_ui.py:57: 
_ _ _ _ _ _ _ _ _ _ _ _ _ _ _ _ _ _ _ _ _ _ _ _ _ _ _ _ _ _ _ _ _ _ _ _ _ _ _ _ 
extension/confluence/extension_ui.py:133: in zscale_view_test_cases_by_folder_macro_in_page
    measure()
_ _ _ _ _ _ _ _ _ _ _ _ _ _ _ _ _ _ _ _ _ _ _ _ _ _ _ _ _ _ _ _ _ _ _ _ _ _ _ _ 

args = (), kwargs = {}, node_ip = '', start = 1686736966.6415696
error_msg = 'Failed measure: view_test_cases_by_folder_action - TimeoutException'
full_exception = TimeoutException(), success = False
exc_type = <class 'selenium.common.exceptions.TimeoutException'>
end = 1686736986.7958934, timing = '20154'
lockfile = '/dc-app-performance-toolkit/app/results/confluence/2023-06-14_09-17-37/selenium.jtl.lock'

    @functools.wraps(func)
    def wrapper(*args, **kwargs):
        if LOGIN_ACTION_NAME in interaction:
            globals.login_failed = False
        if globals.login_failed:
            pytest.skip("login is failed")
        node_ip = ""
        start = time.time()
        error_msg = 'Success'
        full_exception = ''
        if args:
            driver = [arg for arg in args if isinstance(arg, Chrome)]
            node_ip = "" if not driver else getattr(driver[0], "node_ip", "")
        try:
            func(*args, **kwargs)
            success = True
        except Exception:
            success = False
            # https://docs.python.org/2/library/sys.html#sys.exc_info
            exc_type, full_exception = sys.exc_info()[:2]
            error_msg = f"Failed measure: {interaction} - {exc_type.__name__}"
        end = time.time()
        timing = str(int((end - start) * 1000))
    
        lockfile = f'{selenium_results_file}.lock'
    
        with filelock.SoftFileLock(lockfile):
            with open(selenium_results_file, "a+") as jtl_file:
                timestamp = round(time.time() * 1000)
                if explicit_timing:
                    jtl_file.write(f"{timestamp},{explicit_timing*1000},{interaction},,{error_msg},"
                                   f",{success},0,0,0,0,,0\n")
                else:
                    jtl_file.write(f"{timestamp},{timing},{interaction},,{error_msg}"
                                   f",,{success},0,0,0,0,{node_ip},0\n")
    
        print(f"{timestamp},{timing},{interaction},{error_msg},{success},{node_ip}")
    
        if not success:
            if LOGIN_ACTION_NAME in interaction:
                globals.login_failed = True
>           raise Exception(error_msg, full_exception)
E           Exception: ('Failed measure: view_test_cases_by_folder_action - TimeoutException', TimeoutException())

selenium_ui/conftest.py:171: Exception
06-14-2023, 10:03:44, 1686737024318, Action: test_1_selenium_zscale_view_test_cases_by_status_macro_in_page, Error: confluence_webdriver = <selenium.webdriver.chrome.webdriver.WebDriver (session="6bf31e0c1b3bdb91a6c7f182fe7ec803")>
confluence_datasets = {'blog_id': '37009199', 'blogs': [['37623915', 'MBSC', '1'], ['37624433', 'IAC', '1'], ['37624169', 'HRBH', '1'], ['37...6', 'IFE', '1'], ...], 'create_comment_page': ['33320081', 'HCVWD', 'small_text_7'], 'custom_page_id': '43548673', ...}
confluence_screen_shots = None

    def test_1_selenium_zscale_view_test_cases_by_status_macro_in_page(confluence_webdriver, confluence_datasets, confluence_screen_shots):
>       extension_ui.zscale_view_test_cases_by_status_macro_in_page(confluence_webdriver, confluence_datasets)

selenium_ui/confluence_ui.py:51: 
_ _ _ _ _ _ _ _ _ _ _ _ _ _ _ _ _ _ _ _ _ _ _ _ _ _ _ _ _ _ _ _ _ _ _ _ _ _ _ _ 
extension/confluence/extension_ui.py:75: in zscale_view_test_cases_by_status_macro_in_page
    measure()
_ _ _ _ _ _ _ _ _ _ _ _ _ _ _ _ _ _ _ _ _ _ _ _ _ _ _ _ _ _ _ _ _ _ _ _ _ _ _ _ 

args = (), kwargs = {}, node_ip = '', start = 1686737003.9599528
error_msg = 'Failed measure: view_test_cases_by_status_action - TimeoutException'
full_exception = TimeoutException(), success = False
exc_type = <class 'selenium.common.exceptions.TimeoutException'>
end = 1686737024.306194, timing = '20346'
lockfile = '/dc-app-performance-toolkit/app/results/confluence/2023-06-14_09-17-37/selenium.jtl.lock'

    @functools.wraps(func)
    def wrapper(*args, **kwargs):
        if LOGIN_ACTION_NAME in interaction:
            globals.login_failed = False
        if globals.login_failed:
            pytest.skip("login is failed")
        node_ip = ""
        start = time.time()
        error_msg = 'Success'
        full_exception = ''
        if args:
            driver = [arg for arg in args if isinstance(arg, Chrome)]
            node_ip = "" if not driver else getattr(driver[0], "node_ip", "")
        try:
            func(*args, **kwargs)
            success = True
        except Exception:
            success = False
            # https://docs.python.org/2/library/sys.html#sys.exc_info
            exc_type, full_exception = sys.exc_info()[:2]
            error_msg = f"Failed measure: {interaction} - {exc_type.__name__}"
        end = time.time()
        timing = str(int((end - start) * 1000))
    
        lockfile = f'{selenium_results_file}.lock'
    
        with filelock.SoftFileLock(lockfile):
            with open(selenium_results_file, "a+") as jtl_file:
                timestamp = round(time.time() * 1000)
                if explicit_timing:
                    jtl_file.write(f"{timestamp},{explicit_timing*1000},{interaction},,{error_msg},"
                                   f",{success},0,0,0,0,,0\n")
                else:
                    jtl_file.write(f"{timestamp},{timing},{interaction},,{error_msg}"
                                   f",,{success},0,0,0,0,{node_ip},0\n")
    
        print(f"{timestamp},{timing},{interaction},{error_msg},{success},{node_ip}")
    
        if not success:
            if LOGIN_ACTION_NAME in interaction:
                globals.login_failed = True
>           raise Exception(error_msg, full_exception)
E           Exception: ('Failed measure: view_test_cases_by_status_action - TimeoutException', TimeoutException())

selenium_ui/conftest.py:171: Exception
06-14-2023, 10:04:06, 1686737046083, Action: test_1_selenium_zscale_view_test_cases_by_project_macro_in_page, Error: confluence_webdriver = <selenium.webdriver.chrome.webdriver.WebDriver (session="6bf31e0c1b3bdb91a6c7f182fe7ec803")>
confluence_datasets = {'blog_id': '37009199', 'blogs': [['37623915', 'MBSC', '1'], ['37624433', 'IAC', '1'], ['37624169', 'HRBH', '1'], ['37...6', 'IFE', '1'], ...], 'create_comment_page': ['33320081', 'HCVWD', 'small_text_7'], 'custom_page_id': '43548673', ...}
confluence_screen_shots = None

    def test_1_selenium_zscale_view_test_cases_by_project_macro_in_page(confluence_webdriver, confluence_datasets, confluence_screen_shots):
>       extension_ui.zscale_view_test_cases_by_project_macro_in_page(confluence_webdriver, confluence_datasets)

selenium_ui/confluence_ui.py:54: 
_ _ _ _ _ _ _ _ _ _ _ _ _ _ _ _ _ _ _ _ _ _ _ _ _ _ _ _ _ _ _ _ _ _ _ _ _ _ _ _ 
extension/confluence/extension_ui.py:104: in zscale_view_test_cases_by_project_macro_in_page
    measure()
_ _ _ _ _ _ _ _ _ _ _ _ _ _ _ _ _ _ _ _ _ _ _ _ _ _ _ _ _ _ _ _ _ _ _ _ _ _ _ _ 

args = (), kwargs = {}, node_ip = '', start = 1686737025.7544198
error_msg = 'Failed measure: view_test_cases_by_project_action - TimeoutException'
full_exception = TimeoutException(), success = False
exc_type = <class 'selenium.common.exceptions.TimeoutException'>
end = 1686737046.0718303, timing = '20317'
lockfile = '/dc-app-performance-toolkit/app/results/confluence/2023-06-14_09-17-37/selenium.jtl.lock'

    @functools.wraps(func)
    def wrapper(*args, **kwargs):
        if LOGIN_ACTION_NAME in interaction:
            globals.login_failed = False
        if globals.login_failed:
            pytest.skip("login is failed")
        node_ip = ""
        start = time.time()
        error_msg = 'Success'
        full_exception = ''
        if args:
            driver = [arg for arg in args if isinstance(arg, Chrome)]
            node_ip = "" if not driver else getattr(driver[0], "node_ip", "")
        try:
            func(*args, **kwargs)
            success = True
        except Exception:
            success = False
            # https://docs.python.org/2/library/sys.html#sys.exc_info
            exc_type, full_exception = sys.exc_info()[:2]
            error_msg = f"Failed measure: {interaction} - {exc_type.__name__}"
        end = time.time()
        timing = str(int((end - start) * 1000))
    
        lockfile = f'{selenium_results_file}.lock'
    
        with filelock.SoftFileLock(lockfile):
            with open(selenium_results_file, "a+") as jtl_file:
                timestamp = round(time.time() * 1000)
                if explicit_timing:
                    jtl_file.write(f"{timestamp},{explicit_timing*1000},{interaction},,{error_msg},"
                                   f",{success},0,0,0,0,,0\n")
                else:
                    jtl_file.write(f"{timestamp},{timing},{interaction},,{error_msg}"
                                   f",,{success},0,0,0,0,{node_ip},0\n")
    
        print(f"{timestamp},{timing},{interaction},{error_msg},{success},{node_ip}")
    
        if not success:
            if LOGIN_ACTION_NAME in interaction:
                globals.login_failed = True
>           raise Exception(error_msg, full_exception)
E           Exception: ('Failed measure: view_test_cases_by_project_action - TimeoutException', TimeoutException())

selenium_ui/conftest.py:171: Exception
06-14-2023, 10:04:27, 1686737067879, Action: test_1_selenium_zscale_view_test_cases_by_folder_macro_in_page, Error: confluence_webdriver = <selenium.webdriver.chrome.webdriver.WebDriver (session="6bf31e0c1b3bdb91a6c7f182fe7ec803")>
confluence_datasets = {'blog_id': '37009199', 'blogs': [['37623915', 'MBSC', '1'], ['37624433', 'IAC', '1'], ['37624169', 'HRBH', '1'], ['37...6', 'IFE', '1'], ...], 'create_comment_page': ['33320081', 'HCVWD', 'small_text_7'], 'custom_page_id': '43548673', ...}
confluence_screen_shots = None

    def test_1_selenium_zscale_view_test_cases_by_folder_macro_in_page(confluence_webdriver, confluence_datasets, confluence_screen_shots):
>       extension_ui.zscale_view_test_cases_by_folder_macro_in_page(confluence_webdriver, confluence_datasets)

selenium_ui/confluence_ui.py:57: 
_ _ _ _ _ _ _ _ _ _ _ _ _ _ _ _ _ _ _ _ _ _ _ _ _ _ _ _ _ _ _ _ _ _ _ _ _ _ _ _ 
extension/confluence/extension_ui.py:133: in zscale_view_test_cases_by_folder_macro_in_page
    measure()
_ _ _ _ _ _ _ _ _ _ _ _ _ _ _ _ _ _ _ _ _ _ _ _ _ _ _ _ _ _ _ _ _ _ _ _ _ _ _ _ 

args = (), kwargs = {}, node_ip = '', start = 1686737047.4637816
error_msg = 'Failed measure: view_test_cases_by_folder_action - TimeoutException'
full_exception = TimeoutException(), success = False
exc_type = <class 'selenium.common.exceptions.TimeoutException'>
end = 1686737067.8671532, timing = '20403'
lockfile = '/dc-app-performance-toolkit/app/results/confluence/2023-06-14_09-17-37/selenium.jtl.lock'

    @functools.wraps(func)
    def wrapper(*args, **kwargs):
        if LOGIN_ACTION_NAME in interaction:
            globals.login_failed = False
        if globals.login_failed:
            pytest.skip("login is failed")
        node_ip = ""
        start = time.time()
        error_msg = 'Success'
        full_exception = ''
        if args:
            driver = [arg for arg in args if isinstance(arg, Chrome)]
            node_ip = "" if not driver else getattr(driver[0], "node_ip", "")
        try:
            func(*args, **kwargs)
            success = True
        except Exception:
            success = False
            # https://docs.python.org/2/library/sys.html#sys.exc_info
            exc_type, full_exception = sys.exc_info()[:2]
            error_msg = f"Failed measure: {interaction} - {exc_type.__name__}"
        end = time.time()
        timing = str(int((end - start) * 1000))
    
        lockfile = f'{selenium_results_file}.lock'
    
        with filelock.SoftFileLock(lockfile):
            with open(selenium_results_file, "a+") as jtl_file:
                timestamp = round(time.time() * 1000)
                if explicit_timing:
                    jtl_file.write(f"{timestamp},{explicit_timing*1000},{interaction},,{error_msg},"
                                   f",{success},0,0,0,0,,0\n")
                else:
                    jtl_file.write(f"{timestamp},{timing},{interaction},,{error_msg}"
                                   f",,{success},0,0,0,0,{node_ip},0\n")
    
        print(f"{timestamp},{timing},{interaction},{error_msg},{success},{node_ip}")
    
        if not success:
            if LOGIN_ACTION_NAME in interaction:
                globals.login_failed = True
>           raise Exception(error_msg, full_exception)
E           Exception: ('Failed measure: view_test_cases_by_folder_action - TimeoutException', TimeoutException())

selenium_ui/conftest.py:171: Exception
