04-27-2022, 11:03:09, 1651057389740, Action: test_1_selenium_zscale_view_test_case_in_issue_view, Error: jira_webdriver = <selenium.webdriver.chrome.webdriver.WebDriver (session="cd23560879c09253cda3102213f36dda")>
jira_datasets = {'custom_issues': [], 'issue_id': '209697', 'issue_key': 'AAFAIA-4189', 'issues': [['AABIS-1', '914565', 'AABIS'], ['A...', 'AABIS'], ['AABIS-4', '914568', 'AABIS'], ['AABIS-5', '914569', 'AABIS'], ['AABIS-6', '914570', 'AABIS'], ...], ...}
jira_screen_shots = None

    def test_1_selenium_zscale_view_test_case_in_issue_view(jira_webdriver, jira_datasets, jira_screen_shots):
>       extension_ui.zscale_view_test_case_in_issue_view(jira_webdriver, jira_datasets)

selenium_ui/jira_ui.py:67: 
_ _ _ _ _ _ _ _ _ _ _ _ _ _ _ _ _ _ _ _ _ _ _ _ _ _ _ _ _ _ _ _ _ _ _ _ _ _ _ _ 

webdriver = <selenium.webdriver.chrome.webdriver.WebDriver (session="cd23560879c09253cda3102213f36dda")>
datasets = {'custom_issues': [], 'issue_id': '209697', 'issue_key': 'AAFAIA-4189', 'issues': [['AABIS-1', '914565', 'AABIS'], ['A...', 'AABIS'], ['AABIS-4', '914568', 'AABIS'], ['AABIS-5', '914569', 'AABIS'], ['AABIS-6', '914570', 'AABIS'], ...], ...}

    def zscale_view_test_case_in_issue_view(webdriver, datasets):
        page = BasePage(webdriver)
>       issue_key = datasets['custom_issue_key']
    
        @print_timing("zephyr_scale_view_test_case_in_issue_view")
E       KeyError: 'custom_issue_key'

extension/jira/extension_ui.py:47: KeyError
04-27-2022, 11:03:10, 1651057390946, Action: test_1_selenium_zscale_view_test_cycle_in_issue_view, Error: jira_webdriver = <selenium.webdriver.chrome.webdriver.WebDriver (session="cd23560879c09253cda3102213f36dda")>
jira_datasets = {'custom_issues': [], 'issue_id': '209697', 'issue_key': 'AAFAIA-4189', 'issues': [['AABIS-1', '914565', 'AABIS'], ['A...', 'AABIS'], ['AABIS-4', '914568', 'AABIS'], ['AABIS-5', '914569', 'AABIS'], ['AABIS-6', '914570', 'AABIS'], ...], ...}
jira_screen_shots = None

    def test_1_selenium_zscale_view_test_cycle_in_issue_view(jira_webdriver, jira_datasets, jira_screen_shots):
>       extension_ui.zscale_view_test_cycle_in_issue_view(jira_webdriver, jira_datasets)

selenium_ui/jira_ui.py:70: 
_ _ _ _ _ _ _ _ _ _ _ _ _ _ _ _ _ _ _ _ _ _ _ _ _ _ _ _ _ _ _ _ _ _ _ _ _ _ _ _ 

webdriver = <selenium.webdriver.chrome.webdriver.WebDriver (session="cd23560879c09253cda3102213f36dda")>
datasets = {'custom_issues': [], 'issue_id': '209697', 'issue_key': 'AAFAIA-4189', 'issues': [['AABIS-1', '914565', 'AABIS'], ['A...', 'AABIS'], ['AABIS-4', '914568', 'AABIS'], ['AABIS-5', '914569', 'AABIS'], ['AABIS-6', '914570', 'AABIS'], ...], ...}

    def zscale_view_test_cycle_in_issue_view(webdriver, datasets):
        page = BasePage(webdriver)
>       issue_key = datasets['custom_issue_key']
    
        @print_timing("zephyr_scale_view_test_cycle_in_issue_view")
E       KeyError: 'custom_issue_key'

extension/jira/extension_ui.py:58: KeyError
04-27-2022, 11:03:11, 1651057391592, Action: test_1_selenium_zscale_view_test_plan_in_issue_view, Error: jira_webdriver = <selenium.webdriver.chrome.webdriver.WebDriver (session="cd23560879c09253cda3102213f36dda")>
jira_datasets = {'custom_issues': [], 'issue_id': '209697', 'issue_key': 'AAFAIA-4189', 'issues': [['AABIS-1', '914565', 'AABIS'], ['A...', 'AABIS'], ['AABIS-4', '914568', 'AABIS'], ['AABIS-5', '914569', 'AABIS'], ['AABIS-6', '914570', 'AABIS'], ...], ...}
jira_screen_shots = None

    def test_1_selenium_zscale_view_test_plan_in_issue_view(jira_webdriver, jira_datasets, jira_screen_shots):
>       extension_ui.zscale_view_test_plan_in_issue_view(jira_webdriver, jira_datasets)

selenium_ui/jira_ui.py:73: 
_ _ _ _ _ _ _ _ _ _ _ _ _ _ _ _ _ _ _ _ _ _ _ _ _ _ _ _ _ _ _ _ _ _ _ _ _ _ _ _ 

webdriver = <selenium.webdriver.chrome.webdriver.WebDriver (session="cd23560879c09253cda3102213f36dda")>
datasets = {'custom_issues': [], 'issue_id': '209697', 'issue_key': 'AAFAIA-4189', 'issues': [['AABIS-1', '914565', 'AABIS'], ['A...', 'AABIS'], ['AABIS-4', '914568', 'AABIS'], ['AABIS-5', '914569', 'AABIS'], ['AABIS-6', '914570', 'AABIS'], ...], ...}

    def zscale_view_test_plan_in_issue_view(webdriver, datasets):
        page = BasePage(webdriver)
>       issue_key = datasets['custom_issue_key']
    
        @print_timing("zephyr_scale_view_test_plan_in_issue_view")
E       KeyError: 'custom_issue_key'

extension/jira/extension_ui.py:69: KeyError
04-27-2022, 11:03:27, 1651057407751, Action: test_1_selenium_zscale_view_test_case_in_issue_view, Error: jira_webdriver = <selenium.webdriver.chrome.webdriver.WebDriver (session="cd23560879c09253cda3102213f36dda")>
jira_datasets = {'custom_issues': [], 'issue_id': '205579', 'issue_key': 'AAFAIA-71', 'issues': [['AABIS-1', '914565', 'AABIS'], ['AAB...', 'AABIS'], ['AABIS-4', '914568', 'AABIS'], ['AABIS-5', '914569', 'AABIS'], ['AABIS-6', '914570', 'AABIS'], ...], ...}
jira_screen_shots = None

    def test_1_selenium_zscale_view_test_case_in_issue_view(jira_webdriver, jira_datasets, jira_screen_shots):
>       extension_ui.zscale_view_test_case_in_issue_view(jira_webdriver, jira_datasets)

selenium_ui/jira_ui.py:67: 
_ _ _ _ _ _ _ _ _ _ _ _ _ _ _ _ _ _ _ _ _ _ _ _ _ _ _ _ _ _ _ _ _ _ _ _ _ _ _ _ 

webdriver = <selenium.webdriver.chrome.webdriver.WebDriver (session="cd23560879c09253cda3102213f36dda")>
datasets = {'custom_issues': [], 'issue_id': '205579', 'issue_key': 'AAFAIA-71', 'issues': [['AABIS-1', '914565', 'AABIS'], ['AAB...', 'AABIS'], ['AABIS-4', '914568', 'AABIS'], ['AABIS-5', '914569', 'AABIS'], ['AABIS-6', '914570', 'AABIS'], ...], ...}

    def zscale_view_test_case_in_issue_view(webdriver, datasets):
        page = BasePage(webdriver)
>       issue_key = datasets['custom_issue_key']
    
        @print_timing("zephyr_scale_view_test_case_in_issue_view")
E       KeyError: 'custom_issue_key'

extension/jira/extension_ui.py:47: KeyError
04-27-2022, 11:03:28, 1651057408251, Action: test_1_selenium_zscale_view_test_cycle_in_issue_view, Error: jira_webdriver = <selenium.webdriver.chrome.webdriver.WebDriver (session="cd23560879c09253cda3102213f36dda")>
jira_datasets = {'custom_issues': [], 'issue_id': '205579', 'issue_key': 'AAFAIA-71', 'issues': [['AABIS-1', '914565', 'AABIS'], ['AAB...', 'AABIS'], ['AABIS-4', '914568', 'AABIS'], ['AABIS-5', '914569', 'AABIS'], ['AABIS-6', '914570', 'AABIS'], ...], ...}
jira_screen_shots = None

    def test_1_selenium_zscale_view_test_cycle_in_issue_view(jira_webdriver, jira_datasets, jira_screen_shots):
>       extension_ui.zscale_view_test_cycle_in_issue_view(jira_webdriver, jira_datasets)

selenium_ui/jira_ui.py:70: 
_ _ _ _ _ _ _ _ _ _ _ _ _ _ _ _ _ _ _ _ _ _ _ _ _ _ _ _ _ _ _ _ _ _ _ _ _ _ _ _ 

webdriver = <selenium.webdriver.chrome.webdriver.WebDriver (session="cd23560879c09253cda3102213f36dda")>
datasets = {'custom_issues': [], 'issue_id': '205579', 'issue_key': 'AAFAIA-71', 'issues': [['AABIS-1', '914565', 'AABIS'], ['AAB...', 'AABIS'], ['AABIS-4', '914568', 'AABIS'], ['AABIS-5', '914569', 'AABIS'], ['AABIS-6', '914570', 'AABIS'], ...], ...}

    def zscale_view_test_cycle_in_issue_view(webdriver, datasets):
        page = BasePage(webdriver)
>       issue_key = datasets['custom_issue_key']
    
        @print_timing("zephyr_scale_view_test_cycle_in_issue_view")
E       KeyError: 'custom_issue_key'

extension/jira/extension_ui.py:58: KeyError
04-27-2022, 11:03:28, 1651057408896, Action: test_1_selenium_zscale_view_test_plan_in_issue_view, Error: jira_webdriver = <selenium.webdriver.chrome.webdriver.WebDriver (session="cd23560879c09253cda3102213f36dda")>
jira_datasets = {'custom_issues': [], 'issue_id': '205579', 'issue_key': 'AAFAIA-71', 'issues': [['AABIS-1', '914565', 'AABIS'], ['AAB...', 'AABIS'], ['AABIS-4', '914568', 'AABIS'], ['AABIS-5', '914569', 'AABIS'], ['AABIS-6', '914570', 'AABIS'], ...], ...}
jira_screen_shots = None

    def test_1_selenium_zscale_view_test_plan_in_issue_view(jira_webdriver, jira_datasets, jira_screen_shots):
>       extension_ui.zscale_view_test_plan_in_issue_view(jira_webdriver, jira_datasets)

selenium_ui/jira_ui.py:73: 
_ _ _ _ _ _ _ _ _ _ _ _ _ _ _ _ _ _ _ _ _ _ _ _ _ _ _ _ _ _ _ _ _ _ _ _ _ _ _ _ 

webdriver = <selenium.webdriver.chrome.webdriver.WebDriver (session="cd23560879c09253cda3102213f36dda")>
datasets = {'custom_issues': [], 'issue_id': '205579', 'issue_key': 'AAFAIA-71', 'issues': [['AABIS-1', '914565', 'AABIS'], ['AAB...', 'AABIS'], ['AABIS-4', '914568', 'AABIS'], ['AABIS-5', '914569', 'AABIS'], ['AABIS-6', '914570', 'AABIS'], ...], ...}

    def zscale_view_test_plan_in_issue_view(webdriver, datasets):
        page = BasePage(webdriver)
>       issue_key = datasets['custom_issue_key']
    
        @print_timing("zephyr_scale_view_test_plan_in_issue_view")
E       KeyError: 'custom_issue_key'

extension/jira/extension_ui.py:69: KeyError
04-27-2022, 11:03:42, 1651057422881, Action: test_1_selenium_zscale_view_test_case_in_issue_view, Error: jira_webdriver = <selenium.webdriver.chrome.webdriver.WebDriver (session="cd23560879c09253cda3102213f36dda")>
jira_datasets = {'custom_issues': [], 'issue_id': '206224', 'issue_key': 'AAFAIA-716', 'issues': [['AABIS-1', '914565', 'AABIS'], ['AA...', 'AABIS'], ['AABIS-4', '914568', 'AABIS'], ['AABIS-5', '914569', 'AABIS'], ['AABIS-6', '914570', 'AABIS'], ...], ...}
jira_screen_shots = None

    def test_1_selenium_zscale_view_test_case_in_issue_view(jira_webdriver, jira_datasets, jira_screen_shots):
>       extension_ui.zscale_view_test_case_in_issue_view(jira_webdriver, jira_datasets)

selenium_ui/jira_ui.py:67: 
_ _ _ _ _ _ _ _ _ _ _ _ _ _ _ _ _ _ _ _ _ _ _ _ _ _ _ _ _ _ _ _ _ _ _ _ _ _ _ _ 

webdriver = <selenium.webdriver.chrome.webdriver.WebDriver (session="cd23560879c09253cda3102213f36dda")>
datasets = {'custom_issues': [], 'issue_id': '206224', 'issue_key': 'AAFAIA-716', 'issues': [['AABIS-1', '914565', 'AABIS'], ['AA...', 'AABIS'], ['AABIS-4', '914568', 'AABIS'], ['AABIS-5', '914569', 'AABIS'], ['AABIS-6', '914570', 'AABIS'], ...], ...}

    def zscale_view_test_case_in_issue_view(webdriver, datasets):
        page = BasePage(webdriver)
>       issue_key = datasets['custom_issue_key']
    
        @print_timing("zephyr_scale_view_test_case_in_issue_view")
E       KeyError: 'custom_issue_key'

extension/jira/extension_ui.py:47: KeyError
04-27-2022, 11:03:43, 1651057423378, Action: test_1_selenium_zscale_view_test_cycle_in_issue_view, Error: jira_webdriver = <selenium.webdriver.chrome.webdriver.WebDriver (session="cd23560879c09253cda3102213f36dda")>
jira_datasets = {'custom_issues': [], 'issue_id': '206224', 'issue_key': 'AAFAIA-716', 'issues': [['AABIS-1', '914565', 'AABIS'], ['AA...', 'AABIS'], ['AABIS-4', '914568', 'AABIS'], ['AABIS-5', '914569', 'AABIS'], ['AABIS-6', '914570', 'AABIS'], ...], ...}
jira_screen_shots = None

    def test_1_selenium_zscale_view_test_cycle_in_issue_view(jira_webdriver, jira_datasets, jira_screen_shots):
>       extension_ui.zscale_view_test_cycle_in_issue_view(jira_webdriver, jira_datasets)

selenium_ui/jira_ui.py:70: 
_ _ _ _ _ _ _ _ _ _ _ _ _ _ _ _ _ _ _ _ _ _ _ _ _ _ _ _ _ _ _ _ _ _ _ _ _ _ _ _ 

webdriver = <selenium.webdriver.chrome.webdriver.WebDriver (session="cd23560879c09253cda3102213f36dda")>
datasets = {'custom_issues': [], 'issue_id': '206224', 'issue_key': 'AAFAIA-716', 'issues': [['AABIS-1', '914565', 'AABIS'], ['AA...', 'AABIS'], ['AABIS-4', '914568', 'AABIS'], ['AABIS-5', '914569', 'AABIS'], ['AABIS-6', '914570', 'AABIS'], ...], ...}

    def zscale_view_test_cycle_in_issue_view(webdriver, datasets):
        page = BasePage(webdriver)
>       issue_key = datasets['custom_issue_key']
    
        @print_timing("zephyr_scale_view_test_cycle_in_issue_view")
E       KeyError: 'custom_issue_key'

extension/jira/extension_ui.py:58: KeyError
04-27-2022, 11:03:43, 1651057423996, Action: test_1_selenium_zscale_view_test_plan_in_issue_view, Error: jira_webdriver = <selenium.webdriver.chrome.webdriver.WebDriver (session="cd23560879c09253cda3102213f36dda")>
jira_datasets = {'custom_issues': [], 'issue_id': '206224', 'issue_key': 'AAFAIA-716', 'issues': [['AABIS-1', '914565', 'AABIS'], ['AA...', 'AABIS'], ['AABIS-4', '914568', 'AABIS'], ['AABIS-5', '914569', 'AABIS'], ['AABIS-6', '914570', 'AABIS'], ...], ...}
jira_screen_shots = None

    def test_1_selenium_zscale_view_test_plan_in_issue_view(jira_webdriver, jira_datasets, jira_screen_shots):
>       extension_ui.zscale_view_test_plan_in_issue_view(jira_webdriver, jira_datasets)

selenium_ui/jira_ui.py:73: 
_ _ _ _ _ _ _ _ _ _ _ _ _ _ _ _ _ _ _ _ _ _ _ _ _ _ _ _ _ _ _ _ _ _ _ _ _ _ _ _ 

webdriver = <selenium.webdriver.chrome.webdriver.WebDriver (session="cd23560879c09253cda3102213f36dda")>
datasets = {'custom_issues': [], 'issue_id': '206224', 'issue_key': 'AAFAIA-716', 'issues': [['AABIS-1', '914565', 'AABIS'], ['AA...', 'AABIS'], ['AABIS-4', '914568', 'AABIS'], ['AABIS-5', '914569', 'AABIS'], ['AABIS-6', '914570', 'AABIS'], ...], ...}

    def zscale_view_test_plan_in_issue_view(webdriver, datasets):
        page = BasePage(webdriver)
>       issue_key = datasets['custom_issue_key']
    
        @print_timing("zephyr_scale_view_test_plan_in_issue_view")
E       KeyError: 'custom_issue_key'

extension/jira/extension_ui.py:69: KeyError
04-27-2022, 11:03:58, 1651057438361, Action: test_1_selenium_zscale_view_test_case_in_issue_view, Error: jira_webdriver = <selenium.webdriver.chrome.webdriver.WebDriver (session="cd23560879c09253cda3102213f36dda")>
jira_datasets = {'custom_issues': [], 'issue_id': '914659', 'issue_key': 'AABIS-95', 'issues': [['AABIS-1', '914565', 'AABIS'], ['AABI...', 'AABIS'], ['AABIS-4', '914568', 'AABIS'], ['AABIS-5', '914569', 'AABIS'], ['AABIS-6', '914570', 'AABIS'], ...], ...}
jira_screen_shots = None

    def test_1_selenium_zscale_view_test_case_in_issue_view(jira_webdriver, jira_datasets, jira_screen_shots):
>       extension_ui.zscale_view_test_case_in_issue_view(jira_webdriver, jira_datasets)

selenium_ui/jira_ui.py:67: 
_ _ _ _ _ _ _ _ _ _ _ _ _ _ _ _ _ _ _ _ _ _ _ _ _ _ _ _ _ _ _ _ _ _ _ _ _ _ _ _ 

webdriver = <selenium.webdriver.chrome.webdriver.WebDriver (session="cd23560879c09253cda3102213f36dda")>
datasets = {'custom_issues': [], 'issue_id': '914659', 'issue_key': 'AABIS-95', 'issues': [['AABIS-1', '914565', 'AABIS'], ['AABI...', 'AABIS'], ['AABIS-4', '914568', 'AABIS'], ['AABIS-5', '914569', 'AABIS'], ['AABIS-6', '914570', 'AABIS'], ...], ...}

    def zscale_view_test_case_in_issue_view(webdriver, datasets):
        page = BasePage(webdriver)
>       issue_key = datasets['custom_issue_key']
    
        @print_timing("zephyr_scale_view_test_case_in_issue_view")
E       KeyError: 'custom_issue_key'

extension/jira/extension_ui.py:47: KeyError
04-27-2022, 11:03:58, 1651057438895, Action: test_1_selenium_zscale_view_test_cycle_in_issue_view, Error: jira_webdriver = <selenium.webdriver.chrome.webdriver.WebDriver (session="cd23560879c09253cda3102213f36dda")>
jira_datasets = {'custom_issues': [], 'issue_id': '914659', 'issue_key': 'AABIS-95', 'issues': [['AABIS-1', '914565', 'AABIS'], ['AABI...', 'AABIS'], ['AABIS-4', '914568', 'AABIS'], ['AABIS-5', '914569', 'AABIS'], ['AABIS-6', '914570', 'AABIS'], ...], ...}
jira_screen_shots = None

    def test_1_selenium_zscale_view_test_cycle_in_issue_view(jira_webdriver, jira_datasets, jira_screen_shots):
>       extension_ui.zscale_view_test_cycle_in_issue_view(jira_webdriver, jira_datasets)

selenium_ui/jira_ui.py:70: 
_ _ _ _ _ _ _ _ _ _ _ _ _ _ _ _ _ _ _ _ _ _ _ _ _ _ _ _ _ _ _ _ _ _ _ _ _ _ _ _ 

webdriver = <selenium.webdriver.chrome.webdriver.WebDriver (session="cd23560879c09253cda3102213f36dda")>
datasets = {'custom_issues': [], 'issue_id': '914659', 'issue_key': 'AABIS-95', 'issues': [['AABIS-1', '914565', 'AABIS'], ['AABI...', 'AABIS'], ['AABIS-4', '914568', 'AABIS'], ['AABIS-5', '914569', 'AABIS'], ['AABIS-6', '914570', 'AABIS'], ...], ...}

    def zscale_view_test_cycle_in_issue_view(webdriver, datasets):
        page = BasePage(webdriver)
>       issue_key = datasets['custom_issue_key']
    
        @print_timing("zephyr_scale_view_test_cycle_in_issue_view")
E       KeyError: 'custom_issue_key'

extension/jira/extension_ui.py:58: KeyError
04-27-2022, 11:03:59, 1651057439462, Action: test_1_selenium_zscale_view_test_plan_in_issue_view, Error: jira_webdriver = <selenium.webdriver.chrome.webdriver.WebDriver (session="cd23560879c09253cda3102213f36dda")>
jira_datasets = {'custom_issues': [], 'issue_id': '914659', 'issue_key': 'AABIS-95', 'issues': [['AABIS-1', '914565', 'AABIS'], ['AABI...', 'AABIS'], ['AABIS-4', '914568', 'AABIS'], ['AABIS-5', '914569', 'AABIS'], ['AABIS-6', '914570', 'AABIS'], ...], ...}
jira_screen_shots = None

    def test_1_selenium_zscale_view_test_plan_in_issue_view(jira_webdriver, jira_datasets, jira_screen_shots):
>       extension_ui.zscale_view_test_plan_in_issue_view(jira_webdriver, jira_datasets)

selenium_ui/jira_ui.py:73: 
_ _ _ _ _ _ _ _ _ _ _ _ _ _ _ _ _ _ _ _ _ _ _ _ _ _ _ _ _ _ _ _ _ _ _ _ _ _ _ _ 

webdriver = <selenium.webdriver.chrome.webdriver.WebDriver (session="cd23560879c09253cda3102213f36dda")>
datasets = {'custom_issues': [], 'issue_id': '914659', 'issue_key': 'AABIS-95', 'issues': [['AABIS-1', '914565', 'AABIS'], ['AABI...', 'AABIS'], ['AABIS-4', '914568', 'AABIS'], ['AABIS-5', '914569', 'AABIS'], ['AABIS-6', '914570', 'AABIS'], ...], ...}

    def zscale_view_test_plan_in_issue_view(webdriver, datasets):
        page = BasePage(webdriver)
>       issue_key = datasets['custom_issue_key']
    
        @print_timing("zephyr_scale_view_test_plan_in_issue_view")
E       KeyError: 'custom_issue_key'

extension/jira/extension_ui.py:69: KeyError
04-27-2022, 11:04:14, 1651057454102, Action: test_1_selenium_zscale_view_test_case_in_issue_view, Error: jira_webdriver = <selenium.webdriver.chrome.webdriver.WebDriver (session="cd23560879c09253cda3102213f36dda")>
jira_datasets = {'custom_issues': [], 'issue_id': '206823', 'issue_key': 'AAFAIA-1315', 'issues': [['AABIS-1', '914565', 'AABIS'], ['A...', 'AABIS'], ['AABIS-4', '914568', 'AABIS'], ['AABIS-5', '914569', 'AABIS'], ['AABIS-6', '914570', 'AABIS'], ...], ...}
jira_screen_shots = None

    def test_1_selenium_zscale_view_test_case_in_issue_view(jira_webdriver, jira_datasets, jira_screen_shots):
>       extension_ui.zscale_view_test_case_in_issue_view(jira_webdriver, jira_datasets)

selenium_ui/jira_ui.py:67: 
_ _ _ _ _ _ _ _ _ _ _ _ _ _ _ _ _ _ _ _ _ _ _ _ _ _ _ _ _ _ _ _ _ _ _ _ _ _ _ _ 

webdriver = <selenium.webdriver.chrome.webdriver.WebDriver (session="cd23560879c09253cda3102213f36dda")>
datasets = {'custom_issues': [], 'issue_id': '206823', 'issue_key': 'AAFAIA-1315', 'issues': [['AABIS-1', '914565', 'AABIS'], ['A...', 'AABIS'], ['AABIS-4', '914568', 'AABIS'], ['AABIS-5', '914569', 'AABIS'], ['AABIS-6', '914570', 'AABIS'], ...], ...}

    def zscale_view_test_case_in_issue_view(webdriver, datasets):
        page = BasePage(webdriver)
>       issue_key = datasets['custom_issue_key']
    
        @print_timing("zephyr_scale_view_test_case_in_issue_view")
E       KeyError: 'custom_issue_key'

extension/jira/extension_ui.py:47: KeyError
04-27-2022, 11:04:14, 1651057454756, Action: test_1_selenium_zscale_view_test_cycle_in_issue_view, Error: jira_webdriver = <selenium.webdriver.chrome.webdriver.WebDriver (session="cd23560879c09253cda3102213f36dda")>
jira_datasets = {'custom_issues': [], 'issue_id': '206823', 'issue_key': 'AAFAIA-1315', 'issues': [['AABIS-1', '914565', 'AABIS'], ['A...', 'AABIS'], ['AABIS-4', '914568', 'AABIS'], ['AABIS-5', '914569', 'AABIS'], ['AABIS-6', '914570', 'AABIS'], ...], ...}
jira_screen_shots = None

    def test_1_selenium_zscale_view_test_cycle_in_issue_view(jira_webdriver, jira_datasets, jira_screen_shots):
>       extension_ui.zscale_view_test_cycle_in_issue_view(jira_webdriver, jira_datasets)

selenium_ui/jira_ui.py:70: 
_ _ _ _ _ _ _ _ _ _ _ _ _ _ _ _ _ _ _ _ _ _ _ _ _ _ _ _ _ _ _ _ _ _ _ _ _ _ _ _ 

webdriver = <selenium.webdriver.chrome.webdriver.WebDriver (session="cd23560879c09253cda3102213f36dda")>
datasets = {'custom_issues': [], 'issue_id': '206823', 'issue_key': 'AAFAIA-1315', 'issues': [['AABIS-1', '914565', 'AABIS'], ['A...', 'AABIS'], ['AABIS-4', '914568', 'AABIS'], ['AABIS-5', '914569', 'AABIS'], ['AABIS-6', '914570', 'AABIS'], ...], ...}

    def zscale_view_test_cycle_in_issue_view(webdriver, datasets):
        page = BasePage(webdriver)
>       issue_key = datasets['custom_issue_key']
    
        @print_timing("zephyr_scale_view_test_cycle_in_issue_view")
E       KeyError: 'custom_issue_key'

extension/jira/extension_ui.py:58: KeyError
04-27-2022, 11:04:15, 1651057455340, Action: test_1_selenium_zscale_view_test_plan_in_issue_view, Error: jira_webdriver = <selenium.webdriver.chrome.webdriver.WebDriver (session="cd23560879c09253cda3102213f36dda")>
jira_datasets = {'custom_issues': [], 'issue_id': '206823', 'issue_key': 'AAFAIA-1315', 'issues': [['AABIS-1', '914565', 'AABIS'], ['A...', 'AABIS'], ['AABIS-4', '914568', 'AABIS'], ['AABIS-5', '914569', 'AABIS'], ['AABIS-6', '914570', 'AABIS'], ...], ...}
jira_screen_shots = None

    def test_1_selenium_zscale_view_test_plan_in_issue_view(jira_webdriver, jira_datasets, jira_screen_shots):
>       extension_ui.zscale_view_test_plan_in_issue_view(jira_webdriver, jira_datasets)

selenium_ui/jira_ui.py:73: 
_ _ _ _ _ _ _ _ _ _ _ _ _ _ _ _ _ _ _ _ _ _ _ _ _ _ _ _ _ _ _ _ _ _ _ _ _ _ _ _ 

webdriver = <selenium.webdriver.chrome.webdriver.WebDriver (session="cd23560879c09253cda3102213f36dda")>
datasets = {'custom_issues': [], 'issue_id': '206823', 'issue_key': 'AAFAIA-1315', 'issues': [['AABIS-1', '914565', 'AABIS'], ['A...', 'AABIS'], ['AABIS-4', '914568', 'AABIS'], ['AABIS-5', '914569', 'AABIS'], ['AABIS-6', '914570', 'AABIS'], ...], ...}

    def zscale_view_test_plan_in_issue_view(webdriver, datasets):
        page = BasePage(webdriver)
>       issue_key = datasets['custom_issue_key']
    
        @print_timing("zephyr_scale_view_test_plan_in_issue_view")
E       KeyError: 'custom_issue_key'

extension/jira/extension_ui.py:69: KeyError
04-27-2022, 11:04:29, 1651057469685, Action: test_1_selenium_zscale_view_test_case_in_issue_view, Error: jira_webdriver = <selenium.webdriver.chrome.webdriver.WebDriver (session="cd23560879c09253cda3102213f36dda")>
jira_datasets = {'custom_issues': [], 'issue_id': '208976', 'issue_key': 'AAFAIA-3468', 'issues': [['AABIS-1', '914565', 'AABIS'], ['A...', 'AABIS'], ['AABIS-4', '914568', 'AABIS'], ['AABIS-5', '914569', 'AABIS'], ['AABIS-6', '914570', 'AABIS'], ...], ...}
jira_screen_shots = None

    def test_1_selenium_zscale_view_test_case_in_issue_view(jira_webdriver, jira_datasets, jira_screen_shots):
>       extension_ui.zscale_view_test_case_in_issue_view(jira_webdriver, jira_datasets)

selenium_ui/jira_ui.py:67: 
_ _ _ _ _ _ _ _ _ _ _ _ _ _ _ _ _ _ _ _ _ _ _ _ _ _ _ _ _ _ _ _ _ _ _ _ _ _ _ _ 

webdriver = <selenium.webdriver.chrome.webdriver.WebDriver (session="cd23560879c09253cda3102213f36dda")>
datasets = {'custom_issues': [], 'issue_id': '208976', 'issue_key': 'AAFAIA-3468', 'issues': [['AABIS-1', '914565', 'AABIS'], ['A...', 'AABIS'], ['AABIS-4', '914568', 'AABIS'], ['AABIS-5', '914569', 'AABIS'], ['AABIS-6', '914570', 'AABIS'], ...], ...}

    def zscale_view_test_case_in_issue_view(webdriver, datasets):
        page = BasePage(webdriver)
>       issue_key = datasets['custom_issue_key']
    
        @print_timing("zephyr_scale_view_test_case_in_issue_view")
E       KeyError: 'custom_issue_key'

extension/jira/extension_ui.py:47: KeyError
04-27-2022, 11:04:30, 1651057470151, Action: test_1_selenium_zscale_view_test_cycle_in_issue_view, Error: jira_webdriver = <selenium.webdriver.chrome.webdriver.WebDriver (session="cd23560879c09253cda3102213f36dda")>
jira_datasets = {'custom_issues': [], 'issue_id': '208976', 'issue_key': 'AAFAIA-3468', 'issues': [['AABIS-1', '914565', 'AABIS'], ['A...', 'AABIS'], ['AABIS-4', '914568', 'AABIS'], ['AABIS-5', '914569', 'AABIS'], ['AABIS-6', '914570', 'AABIS'], ...], ...}
jira_screen_shots = None

    def test_1_selenium_zscale_view_test_cycle_in_issue_view(jira_webdriver, jira_datasets, jira_screen_shots):
>       extension_ui.zscale_view_test_cycle_in_issue_view(jira_webdriver, jira_datasets)

selenium_ui/jira_ui.py:70: 
_ _ _ _ _ _ _ _ _ _ _ _ _ _ _ _ _ _ _ _ _ _ _ _ _ _ _ _ _ _ _ _ _ _ _ _ _ _ _ _ 

webdriver = <selenium.webdriver.chrome.webdriver.WebDriver (session="cd23560879c09253cda3102213f36dda")>
datasets = {'custom_issues': [], 'issue_id': '208976', 'issue_key': 'AAFAIA-3468', 'issues': [['AABIS-1', '914565', 'AABIS'], ['A...', 'AABIS'], ['AABIS-4', '914568', 'AABIS'], ['AABIS-5', '914569', 'AABIS'], ['AABIS-6', '914570', 'AABIS'], ...], ...}

    def zscale_view_test_cycle_in_issue_view(webdriver, datasets):
        page = BasePage(webdriver)
>       issue_key = datasets['custom_issue_key']
    
        @print_timing("zephyr_scale_view_test_cycle_in_issue_view")
E       KeyError: 'custom_issue_key'

extension/jira/extension_ui.py:58: KeyError
04-27-2022, 11:04:30, 1651057470750, Action: test_1_selenium_zscale_view_test_plan_in_issue_view, Error: jira_webdriver = <selenium.webdriver.chrome.webdriver.WebDriver (session="cd23560879c09253cda3102213f36dda")>
jira_datasets = {'custom_issues': [], 'issue_id': '208976', 'issue_key': 'AAFAIA-3468', 'issues': [['AABIS-1', '914565', 'AABIS'], ['A...', 'AABIS'], ['AABIS-4', '914568', 'AABIS'], ['AABIS-5', '914569', 'AABIS'], ['AABIS-6', '914570', 'AABIS'], ...], ...}
jira_screen_shots = None

    def test_1_selenium_zscale_view_test_plan_in_issue_view(jira_webdriver, jira_datasets, jira_screen_shots):
>       extension_ui.zscale_view_test_plan_in_issue_view(jira_webdriver, jira_datasets)

selenium_ui/jira_ui.py:73: 
_ _ _ _ _ _ _ _ _ _ _ _ _ _ _ _ _ _ _ _ _ _ _ _ _ _ _ _ _ _ _ _ _ _ _ _ _ _ _ _ 

webdriver = <selenium.webdriver.chrome.webdriver.WebDriver (session="cd23560879c09253cda3102213f36dda")>
datasets = {'custom_issues': [], 'issue_id': '208976', 'issue_key': 'AAFAIA-3468', 'issues': [['AABIS-1', '914565', 'AABIS'], ['A...', 'AABIS'], ['AABIS-4', '914568', 'AABIS'], ['AABIS-5', '914569', 'AABIS'], ['AABIS-6', '914570', 'AABIS'], ...], ...}

    def zscale_view_test_plan_in_issue_view(webdriver, datasets):
        page = BasePage(webdriver)
>       issue_key = datasets['custom_issue_key']
    
        @print_timing("zephyr_scale_view_test_plan_in_issue_view")
E       KeyError: 'custom_issue_key'

extension/jira/extension_ui.py:69: KeyError
04-27-2022, 11:04:44, 1651057484854, Action: test_1_selenium_zscale_view_test_case_in_issue_view, Error: jira_webdriver = <selenium.webdriver.chrome.webdriver.WebDriver (session="cd23560879c09253cda3102213f36dda")>
jira_datasets = {'custom_issues': [], 'issue_id': '207079', 'issue_key': 'AAFAIA-1571', 'issues': [['AABIS-1', '914565', 'AABIS'], ['A...', 'AABIS'], ['AABIS-4', '914568', 'AABIS'], ['AABIS-5', '914569', 'AABIS'], ['AABIS-6', '914570', 'AABIS'], ...], ...}
jira_screen_shots = None

    def test_1_selenium_zscale_view_test_case_in_issue_view(jira_webdriver, jira_datasets, jira_screen_shots):
>       extension_ui.zscale_view_test_case_in_issue_view(jira_webdriver, jira_datasets)

selenium_ui/jira_ui.py:67: 
_ _ _ _ _ _ _ _ _ _ _ _ _ _ _ _ _ _ _ _ _ _ _ _ _ _ _ _ _ _ _ _ _ _ _ _ _ _ _ _ 

webdriver = <selenium.webdriver.chrome.webdriver.WebDriver (session="cd23560879c09253cda3102213f36dda")>
datasets = {'custom_issues': [], 'issue_id': '207079', 'issue_key': 'AAFAIA-1571', 'issues': [['AABIS-1', '914565', 'AABIS'], ['A...', 'AABIS'], ['AABIS-4', '914568', 'AABIS'], ['AABIS-5', '914569', 'AABIS'], ['AABIS-6', '914570', 'AABIS'], ...], ...}

    def zscale_view_test_case_in_issue_view(webdriver, datasets):
        page = BasePage(webdriver)
>       issue_key = datasets['custom_issue_key']
    
        @print_timing("zephyr_scale_view_test_case_in_issue_view")
E       KeyError: 'custom_issue_key'

extension/jira/extension_ui.py:47: KeyError
04-27-2022, 11:04:45, 1651057485364, Action: test_1_selenium_zscale_view_test_cycle_in_issue_view, Error: jira_webdriver = <selenium.webdriver.chrome.webdriver.WebDriver (session="cd23560879c09253cda3102213f36dda")>
jira_datasets = {'custom_issues': [], 'issue_id': '207079', 'issue_key': 'AAFAIA-1571', 'issues': [['AABIS-1', '914565', 'AABIS'], ['A...', 'AABIS'], ['AABIS-4', '914568', 'AABIS'], ['AABIS-5', '914569', 'AABIS'], ['AABIS-6', '914570', 'AABIS'], ...], ...}
jira_screen_shots = None

    def test_1_selenium_zscale_view_test_cycle_in_issue_view(jira_webdriver, jira_datasets, jira_screen_shots):
>       extension_ui.zscale_view_test_cycle_in_issue_view(jira_webdriver, jira_datasets)

selenium_ui/jira_ui.py:70: 
_ _ _ _ _ _ _ _ _ _ _ _ _ _ _ _ _ _ _ _ _ _ _ _ _ _ _ _ _ _ _ _ _ _ _ _ _ _ _ _ 

webdriver = <selenium.webdriver.chrome.webdriver.WebDriver (session="cd23560879c09253cda3102213f36dda")>
datasets = {'custom_issues': [], 'issue_id': '207079', 'issue_key': 'AAFAIA-1571', 'issues': [['AABIS-1', '914565', 'AABIS'], ['A...', 'AABIS'], ['AABIS-4', '914568', 'AABIS'], ['AABIS-5', '914569', 'AABIS'], ['AABIS-6', '914570', 'AABIS'], ...], ...}

    def zscale_view_test_cycle_in_issue_view(webdriver, datasets):
        page = BasePage(webdriver)
>       issue_key = datasets['custom_issue_key']
    
        @print_timing("zephyr_scale_view_test_cycle_in_issue_view")
E       KeyError: 'custom_issue_key'

extension/jira/extension_ui.py:58: KeyError
04-27-2022, 11:04:45, 1651057485949, Action: test_1_selenium_zscale_view_test_plan_in_issue_view, Error: jira_webdriver = <selenium.webdriver.chrome.webdriver.WebDriver (session="cd23560879c09253cda3102213f36dda")>
jira_datasets = {'custom_issues': [], 'issue_id': '207079', 'issue_key': 'AAFAIA-1571', 'issues': [['AABIS-1', '914565', 'AABIS'], ['A...', 'AABIS'], ['AABIS-4', '914568', 'AABIS'], ['AABIS-5', '914569', 'AABIS'], ['AABIS-6', '914570', 'AABIS'], ...], ...}
jira_screen_shots = None

    def test_1_selenium_zscale_view_test_plan_in_issue_view(jira_webdriver, jira_datasets, jira_screen_shots):
>       extension_ui.zscale_view_test_plan_in_issue_view(jira_webdriver, jira_datasets)

selenium_ui/jira_ui.py:73: 
_ _ _ _ _ _ _ _ _ _ _ _ _ _ _ _ _ _ _ _ _ _ _ _ _ _ _ _ _ _ _ _ _ _ _ _ _ _ _ _ 

webdriver = <selenium.webdriver.chrome.webdriver.WebDriver (session="cd23560879c09253cda3102213f36dda")>
datasets = {'custom_issues': [], 'issue_id': '207079', 'issue_key': 'AAFAIA-1571', 'issues': [['AABIS-1', '914565', 'AABIS'], ['A...', 'AABIS'], ['AABIS-4', '914568', 'AABIS'], ['AABIS-5', '914569', 'AABIS'], ['AABIS-6', '914570', 'AABIS'], ...], ...}

    def zscale_view_test_plan_in_issue_view(webdriver, datasets):
        page = BasePage(webdriver)
>       issue_key = datasets['custom_issue_key']
    
        @print_timing("zephyr_scale_view_test_plan_in_issue_view")
E       KeyError: 'custom_issue_key'

extension/jira/extension_ui.py:69: KeyError
04-27-2022, 11:05:00, 1651057500004, Action: test_1_selenium_zscale_view_test_case_in_issue_view, Error: jira_webdriver = <selenium.webdriver.chrome.webdriver.WebDriver (session="cd23560879c09253cda3102213f36dda")>
jira_datasets = {'custom_issues': [], 'issue_id': '205827', 'issue_key': 'AAFAIA-319', 'issues': [['AABIS-1', '914565', 'AABIS'], ['AA...', 'AABIS'], ['AABIS-4', '914568', 'AABIS'], ['AABIS-5', '914569', 'AABIS'], ['AABIS-6', '914570', 'AABIS'], ...], ...}
jira_screen_shots = None

    def test_1_selenium_zscale_view_test_case_in_issue_view(jira_webdriver, jira_datasets, jira_screen_shots):
>       extension_ui.zscale_view_test_case_in_issue_view(jira_webdriver, jira_datasets)

selenium_ui/jira_ui.py:67: 
_ _ _ _ _ _ _ _ _ _ _ _ _ _ _ _ _ _ _ _ _ _ _ _ _ _ _ _ _ _ _ _ _ _ _ _ _ _ _ _ 

webdriver = <selenium.webdriver.chrome.webdriver.WebDriver (session="cd23560879c09253cda3102213f36dda")>
datasets = {'custom_issues': [], 'issue_id': '205827', 'issue_key': 'AAFAIA-319', 'issues': [['AABIS-1', '914565', 'AABIS'], ['AA...', 'AABIS'], ['AABIS-4', '914568', 'AABIS'], ['AABIS-5', '914569', 'AABIS'], ['AABIS-6', '914570', 'AABIS'], ...], ...}

    def zscale_view_test_case_in_issue_view(webdriver, datasets):
        page = BasePage(webdriver)
>       issue_key = datasets['custom_issue_key']
    
        @print_timing("zephyr_scale_view_test_case_in_issue_view")
E       KeyError: 'custom_issue_key'

extension/jira/extension_ui.py:47: KeyError
04-27-2022, 11:05:00, 1651057500494, Action: test_1_selenium_zscale_view_test_cycle_in_issue_view, Error: jira_webdriver = <selenium.webdriver.chrome.webdriver.WebDriver (session="cd23560879c09253cda3102213f36dda")>
jira_datasets = {'custom_issues': [], 'issue_id': '205827', 'issue_key': 'AAFAIA-319', 'issues': [['AABIS-1', '914565', 'AABIS'], ['AA...', 'AABIS'], ['AABIS-4', '914568', 'AABIS'], ['AABIS-5', '914569', 'AABIS'], ['AABIS-6', '914570', 'AABIS'], ...], ...}
jira_screen_shots = None

    def test_1_selenium_zscale_view_test_cycle_in_issue_view(jira_webdriver, jira_datasets, jira_screen_shots):
>       extension_ui.zscale_view_test_cycle_in_issue_view(jira_webdriver, jira_datasets)

selenium_ui/jira_ui.py:70: 
_ _ _ _ _ _ _ _ _ _ _ _ _ _ _ _ _ _ _ _ _ _ _ _ _ _ _ _ _ _ _ _ _ _ _ _ _ _ _ _ 

webdriver = <selenium.webdriver.chrome.webdriver.WebDriver (session="cd23560879c09253cda3102213f36dda")>
datasets = {'custom_issues': [], 'issue_id': '205827', 'issue_key': 'AAFAIA-319', 'issues': [['AABIS-1', '914565', 'AABIS'], ['AA...', 'AABIS'], ['AABIS-4', '914568', 'AABIS'], ['AABIS-5', '914569', 'AABIS'], ['AABIS-6', '914570', 'AABIS'], ...], ...}

    def zscale_view_test_cycle_in_issue_view(webdriver, datasets):
        page = BasePage(webdriver)
>       issue_key = datasets['custom_issue_key']
    
        @print_timing("zephyr_scale_view_test_cycle_in_issue_view")
E       KeyError: 'custom_issue_key'

extension/jira/extension_ui.py:58: KeyError
04-27-2022, 11:05:01, 1651057501114, Action: test_1_selenium_zscale_view_test_plan_in_issue_view, Error: jira_webdriver = <selenium.webdriver.chrome.webdriver.WebDriver (session="cd23560879c09253cda3102213f36dda")>
jira_datasets = {'custom_issues': [], 'issue_id': '205827', 'issue_key': 'AAFAIA-319', 'issues': [['AABIS-1', '914565', 'AABIS'], ['AA...', 'AABIS'], ['AABIS-4', '914568', 'AABIS'], ['AABIS-5', '914569', 'AABIS'], ['AABIS-6', '914570', 'AABIS'], ...], ...}
jira_screen_shots = None

    def test_1_selenium_zscale_view_test_plan_in_issue_view(jira_webdriver, jira_datasets, jira_screen_shots):
>       extension_ui.zscale_view_test_plan_in_issue_view(jira_webdriver, jira_datasets)

selenium_ui/jira_ui.py:73: 
_ _ _ _ _ _ _ _ _ _ _ _ _ _ _ _ _ _ _ _ _ _ _ _ _ _ _ _ _ _ _ _ _ _ _ _ _ _ _ _ 

webdriver = <selenium.webdriver.chrome.webdriver.WebDriver (session="cd23560879c09253cda3102213f36dda")>
datasets = {'custom_issues': [], 'issue_id': '205827', 'issue_key': 'AAFAIA-319', 'issues': [['AABIS-1', '914565', 'AABIS'], ['AA...', 'AABIS'], ['AABIS-4', '914568', 'AABIS'], ['AABIS-5', '914569', 'AABIS'], ['AABIS-6', '914570', 'AABIS'], ...], ...}

    def zscale_view_test_plan_in_issue_view(webdriver, datasets):
        page = BasePage(webdriver)
>       issue_key = datasets['custom_issue_key']
    
        @print_timing("zephyr_scale_view_test_plan_in_issue_view")
E       KeyError: 'custom_issue_key'

extension/jira/extension_ui.py:69: KeyError
04-27-2022, 11:05:14, 1651057514841, Action: test_1_selenium_zscale_view_test_case_in_issue_view, Error: jira_webdriver = <selenium.webdriver.chrome.webdriver.WebDriver (session="cd23560879c09253cda3102213f36dda")>
jira_datasets = {'custom_issues': [], 'issue_id': '209120', 'issue_key': 'AAFAIA-3612', 'issues': [['AABIS-1', '914565', 'AABIS'], ['A...', 'AABIS'], ['AABIS-4', '914568', 'AABIS'], ['AABIS-5', '914569', 'AABIS'], ['AABIS-6', '914570', 'AABIS'], ...], ...}
jira_screen_shots = None

    def test_1_selenium_zscale_view_test_case_in_issue_view(jira_webdriver, jira_datasets, jira_screen_shots):
>       extension_ui.zscale_view_test_case_in_issue_view(jira_webdriver, jira_datasets)

selenium_ui/jira_ui.py:67: 
_ _ _ _ _ _ _ _ _ _ _ _ _ _ _ _ _ _ _ _ _ _ _ _ _ _ _ _ _ _ _ _ _ _ _ _ _ _ _ _ 

webdriver = <selenium.webdriver.chrome.webdriver.WebDriver (session="cd23560879c09253cda3102213f36dda")>
datasets = {'custom_issues': [], 'issue_id': '209120', 'issue_key': 'AAFAIA-3612', 'issues': [['AABIS-1', '914565', 'AABIS'], ['A...', 'AABIS'], ['AABIS-4', '914568', 'AABIS'], ['AABIS-5', '914569', 'AABIS'], ['AABIS-6', '914570', 'AABIS'], ...], ...}

    def zscale_view_test_case_in_issue_view(webdriver, datasets):
        page = BasePage(webdriver)
>       issue_key = datasets['custom_issue_key']
    
        @print_timing("zephyr_scale_view_test_case_in_issue_view")
E       KeyError: 'custom_issue_key'

extension/jira/extension_ui.py:47: KeyError
04-27-2022, 11:05:15, 1651057515377, Action: test_1_selenium_zscale_view_test_cycle_in_issue_view, Error: jira_webdriver = <selenium.webdriver.chrome.webdriver.WebDriver (session="cd23560879c09253cda3102213f36dda")>
jira_datasets = {'custom_issues': [], 'issue_id': '209120', 'issue_key': 'AAFAIA-3612', 'issues': [['AABIS-1', '914565', 'AABIS'], ['A...', 'AABIS'], ['AABIS-4', '914568', 'AABIS'], ['AABIS-5', '914569', 'AABIS'], ['AABIS-6', '914570', 'AABIS'], ...], ...}
jira_screen_shots = None

    def test_1_selenium_zscale_view_test_cycle_in_issue_view(jira_webdriver, jira_datasets, jira_screen_shots):
>       extension_ui.zscale_view_test_cycle_in_issue_view(jira_webdriver, jira_datasets)

selenium_ui/jira_ui.py:70: 
_ _ _ _ _ _ _ _ _ _ _ _ _ _ _ _ _ _ _ _ _ _ _ _ _ _ _ _ _ _ _ _ _ _ _ _ _ _ _ _ 

webdriver = <selenium.webdriver.chrome.webdriver.WebDriver (session="cd23560879c09253cda3102213f36dda")>
datasets = {'custom_issues': [], 'issue_id': '209120', 'issue_key': 'AAFAIA-3612', 'issues': [['AABIS-1', '914565', 'AABIS'], ['A...', 'AABIS'], ['AABIS-4', '914568', 'AABIS'], ['AABIS-5', '914569', 'AABIS'], ['AABIS-6', '914570', 'AABIS'], ...], ...}

    def zscale_view_test_cycle_in_issue_view(webdriver, datasets):
        page = BasePage(webdriver)
>       issue_key = datasets['custom_issue_key']
    
        @print_timing("zephyr_scale_view_test_cycle_in_issue_view")
E       KeyError: 'custom_issue_key'

extension/jira/extension_ui.py:58: KeyError
04-27-2022, 11:05:15, 1651057515961, Action: test_1_selenium_zscale_view_test_plan_in_issue_view, Error: jira_webdriver = <selenium.webdriver.chrome.webdriver.WebDriver (session="cd23560879c09253cda3102213f36dda")>
jira_datasets = {'custom_issues': [], 'issue_id': '209120', 'issue_key': 'AAFAIA-3612', 'issues': [['AABIS-1', '914565', 'AABIS'], ['A...', 'AABIS'], ['AABIS-4', '914568', 'AABIS'], ['AABIS-5', '914569', 'AABIS'], ['AABIS-6', '914570', 'AABIS'], ...], ...}
jira_screen_shots = None

    def test_1_selenium_zscale_view_test_plan_in_issue_view(jira_webdriver, jira_datasets, jira_screen_shots):
>       extension_ui.zscale_view_test_plan_in_issue_view(jira_webdriver, jira_datasets)

selenium_ui/jira_ui.py:73: 
_ _ _ _ _ _ _ _ _ _ _ _ _ _ _ _ _ _ _ _ _ _ _ _ _ _ _ _ _ _ _ _ _ _ _ _ _ _ _ _ 

webdriver = <selenium.webdriver.chrome.webdriver.WebDriver (session="cd23560879c09253cda3102213f36dda")>
datasets = {'custom_issues': [], 'issue_id': '209120', 'issue_key': 'AAFAIA-3612', 'issues': [['AABIS-1', '914565', 'AABIS'], ['A...', 'AABIS'], ['AABIS-4', '914568', 'AABIS'], ['AABIS-5', '914569', 'AABIS'], ['AABIS-6', '914570', 'AABIS'], ...], ...}

    def zscale_view_test_plan_in_issue_view(webdriver, datasets):
        page = BasePage(webdriver)
>       issue_key = datasets['custom_issue_key']
    
        @print_timing("zephyr_scale_view_test_plan_in_issue_view")
E       KeyError: 'custom_issue_key'

extension/jira/extension_ui.py:69: KeyError
04-27-2022, 11:05:30, 1651057530185, Action: test_1_selenium_zscale_view_test_case_in_issue_view, Error: jira_webdriver = <selenium.webdriver.chrome.webdriver.WebDriver (session="cd23560879c09253cda3102213f36dda")>
jira_datasets = {'custom_issues': [], 'issue_id': '206966', 'issue_key': 'AAFAIA-1458', 'issues': [['AABIS-1', '914565', 'AABIS'], ['A...', 'AABIS'], ['AABIS-4', '914568', 'AABIS'], ['AABIS-5', '914569', 'AABIS'], ['AABIS-6', '914570', 'AABIS'], ...], ...}
jira_screen_shots = None

    def test_1_selenium_zscale_view_test_case_in_issue_view(jira_webdriver, jira_datasets, jira_screen_shots):
>       extension_ui.zscale_view_test_case_in_issue_view(jira_webdriver, jira_datasets)

selenium_ui/jira_ui.py:67: 
_ _ _ _ _ _ _ _ _ _ _ _ _ _ _ _ _ _ _ _ _ _ _ _ _ _ _ _ _ _ _ _ _ _ _ _ _ _ _ _ 

webdriver = <selenium.webdriver.chrome.webdriver.WebDriver (session="cd23560879c09253cda3102213f36dda")>
datasets = {'custom_issues': [], 'issue_id': '206966', 'issue_key': 'AAFAIA-1458', 'issues': [['AABIS-1', '914565', 'AABIS'], ['A...', 'AABIS'], ['AABIS-4', '914568', 'AABIS'], ['AABIS-5', '914569', 'AABIS'], ['AABIS-6', '914570', 'AABIS'], ...], ...}

    def zscale_view_test_case_in_issue_view(webdriver, datasets):
        page = BasePage(webdriver)
>       issue_key = datasets['custom_issue_key']
    
        @print_timing("zephyr_scale_view_test_case_in_issue_view")
E       KeyError: 'custom_issue_key'

extension/jira/extension_ui.py:47: KeyError
04-27-2022, 11:05:30, 1651057530791, Action: test_1_selenium_zscale_view_test_cycle_in_issue_view, Error: jira_webdriver = <selenium.webdriver.chrome.webdriver.WebDriver (session="cd23560879c09253cda3102213f36dda")>
jira_datasets = {'custom_issues': [], 'issue_id': '206966', 'issue_key': 'AAFAIA-1458', 'issues': [['AABIS-1', '914565', 'AABIS'], ['A...', 'AABIS'], ['AABIS-4', '914568', 'AABIS'], ['AABIS-5', '914569', 'AABIS'], ['AABIS-6', '914570', 'AABIS'], ...], ...}
jira_screen_shots = None

    def test_1_selenium_zscale_view_test_cycle_in_issue_view(jira_webdriver, jira_datasets, jira_screen_shots):
>       extension_ui.zscale_view_test_cycle_in_issue_view(jira_webdriver, jira_datasets)

selenium_ui/jira_ui.py:70: 
_ _ _ _ _ _ _ _ _ _ _ _ _ _ _ _ _ _ _ _ _ _ _ _ _ _ _ _ _ _ _ _ _ _ _ _ _ _ _ _ 

webdriver = <selenium.webdriver.chrome.webdriver.WebDriver (session="cd23560879c09253cda3102213f36dda")>
datasets = {'custom_issues': [], 'issue_id': '206966', 'issue_key': 'AAFAIA-1458', 'issues': [['AABIS-1', '914565', 'AABIS'], ['A...', 'AABIS'], ['AABIS-4', '914568', 'AABIS'], ['AABIS-5', '914569', 'AABIS'], ['AABIS-6', '914570', 'AABIS'], ...], ...}

    def zscale_view_test_cycle_in_issue_view(webdriver, datasets):
        page = BasePage(webdriver)
>       issue_key = datasets['custom_issue_key']
    
        @print_timing("zephyr_scale_view_test_cycle_in_issue_view")
E       KeyError: 'custom_issue_key'

extension/jira/extension_ui.py:58: KeyError
04-27-2022, 11:05:31, 1651057531356, Action: test_1_selenium_zscale_view_test_plan_in_issue_view, Error: jira_webdriver = <selenium.webdriver.chrome.webdriver.WebDriver (session="cd23560879c09253cda3102213f36dda")>
jira_datasets = {'custom_issues': [], 'issue_id': '206966', 'issue_key': 'AAFAIA-1458', 'issues': [['AABIS-1', '914565', 'AABIS'], ['A...', 'AABIS'], ['AABIS-4', '914568', 'AABIS'], ['AABIS-5', '914569', 'AABIS'], ['AABIS-6', '914570', 'AABIS'], ...], ...}
jira_screen_shots = None

    def test_1_selenium_zscale_view_test_plan_in_issue_view(jira_webdriver, jira_datasets, jira_screen_shots):
>       extension_ui.zscale_view_test_plan_in_issue_view(jira_webdriver, jira_datasets)

selenium_ui/jira_ui.py:73: 
_ _ _ _ _ _ _ _ _ _ _ _ _ _ _ _ _ _ _ _ _ _ _ _ _ _ _ _ _ _ _ _ _ _ _ _ _ _ _ _ 

webdriver = <selenium.webdriver.chrome.webdriver.WebDriver (session="cd23560879c09253cda3102213f36dda")>
datasets = {'custom_issues': [], 'issue_id': '206966', 'issue_key': 'AAFAIA-1458', 'issues': [['AABIS-1', '914565', 'AABIS'], ['A...', 'AABIS'], ['AABIS-4', '914568', 'AABIS'], ['AABIS-5', '914569', 'AABIS'], ['AABIS-6', '914570', 'AABIS'], ...], ...}

    def zscale_view_test_plan_in_issue_view(webdriver, datasets):
        page = BasePage(webdriver)
>       issue_key = datasets['custom_issue_key']
    
        @print_timing("zephyr_scale_view_test_plan_in_issue_view")
E       KeyError: 'custom_issue_key'

extension/jira/extension_ui.py:69: KeyError
04-27-2022, 11:05:45, 1651057545790, Action: test_1_selenium_zscale_view_test_case_in_issue_view, Error: jira_webdriver = <selenium.webdriver.chrome.webdriver.WebDriver (session="cd23560879c09253cda3102213f36dda")>
jira_datasets = {'custom_issues': [], 'issue_id': '2031905', 'issue_key': 'AABIS-1261', 'issues': [['AABIS-1', '914565', 'AABIS'], ['A...', 'AABIS'], ['AABIS-4', '914568', 'AABIS'], ['AABIS-5', '914569', 'AABIS'], ['AABIS-6', '914570', 'AABIS'], ...], ...}
jira_screen_shots = None

    def test_1_selenium_zscale_view_test_case_in_issue_view(jira_webdriver, jira_datasets, jira_screen_shots):
>       extension_ui.zscale_view_test_case_in_issue_view(jira_webdriver, jira_datasets)

selenium_ui/jira_ui.py:67: 
_ _ _ _ _ _ _ _ _ _ _ _ _ _ _ _ _ _ _ _ _ _ _ _ _ _ _ _ _ _ _ _ _ _ _ _ _ _ _ _ 

webdriver = <selenium.webdriver.chrome.webdriver.WebDriver (session="cd23560879c09253cda3102213f36dda")>
datasets = {'custom_issues': [], 'issue_id': '2031905', 'issue_key': 'AABIS-1261', 'issues': [['AABIS-1', '914565', 'AABIS'], ['A...', 'AABIS'], ['AABIS-4', '914568', 'AABIS'], ['AABIS-5', '914569', 'AABIS'], ['AABIS-6', '914570', 'AABIS'], ...], ...}

    def zscale_view_test_case_in_issue_view(webdriver, datasets):
        page = BasePage(webdriver)
>       issue_key = datasets['custom_issue_key']
    
        @print_timing("zephyr_scale_view_test_case_in_issue_view")
E       KeyError: 'custom_issue_key'

extension/jira/extension_ui.py:47: KeyError
04-27-2022, 11:05:46, 1651057546304, Action: test_1_selenium_zscale_view_test_cycle_in_issue_view, Error: jira_webdriver = <selenium.webdriver.chrome.webdriver.WebDriver (session="cd23560879c09253cda3102213f36dda")>
jira_datasets = {'custom_issues': [], 'issue_id': '2031905', 'issue_key': 'AABIS-1261', 'issues': [['AABIS-1', '914565', 'AABIS'], ['A...', 'AABIS'], ['AABIS-4', '914568', 'AABIS'], ['AABIS-5', '914569', 'AABIS'], ['AABIS-6', '914570', 'AABIS'], ...], ...}
jira_screen_shots = None

    def test_1_selenium_zscale_view_test_cycle_in_issue_view(jira_webdriver, jira_datasets, jira_screen_shots):
>       extension_ui.zscale_view_test_cycle_in_issue_view(jira_webdriver, jira_datasets)

selenium_ui/jira_ui.py:70: 
_ _ _ _ _ _ _ _ _ _ _ _ _ _ _ _ _ _ _ _ _ _ _ _ _ _ _ _ _ _ _ _ _ _ _ _ _ _ _ _ 

webdriver = <selenium.webdriver.chrome.webdriver.WebDriver (session="cd23560879c09253cda3102213f36dda")>
datasets = {'custom_issues': [], 'issue_id': '2031905', 'issue_key': 'AABIS-1261', 'issues': [['AABIS-1', '914565', 'AABIS'], ['A...', 'AABIS'], ['AABIS-4', '914568', 'AABIS'], ['AABIS-5', '914569', 'AABIS'], ['AABIS-6', '914570', 'AABIS'], ...], ...}

    def zscale_view_test_cycle_in_issue_view(webdriver, datasets):
        page = BasePage(webdriver)
>       issue_key = datasets['custom_issue_key']
    
        @print_timing("zephyr_scale_view_test_cycle_in_issue_view")
E       KeyError: 'custom_issue_key'

extension/jira/extension_ui.py:58: KeyError
04-27-2022, 11:05:46, 1651057546926, Action: test_1_selenium_zscale_view_test_plan_in_issue_view, Error: jira_webdriver = <selenium.webdriver.chrome.webdriver.WebDriver (session="cd23560879c09253cda3102213f36dda")>
jira_datasets = {'custom_issues': [], 'issue_id': '2031905', 'issue_key': 'AABIS-1261', 'issues': [['AABIS-1', '914565', 'AABIS'], ['A...', 'AABIS'], ['AABIS-4', '914568', 'AABIS'], ['AABIS-5', '914569', 'AABIS'], ['AABIS-6', '914570', 'AABIS'], ...], ...}
jira_screen_shots = None

    def test_1_selenium_zscale_view_test_plan_in_issue_view(jira_webdriver, jira_datasets, jira_screen_shots):
>       extension_ui.zscale_view_test_plan_in_issue_view(jira_webdriver, jira_datasets)

selenium_ui/jira_ui.py:73: 
_ _ _ _ _ _ _ _ _ _ _ _ _ _ _ _ _ _ _ _ _ _ _ _ _ _ _ _ _ _ _ _ _ _ _ _ _ _ _ _ 

webdriver = <selenium.webdriver.chrome.webdriver.WebDriver (session="cd23560879c09253cda3102213f36dda")>
datasets = {'custom_issues': [], 'issue_id': '2031905', 'issue_key': 'AABIS-1261', 'issues': [['AABIS-1', '914565', 'AABIS'], ['A...', 'AABIS'], ['AABIS-4', '914568', 'AABIS'], ['AABIS-5', '914569', 'AABIS'], ['AABIS-6', '914570', 'AABIS'], ...], ...}

    def zscale_view_test_plan_in_issue_view(webdriver, datasets):
        page = BasePage(webdriver)
>       issue_key = datasets['custom_issue_key']
    
        @print_timing("zephyr_scale_view_test_plan_in_issue_view")
E       KeyError: 'custom_issue_key'

extension/jira/extension_ui.py:69: KeyError
04-27-2022, 11:06:00, 1651057560636, Action: test_1_selenium_zscale_view_test_case_in_issue_view, Error: jira_webdriver = <selenium.webdriver.chrome.webdriver.WebDriver (session="cd23560879c09253cda3102213f36dda")>
jira_datasets = {'custom_issues': [], 'issue_id': '206206', 'issue_key': 'AAFAIA-698', 'issues': [['AABIS-1', '914565', 'AABIS'], ['AA...', 'AABIS'], ['AABIS-4', '914568', 'AABIS'], ['AABIS-5', '914569', 'AABIS'], ['AABIS-6', '914570', 'AABIS'], ...], ...}
jira_screen_shots = None

    def test_1_selenium_zscale_view_test_case_in_issue_view(jira_webdriver, jira_datasets, jira_screen_shots):
>       extension_ui.zscale_view_test_case_in_issue_view(jira_webdriver, jira_datasets)

selenium_ui/jira_ui.py:67: 
_ _ _ _ _ _ _ _ _ _ _ _ _ _ _ _ _ _ _ _ _ _ _ _ _ _ _ _ _ _ _ _ _ _ _ _ _ _ _ _ 

webdriver = <selenium.webdriver.chrome.webdriver.WebDriver (session="cd23560879c09253cda3102213f36dda")>
datasets = {'custom_issues': [], 'issue_id': '206206', 'issue_key': 'AAFAIA-698', 'issues': [['AABIS-1', '914565', 'AABIS'], ['AA...', 'AABIS'], ['AABIS-4', '914568', 'AABIS'], ['AABIS-5', '914569', 'AABIS'], ['AABIS-6', '914570', 'AABIS'], ...], ...}

    def zscale_view_test_case_in_issue_view(webdriver, datasets):
        page = BasePage(webdriver)
>       issue_key = datasets['custom_issue_key']
    
        @print_timing("zephyr_scale_view_test_case_in_issue_view")
E       KeyError: 'custom_issue_key'

extension/jira/extension_ui.py:47: KeyError
04-27-2022, 11:06:01, 1651057561142, Action: test_1_selenium_zscale_view_test_cycle_in_issue_view, Error: jira_webdriver = <selenium.webdriver.chrome.webdriver.WebDriver (session="cd23560879c09253cda3102213f36dda")>
jira_datasets = {'custom_issues': [], 'issue_id': '206206', 'issue_key': 'AAFAIA-698', 'issues': [['AABIS-1', '914565', 'AABIS'], ['AA...', 'AABIS'], ['AABIS-4', '914568', 'AABIS'], ['AABIS-5', '914569', 'AABIS'], ['AABIS-6', '914570', 'AABIS'], ...], ...}
jira_screen_shots = None

    def test_1_selenium_zscale_view_test_cycle_in_issue_view(jira_webdriver, jira_datasets, jira_screen_shots):
>       extension_ui.zscale_view_test_cycle_in_issue_view(jira_webdriver, jira_datasets)

selenium_ui/jira_ui.py:70: 
_ _ _ _ _ _ _ _ _ _ _ _ _ _ _ _ _ _ _ _ _ _ _ _ _ _ _ _ _ _ _ _ _ _ _ _ _ _ _ _ 

webdriver = <selenium.webdriver.chrome.webdriver.WebDriver (session="cd23560879c09253cda3102213f36dda")>
datasets = {'custom_issues': [], 'issue_id': '206206', 'issue_key': 'AAFAIA-698', 'issues': [['AABIS-1', '914565', 'AABIS'], ['AA...', 'AABIS'], ['AABIS-4', '914568', 'AABIS'], ['AABIS-5', '914569', 'AABIS'], ['AABIS-6', '914570', 'AABIS'], ...], ...}

    def zscale_view_test_cycle_in_issue_view(webdriver, datasets):
        page = BasePage(webdriver)
>       issue_key = datasets['custom_issue_key']
    
        @print_timing("zephyr_scale_view_test_cycle_in_issue_view")
E       KeyError: 'custom_issue_key'

extension/jira/extension_ui.py:58: KeyError
04-27-2022, 11:06:01, 1651057561758, Action: test_1_selenium_zscale_view_test_plan_in_issue_view, Error: jira_webdriver = <selenium.webdriver.chrome.webdriver.WebDriver (session="cd23560879c09253cda3102213f36dda")>
jira_datasets = {'custom_issues': [], 'issue_id': '206206', 'issue_key': 'AAFAIA-698', 'issues': [['AABIS-1', '914565', 'AABIS'], ['AA...', 'AABIS'], ['AABIS-4', '914568', 'AABIS'], ['AABIS-5', '914569', 'AABIS'], ['AABIS-6', '914570', 'AABIS'], ...], ...}
jira_screen_shots = None

    def test_1_selenium_zscale_view_test_plan_in_issue_view(jira_webdriver, jira_datasets, jira_screen_shots):
>       extension_ui.zscale_view_test_plan_in_issue_view(jira_webdriver, jira_datasets)

selenium_ui/jira_ui.py:73: 
_ _ _ _ _ _ _ _ _ _ _ _ _ _ _ _ _ _ _ _ _ _ _ _ _ _ _ _ _ _ _ _ _ _ _ _ _ _ _ _ 

webdriver = <selenium.webdriver.chrome.webdriver.WebDriver (session="cd23560879c09253cda3102213f36dda")>
datasets = {'custom_issues': [], 'issue_id': '206206', 'issue_key': 'AAFAIA-698', 'issues': [['AABIS-1', '914565', 'AABIS'], ['AA...', 'AABIS'], ['AABIS-4', '914568', 'AABIS'], ['AABIS-5', '914569', 'AABIS'], ['AABIS-6', '914570', 'AABIS'], ...], ...}

    def zscale_view_test_plan_in_issue_view(webdriver, datasets):
        page = BasePage(webdriver)
>       issue_key = datasets['custom_issue_key']
    
        @print_timing("zephyr_scale_view_test_plan_in_issue_view")
E       KeyError: 'custom_issue_key'

extension/jira/extension_ui.py:69: KeyError
04-27-2022, 11:06:15, 1651057575857, Action: test_1_selenium_zscale_view_test_case_in_issue_view, Error: jira_webdriver = <selenium.webdriver.chrome.webdriver.WebDriver (session="cd23560879c09253cda3102213f36dda")>
jira_datasets = {'custom_issues': [], 'issue_id': '2033775', 'issue_key': 'AABIS-1319', 'issues': [['AABIS-1', '914565', 'AABIS'], ['A...', 'AABIS'], ['AABIS-4', '914568', 'AABIS'], ['AABIS-5', '914569', 'AABIS'], ['AABIS-6', '914570', 'AABIS'], ...], ...}
jira_screen_shots = None

    def test_1_selenium_zscale_view_test_case_in_issue_view(jira_webdriver, jira_datasets, jira_screen_shots):
>       extension_ui.zscale_view_test_case_in_issue_view(jira_webdriver, jira_datasets)

selenium_ui/jira_ui.py:67: 
_ _ _ _ _ _ _ _ _ _ _ _ _ _ _ _ _ _ _ _ _ _ _ _ _ _ _ _ _ _ _ _ _ _ _ _ _ _ _ _ 

webdriver = <selenium.webdriver.chrome.webdriver.WebDriver (session="cd23560879c09253cda3102213f36dda")>
datasets = {'custom_issues': [], 'issue_id': '2033775', 'issue_key': 'AABIS-1319', 'issues': [['AABIS-1', '914565', 'AABIS'], ['A...', 'AABIS'], ['AABIS-4', '914568', 'AABIS'], ['AABIS-5', '914569', 'AABIS'], ['AABIS-6', '914570', 'AABIS'], ...], ...}

    def zscale_view_test_case_in_issue_view(webdriver, datasets):
        page = BasePage(webdriver)
>       issue_key = datasets['custom_issue_key']
    
        @print_timing("zephyr_scale_view_test_case_in_issue_view")
E       KeyError: 'custom_issue_key'

extension/jira/extension_ui.py:47: KeyError
04-27-2022, 11:06:16, 1651057576348, Action: test_1_selenium_zscale_view_test_cycle_in_issue_view, Error: jira_webdriver = <selenium.webdriver.chrome.webdriver.WebDriver (session="cd23560879c09253cda3102213f36dda")>
jira_datasets = {'custom_issues': [], 'issue_id': '2033775', 'issue_key': 'AABIS-1319', 'issues': [['AABIS-1', '914565', 'AABIS'], ['A...', 'AABIS'], ['AABIS-4', '914568', 'AABIS'], ['AABIS-5', '914569', 'AABIS'], ['AABIS-6', '914570', 'AABIS'], ...], ...}
jira_screen_shots = None

    def test_1_selenium_zscale_view_test_cycle_in_issue_view(jira_webdriver, jira_datasets, jira_screen_shots):
>       extension_ui.zscale_view_test_cycle_in_issue_view(jira_webdriver, jira_datasets)

selenium_ui/jira_ui.py:70: 
_ _ _ _ _ _ _ _ _ _ _ _ _ _ _ _ _ _ _ _ _ _ _ _ _ _ _ _ _ _ _ _ _ _ _ _ _ _ _ _ 

webdriver = <selenium.webdriver.chrome.webdriver.WebDriver (session="cd23560879c09253cda3102213f36dda")>
datasets = {'custom_issues': [], 'issue_id': '2033775', 'issue_key': 'AABIS-1319', 'issues': [['AABIS-1', '914565', 'AABIS'], ['A...', 'AABIS'], ['AABIS-4', '914568', 'AABIS'], ['AABIS-5', '914569', 'AABIS'], ['AABIS-6', '914570', 'AABIS'], ...], ...}

    def zscale_view_test_cycle_in_issue_view(webdriver, datasets):
        page = BasePage(webdriver)
>       issue_key = datasets['custom_issue_key']
    
        @print_timing("zephyr_scale_view_test_cycle_in_issue_view")
E       KeyError: 'custom_issue_key'

extension/jira/extension_ui.py:58: KeyError
04-27-2022, 11:06:16, 1651057576924, Action: test_1_selenium_zscale_view_test_plan_in_issue_view, Error: jira_webdriver = <selenium.webdriver.chrome.webdriver.WebDriver (session="cd23560879c09253cda3102213f36dda")>
jira_datasets = {'custom_issues': [], 'issue_id': '2033775', 'issue_key': 'AABIS-1319', 'issues': [['AABIS-1', '914565', 'AABIS'], ['A...', 'AABIS'], ['AABIS-4', '914568', 'AABIS'], ['AABIS-5', '914569', 'AABIS'], ['AABIS-6', '914570', 'AABIS'], ...], ...}
jira_screen_shots = None

    def test_1_selenium_zscale_view_test_plan_in_issue_view(jira_webdriver, jira_datasets, jira_screen_shots):
>       extension_ui.zscale_view_test_plan_in_issue_view(jira_webdriver, jira_datasets)

selenium_ui/jira_ui.py:73: 
_ _ _ _ _ _ _ _ _ _ _ _ _ _ _ _ _ _ _ _ _ _ _ _ _ _ _ _ _ _ _ _ _ _ _ _ _ _ _ _ 

webdriver = <selenium.webdriver.chrome.webdriver.WebDriver (session="cd23560879c09253cda3102213f36dda")>
datasets = {'custom_issues': [], 'issue_id': '2033775', 'issue_key': 'AABIS-1319', 'issues': [['AABIS-1', '914565', 'AABIS'], ['A...', 'AABIS'], ['AABIS-4', '914568', 'AABIS'], ['AABIS-5', '914569', 'AABIS'], ['AABIS-6', '914570', 'AABIS'], ...], ...}

    def zscale_view_test_plan_in_issue_view(webdriver, datasets):
        page = BasePage(webdriver)
>       issue_key = datasets['custom_issue_key']
    
        @print_timing("zephyr_scale_view_test_plan_in_issue_view")
E       KeyError: 'custom_issue_key'

extension/jira/extension_ui.py:69: KeyError
04-27-2022, 11:06:30, 1651057590409, Action: test_1_selenium_zscale_view_test_case_in_issue_view, Error: jira_webdriver = <selenium.webdriver.chrome.webdriver.WebDriver (session="cd23560879c09253cda3102213f36dda")>
jira_datasets = {'custom_issues': [], 'issue_id': '2060997', 'issue_key': 'AABIS-2041', 'issues': [['AABIS-1', '914565', 'AABIS'], ['A...', 'AABIS'], ['AABIS-4', '914568', 'AABIS'], ['AABIS-5', '914569', 'AABIS'], ['AABIS-6', '914570', 'AABIS'], ...], ...}
jira_screen_shots = None

    def test_1_selenium_zscale_view_test_case_in_issue_view(jira_webdriver, jira_datasets, jira_screen_shots):
>       extension_ui.zscale_view_test_case_in_issue_view(jira_webdriver, jira_datasets)

selenium_ui/jira_ui.py:67: 
_ _ _ _ _ _ _ _ _ _ _ _ _ _ _ _ _ _ _ _ _ _ _ _ _ _ _ _ _ _ _ _ _ _ _ _ _ _ _ _ 

webdriver = <selenium.webdriver.chrome.webdriver.WebDriver (session="cd23560879c09253cda3102213f36dda")>
datasets = {'custom_issues': [], 'issue_id': '2060997', 'issue_key': 'AABIS-2041', 'issues': [['AABIS-1', '914565', 'AABIS'], ['A...', 'AABIS'], ['AABIS-4', '914568', 'AABIS'], ['AABIS-5', '914569', 'AABIS'], ['AABIS-6', '914570', 'AABIS'], ...], ...}

    def zscale_view_test_case_in_issue_view(webdriver, datasets):
        page = BasePage(webdriver)
>       issue_key = datasets['custom_issue_key']
    
        @print_timing("zephyr_scale_view_test_case_in_issue_view")
E       KeyError: 'custom_issue_key'

extension/jira/extension_ui.py:47: KeyError
04-27-2022, 11:06:30, 1651057590905, Action: test_1_selenium_zscale_view_test_cycle_in_issue_view, Error: jira_webdriver = <selenium.webdriver.chrome.webdriver.WebDriver (session="cd23560879c09253cda3102213f36dda")>
jira_datasets = {'custom_issues': [], 'issue_id': '2060997', 'issue_key': 'AABIS-2041', 'issues': [['AABIS-1', '914565', 'AABIS'], ['A...', 'AABIS'], ['AABIS-4', '914568', 'AABIS'], ['AABIS-5', '914569', 'AABIS'], ['AABIS-6', '914570', 'AABIS'], ...], ...}
jira_screen_shots = None

    def test_1_selenium_zscale_view_test_cycle_in_issue_view(jira_webdriver, jira_datasets, jira_screen_shots):
>       extension_ui.zscale_view_test_cycle_in_issue_view(jira_webdriver, jira_datasets)

selenium_ui/jira_ui.py:70: 
_ _ _ _ _ _ _ _ _ _ _ _ _ _ _ _ _ _ _ _ _ _ _ _ _ _ _ _ _ _ _ _ _ _ _ _ _ _ _ _ 

webdriver = <selenium.webdriver.chrome.webdriver.WebDriver (session="cd23560879c09253cda3102213f36dda")>
datasets = {'custom_issues': [], 'issue_id': '2060997', 'issue_key': 'AABIS-2041', 'issues': [['AABIS-1', '914565', 'AABIS'], ['A...', 'AABIS'], ['AABIS-4', '914568', 'AABIS'], ['AABIS-5', '914569', 'AABIS'], ['AABIS-6', '914570', 'AABIS'], ...], ...}

    def zscale_view_test_cycle_in_issue_view(webdriver, datasets):
        page = BasePage(webdriver)
>       issue_key = datasets['custom_issue_key']
    
        @print_timing("zephyr_scale_view_test_cycle_in_issue_view")
E       KeyError: 'custom_issue_key'

extension/jira/extension_ui.py:58: KeyError
04-27-2022, 11:06:31, 1651057591448, Action: test_1_selenium_zscale_view_test_plan_in_issue_view, Error: jira_webdriver = <selenium.webdriver.chrome.webdriver.WebDriver (session="cd23560879c09253cda3102213f36dda")>
jira_datasets = {'custom_issues': [], 'issue_id': '2060997', 'issue_key': 'AABIS-2041', 'issues': [['AABIS-1', '914565', 'AABIS'], ['A...', 'AABIS'], ['AABIS-4', '914568', 'AABIS'], ['AABIS-5', '914569', 'AABIS'], ['AABIS-6', '914570', 'AABIS'], ...], ...}
jira_screen_shots = None

    def test_1_selenium_zscale_view_test_plan_in_issue_view(jira_webdriver, jira_datasets, jira_screen_shots):
>       extension_ui.zscale_view_test_plan_in_issue_view(jira_webdriver, jira_datasets)

selenium_ui/jira_ui.py:73: 
_ _ _ _ _ _ _ _ _ _ _ _ _ _ _ _ _ _ _ _ _ _ _ _ _ _ _ _ _ _ _ _ _ _ _ _ _ _ _ _ 

webdriver = <selenium.webdriver.chrome.webdriver.WebDriver (session="cd23560879c09253cda3102213f36dda")>
datasets = {'custom_issues': [], 'issue_id': '2060997', 'issue_key': 'AABIS-2041', 'issues': [['AABIS-1', '914565', 'AABIS'], ['A...', 'AABIS'], ['AABIS-4', '914568', 'AABIS'], ['AABIS-5', '914569', 'AABIS'], ['AABIS-6', '914570', 'AABIS'], ...], ...}

    def zscale_view_test_plan_in_issue_view(webdriver, datasets):
        page = BasePage(webdriver)
>       issue_key = datasets['custom_issue_key']
    
        @print_timing("zephyr_scale_view_test_plan_in_issue_view")
E       KeyError: 'custom_issue_key'

extension/jira/extension_ui.py:69: KeyError
04-27-2022, 11:06:45, 1651057605284, Action: test_1_selenium_zscale_view_test_case_in_issue_view, Error: jira_webdriver = <selenium.webdriver.chrome.webdriver.WebDriver (session="cd23560879c09253cda3102213f36dda")>
jira_datasets = {'custom_issues': [], 'issue_id': '2094339', 'issue_key': 'AABIS-2642', 'issues': [['AABIS-1', '914565', 'AABIS'], ['A...', 'AABIS'], ['AABIS-4', '914568', 'AABIS'], ['AABIS-5', '914569', 'AABIS'], ['AABIS-6', '914570', 'AABIS'], ...], ...}
jira_screen_shots = None

    def test_1_selenium_zscale_view_test_case_in_issue_view(jira_webdriver, jira_datasets, jira_screen_shots):
>       extension_ui.zscale_view_test_case_in_issue_view(jira_webdriver, jira_datasets)

selenium_ui/jira_ui.py:67: 
_ _ _ _ _ _ _ _ _ _ _ _ _ _ _ _ _ _ _ _ _ _ _ _ _ _ _ _ _ _ _ _ _ _ _ _ _ _ _ _ 

webdriver = <selenium.webdriver.chrome.webdriver.WebDriver (session="cd23560879c09253cda3102213f36dda")>
datasets = {'custom_issues': [], 'issue_id': '2094339', 'issue_key': 'AABIS-2642', 'issues': [['AABIS-1', '914565', 'AABIS'], ['A...', 'AABIS'], ['AABIS-4', '914568', 'AABIS'], ['AABIS-5', '914569', 'AABIS'], ['AABIS-6', '914570', 'AABIS'], ...], ...}

    def zscale_view_test_case_in_issue_view(webdriver, datasets):
        page = BasePage(webdriver)
>       issue_key = datasets['custom_issue_key']
    
        @print_timing("zephyr_scale_view_test_case_in_issue_view")
E       KeyError: 'custom_issue_key'

extension/jira/extension_ui.py:47: KeyError
04-27-2022, 11:06:45, 1651057605789, Action: test_1_selenium_zscale_view_test_cycle_in_issue_view, Error: jira_webdriver = <selenium.webdriver.chrome.webdriver.WebDriver (session="cd23560879c09253cda3102213f36dda")>
jira_datasets = {'custom_issues': [], 'issue_id': '2094339', 'issue_key': 'AABIS-2642', 'issues': [['AABIS-1', '914565', 'AABIS'], ['A...', 'AABIS'], ['AABIS-4', '914568', 'AABIS'], ['AABIS-5', '914569', 'AABIS'], ['AABIS-6', '914570', 'AABIS'], ...], ...}
jira_screen_shots = None

    def test_1_selenium_zscale_view_test_cycle_in_issue_view(jira_webdriver, jira_datasets, jira_screen_shots):
>       extension_ui.zscale_view_test_cycle_in_issue_view(jira_webdriver, jira_datasets)

selenium_ui/jira_ui.py:70: 
_ _ _ _ _ _ _ _ _ _ _ _ _ _ _ _ _ _ _ _ _ _ _ _ _ _ _ _ _ _ _ _ _ _ _ _ _ _ _ _ 

webdriver = <selenium.webdriver.chrome.webdriver.WebDriver (session="cd23560879c09253cda3102213f36dda")>
datasets = {'custom_issues': [], 'issue_id': '2094339', 'issue_key': 'AABIS-2642', 'issues': [['AABIS-1', '914565', 'AABIS'], ['A...', 'AABIS'], ['AABIS-4', '914568', 'AABIS'], ['AABIS-5', '914569', 'AABIS'], ['AABIS-6', '914570', 'AABIS'], ...], ...}

    def zscale_view_test_cycle_in_issue_view(webdriver, datasets):
        page = BasePage(webdriver)
>       issue_key = datasets['custom_issue_key']
    
        @print_timing("zephyr_scale_view_test_cycle_in_issue_view")
E       KeyError: 'custom_issue_key'

extension/jira/extension_ui.py:58: KeyError
04-27-2022, 11:06:46, 1651057606389, Action: test_1_selenium_zscale_view_test_plan_in_issue_view, Error: jira_webdriver = <selenium.webdriver.chrome.webdriver.WebDriver (session="cd23560879c09253cda3102213f36dda")>
jira_datasets = {'custom_issues': [], 'issue_id': '2094339', 'issue_key': 'AABIS-2642', 'issues': [['AABIS-1', '914565', 'AABIS'], ['A...', 'AABIS'], ['AABIS-4', '914568', 'AABIS'], ['AABIS-5', '914569', 'AABIS'], ['AABIS-6', '914570', 'AABIS'], ...], ...}
jira_screen_shots = None

    def test_1_selenium_zscale_view_test_plan_in_issue_view(jira_webdriver, jira_datasets, jira_screen_shots):
>       extension_ui.zscale_view_test_plan_in_issue_view(jira_webdriver, jira_datasets)

selenium_ui/jira_ui.py:73: 
_ _ _ _ _ _ _ _ _ _ _ _ _ _ _ _ _ _ _ _ _ _ _ _ _ _ _ _ _ _ _ _ _ _ _ _ _ _ _ _ 

webdriver = <selenium.webdriver.chrome.webdriver.WebDriver (session="cd23560879c09253cda3102213f36dda")>
datasets = {'custom_issues': [], 'issue_id': '2094339', 'issue_key': 'AABIS-2642', 'issues': [['AABIS-1', '914565', 'AABIS'], ['A...', 'AABIS'], ['AABIS-4', '914568', 'AABIS'], ['AABIS-5', '914569', 'AABIS'], ['AABIS-6', '914570', 'AABIS'], ...], ...}

    def zscale_view_test_plan_in_issue_view(webdriver, datasets):
        page = BasePage(webdriver)
>       issue_key = datasets['custom_issue_key']
    
        @print_timing("zephyr_scale_view_test_plan_in_issue_view")
E       KeyError: 'custom_issue_key'

extension/jira/extension_ui.py:69: KeyError
04-27-2022, 11:07:00, 1651057620827, Action: test_1_selenium_zscale_view_test_case_in_issue_view, Error: jira_webdriver = <selenium.webdriver.chrome.webdriver.WebDriver (session="cd23560879c09253cda3102213f36dda")>
jira_datasets = {'custom_issues': [], 'issue_id': '206740', 'issue_key': 'AAFAIA-1232', 'issues': [['AABIS-1', '914565', 'AABIS'], ['A...', 'AABIS'], ['AABIS-4', '914568', 'AABIS'], ['AABIS-5', '914569', 'AABIS'], ['AABIS-6', '914570', 'AABIS'], ...], ...}
jira_screen_shots = None

    def test_1_selenium_zscale_view_test_case_in_issue_view(jira_webdriver, jira_datasets, jira_screen_shots):
>       extension_ui.zscale_view_test_case_in_issue_view(jira_webdriver, jira_datasets)

selenium_ui/jira_ui.py:67: 
_ _ _ _ _ _ _ _ _ _ _ _ _ _ _ _ _ _ _ _ _ _ _ _ _ _ _ _ _ _ _ _ _ _ _ _ _ _ _ _ 

webdriver = <selenium.webdriver.chrome.webdriver.WebDriver (session="cd23560879c09253cda3102213f36dda")>
datasets = {'custom_issues': [], 'issue_id': '206740', 'issue_key': 'AAFAIA-1232', 'issues': [['AABIS-1', '914565', 'AABIS'], ['A...', 'AABIS'], ['AABIS-4', '914568', 'AABIS'], ['AABIS-5', '914569', 'AABIS'], ['AABIS-6', '914570', 'AABIS'], ...], ...}

    def zscale_view_test_case_in_issue_view(webdriver, datasets):
        page = BasePage(webdriver)
>       issue_key = datasets['custom_issue_key']
    
        @print_timing("zephyr_scale_view_test_case_in_issue_view")
E       KeyError: 'custom_issue_key'

extension/jira/extension_ui.py:47: KeyError
04-27-2022, 11:07:01, 1651057621341, Action: test_1_selenium_zscale_view_test_cycle_in_issue_view, Error: jira_webdriver = <selenium.webdriver.chrome.webdriver.WebDriver (session="cd23560879c09253cda3102213f36dda")>
jira_datasets = {'custom_issues': [], 'issue_id': '206740', 'issue_key': 'AAFAIA-1232', 'issues': [['AABIS-1', '914565', 'AABIS'], ['A...', 'AABIS'], ['AABIS-4', '914568', 'AABIS'], ['AABIS-5', '914569', 'AABIS'], ['AABIS-6', '914570', 'AABIS'], ...], ...}
jira_screen_shots = None

    def test_1_selenium_zscale_view_test_cycle_in_issue_view(jira_webdriver, jira_datasets, jira_screen_shots):
>       extension_ui.zscale_view_test_cycle_in_issue_view(jira_webdriver, jira_datasets)

selenium_ui/jira_ui.py:70: 
_ _ _ _ _ _ _ _ _ _ _ _ _ _ _ _ _ _ _ _ _ _ _ _ _ _ _ _ _ _ _ _ _ _ _ _ _ _ _ _ 

webdriver = <selenium.webdriver.chrome.webdriver.WebDriver (session="cd23560879c09253cda3102213f36dda")>
datasets = {'custom_issues': [], 'issue_id': '206740', 'issue_key': 'AAFAIA-1232', 'issues': [['AABIS-1', '914565', 'AABIS'], ['A...', 'AABIS'], ['AABIS-4', '914568', 'AABIS'], ['AABIS-5', '914569', 'AABIS'], ['AABIS-6', '914570', 'AABIS'], ...], ...}

    def zscale_view_test_cycle_in_issue_view(webdriver, datasets):
        page = BasePage(webdriver)
>       issue_key = datasets['custom_issue_key']
    
        @print_timing("zephyr_scale_view_test_cycle_in_issue_view")
E       KeyError: 'custom_issue_key'

extension/jira/extension_ui.py:58: KeyError
04-27-2022, 11:07:01, 1651057621871, Action: test_1_selenium_zscale_view_test_plan_in_issue_view, Error: jira_webdriver = <selenium.webdriver.chrome.webdriver.WebDriver (session="cd23560879c09253cda3102213f36dda")>
jira_datasets = {'custom_issues': [], 'issue_id': '206740', 'issue_key': 'AAFAIA-1232', 'issues': [['AABIS-1', '914565', 'AABIS'], ['A...', 'AABIS'], ['AABIS-4', '914568', 'AABIS'], ['AABIS-5', '914569', 'AABIS'], ['AABIS-6', '914570', 'AABIS'], ...], ...}
jira_screen_shots = None

    def test_1_selenium_zscale_view_test_plan_in_issue_view(jira_webdriver, jira_datasets, jira_screen_shots):
>       extension_ui.zscale_view_test_plan_in_issue_view(jira_webdriver, jira_datasets)

selenium_ui/jira_ui.py:73: 
_ _ _ _ _ _ _ _ _ _ _ _ _ _ _ _ _ _ _ _ _ _ _ _ _ _ _ _ _ _ _ _ _ _ _ _ _ _ _ _ 

webdriver = <selenium.webdriver.chrome.webdriver.WebDriver (session="cd23560879c09253cda3102213f36dda")>
datasets = {'custom_issues': [], 'issue_id': '206740', 'issue_key': 'AAFAIA-1232', 'issues': [['AABIS-1', '914565', 'AABIS'], ['A...', 'AABIS'], ['AABIS-4', '914568', 'AABIS'], ['AABIS-5', '914569', 'AABIS'], ['AABIS-6', '914570', 'AABIS'], ...], ...}

    def zscale_view_test_plan_in_issue_view(webdriver, datasets):
        page = BasePage(webdriver)
>       issue_key = datasets['custom_issue_key']
    
        @print_timing("zephyr_scale_view_test_plan_in_issue_view")
E       KeyError: 'custom_issue_key'

extension/jira/extension_ui.py:69: KeyError
04-27-2022, 11:07:15, 1651057635763, Action: test_1_selenium_zscale_view_test_case_in_issue_view, Error: jira_webdriver = <selenium.webdriver.chrome.webdriver.WebDriver (session="cd23560879c09253cda3102213f36dda")>
jira_datasets = {'custom_issues': [], 'issue_id': '210147', 'issue_key': 'AAFAIA-4639', 'issues': [['AABIS-1', '914565', 'AABIS'], ['A...', 'AABIS'], ['AABIS-4', '914568', 'AABIS'], ['AABIS-5', '914569', 'AABIS'], ['AABIS-6', '914570', 'AABIS'], ...], ...}
jira_screen_shots = None

    def test_1_selenium_zscale_view_test_case_in_issue_view(jira_webdriver, jira_datasets, jira_screen_shots):
>       extension_ui.zscale_view_test_case_in_issue_view(jira_webdriver, jira_datasets)

selenium_ui/jira_ui.py:67: 
_ _ _ _ _ _ _ _ _ _ _ _ _ _ _ _ _ _ _ _ _ _ _ _ _ _ _ _ _ _ _ _ _ _ _ _ _ _ _ _ 

webdriver = <selenium.webdriver.chrome.webdriver.WebDriver (session="cd23560879c09253cda3102213f36dda")>
datasets = {'custom_issues': [], 'issue_id': '210147', 'issue_key': 'AAFAIA-4639', 'issues': [['AABIS-1', '914565', 'AABIS'], ['A...', 'AABIS'], ['AABIS-4', '914568', 'AABIS'], ['AABIS-5', '914569', 'AABIS'], ['AABIS-6', '914570', 'AABIS'], ...], ...}

    def zscale_view_test_case_in_issue_view(webdriver, datasets):
        page = BasePage(webdriver)
>       issue_key = datasets['custom_issue_key']
    
        @print_timing("zephyr_scale_view_test_case_in_issue_view")
E       KeyError: 'custom_issue_key'

extension/jira/extension_ui.py:47: KeyError
04-27-2022, 11:07:16, 1651057636247, Action: test_1_selenium_zscale_view_test_cycle_in_issue_view, Error: jira_webdriver = <selenium.webdriver.chrome.webdriver.WebDriver (session="cd23560879c09253cda3102213f36dda")>
jira_datasets = {'custom_issues': [], 'issue_id': '210147', 'issue_key': 'AAFAIA-4639', 'issues': [['AABIS-1', '914565', 'AABIS'], ['A...', 'AABIS'], ['AABIS-4', '914568', 'AABIS'], ['AABIS-5', '914569', 'AABIS'], ['AABIS-6', '914570', 'AABIS'], ...], ...}
jira_screen_shots = None

    def test_1_selenium_zscale_view_test_cycle_in_issue_view(jira_webdriver, jira_datasets, jira_screen_shots):
>       extension_ui.zscale_view_test_cycle_in_issue_view(jira_webdriver, jira_datasets)

selenium_ui/jira_ui.py:70: 
_ _ _ _ _ _ _ _ _ _ _ _ _ _ _ _ _ _ _ _ _ _ _ _ _ _ _ _ _ _ _ _ _ _ _ _ _ _ _ _ 

webdriver = <selenium.webdriver.chrome.webdriver.WebDriver (session="cd23560879c09253cda3102213f36dda")>
datasets = {'custom_issues': [], 'issue_id': '210147', 'issue_key': 'AAFAIA-4639', 'issues': [['AABIS-1', '914565', 'AABIS'], ['A...', 'AABIS'], ['AABIS-4', '914568', 'AABIS'], ['AABIS-5', '914569', 'AABIS'], ['AABIS-6', '914570', 'AABIS'], ...], ...}

    def zscale_view_test_cycle_in_issue_view(webdriver, datasets):
        page = BasePage(webdriver)
>       issue_key = datasets['custom_issue_key']
    
        @print_timing("zephyr_scale_view_test_cycle_in_issue_view")
E       KeyError: 'custom_issue_key'

extension/jira/extension_ui.py:58: KeyError
04-27-2022, 11:07:16, 1651057636775, Action: test_1_selenium_zscale_view_test_plan_in_issue_view, Error: jira_webdriver = <selenium.webdriver.chrome.webdriver.WebDriver (session="cd23560879c09253cda3102213f36dda")>
jira_datasets = {'custom_issues': [], 'issue_id': '210147', 'issue_key': 'AAFAIA-4639', 'issues': [['AABIS-1', '914565', 'AABIS'], ['A...', 'AABIS'], ['AABIS-4', '914568', 'AABIS'], ['AABIS-5', '914569', 'AABIS'], ['AABIS-6', '914570', 'AABIS'], ...], ...}
jira_screen_shots = None

    def test_1_selenium_zscale_view_test_plan_in_issue_view(jira_webdriver, jira_datasets, jira_screen_shots):
>       extension_ui.zscale_view_test_plan_in_issue_view(jira_webdriver, jira_datasets)

selenium_ui/jira_ui.py:73: 
_ _ _ _ _ _ _ _ _ _ _ _ _ _ _ _ _ _ _ _ _ _ _ _ _ _ _ _ _ _ _ _ _ _ _ _ _ _ _ _ 

webdriver = <selenium.webdriver.chrome.webdriver.WebDriver (session="cd23560879c09253cda3102213f36dda")>
datasets = {'custom_issues': [], 'issue_id': '210147', 'issue_key': 'AAFAIA-4639', 'issues': [['AABIS-1', '914565', 'AABIS'], ['A...', 'AABIS'], ['AABIS-4', '914568', 'AABIS'], ['AABIS-5', '914569', 'AABIS'], ['AABIS-6', '914570', 'AABIS'], ...], ...}

    def zscale_view_test_plan_in_issue_view(webdriver, datasets):
        page = BasePage(webdriver)
>       issue_key = datasets['custom_issue_key']
    
        @print_timing("zephyr_scale_view_test_plan_in_issue_view")
E       KeyError: 'custom_issue_key'

extension/jira/extension_ui.py:69: KeyError
04-27-2022, 11:07:30, 1651057650726, Action: test_1_selenium_zscale_view_test_case_in_issue_view, Error: jira_webdriver = <selenium.webdriver.chrome.webdriver.WebDriver (session="cd23560879c09253cda3102213f36dda")>
jira_datasets = {'custom_issues': [], 'issue_id': '209332', 'issue_key': 'AAFAIA-3824', 'issues': [['AABIS-1', '914565', 'AABIS'], ['A...', 'AABIS'], ['AABIS-4', '914568', 'AABIS'], ['AABIS-5', '914569', 'AABIS'], ['AABIS-6', '914570', 'AABIS'], ...], ...}
jira_screen_shots = None

    def test_1_selenium_zscale_view_test_case_in_issue_view(jira_webdriver, jira_datasets, jira_screen_shots):
>       extension_ui.zscale_view_test_case_in_issue_view(jira_webdriver, jira_datasets)

selenium_ui/jira_ui.py:67: 
_ _ _ _ _ _ _ _ _ _ _ _ _ _ _ _ _ _ _ _ _ _ _ _ _ _ _ _ _ _ _ _ _ _ _ _ _ _ _ _ 

webdriver = <selenium.webdriver.chrome.webdriver.WebDriver (session="cd23560879c09253cda3102213f36dda")>
datasets = {'custom_issues': [], 'issue_id': '209332', 'issue_key': 'AAFAIA-3824', 'issues': [['AABIS-1', '914565', 'AABIS'], ['A...', 'AABIS'], ['AABIS-4', '914568', 'AABIS'], ['AABIS-5', '914569', 'AABIS'], ['AABIS-6', '914570', 'AABIS'], ...], ...}

    def zscale_view_test_case_in_issue_view(webdriver, datasets):
        page = BasePage(webdriver)
>       issue_key = datasets['custom_issue_key']
    
        @print_timing("zephyr_scale_view_test_case_in_issue_view")
E       KeyError: 'custom_issue_key'

extension/jira/extension_ui.py:47: KeyError
04-27-2022, 11:07:31, 1651057651232, Action: test_1_selenium_zscale_view_test_cycle_in_issue_view, Error: jira_webdriver = <selenium.webdriver.chrome.webdriver.WebDriver (session="cd23560879c09253cda3102213f36dda")>
jira_datasets = {'custom_issues': [], 'issue_id': '209332', 'issue_key': 'AAFAIA-3824', 'issues': [['AABIS-1', '914565', 'AABIS'], ['A...', 'AABIS'], ['AABIS-4', '914568', 'AABIS'], ['AABIS-5', '914569', 'AABIS'], ['AABIS-6', '914570', 'AABIS'], ...], ...}
jira_screen_shots = None

    def test_1_selenium_zscale_view_test_cycle_in_issue_view(jira_webdriver, jira_datasets, jira_screen_shots):
>       extension_ui.zscale_view_test_cycle_in_issue_view(jira_webdriver, jira_datasets)

selenium_ui/jira_ui.py:70: 
_ _ _ _ _ _ _ _ _ _ _ _ _ _ _ _ _ _ _ _ _ _ _ _ _ _ _ _ _ _ _ _ _ _ _ _ _ _ _ _ 

webdriver = <selenium.webdriver.chrome.webdriver.WebDriver (session="cd23560879c09253cda3102213f36dda")>
datasets = {'custom_issues': [], 'issue_id': '209332', 'issue_key': 'AAFAIA-3824', 'issues': [['AABIS-1', '914565', 'AABIS'], ['A...', 'AABIS'], ['AABIS-4', '914568', 'AABIS'], ['AABIS-5', '914569', 'AABIS'], ['AABIS-6', '914570', 'AABIS'], ...], ...}

    def zscale_view_test_cycle_in_issue_view(webdriver, datasets):
        page = BasePage(webdriver)
>       issue_key = datasets['custom_issue_key']
    
        @print_timing("zephyr_scale_view_test_cycle_in_issue_view")
E       KeyError: 'custom_issue_key'

extension/jira/extension_ui.py:58: KeyError
04-27-2022, 11:07:31, 1651057651750, Action: test_1_selenium_zscale_view_test_plan_in_issue_view, Error: jira_webdriver = <selenium.webdriver.chrome.webdriver.WebDriver (session="cd23560879c09253cda3102213f36dda")>
jira_datasets = {'custom_issues': [], 'issue_id': '209332', 'issue_key': 'AAFAIA-3824', 'issues': [['AABIS-1', '914565', 'AABIS'], ['A...', 'AABIS'], ['AABIS-4', '914568', 'AABIS'], ['AABIS-5', '914569', 'AABIS'], ['AABIS-6', '914570', 'AABIS'], ...], ...}
jira_screen_shots = None

    def test_1_selenium_zscale_view_test_plan_in_issue_view(jira_webdriver, jira_datasets, jira_screen_shots):
>       extension_ui.zscale_view_test_plan_in_issue_view(jira_webdriver, jira_datasets)

selenium_ui/jira_ui.py:73: 
_ _ _ _ _ _ _ _ _ _ _ _ _ _ _ _ _ _ _ _ _ _ _ _ _ _ _ _ _ _ _ _ _ _ _ _ _ _ _ _ 

webdriver = <selenium.webdriver.chrome.webdriver.WebDriver (session="cd23560879c09253cda3102213f36dda")>
datasets = {'custom_issues': [], 'issue_id': '209332', 'issue_key': 'AAFAIA-3824', 'issues': [['AABIS-1', '914565', 'AABIS'], ['A...', 'AABIS'], ['AABIS-4', '914568', 'AABIS'], ['AABIS-5', '914569', 'AABIS'], ['AABIS-6', '914570', 'AABIS'], ...], ...}

    def zscale_view_test_plan_in_issue_view(webdriver, datasets):
        page = BasePage(webdriver)
>       issue_key = datasets['custom_issue_key']
    
        @print_timing("zephyr_scale_view_test_plan_in_issue_view")
E       KeyError: 'custom_issue_key'

extension/jira/extension_ui.py:69: KeyError
04-27-2022, 11:07:45, 1651057665534, Action: test_1_selenium_zscale_view_test_case_in_issue_view, Error: jira_webdriver = <selenium.webdriver.chrome.webdriver.WebDriver (session="cd23560879c09253cda3102213f36dda")>
jira_datasets = {'custom_issues': [], 'issue_id': '206637', 'issue_key': 'AAFAIA-1129', 'issues': [['AABIS-1', '914565', 'AABIS'], ['A...', 'AABIS'], ['AABIS-4', '914568', 'AABIS'], ['AABIS-5', '914569', 'AABIS'], ['AABIS-6', '914570', 'AABIS'], ...], ...}
jira_screen_shots = None

    def test_1_selenium_zscale_view_test_case_in_issue_view(jira_webdriver, jira_datasets, jira_screen_shots):
>       extension_ui.zscale_view_test_case_in_issue_view(jira_webdriver, jira_datasets)

selenium_ui/jira_ui.py:67: 
_ _ _ _ _ _ _ _ _ _ _ _ _ _ _ _ _ _ _ _ _ _ _ _ _ _ _ _ _ _ _ _ _ _ _ _ _ _ _ _ 

webdriver = <selenium.webdriver.chrome.webdriver.WebDriver (session="cd23560879c09253cda3102213f36dda")>
datasets = {'custom_issues': [], 'issue_id': '206637', 'issue_key': 'AAFAIA-1129', 'issues': [['AABIS-1', '914565', 'AABIS'], ['A...', 'AABIS'], ['AABIS-4', '914568', 'AABIS'], ['AABIS-5', '914569', 'AABIS'], ['AABIS-6', '914570', 'AABIS'], ...], ...}

    def zscale_view_test_case_in_issue_view(webdriver, datasets):
        page = BasePage(webdriver)
>       issue_key = datasets['custom_issue_key']
    
        @print_timing("zephyr_scale_view_test_case_in_issue_view")
E       KeyError: 'custom_issue_key'

extension/jira/extension_ui.py:47: KeyError
04-27-2022, 11:07:46, 1651057666038, Action: test_1_selenium_zscale_view_test_cycle_in_issue_view, Error: jira_webdriver = <selenium.webdriver.chrome.webdriver.WebDriver (session="cd23560879c09253cda3102213f36dda")>
jira_datasets = {'custom_issues': [], 'issue_id': '206637', 'issue_key': 'AAFAIA-1129', 'issues': [['AABIS-1', '914565', 'AABIS'], ['A...', 'AABIS'], ['AABIS-4', '914568', 'AABIS'], ['AABIS-5', '914569', 'AABIS'], ['AABIS-6', '914570', 'AABIS'], ...], ...}
jira_screen_shots = None

    def test_1_selenium_zscale_view_test_cycle_in_issue_view(jira_webdriver, jira_datasets, jira_screen_shots):
>       extension_ui.zscale_view_test_cycle_in_issue_view(jira_webdriver, jira_datasets)

selenium_ui/jira_ui.py:70: 
_ _ _ _ _ _ _ _ _ _ _ _ _ _ _ _ _ _ _ _ _ _ _ _ _ _ _ _ _ _ _ _ _ _ _ _ _ _ _ _ 

webdriver = <selenium.webdriver.chrome.webdriver.WebDriver (session="cd23560879c09253cda3102213f36dda")>
datasets = {'custom_issues': [], 'issue_id': '206637', 'issue_key': 'AAFAIA-1129', 'issues': [['AABIS-1', '914565', 'AABIS'], ['A...', 'AABIS'], ['AABIS-4', '914568', 'AABIS'], ['AABIS-5', '914569', 'AABIS'], ['AABIS-6', '914570', 'AABIS'], ...], ...}

    def zscale_view_test_cycle_in_issue_view(webdriver, datasets):
        page = BasePage(webdriver)
>       issue_key = datasets['custom_issue_key']
    
        @print_timing("zephyr_scale_view_test_cycle_in_issue_view")
E       KeyError: 'custom_issue_key'

extension/jira/extension_ui.py:58: KeyError
04-27-2022, 11:07:46, 1651057666658, Action: test_1_selenium_zscale_view_test_plan_in_issue_view, Error: jira_webdriver = <selenium.webdriver.chrome.webdriver.WebDriver (session="cd23560879c09253cda3102213f36dda")>
jira_datasets = {'custom_issues': [], 'issue_id': '206637', 'issue_key': 'AAFAIA-1129', 'issues': [['AABIS-1', '914565', 'AABIS'], ['A...', 'AABIS'], ['AABIS-4', '914568', 'AABIS'], ['AABIS-5', '914569', 'AABIS'], ['AABIS-6', '914570', 'AABIS'], ...], ...}
jira_screen_shots = None

    def test_1_selenium_zscale_view_test_plan_in_issue_view(jira_webdriver, jira_datasets, jira_screen_shots):
>       extension_ui.zscale_view_test_plan_in_issue_view(jira_webdriver, jira_datasets)

selenium_ui/jira_ui.py:73: 
_ _ _ _ _ _ _ _ _ _ _ _ _ _ _ _ _ _ _ _ _ _ _ _ _ _ _ _ _ _ _ _ _ _ _ _ _ _ _ _ 

webdriver = <selenium.webdriver.chrome.webdriver.WebDriver (session="cd23560879c09253cda3102213f36dda")>
datasets = {'custom_issues': [], 'issue_id': '206637', 'issue_key': 'AAFAIA-1129', 'issues': [['AABIS-1', '914565', 'AABIS'], ['A...', 'AABIS'], ['AABIS-4', '914568', 'AABIS'], ['AABIS-5', '914569', 'AABIS'], ['AABIS-6', '914570', 'AABIS'], ...], ...}

    def zscale_view_test_plan_in_issue_view(webdriver, datasets):
        page = BasePage(webdriver)
>       issue_key = datasets['custom_issue_key']
    
        @print_timing("zephyr_scale_view_test_plan_in_issue_view")
E       KeyError: 'custom_issue_key'

extension/jira/extension_ui.py:69: KeyError
04-27-2022, 11:08:01, 1651057681021, Action: test_1_selenium_zscale_view_test_case_in_issue_view, Error: jira_webdriver = <selenium.webdriver.chrome.webdriver.WebDriver (session="cd23560879c09253cda3102213f36dda")>
jira_datasets = {'custom_issues': [], 'issue_id': '208087', 'issue_key': 'AAFAIA-2579', 'issues': [['AABIS-1', '914565', 'AABIS'], ['A...', 'AABIS'], ['AABIS-4', '914568', 'AABIS'], ['AABIS-5', '914569', 'AABIS'], ['AABIS-6', '914570', 'AABIS'], ...], ...}
jira_screen_shots = None

    def test_1_selenium_zscale_view_test_case_in_issue_view(jira_webdriver, jira_datasets, jira_screen_shots):
>       extension_ui.zscale_view_test_case_in_issue_view(jira_webdriver, jira_datasets)

selenium_ui/jira_ui.py:67: 
_ _ _ _ _ _ _ _ _ _ _ _ _ _ _ _ _ _ _ _ _ _ _ _ _ _ _ _ _ _ _ _ _ _ _ _ _ _ _ _ 

webdriver = <selenium.webdriver.chrome.webdriver.WebDriver (session="cd23560879c09253cda3102213f36dda")>
datasets = {'custom_issues': [], 'issue_id': '208087', 'issue_key': 'AAFAIA-2579', 'issues': [['AABIS-1', '914565', 'AABIS'], ['A...', 'AABIS'], ['AABIS-4', '914568', 'AABIS'], ['AABIS-5', '914569', 'AABIS'], ['AABIS-6', '914570', 'AABIS'], ...], ...}

    def zscale_view_test_case_in_issue_view(webdriver, datasets):
        page = BasePage(webdriver)
>       issue_key = datasets['custom_issue_key']
    
        @print_timing("zephyr_scale_view_test_case_in_issue_view")
E       KeyError: 'custom_issue_key'

extension/jira/extension_ui.py:47: KeyError
04-27-2022, 11:08:01, 1651057681553, Action: test_1_selenium_zscale_view_test_cycle_in_issue_view, Error: jira_webdriver = <selenium.webdriver.chrome.webdriver.WebDriver (session="cd23560879c09253cda3102213f36dda")>
jira_datasets = {'custom_issues': [], 'issue_id': '208087', 'issue_key': 'AAFAIA-2579', 'issues': [['AABIS-1', '914565', 'AABIS'], ['A...', 'AABIS'], ['AABIS-4', '914568', 'AABIS'], ['AABIS-5', '914569', 'AABIS'], ['AABIS-6', '914570', 'AABIS'], ...], ...}
jira_screen_shots = None

    def test_1_selenium_zscale_view_test_cycle_in_issue_view(jira_webdriver, jira_datasets, jira_screen_shots):
>       extension_ui.zscale_view_test_cycle_in_issue_view(jira_webdriver, jira_datasets)

selenium_ui/jira_ui.py:70: 
_ _ _ _ _ _ _ _ _ _ _ _ _ _ _ _ _ _ _ _ _ _ _ _ _ _ _ _ _ _ _ _ _ _ _ _ _ _ _ _ 

webdriver = <selenium.webdriver.chrome.webdriver.WebDriver (session="cd23560879c09253cda3102213f36dda")>
datasets = {'custom_issues': [], 'issue_id': '208087', 'issue_key': 'AAFAIA-2579', 'issues': [['AABIS-1', '914565', 'AABIS'], ['A...', 'AABIS'], ['AABIS-4', '914568', 'AABIS'], ['AABIS-5', '914569', 'AABIS'], ['AABIS-6', '914570', 'AABIS'], ...], ...}

    def zscale_view_test_cycle_in_issue_view(webdriver, datasets):
        page = BasePage(webdriver)
>       issue_key = datasets['custom_issue_key']
    
        @print_timing("zephyr_scale_view_test_cycle_in_issue_view")
E       KeyError: 'custom_issue_key'

extension/jira/extension_ui.py:58: KeyError
04-27-2022, 11:08:02, 1651057682103, Action: test_1_selenium_zscale_view_test_plan_in_issue_view, Error: jira_webdriver = <selenium.webdriver.chrome.webdriver.WebDriver (session="cd23560879c09253cda3102213f36dda")>
jira_datasets = {'custom_issues': [], 'issue_id': '208087', 'issue_key': 'AAFAIA-2579', 'issues': [['AABIS-1', '914565', 'AABIS'], ['A...', 'AABIS'], ['AABIS-4', '914568', 'AABIS'], ['AABIS-5', '914569', 'AABIS'], ['AABIS-6', '914570', 'AABIS'], ...], ...}
jira_screen_shots = None

    def test_1_selenium_zscale_view_test_plan_in_issue_view(jira_webdriver, jira_datasets, jira_screen_shots):
>       extension_ui.zscale_view_test_plan_in_issue_view(jira_webdriver, jira_datasets)

selenium_ui/jira_ui.py:73: 
_ _ _ _ _ _ _ _ _ _ _ _ _ _ _ _ _ _ _ _ _ _ _ _ _ _ _ _ _ _ _ _ _ _ _ _ _ _ _ _ 

webdriver = <selenium.webdriver.chrome.webdriver.WebDriver (session="cd23560879c09253cda3102213f36dda")>
datasets = {'custom_issues': [], 'issue_id': '208087', 'issue_key': 'AAFAIA-2579', 'issues': [['AABIS-1', '914565', 'AABIS'], ['A...', 'AABIS'], ['AABIS-4', '914568', 'AABIS'], ['AABIS-5', '914569', 'AABIS'], ['AABIS-6', '914570', 'AABIS'], ...], ...}

    def zscale_view_test_plan_in_issue_view(webdriver, datasets):
        page = BasePage(webdriver)
>       issue_key = datasets['custom_issue_key']
    
        @print_timing("zephyr_scale_view_test_plan_in_issue_view")
E       KeyError: 'custom_issue_key'

extension/jira/extension_ui.py:69: KeyError
04-27-2022, 11:08:16, 1651057696798, Action: test_1_selenium_zscale_view_test_case_in_issue_view, Error: jira_webdriver = <selenium.webdriver.chrome.webdriver.WebDriver (session="cd23560879c09253cda3102213f36dda")>
jira_datasets = {'custom_issues': [], 'issue_id': '2034024', 'issue_key': 'AABIS-1326', 'issues': [['AABIS-1', '914565', 'AABIS'], ['A...', 'AABIS'], ['AABIS-4', '914568', 'AABIS'], ['AABIS-5', '914569', 'AABIS'], ['AABIS-6', '914570', 'AABIS'], ...], ...}
jira_screen_shots = None

    def test_1_selenium_zscale_view_test_case_in_issue_view(jira_webdriver, jira_datasets, jira_screen_shots):
>       extension_ui.zscale_view_test_case_in_issue_view(jira_webdriver, jira_datasets)

selenium_ui/jira_ui.py:67: 
_ _ _ _ _ _ _ _ _ _ _ _ _ _ _ _ _ _ _ _ _ _ _ _ _ _ _ _ _ _ _ _ _ _ _ _ _ _ _ _ 

webdriver = <selenium.webdriver.chrome.webdriver.WebDriver (session="cd23560879c09253cda3102213f36dda")>
datasets = {'custom_issues': [], 'issue_id': '2034024', 'issue_key': 'AABIS-1326', 'issues': [['AABIS-1', '914565', 'AABIS'], ['A...', 'AABIS'], ['AABIS-4', '914568', 'AABIS'], ['AABIS-5', '914569', 'AABIS'], ['AABIS-6', '914570', 'AABIS'], ...], ...}

    def zscale_view_test_case_in_issue_view(webdriver, datasets):
        page = BasePage(webdriver)
>       issue_key = datasets['custom_issue_key']
    
        @print_timing("zephyr_scale_view_test_case_in_issue_view")
E       KeyError: 'custom_issue_key'

extension/jira/extension_ui.py:47: KeyError
04-27-2022, 11:08:17, 1651057697275, Action: test_1_selenium_zscale_view_test_cycle_in_issue_view, Error: jira_webdriver = <selenium.webdriver.chrome.webdriver.WebDriver (session="cd23560879c09253cda3102213f36dda")>
jira_datasets = {'custom_issues': [], 'issue_id': '2034024', 'issue_key': 'AABIS-1326', 'issues': [['AABIS-1', '914565', 'AABIS'], ['A...', 'AABIS'], ['AABIS-4', '914568', 'AABIS'], ['AABIS-5', '914569', 'AABIS'], ['AABIS-6', '914570', 'AABIS'], ...], ...}
jira_screen_shots = None

    def test_1_selenium_zscale_view_test_cycle_in_issue_view(jira_webdriver, jira_datasets, jira_screen_shots):
>       extension_ui.zscale_view_test_cycle_in_issue_view(jira_webdriver, jira_datasets)

selenium_ui/jira_ui.py:70: 
_ _ _ _ _ _ _ _ _ _ _ _ _ _ _ _ _ _ _ _ _ _ _ _ _ _ _ _ _ _ _ _ _ _ _ _ _ _ _ _ 

webdriver = <selenium.webdriver.chrome.webdriver.WebDriver (session="cd23560879c09253cda3102213f36dda")>
datasets = {'custom_issues': [], 'issue_id': '2034024', 'issue_key': 'AABIS-1326', 'issues': [['AABIS-1', '914565', 'AABIS'], ['A...', 'AABIS'], ['AABIS-4', '914568', 'AABIS'], ['AABIS-5', '914569', 'AABIS'], ['AABIS-6', '914570', 'AABIS'], ...], ...}

    def zscale_view_test_cycle_in_issue_view(webdriver, datasets):
        page = BasePage(webdriver)
>       issue_key = datasets['custom_issue_key']
    
        @print_timing("zephyr_scale_view_test_cycle_in_issue_view")
E       KeyError: 'custom_issue_key'

extension/jira/extension_ui.py:58: KeyError
04-27-2022, 11:08:17, 1651057697874, Action: test_1_selenium_zscale_view_test_plan_in_issue_view, Error: jira_webdriver = <selenium.webdriver.chrome.webdriver.WebDriver (session="cd23560879c09253cda3102213f36dda")>
jira_datasets = {'custom_issues': [], 'issue_id': '2034024', 'issue_key': 'AABIS-1326', 'issues': [['AABIS-1', '914565', 'AABIS'], ['A...', 'AABIS'], ['AABIS-4', '914568', 'AABIS'], ['AABIS-5', '914569', 'AABIS'], ['AABIS-6', '914570', 'AABIS'], ...], ...}
jira_screen_shots = None

    def test_1_selenium_zscale_view_test_plan_in_issue_view(jira_webdriver, jira_datasets, jira_screen_shots):
>       extension_ui.zscale_view_test_plan_in_issue_view(jira_webdriver, jira_datasets)

selenium_ui/jira_ui.py:73: 
_ _ _ _ _ _ _ _ _ _ _ _ _ _ _ _ _ _ _ _ _ _ _ _ _ _ _ _ _ _ _ _ _ _ _ _ _ _ _ _ 

webdriver = <selenium.webdriver.chrome.webdriver.WebDriver (session="cd23560879c09253cda3102213f36dda")>
datasets = {'custom_issues': [], 'issue_id': '2034024', 'issue_key': 'AABIS-1326', 'issues': [['AABIS-1', '914565', 'AABIS'], ['A...', 'AABIS'], ['AABIS-4', '914568', 'AABIS'], ['AABIS-5', '914569', 'AABIS'], ['AABIS-6', '914570', 'AABIS'], ...], ...}

    def zscale_view_test_plan_in_issue_view(webdriver, datasets):
        page = BasePage(webdriver)
>       issue_key = datasets['custom_issue_key']
    
        @print_timing("zephyr_scale_view_test_plan_in_issue_view")
E       KeyError: 'custom_issue_key'

extension/jira/extension_ui.py:69: KeyError
04-27-2022, 11:08:31, 1651057711304, Action: test_1_selenium_zscale_view_test_case_in_issue_view, Error: jira_webdriver = <selenium.webdriver.chrome.webdriver.WebDriver (session="cd23560879c09253cda3102213f36dda")>
jira_datasets = {'custom_issues': [], 'issue_id': '206649', 'issue_key': 'AAFAIA-1141', 'issues': [['AABIS-1', '914565', 'AABIS'], ['A...', 'AABIS'], ['AABIS-4', '914568', 'AABIS'], ['AABIS-5', '914569', 'AABIS'], ['AABIS-6', '914570', 'AABIS'], ...], ...}
jira_screen_shots = None

    def test_1_selenium_zscale_view_test_case_in_issue_view(jira_webdriver, jira_datasets, jira_screen_shots):
>       extension_ui.zscale_view_test_case_in_issue_view(jira_webdriver, jira_datasets)

selenium_ui/jira_ui.py:67: 
_ _ _ _ _ _ _ _ _ _ _ _ _ _ _ _ _ _ _ _ _ _ _ _ _ _ _ _ _ _ _ _ _ _ _ _ _ _ _ _ 

webdriver = <selenium.webdriver.chrome.webdriver.WebDriver (session="cd23560879c09253cda3102213f36dda")>
datasets = {'custom_issues': [], 'issue_id': '206649', 'issue_key': 'AAFAIA-1141', 'issues': [['AABIS-1', '914565', 'AABIS'], ['A...', 'AABIS'], ['AABIS-4', '914568', 'AABIS'], ['AABIS-5', '914569', 'AABIS'], ['AABIS-6', '914570', 'AABIS'], ...], ...}

    def zscale_view_test_case_in_issue_view(webdriver, datasets):
        page = BasePage(webdriver)
>       issue_key = datasets['custom_issue_key']
    
        @print_timing("zephyr_scale_view_test_case_in_issue_view")
E       KeyError: 'custom_issue_key'

extension/jira/extension_ui.py:47: KeyError
04-27-2022, 11:08:31, 1651057711922, Action: test_1_selenium_zscale_view_test_cycle_in_issue_view, Error: jira_webdriver = <selenium.webdriver.chrome.webdriver.WebDriver (session="cd23560879c09253cda3102213f36dda")>
jira_datasets = {'custom_issues': [], 'issue_id': '206649', 'issue_key': 'AAFAIA-1141', 'issues': [['AABIS-1', '914565', 'AABIS'], ['A...', 'AABIS'], ['AABIS-4', '914568', 'AABIS'], ['AABIS-5', '914569', 'AABIS'], ['AABIS-6', '914570', 'AABIS'], ...], ...}
jira_screen_shots = None

    def test_1_selenium_zscale_view_test_cycle_in_issue_view(jira_webdriver, jira_datasets, jira_screen_shots):
>       extension_ui.zscale_view_test_cycle_in_issue_view(jira_webdriver, jira_datasets)

selenium_ui/jira_ui.py:70: 
_ _ _ _ _ _ _ _ _ _ _ _ _ _ _ _ _ _ _ _ _ _ _ _ _ _ _ _ _ _ _ _ _ _ _ _ _ _ _ _ 

webdriver = <selenium.webdriver.chrome.webdriver.WebDriver (session="cd23560879c09253cda3102213f36dda")>
datasets = {'custom_issues': [], 'issue_id': '206649', 'issue_key': 'AAFAIA-1141', 'issues': [['AABIS-1', '914565', 'AABIS'], ['A...', 'AABIS'], ['AABIS-4', '914568', 'AABIS'], ['AABIS-5', '914569', 'AABIS'], ['AABIS-6', '914570', 'AABIS'], ...], ...}

    def zscale_view_test_cycle_in_issue_view(webdriver, datasets):
        page = BasePage(webdriver)
>       issue_key = datasets['custom_issue_key']
    
        @print_timing("zephyr_scale_view_test_cycle_in_issue_view")
E       KeyError: 'custom_issue_key'

extension/jira/extension_ui.py:58: KeyError
04-27-2022, 11:08:32, 1651057712525, Action: test_1_selenium_zscale_view_test_plan_in_issue_view, Error: jira_webdriver = <selenium.webdriver.chrome.webdriver.WebDriver (session="cd23560879c09253cda3102213f36dda")>
jira_datasets = {'custom_issues': [], 'issue_id': '206649', 'issue_key': 'AAFAIA-1141', 'issues': [['AABIS-1', '914565', 'AABIS'], ['A...', 'AABIS'], ['AABIS-4', '914568', 'AABIS'], ['AABIS-5', '914569', 'AABIS'], ['AABIS-6', '914570', 'AABIS'], ...], ...}
jira_screen_shots = None

    def test_1_selenium_zscale_view_test_plan_in_issue_view(jira_webdriver, jira_datasets, jira_screen_shots):
>       extension_ui.zscale_view_test_plan_in_issue_view(jira_webdriver, jira_datasets)

selenium_ui/jira_ui.py:73: 
_ _ _ _ _ _ _ _ _ _ _ _ _ _ _ _ _ _ _ _ _ _ _ _ _ _ _ _ _ _ _ _ _ _ _ _ _ _ _ _ 

webdriver = <selenium.webdriver.chrome.webdriver.WebDriver (session="cd23560879c09253cda3102213f36dda")>
datasets = {'custom_issues': [], 'issue_id': '206649', 'issue_key': 'AAFAIA-1141', 'issues': [['AABIS-1', '914565', 'AABIS'], ['A...', 'AABIS'], ['AABIS-4', '914568', 'AABIS'], ['AABIS-5', '914569', 'AABIS'], ['AABIS-6', '914570', 'AABIS'], ...], ...}

    def zscale_view_test_plan_in_issue_view(webdriver, datasets):
        page = BasePage(webdriver)
>       issue_key = datasets['custom_issue_key']
    
        @print_timing("zephyr_scale_view_test_plan_in_issue_view")
E       KeyError: 'custom_issue_key'

extension/jira/extension_ui.py:69: KeyError
04-27-2022, 11:08:47, 1651057727415, Action: test_1_selenium_zscale_view_test_case_in_issue_view, Error: jira_webdriver = <selenium.webdriver.chrome.webdriver.WebDriver (session="cd23560879c09253cda3102213f36dda")>
jira_datasets = {'custom_issues': [], 'issue_id': '914731', 'issue_key': 'AABIS-167', 'issues': [['AABIS-1', '914565', 'AABIS'], ['AAB...', 'AABIS'], ['AABIS-4', '914568', 'AABIS'], ['AABIS-5', '914569', 'AABIS'], ['AABIS-6', '914570', 'AABIS'], ...], ...}
jira_screen_shots = None

    def test_1_selenium_zscale_view_test_case_in_issue_view(jira_webdriver, jira_datasets, jira_screen_shots):
>       extension_ui.zscale_view_test_case_in_issue_view(jira_webdriver, jira_datasets)

selenium_ui/jira_ui.py:67: 
_ _ _ _ _ _ _ _ _ _ _ _ _ _ _ _ _ _ _ _ _ _ _ _ _ _ _ _ _ _ _ _ _ _ _ _ _ _ _ _ 

webdriver = <selenium.webdriver.chrome.webdriver.WebDriver (session="cd23560879c09253cda3102213f36dda")>
datasets = {'custom_issues': [], 'issue_id': '914731', 'issue_key': 'AABIS-167', 'issues': [['AABIS-1', '914565', 'AABIS'], ['AAB...', 'AABIS'], ['AABIS-4', '914568', 'AABIS'], ['AABIS-5', '914569', 'AABIS'], ['AABIS-6', '914570', 'AABIS'], ...], ...}

    def zscale_view_test_case_in_issue_view(webdriver, datasets):
        page = BasePage(webdriver)
>       issue_key = datasets['custom_issue_key']
    
        @print_timing("zephyr_scale_view_test_case_in_issue_view")
E       KeyError: 'custom_issue_key'

extension/jira/extension_ui.py:47: KeyError
04-27-2022, 11:08:48, 1651057728017, Action: test_1_selenium_zscale_view_test_cycle_in_issue_view, Error: jira_webdriver = <selenium.webdriver.chrome.webdriver.WebDriver (session="cd23560879c09253cda3102213f36dda")>
jira_datasets = {'custom_issues': [], 'issue_id': '914731', 'issue_key': 'AABIS-167', 'issues': [['AABIS-1', '914565', 'AABIS'], ['AAB...', 'AABIS'], ['AABIS-4', '914568', 'AABIS'], ['AABIS-5', '914569', 'AABIS'], ['AABIS-6', '914570', 'AABIS'], ...], ...}
jira_screen_shots = None

    def test_1_selenium_zscale_view_test_cycle_in_issue_view(jira_webdriver, jira_datasets, jira_screen_shots):
>       extension_ui.zscale_view_test_cycle_in_issue_view(jira_webdriver, jira_datasets)

selenium_ui/jira_ui.py:70: 
_ _ _ _ _ _ _ _ _ _ _ _ _ _ _ _ _ _ _ _ _ _ _ _ _ _ _ _ _ _ _ _ _ _ _ _ _ _ _ _ 

webdriver = <selenium.webdriver.chrome.webdriver.WebDriver (session="cd23560879c09253cda3102213f36dda")>
datasets = {'custom_issues': [], 'issue_id': '914731', 'issue_key': 'AABIS-167', 'issues': [['AABIS-1', '914565', 'AABIS'], ['AAB...', 'AABIS'], ['AABIS-4', '914568', 'AABIS'], ['AABIS-5', '914569', 'AABIS'], ['AABIS-6', '914570', 'AABIS'], ...], ...}

    def zscale_view_test_cycle_in_issue_view(webdriver, datasets):
        page = BasePage(webdriver)
>       issue_key = datasets['custom_issue_key']
    
        @print_timing("zephyr_scale_view_test_cycle_in_issue_view")
E       KeyError: 'custom_issue_key'

extension/jira/extension_ui.py:58: KeyError
04-27-2022, 11:08:48, 1651057728561, Action: test_1_selenium_zscale_view_test_plan_in_issue_view, Error: jira_webdriver = <selenium.webdriver.chrome.webdriver.WebDriver (session="cd23560879c09253cda3102213f36dda")>
jira_datasets = {'custom_issues': [], 'issue_id': '914731', 'issue_key': 'AABIS-167', 'issues': [['AABIS-1', '914565', 'AABIS'], ['AAB...', 'AABIS'], ['AABIS-4', '914568', 'AABIS'], ['AABIS-5', '914569', 'AABIS'], ['AABIS-6', '914570', 'AABIS'], ...], ...}
jira_screen_shots = None

    def test_1_selenium_zscale_view_test_plan_in_issue_view(jira_webdriver, jira_datasets, jira_screen_shots):
>       extension_ui.zscale_view_test_plan_in_issue_view(jira_webdriver, jira_datasets)

selenium_ui/jira_ui.py:73: 
_ _ _ _ _ _ _ _ _ _ _ _ _ _ _ _ _ _ _ _ _ _ _ _ _ _ _ _ _ _ _ _ _ _ _ _ _ _ _ _ 

webdriver = <selenium.webdriver.chrome.webdriver.WebDriver (session="cd23560879c09253cda3102213f36dda")>
datasets = {'custom_issues': [], 'issue_id': '914731', 'issue_key': 'AABIS-167', 'issues': [['AABIS-1', '914565', 'AABIS'], ['AAB...', 'AABIS'], ['AABIS-4', '914568', 'AABIS'], ['AABIS-5', '914569', 'AABIS'], ['AABIS-6', '914570', 'AABIS'], ...], ...}

    def zscale_view_test_plan_in_issue_view(webdriver, datasets):
        page = BasePage(webdriver)
>       issue_key = datasets['custom_issue_key']
    
        @print_timing("zephyr_scale_view_test_plan_in_issue_view")
E       KeyError: 'custom_issue_key'

extension/jira/extension_ui.py:69: KeyError
04-27-2022, 11:09:02, 1651057742219, Action: test_1_selenium_zscale_view_test_case_in_issue_view, Error: jira_webdriver = <selenium.webdriver.chrome.webdriver.WebDriver (session="cd23560879c09253cda3102213f36dda")>
jira_datasets = {'custom_issues': [], 'issue_id': '914769', 'issue_key': 'AABIS-205', 'issues': [['AABIS-1', '914565', 'AABIS'], ['AAB...', 'AABIS'], ['AABIS-4', '914568', 'AABIS'], ['AABIS-5', '914569', 'AABIS'], ['AABIS-6', '914570', 'AABIS'], ...], ...}
jira_screen_shots = None

    def test_1_selenium_zscale_view_test_case_in_issue_view(jira_webdriver, jira_datasets, jira_screen_shots):
>       extension_ui.zscale_view_test_case_in_issue_view(jira_webdriver, jira_datasets)

selenium_ui/jira_ui.py:67: 
_ _ _ _ _ _ _ _ _ _ _ _ _ _ _ _ _ _ _ _ _ _ _ _ _ _ _ _ _ _ _ _ _ _ _ _ _ _ _ _ 

webdriver = <selenium.webdriver.chrome.webdriver.WebDriver (session="cd23560879c09253cda3102213f36dda")>
datasets = {'custom_issues': [], 'issue_id': '914769', 'issue_key': 'AABIS-205', 'issues': [['AABIS-1', '914565', 'AABIS'], ['AAB...', 'AABIS'], ['AABIS-4', '914568', 'AABIS'], ['AABIS-5', '914569', 'AABIS'], ['AABIS-6', '914570', 'AABIS'], ...], ...}

    def zscale_view_test_case_in_issue_view(webdriver, datasets):
        page = BasePage(webdriver)
>       issue_key = datasets['custom_issue_key']
    
        @print_timing("zephyr_scale_view_test_case_in_issue_view")
E       KeyError: 'custom_issue_key'

extension/jira/extension_ui.py:47: KeyError
04-27-2022, 11:09:02, 1651057742746, Action: test_1_selenium_zscale_view_test_cycle_in_issue_view, Error: jira_webdriver = <selenium.webdriver.chrome.webdriver.WebDriver (session="cd23560879c09253cda3102213f36dda")>
jira_datasets = {'custom_issues': [], 'issue_id': '914769', 'issue_key': 'AABIS-205', 'issues': [['AABIS-1', '914565', 'AABIS'], ['AAB...', 'AABIS'], ['AABIS-4', '914568', 'AABIS'], ['AABIS-5', '914569', 'AABIS'], ['AABIS-6', '914570', 'AABIS'], ...], ...}
jira_screen_shots = None

    def test_1_selenium_zscale_view_test_cycle_in_issue_view(jira_webdriver, jira_datasets, jira_screen_shots):
>       extension_ui.zscale_view_test_cycle_in_issue_view(jira_webdriver, jira_datasets)

selenium_ui/jira_ui.py:70: 
_ _ _ _ _ _ _ _ _ _ _ _ _ _ _ _ _ _ _ _ _ _ _ _ _ _ _ _ _ _ _ _ _ _ _ _ _ _ _ _ 

webdriver = <selenium.webdriver.chrome.webdriver.WebDriver (session="cd23560879c09253cda3102213f36dda")>
datasets = {'custom_issues': [], 'issue_id': '914769', 'issue_key': 'AABIS-205', 'issues': [['AABIS-1', '914565', 'AABIS'], ['AAB...', 'AABIS'], ['AABIS-4', '914568', 'AABIS'], ['AABIS-5', '914569', 'AABIS'], ['AABIS-6', '914570', 'AABIS'], ...], ...}

    def zscale_view_test_cycle_in_issue_view(webdriver, datasets):
        page = BasePage(webdriver)
>       issue_key = datasets['custom_issue_key']
    
        @print_timing("zephyr_scale_view_test_cycle_in_issue_view")
E       KeyError: 'custom_issue_key'

extension/jira/extension_ui.py:58: KeyError
04-27-2022, 11:09:03, 1651057743282, Action: test_1_selenium_zscale_view_test_plan_in_issue_view, Error: jira_webdriver = <selenium.webdriver.chrome.webdriver.WebDriver (session="cd23560879c09253cda3102213f36dda")>
jira_datasets = {'custom_issues': [], 'issue_id': '914769', 'issue_key': 'AABIS-205', 'issues': [['AABIS-1', '914565', 'AABIS'], ['AAB...', 'AABIS'], ['AABIS-4', '914568', 'AABIS'], ['AABIS-5', '914569', 'AABIS'], ['AABIS-6', '914570', 'AABIS'], ...], ...}
jira_screen_shots = None

    def test_1_selenium_zscale_view_test_plan_in_issue_view(jira_webdriver, jira_datasets, jira_screen_shots):
>       extension_ui.zscale_view_test_plan_in_issue_view(jira_webdriver, jira_datasets)

selenium_ui/jira_ui.py:73: 
_ _ _ _ _ _ _ _ _ _ _ _ _ _ _ _ _ _ _ _ _ _ _ _ _ _ _ _ _ _ _ _ _ _ _ _ _ _ _ _ 

webdriver = <selenium.webdriver.chrome.webdriver.WebDriver (session="cd23560879c09253cda3102213f36dda")>
datasets = {'custom_issues': [], 'issue_id': '914769', 'issue_key': 'AABIS-205', 'issues': [['AABIS-1', '914565', 'AABIS'], ['AAB...', 'AABIS'], ['AABIS-4', '914568', 'AABIS'], ['AABIS-5', '914569', 'AABIS'], ['AABIS-6', '914570', 'AABIS'], ...], ...}

    def zscale_view_test_plan_in_issue_view(webdriver, datasets):
        page = BasePage(webdriver)
>       issue_key = datasets['custom_issue_key']
    
        @print_timing("zephyr_scale_view_test_plan_in_issue_view")
E       KeyError: 'custom_issue_key'

extension/jira/extension_ui.py:69: KeyError
04-27-2022, 11:09:17, 1651057757834, Action: test_1_selenium_zscale_view_test_case_in_issue_view, Error: jira_webdriver = <selenium.webdriver.chrome.webdriver.WebDriver (session="cd23560879c09253cda3102213f36dda")>
jira_datasets = {'custom_issues': [], 'issue_id': '2067901', 'issue_key': 'AABIS-2200', 'issues': [['AABIS-1', '914565', 'AABIS'], ['A...', 'AABIS'], ['AABIS-4', '914568', 'AABIS'], ['AABIS-5', '914569', 'AABIS'], ['AABIS-6', '914570', 'AABIS'], ...], ...}
jira_screen_shots = None

    def test_1_selenium_zscale_view_test_case_in_issue_view(jira_webdriver, jira_datasets, jira_screen_shots):
>       extension_ui.zscale_view_test_case_in_issue_view(jira_webdriver, jira_datasets)

selenium_ui/jira_ui.py:67: 
_ _ _ _ _ _ _ _ _ _ _ _ _ _ _ _ _ _ _ _ _ _ _ _ _ _ _ _ _ _ _ _ _ _ _ _ _ _ _ _ 

webdriver = <selenium.webdriver.chrome.webdriver.WebDriver (session="cd23560879c09253cda3102213f36dda")>
datasets = {'custom_issues': [], 'issue_id': '2067901', 'issue_key': 'AABIS-2200', 'issues': [['AABIS-1', '914565', 'AABIS'], ['A...', 'AABIS'], ['AABIS-4', '914568', 'AABIS'], ['AABIS-5', '914569', 'AABIS'], ['AABIS-6', '914570', 'AABIS'], ...], ...}

    def zscale_view_test_case_in_issue_view(webdriver, datasets):
        page = BasePage(webdriver)
>       issue_key = datasets['custom_issue_key']
    
        @print_timing("zephyr_scale_view_test_case_in_issue_view")
E       KeyError: 'custom_issue_key'

extension/jira/extension_ui.py:47: KeyError
04-27-2022, 11:09:18, 1651057758318, Action: test_1_selenium_zscale_view_test_cycle_in_issue_view, Error: jira_webdriver = <selenium.webdriver.chrome.webdriver.WebDriver (session="cd23560879c09253cda3102213f36dda")>
jira_datasets = {'custom_issues': [], 'issue_id': '2067901', 'issue_key': 'AABIS-2200', 'issues': [['AABIS-1', '914565', 'AABIS'], ['A...', 'AABIS'], ['AABIS-4', '914568', 'AABIS'], ['AABIS-5', '914569', 'AABIS'], ['AABIS-6', '914570', 'AABIS'], ...], ...}
jira_screen_shots = None

    def test_1_selenium_zscale_view_test_cycle_in_issue_view(jira_webdriver, jira_datasets, jira_screen_shots):
>       extension_ui.zscale_view_test_cycle_in_issue_view(jira_webdriver, jira_datasets)

selenium_ui/jira_ui.py:70: 
_ _ _ _ _ _ _ _ _ _ _ _ _ _ _ _ _ _ _ _ _ _ _ _ _ _ _ _ _ _ _ _ _ _ _ _ _ _ _ _ 

webdriver = <selenium.webdriver.chrome.webdriver.WebDriver (session="cd23560879c09253cda3102213f36dda")>
datasets = {'custom_issues': [], 'issue_id': '2067901', 'issue_key': 'AABIS-2200', 'issues': [['AABIS-1', '914565', 'AABIS'], ['A...', 'AABIS'], ['AABIS-4', '914568', 'AABIS'], ['AABIS-5', '914569', 'AABIS'], ['AABIS-6', '914570', 'AABIS'], ...], ...}

    def zscale_view_test_cycle_in_issue_view(webdriver, datasets):
        page = BasePage(webdriver)
>       issue_key = datasets['custom_issue_key']
    
        @print_timing("zephyr_scale_view_test_cycle_in_issue_view")
E       KeyError: 'custom_issue_key'

extension/jira/extension_ui.py:58: KeyError
04-27-2022, 11:09:18, 1651057758891, Action: test_1_selenium_zscale_view_test_plan_in_issue_view, Error: jira_webdriver = <selenium.webdriver.chrome.webdriver.WebDriver (session="cd23560879c09253cda3102213f36dda")>
jira_datasets = {'custom_issues': [], 'issue_id': '2067901', 'issue_key': 'AABIS-2200', 'issues': [['AABIS-1', '914565', 'AABIS'], ['A...', 'AABIS'], ['AABIS-4', '914568', 'AABIS'], ['AABIS-5', '914569', 'AABIS'], ['AABIS-6', '914570', 'AABIS'], ...], ...}
jira_screen_shots = None

    def test_1_selenium_zscale_view_test_plan_in_issue_view(jira_webdriver, jira_datasets, jira_screen_shots):
>       extension_ui.zscale_view_test_plan_in_issue_view(jira_webdriver, jira_datasets)

selenium_ui/jira_ui.py:73: 
_ _ _ _ _ _ _ _ _ _ _ _ _ _ _ _ _ _ _ _ _ _ _ _ _ _ _ _ _ _ _ _ _ _ _ _ _ _ _ _ 

webdriver = <selenium.webdriver.chrome.webdriver.WebDriver (session="cd23560879c09253cda3102213f36dda")>
datasets = {'custom_issues': [], 'issue_id': '2067901', 'issue_key': 'AABIS-2200', 'issues': [['AABIS-1', '914565', 'AABIS'], ['A...', 'AABIS'], ['AABIS-4', '914568', 'AABIS'], ['AABIS-5', '914569', 'AABIS'], ['AABIS-6', '914570', 'AABIS'], ...], ...}

    def zscale_view_test_plan_in_issue_view(webdriver, datasets):
        page = BasePage(webdriver)
>       issue_key = datasets['custom_issue_key']
    
        @print_timing("zephyr_scale_view_test_plan_in_issue_view")
E       KeyError: 'custom_issue_key'

extension/jira/extension_ui.py:69: KeyError
04-27-2022, 11:09:32, 1651057772367, Action: test_1_selenium_zscale_view_test_case_in_issue_view, Error: jira_webdriver = <selenium.webdriver.chrome.webdriver.WebDriver (session="cd23560879c09253cda3102213f36dda")>
jira_datasets = {'custom_issues': [], 'issue_id': '209153', 'issue_key': 'AAFAIA-3645', 'issues': [['AABIS-1', '914565', 'AABIS'], ['A...', 'AABIS'], ['AABIS-4', '914568', 'AABIS'], ['AABIS-5', '914569', 'AABIS'], ['AABIS-6', '914570', 'AABIS'], ...], ...}
jira_screen_shots = None

    def test_1_selenium_zscale_view_test_case_in_issue_view(jira_webdriver, jira_datasets, jira_screen_shots):
>       extension_ui.zscale_view_test_case_in_issue_view(jira_webdriver, jira_datasets)

selenium_ui/jira_ui.py:67: 
_ _ _ _ _ _ _ _ _ _ _ _ _ _ _ _ _ _ _ _ _ _ _ _ _ _ _ _ _ _ _ _ _ _ _ _ _ _ _ _ 

webdriver = <selenium.webdriver.chrome.webdriver.WebDriver (session="cd23560879c09253cda3102213f36dda")>
datasets = {'custom_issues': [], 'issue_id': '209153', 'issue_key': 'AAFAIA-3645', 'issues': [['AABIS-1', '914565', 'AABIS'], ['A...', 'AABIS'], ['AABIS-4', '914568', 'AABIS'], ['AABIS-5', '914569', 'AABIS'], ['AABIS-6', '914570', 'AABIS'], ...], ...}

    def zscale_view_test_case_in_issue_view(webdriver, datasets):
        page = BasePage(webdriver)
>       issue_key = datasets['custom_issue_key']
    
        @print_timing("zephyr_scale_view_test_case_in_issue_view")
E       KeyError: 'custom_issue_key'

extension/jira/extension_ui.py:47: KeyError
04-27-2022, 11:09:32, 1651057772864, Action: test_1_selenium_zscale_view_test_cycle_in_issue_view, Error: jira_webdriver = <selenium.webdriver.chrome.webdriver.WebDriver (session="cd23560879c09253cda3102213f36dda")>
jira_datasets = {'custom_issues': [], 'issue_id': '209153', 'issue_key': 'AAFAIA-3645', 'issues': [['AABIS-1', '914565', 'AABIS'], ['A...', 'AABIS'], ['AABIS-4', '914568', 'AABIS'], ['AABIS-5', '914569', 'AABIS'], ['AABIS-6', '914570', 'AABIS'], ...], ...}
jira_screen_shots = None

    def test_1_selenium_zscale_view_test_cycle_in_issue_view(jira_webdriver, jira_datasets, jira_screen_shots):
>       extension_ui.zscale_view_test_cycle_in_issue_view(jira_webdriver, jira_datasets)

selenium_ui/jira_ui.py:70: 
_ _ _ _ _ _ _ _ _ _ _ _ _ _ _ _ _ _ _ _ _ _ _ _ _ _ _ _ _ _ _ _ _ _ _ _ _ _ _ _ 

webdriver = <selenium.webdriver.chrome.webdriver.WebDriver (session="cd23560879c09253cda3102213f36dda")>
datasets = {'custom_issues': [], 'issue_id': '209153', 'issue_key': 'AAFAIA-3645', 'issues': [['AABIS-1', '914565', 'AABIS'], ['A...', 'AABIS'], ['AABIS-4', '914568', 'AABIS'], ['AABIS-5', '914569', 'AABIS'], ['AABIS-6', '914570', 'AABIS'], ...], ...}

    def zscale_view_test_cycle_in_issue_view(webdriver, datasets):
        page = BasePage(webdriver)
>       issue_key = datasets['custom_issue_key']
    
        @print_timing("zephyr_scale_view_test_cycle_in_issue_view")
E       KeyError: 'custom_issue_key'

extension/jira/extension_ui.py:58: KeyError
04-27-2022, 11:09:33, 1651057773415, Action: test_1_selenium_zscale_view_test_plan_in_issue_view, Error: jira_webdriver = <selenium.webdriver.chrome.webdriver.WebDriver (session="cd23560879c09253cda3102213f36dda")>
jira_datasets = {'custom_issues': [], 'issue_id': '209153', 'issue_key': 'AAFAIA-3645', 'issues': [['AABIS-1', '914565', 'AABIS'], ['A...', 'AABIS'], ['AABIS-4', '914568', 'AABIS'], ['AABIS-5', '914569', 'AABIS'], ['AABIS-6', '914570', 'AABIS'], ...], ...}
jira_screen_shots = None

    def test_1_selenium_zscale_view_test_plan_in_issue_view(jira_webdriver, jira_datasets, jira_screen_shots):
>       extension_ui.zscale_view_test_plan_in_issue_view(jira_webdriver, jira_datasets)

selenium_ui/jira_ui.py:73: 
_ _ _ _ _ _ _ _ _ _ _ _ _ _ _ _ _ _ _ _ _ _ _ _ _ _ _ _ _ _ _ _ _ _ _ _ _ _ _ _ 

webdriver = <selenium.webdriver.chrome.webdriver.WebDriver (session="cd23560879c09253cda3102213f36dda")>
datasets = {'custom_issues': [], 'issue_id': '209153', 'issue_key': 'AAFAIA-3645', 'issues': [['AABIS-1', '914565', 'AABIS'], ['A...', 'AABIS'], ['AABIS-4', '914568', 'AABIS'], ['AABIS-5', '914569', 'AABIS'], ['AABIS-6', '914570', 'AABIS'], ...], ...}

    def zscale_view_test_plan_in_issue_view(webdriver, datasets):
        page = BasePage(webdriver)
>       issue_key = datasets['custom_issue_key']
    
        @print_timing("zephyr_scale_view_test_plan_in_issue_view")
E       KeyError: 'custom_issue_key'

extension/jira/extension_ui.py:69: KeyError
04-27-2022, 11:09:47, 1651057787963, Action: test_1_selenium_zscale_view_test_case_in_issue_view, Error: jira_webdriver = <selenium.webdriver.chrome.webdriver.WebDriver (session="cd23560879c09253cda3102213f36dda")>
jira_datasets = {'custom_issues': [], 'issue_id': '2032561', 'issue_key': 'AABIS-1283', 'issues': [['AABIS-1', '914565', 'AABIS'], ['A...', 'AABIS'], ['AABIS-4', '914568', 'AABIS'], ['AABIS-5', '914569', 'AABIS'], ['AABIS-6', '914570', 'AABIS'], ...], ...}
jira_screen_shots = None

    def test_1_selenium_zscale_view_test_case_in_issue_view(jira_webdriver, jira_datasets, jira_screen_shots):
>       extension_ui.zscale_view_test_case_in_issue_view(jira_webdriver, jira_datasets)

selenium_ui/jira_ui.py:67: 
_ _ _ _ _ _ _ _ _ _ _ _ _ _ _ _ _ _ _ _ _ _ _ _ _ _ _ _ _ _ _ _ _ _ _ _ _ _ _ _ 

webdriver = <selenium.webdriver.chrome.webdriver.WebDriver (session="cd23560879c09253cda3102213f36dda")>
datasets = {'custom_issues': [], 'issue_id': '2032561', 'issue_key': 'AABIS-1283', 'issues': [['AABIS-1', '914565', 'AABIS'], ['A...', 'AABIS'], ['AABIS-4', '914568', 'AABIS'], ['AABIS-5', '914569', 'AABIS'], ['AABIS-6', '914570', 'AABIS'], ...], ...}

    def zscale_view_test_case_in_issue_view(webdriver, datasets):
        page = BasePage(webdriver)
>       issue_key = datasets['custom_issue_key']
    
        @print_timing("zephyr_scale_view_test_case_in_issue_view")
E       KeyError: 'custom_issue_key'

extension/jira/extension_ui.py:47: KeyError
04-27-2022, 11:09:48, 1651057788525, Action: test_1_selenium_zscale_view_test_cycle_in_issue_view, Error: jira_webdriver = <selenium.webdriver.chrome.webdriver.WebDriver (session="cd23560879c09253cda3102213f36dda")>
jira_datasets = {'custom_issues': [], 'issue_id': '2032561', 'issue_key': 'AABIS-1283', 'issues': [['AABIS-1', '914565', 'AABIS'], ['A...', 'AABIS'], ['AABIS-4', '914568', 'AABIS'], ['AABIS-5', '914569', 'AABIS'], ['AABIS-6', '914570', 'AABIS'], ...], ...}
jira_screen_shots = None

    def test_1_selenium_zscale_view_test_cycle_in_issue_view(jira_webdriver, jira_datasets, jira_screen_shots):
>       extension_ui.zscale_view_test_cycle_in_issue_view(jira_webdriver, jira_datasets)

selenium_ui/jira_ui.py:70: 
_ _ _ _ _ _ _ _ _ _ _ _ _ _ _ _ _ _ _ _ _ _ _ _ _ _ _ _ _ _ _ _ _ _ _ _ _ _ _ _ 

webdriver = <selenium.webdriver.chrome.webdriver.WebDriver (session="cd23560879c09253cda3102213f36dda")>
datasets = {'custom_issues': [], 'issue_id': '2032561', 'issue_key': 'AABIS-1283', 'issues': [['AABIS-1', '914565', 'AABIS'], ['A...', 'AABIS'], ['AABIS-4', '914568', 'AABIS'], ['AABIS-5', '914569', 'AABIS'], ['AABIS-6', '914570', 'AABIS'], ...], ...}

    def zscale_view_test_cycle_in_issue_view(webdriver, datasets):
        page = BasePage(webdriver)
>       issue_key = datasets['custom_issue_key']
    
        @print_timing("zephyr_scale_view_test_cycle_in_issue_view")
E       KeyError: 'custom_issue_key'

extension/jira/extension_ui.py:58: KeyError
04-27-2022, 11:09:49, 1651057789101, Action: test_1_selenium_zscale_view_test_plan_in_issue_view, Error: jira_webdriver = <selenium.webdriver.chrome.webdriver.WebDriver (session="cd23560879c09253cda3102213f36dda")>
jira_datasets = {'custom_issues': [], 'issue_id': '2032561', 'issue_key': 'AABIS-1283', 'issues': [['AABIS-1', '914565', 'AABIS'], ['A...', 'AABIS'], ['AABIS-4', '914568', 'AABIS'], ['AABIS-5', '914569', 'AABIS'], ['AABIS-6', '914570', 'AABIS'], ...], ...}
jira_screen_shots = None

    def test_1_selenium_zscale_view_test_plan_in_issue_view(jira_webdriver, jira_datasets, jira_screen_shots):
>       extension_ui.zscale_view_test_plan_in_issue_view(jira_webdriver, jira_datasets)

selenium_ui/jira_ui.py:73: 
_ _ _ _ _ _ _ _ _ _ _ _ _ _ _ _ _ _ _ _ _ _ _ _ _ _ _ _ _ _ _ _ _ _ _ _ _ _ _ _ 

webdriver = <selenium.webdriver.chrome.webdriver.WebDriver (session="cd23560879c09253cda3102213f36dda")>
datasets = {'custom_issues': [], 'issue_id': '2032561', 'issue_key': 'AABIS-1283', 'issues': [['AABIS-1', '914565', 'AABIS'], ['A...', 'AABIS'], ['AABIS-4', '914568', 'AABIS'], ['AABIS-5', '914569', 'AABIS'], ['AABIS-6', '914570', 'AABIS'], ...], ...}

    def zscale_view_test_plan_in_issue_view(webdriver, datasets):
        page = BasePage(webdriver)
>       issue_key = datasets['custom_issue_key']
    
        @print_timing("zephyr_scale_view_test_plan_in_issue_view")
E       KeyError: 'custom_issue_key'

extension/jira/extension_ui.py:69: KeyError
04-27-2022, 11:10:03, 1651057803593, Action: test_1_selenium_zscale_view_test_case_in_issue_view, Error: jira_webdriver = <selenium.webdriver.chrome.webdriver.WebDriver (session="cd23560879c09253cda3102213f36dda")>
jira_datasets = {'custom_issues': [], 'issue_id': '2028905', 'issue_key': 'AABIS-1202', 'issues': [['AABIS-1', '914565', 'AABIS'], ['A...', 'AABIS'], ['AABIS-4', '914568', 'AABIS'], ['AABIS-5', '914569', 'AABIS'], ['AABIS-6', '914570', 'AABIS'], ...], ...}
jira_screen_shots = None

    def test_1_selenium_zscale_view_test_case_in_issue_view(jira_webdriver, jira_datasets, jira_screen_shots):
>       extension_ui.zscale_view_test_case_in_issue_view(jira_webdriver, jira_datasets)

selenium_ui/jira_ui.py:67: 
_ _ _ _ _ _ _ _ _ _ _ _ _ _ _ _ _ _ _ _ _ _ _ _ _ _ _ _ _ _ _ _ _ _ _ _ _ _ _ _ 

webdriver = <selenium.webdriver.chrome.webdriver.WebDriver (session="cd23560879c09253cda3102213f36dda")>
datasets = {'custom_issues': [], 'issue_id': '2028905', 'issue_key': 'AABIS-1202', 'issues': [['AABIS-1', '914565', 'AABIS'], ['A...', 'AABIS'], ['AABIS-4', '914568', 'AABIS'], ['AABIS-5', '914569', 'AABIS'], ['AABIS-6', '914570', 'AABIS'], ...], ...}

    def zscale_view_test_case_in_issue_view(webdriver, datasets):
        page = BasePage(webdriver)
>       issue_key = datasets['custom_issue_key']
    
        @print_timing("zephyr_scale_view_test_case_in_issue_view")
E       KeyError: 'custom_issue_key'

extension/jira/extension_ui.py:47: KeyError
04-27-2022, 11:10:04, 1651057804177, Action: test_1_selenium_zscale_view_test_cycle_in_issue_view, Error: jira_webdriver = <selenium.webdriver.chrome.webdriver.WebDriver (session="cd23560879c09253cda3102213f36dda")>
jira_datasets = {'custom_issues': [], 'issue_id': '2028905', 'issue_key': 'AABIS-1202', 'issues': [['AABIS-1', '914565', 'AABIS'], ['A...', 'AABIS'], ['AABIS-4', '914568', 'AABIS'], ['AABIS-5', '914569', 'AABIS'], ['AABIS-6', '914570', 'AABIS'], ...], ...}
jira_screen_shots = None

    def test_1_selenium_zscale_view_test_cycle_in_issue_view(jira_webdriver, jira_datasets, jira_screen_shots):
>       extension_ui.zscale_view_test_cycle_in_issue_view(jira_webdriver, jira_datasets)

selenium_ui/jira_ui.py:70: 
_ _ _ _ _ _ _ _ _ _ _ _ _ _ _ _ _ _ _ _ _ _ _ _ _ _ _ _ _ _ _ _ _ _ _ _ _ _ _ _ 

webdriver = <selenium.webdriver.chrome.webdriver.WebDriver (session="cd23560879c09253cda3102213f36dda")>
datasets = {'custom_issues': [], 'issue_id': '2028905', 'issue_key': 'AABIS-1202', 'issues': [['AABIS-1', '914565', 'AABIS'], ['A...', 'AABIS'], ['AABIS-4', '914568', 'AABIS'], ['AABIS-5', '914569', 'AABIS'], ['AABIS-6', '914570', 'AABIS'], ...], ...}

    def zscale_view_test_cycle_in_issue_view(webdriver, datasets):
        page = BasePage(webdriver)
>       issue_key = datasets['custom_issue_key']
    
        @print_timing("zephyr_scale_view_test_cycle_in_issue_view")
E       KeyError: 'custom_issue_key'

extension/jira/extension_ui.py:58: KeyError
04-27-2022, 11:10:04, 1651057804726, Action: test_1_selenium_zscale_view_test_plan_in_issue_view, Error: jira_webdriver = <selenium.webdriver.chrome.webdriver.WebDriver (session="cd23560879c09253cda3102213f36dda")>
jira_datasets = {'custom_issues': [], 'issue_id': '2028905', 'issue_key': 'AABIS-1202', 'issues': [['AABIS-1', '914565', 'AABIS'], ['A...', 'AABIS'], ['AABIS-4', '914568', 'AABIS'], ['AABIS-5', '914569', 'AABIS'], ['AABIS-6', '914570', 'AABIS'], ...], ...}
jira_screen_shots = None

    def test_1_selenium_zscale_view_test_plan_in_issue_view(jira_webdriver, jira_datasets, jira_screen_shots):
>       extension_ui.zscale_view_test_plan_in_issue_view(jira_webdriver, jira_datasets)

selenium_ui/jira_ui.py:73: 
_ _ _ _ _ _ _ _ _ _ _ _ _ _ _ _ _ _ _ _ _ _ _ _ _ _ _ _ _ _ _ _ _ _ _ _ _ _ _ _ 

webdriver = <selenium.webdriver.chrome.webdriver.WebDriver (session="cd23560879c09253cda3102213f36dda")>
datasets = {'custom_issues': [], 'issue_id': '2028905', 'issue_key': 'AABIS-1202', 'issues': [['AABIS-1', '914565', 'AABIS'], ['A...', 'AABIS'], ['AABIS-4', '914568', 'AABIS'], ['AABIS-5', '914569', 'AABIS'], ['AABIS-6', '914570', 'AABIS'], ...], ...}

    def zscale_view_test_plan_in_issue_view(webdriver, datasets):
        page = BasePage(webdriver)
>       issue_key = datasets['custom_issue_key']
    
        @print_timing("zephyr_scale_view_test_plan_in_issue_view")
E       KeyError: 'custom_issue_key'

extension/jira/extension_ui.py:69: KeyError
04-27-2022, 11:10:19, 1651057819175, Action: test_1_selenium_zscale_view_test_case_in_issue_view, Error: jira_webdriver = <selenium.webdriver.chrome.webdriver.WebDriver (session="cd23560879c09253cda3102213f36dda")>
jira_datasets = {'custom_issues': [], 'issue_id': '206474', 'issue_key': 'AAFAIA-966', 'issues': [['AABIS-1', '914565', 'AABIS'], ['AA...', 'AABIS'], ['AABIS-4', '914568', 'AABIS'], ['AABIS-5', '914569', 'AABIS'], ['AABIS-6', '914570', 'AABIS'], ...], ...}
jira_screen_shots = None

    def test_1_selenium_zscale_view_test_case_in_issue_view(jira_webdriver, jira_datasets, jira_screen_shots):
>       extension_ui.zscale_view_test_case_in_issue_view(jira_webdriver, jira_datasets)

selenium_ui/jira_ui.py:67: 
_ _ _ _ _ _ _ _ _ _ _ _ _ _ _ _ _ _ _ _ _ _ _ _ _ _ _ _ _ _ _ _ _ _ _ _ _ _ _ _ 

webdriver = <selenium.webdriver.chrome.webdriver.WebDriver (session="cd23560879c09253cda3102213f36dda")>
datasets = {'custom_issues': [], 'issue_id': '206474', 'issue_key': 'AAFAIA-966', 'issues': [['AABIS-1', '914565', 'AABIS'], ['AA...', 'AABIS'], ['AABIS-4', '914568', 'AABIS'], ['AABIS-5', '914569', 'AABIS'], ['AABIS-6', '914570', 'AABIS'], ...], ...}

    def zscale_view_test_case_in_issue_view(webdriver, datasets):
        page = BasePage(webdriver)
>       issue_key = datasets['custom_issue_key']
    
        @print_timing("zephyr_scale_view_test_case_in_issue_view")
E       KeyError: 'custom_issue_key'

extension/jira/extension_ui.py:47: KeyError
04-27-2022, 11:10:19, 1651057819674, Action: test_1_selenium_zscale_view_test_cycle_in_issue_view, Error: jira_webdriver = <selenium.webdriver.chrome.webdriver.WebDriver (session="cd23560879c09253cda3102213f36dda")>
jira_datasets = {'custom_issues': [], 'issue_id': '206474', 'issue_key': 'AAFAIA-966', 'issues': [['AABIS-1', '914565', 'AABIS'], ['AA...', 'AABIS'], ['AABIS-4', '914568', 'AABIS'], ['AABIS-5', '914569', 'AABIS'], ['AABIS-6', '914570', 'AABIS'], ...], ...}
jira_screen_shots = None

    def test_1_selenium_zscale_view_test_cycle_in_issue_view(jira_webdriver, jira_datasets, jira_screen_shots):
>       extension_ui.zscale_view_test_cycle_in_issue_view(jira_webdriver, jira_datasets)

selenium_ui/jira_ui.py:70: 
_ _ _ _ _ _ _ _ _ _ _ _ _ _ _ _ _ _ _ _ _ _ _ _ _ _ _ _ _ _ _ _ _ _ _ _ _ _ _ _ 

webdriver = <selenium.webdriver.chrome.webdriver.WebDriver (session="cd23560879c09253cda3102213f36dda")>
datasets = {'custom_issues': [], 'issue_id': '206474', 'issue_key': 'AAFAIA-966', 'issues': [['AABIS-1', '914565', 'AABIS'], ['AA...', 'AABIS'], ['AABIS-4', '914568', 'AABIS'], ['AABIS-5', '914569', 'AABIS'], ['AABIS-6', '914570', 'AABIS'], ...], ...}

    def zscale_view_test_cycle_in_issue_view(webdriver, datasets):
        page = BasePage(webdriver)
>       issue_key = datasets['custom_issue_key']
    
        @print_timing("zephyr_scale_view_test_cycle_in_issue_view")
E       KeyError: 'custom_issue_key'

extension/jira/extension_ui.py:58: KeyError
04-27-2022, 11:10:20, 1651057820269, Action: test_1_selenium_zscale_view_test_plan_in_issue_view, Error: jira_webdriver = <selenium.webdriver.chrome.webdriver.WebDriver (session="cd23560879c09253cda3102213f36dda")>
jira_datasets = {'custom_issues': [], 'issue_id': '206474', 'issue_key': 'AAFAIA-966', 'issues': [['AABIS-1', '914565', 'AABIS'], ['AA...', 'AABIS'], ['AABIS-4', '914568', 'AABIS'], ['AABIS-5', '914569', 'AABIS'], ['AABIS-6', '914570', 'AABIS'], ...], ...}
jira_screen_shots = None

    def test_1_selenium_zscale_view_test_plan_in_issue_view(jira_webdriver, jira_datasets, jira_screen_shots):
>       extension_ui.zscale_view_test_plan_in_issue_view(jira_webdriver, jira_datasets)

selenium_ui/jira_ui.py:73: 
_ _ _ _ _ _ _ _ _ _ _ _ _ _ _ _ _ _ _ _ _ _ _ _ _ _ _ _ _ _ _ _ _ _ _ _ _ _ _ _ 

webdriver = <selenium.webdriver.chrome.webdriver.WebDriver (session="cd23560879c09253cda3102213f36dda")>
datasets = {'custom_issues': [], 'issue_id': '206474', 'issue_key': 'AAFAIA-966', 'issues': [['AABIS-1', '914565', 'AABIS'], ['AA...', 'AABIS'], ['AABIS-4', '914568', 'AABIS'], ['AABIS-5', '914569', 'AABIS'], ['AABIS-6', '914570', 'AABIS'], ...], ...}

    def zscale_view_test_plan_in_issue_view(webdriver, datasets):
        page = BasePage(webdriver)
>       issue_key = datasets['custom_issue_key']
    
        @print_timing("zephyr_scale_view_test_plan_in_issue_view")
E       KeyError: 'custom_issue_key'

extension/jira/extension_ui.py:69: KeyError
04-27-2022, 11:10:34, 1651057834352, Action: test_1_selenium_zscale_view_test_case_in_issue_view, Error: jira_webdriver = <selenium.webdriver.chrome.webdriver.WebDriver (session="cd23560879c09253cda3102213f36dda")>
jira_datasets = {'custom_issues': [], 'issue_id': '210606', 'issue_key': 'AAFAIA-5098', 'issues': [['AABIS-1', '914565', 'AABIS'], ['A...', 'AABIS'], ['AABIS-4', '914568', 'AABIS'], ['AABIS-5', '914569', 'AABIS'], ['AABIS-6', '914570', 'AABIS'], ...], ...}
jira_screen_shots = None

    def test_1_selenium_zscale_view_test_case_in_issue_view(jira_webdriver, jira_datasets, jira_screen_shots):
>       extension_ui.zscale_view_test_case_in_issue_view(jira_webdriver, jira_datasets)

selenium_ui/jira_ui.py:67: 
_ _ _ _ _ _ _ _ _ _ _ _ _ _ _ _ _ _ _ _ _ _ _ _ _ _ _ _ _ _ _ _ _ _ _ _ _ _ _ _ 

webdriver = <selenium.webdriver.chrome.webdriver.WebDriver (session="cd23560879c09253cda3102213f36dda")>
datasets = {'custom_issues': [], 'issue_id': '210606', 'issue_key': 'AAFAIA-5098', 'issues': [['AABIS-1', '914565', 'AABIS'], ['A...', 'AABIS'], ['AABIS-4', '914568', 'AABIS'], ['AABIS-5', '914569', 'AABIS'], ['AABIS-6', '914570', 'AABIS'], ...], ...}

    def zscale_view_test_case_in_issue_view(webdriver, datasets):
        page = BasePage(webdriver)
>       issue_key = datasets['custom_issue_key']
    
        @print_timing("zephyr_scale_view_test_case_in_issue_view")
E       KeyError: 'custom_issue_key'

extension/jira/extension_ui.py:47: KeyError
04-27-2022, 11:10:34, 1651057834854, Action: test_1_selenium_zscale_view_test_cycle_in_issue_view, Error: jira_webdriver = <selenium.webdriver.chrome.webdriver.WebDriver (session="cd23560879c09253cda3102213f36dda")>
jira_datasets = {'custom_issues': [], 'issue_id': '210606', 'issue_key': 'AAFAIA-5098', 'issues': [['AABIS-1', '914565', 'AABIS'], ['A...', 'AABIS'], ['AABIS-4', '914568', 'AABIS'], ['AABIS-5', '914569', 'AABIS'], ['AABIS-6', '914570', 'AABIS'], ...], ...}
jira_screen_shots = None

    def test_1_selenium_zscale_view_test_cycle_in_issue_view(jira_webdriver, jira_datasets, jira_screen_shots):
>       extension_ui.zscale_view_test_cycle_in_issue_view(jira_webdriver, jira_datasets)

selenium_ui/jira_ui.py:70: 
_ _ _ _ _ _ _ _ _ _ _ _ _ _ _ _ _ _ _ _ _ _ _ _ _ _ _ _ _ _ _ _ _ _ _ _ _ _ _ _ 

webdriver = <selenium.webdriver.chrome.webdriver.WebDriver (session="cd23560879c09253cda3102213f36dda")>
datasets = {'custom_issues': [], 'issue_id': '210606', 'issue_key': 'AAFAIA-5098', 'issues': [['AABIS-1', '914565', 'AABIS'], ['A...', 'AABIS'], ['AABIS-4', '914568', 'AABIS'], ['AABIS-5', '914569', 'AABIS'], ['AABIS-6', '914570', 'AABIS'], ...], ...}

    def zscale_view_test_cycle_in_issue_view(webdriver, datasets):
        page = BasePage(webdriver)
>       issue_key = datasets['custom_issue_key']
    
        @print_timing("zephyr_scale_view_test_cycle_in_issue_view")
E       KeyError: 'custom_issue_key'

extension/jira/extension_ui.py:58: KeyError
04-27-2022, 11:10:35, 1651057835450, Action: test_1_selenium_zscale_view_test_plan_in_issue_view, Error: jira_webdriver = <selenium.webdriver.chrome.webdriver.WebDriver (session="cd23560879c09253cda3102213f36dda")>
jira_datasets = {'custom_issues': [], 'issue_id': '210606', 'issue_key': 'AAFAIA-5098', 'issues': [['AABIS-1', '914565', 'AABIS'], ['A...', 'AABIS'], ['AABIS-4', '914568', 'AABIS'], ['AABIS-5', '914569', 'AABIS'], ['AABIS-6', '914570', 'AABIS'], ...], ...}
jira_screen_shots = None

    def test_1_selenium_zscale_view_test_plan_in_issue_view(jira_webdriver, jira_datasets, jira_screen_shots):
>       extension_ui.zscale_view_test_plan_in_issue_view(jira_webdriver, jira_datasets)

selenium_ui/jira_ui.py:73: 
_ _ _ _ _ _ _ _ _ _ _ _ _ _ _ _ _ _ _ _ _ _ _ _ _ _ _ _ _ _ _ _ _ _ _ _ _ _ _ _ 

webdriver = <selenium.webdriver.chrome.webdriver.WebDriver (session="cd23560879c09253cda3102213f36dda")>
datasets = {'custom_issues': [], 'issue_id': '210606', 'issue_key': 'AAFAIA-5098', 'issues': [['AABIS-1', '914565', 'AABIS'], ['A...', 'AABIS'], ['AABIS-4', '914568', 'AABIS'], ['AABIS-5', '914569', 'AABIS'], ['AABIS-6', '914570', 'AABIS'], ...], ...}

    def zscale_view_test_plan_in_issue_view(webdriver, datasets):
        page = BasePage(webdriver)
>       issue_key = datasets['custom_issue_key']
    
        @print_timing("zephyr_scale_view_test_plan_in_issue_view")
E       KeyError: 'custom_issue_key'

extension/jira/extension_ui.py:69: KeyError
04-27-2022, 11:10:49, 1651057849109, Action: test_1_selenium_zscale_view_test_case_in_issue_view, Error: jira_webdriver = <selenium.webdriver.chrome.webdriver.WebDriver (session="cd23560879c09253cda3102213f36dda")>
jira_datasets = {'custom_issues': [], 'issue_id': '2052246', 'issue_key': 'AABIS-1862', 'issues': [['AABIS-1', '914565', 'AABIS'], ['A...', 'AABIS'], ['AABIS-4', '914568', 'AABIS'], ['AABIS-5', '914569', 'AABIS'], ['AABIS-6', '914570', 'AABIS'], ...], ...}
jira_screen_shots = None

    def test_1_selenium_zscale_view_test_case_in_issue_view(jira_webdriver, jira_datasets, jira_screen_shots):
>       extension_ui.zscale_view_test_case_in_issue_view(jira_webdriver, jira_datasets)

selenium_ui/jira_ui.py:67: 
_ _ _ _ _ _ _ _ _ _ _ _ _ _ _ _ _ _ _ _ _ _ _ _ _ _ _ _ _ _ _ _ _ _ _ _ _ _ _ _ 

webdriver = <selenium.webdriver.chrome.webdriver.WebDriver (session="cd23560879c09253cda3102213f36dda")>
datasets = {'custom_issues': [], 'issue_id': '2052246', 'issue_key': 'AABIS-1862', 'issues': [['AABIS-1', '914565', 'AABIS'], ['A...', 'AABIS'], ['AABIS-4', '914568', 'AABIS'], ['AABIS-5', '914569', 'AABIS'], ['AABIS-6', '914570', 'AABIS'], ...], ...}

    def zscale_view_test_case_in_issue_view(webdriver, datasets):
        page = BasePage(webdriver)
>       issue_key = datasets['custom_issue_key']
    
        @print_timing("zephyr_scale_view_test_case_in_issue_view")
E       KeyError: 'custom_issue_key'

extension/jira/extension_ui.py:47: KeyError
04-27-2022, 11:10:49, 1651057849611, Action: test_1_selenium_zscale_view_test_cycle_in_issue_view, Error: jira_webdriver = <selenium.webdriver.chrome.webdriver.WebDriver (session="cd23560879c09253cda3102213f36dda")>
jira_datasets = {'custom_issues': [], 'issue_id': '2052246', 'issue_key': 'AABIS-1862', 'issues': [['AABIS-1', '914565', 'AABIS'], ['A...', 'AABIS'], ['AABIS-4', '914568', 'AABIS'], ['AABIS-5', '914569', 'AABIS'], ['AABIS-6', '914570', 'AABIS'], ...], ...}
jira_screen_shots = None

    def test_1_selenium_zscale_view_test_cycle_in_issue_view(jira_webdriver, jira_datasets, jira_screen_shots):
>       extension_ui.zscale_view_test_cycle_in_issue_view(jira_webdriver, jira_datasets)

selenium_ui/jira_ui.py:70: 
_ _ _ _ _ _ _ _ _ _ _ _ _ _ _ _ _ _ _ _ _ _ _ _ _ _ _ _ _ _ _ _ _ _ _ _ _ _ _ _ 

webdriver = <selenium.webdriver.chrome.webdriver.WebDriver (session="cd23560879c09253cda3102213f36dda")>
datasets = {'custom_issues': [], 'issue_id': '2052246', 'issue_key': 'AABIS-1862', 'issues': [['AABIS-1', '914565', 'AABIS'], ['A...', 'AABIS'], ['AABIS-4', '914568', 'AABIS'], ['AABIS-5', '914569', 'AABIS'], ['AABIS-6', '914570', 'AABIS'], ...], ...}

    def zscale_view_test_cycle_in_issue_view(webdriver, datasets):
        page = BasePage(webdriver)
>       issue_key = datasets['custom_issue_key']
    
        @print_timing("zephyr_scale_view_test_cycle_in_issue_view")
E       KeyError: 'custom_issue_key'

extension/jira/extension_ui.py:58: KeyError
04-27-2022, 11:10:50, 1651057850212, Action: test_1_selenium_zscale_view_test_plan_in_issue_view, Error: jira_webdriver = <selenium.webdriver.chrome.webdriver.WebDriver (session="cd23560879c09253cda3102213f36dda")>
jira_datasets = {'custom_issues': [], 'issue_id': '2052246', 'issue_key': 'AABIS-1862', 'issues': [['AABIS-1', '914565', 'AABIS'], ['A...', 'AABIS'], ['AABIS-4', '914568', 'AABIS'], ['AABIS-5', '914569', 'AABIS'], ['AABIS-6', '914570', 'AABIS'], ...], ...}
jira_screen_shots = None

    def test_1_selenium_zscale_view_test_plan_in_issue_view(jira_webdriver, jira_datasets, jira_screen_shots):
>       extension_ui.zscale_view_test_plan_in_issue_view(jira_webdriver, jira_datasets)

selenium_ui/jira_ui.py:73: 
_ _ _ _ _ _ _ _ _ _ _ _ _ _ _ _ _ _ _ _ _ _ _ _ _ _ _ _ _ _ _ _ _ _ _ _ _ _ _ _ 

webdriver = <selenium.webdriver.chrome.webdriver.WebDriver (session="cd23560879c09253cda3102213f36dda")>
datasets = {'custom_issues': [], 'issue_id': '2052246', 'issue_key': 'AABIS-1862', 'issues': [['AABIS-1', '914565', 'AABIS'], ['A...', 'AABIS'], ['AABIS-4', '914568', 'AABIS'], ['AABIS-5', '914569', 'AABIS'], ['AABIS-6', '914570', 'AABIS'], ...], ...}

    def zscale_view_test_plan_in_issue_view(webdriver, datasets):
        page = BasePage(webdriver)
>       issue_key = datasets['custom_issue_key']
    
        @print_timing("zephyr_scale_view_test_plan_in_issue_view")
E       KeyError: 'custom_issue_key'

extension/jira/extension_ui.py:69: KeyError
04-27-2022, 11:11:05, 1651057865041, Action: test_1_selenium_zscale_view_test_case_in_issue_view, Error: jira_webdriver = <selenium.webdriver.chrome.webdriver.WebDriver (session="cd23560879c09253cda3102213f36dda")>
jira_datasets = {'custom_issues': [], 'issue_id': '205945', 'issue_key': 'AAFAIA-437', 'issues': [['AABIS-1', '914565', 'AABIS'], ['AA...', 'AABIS'], ['AABIS-4', '914568', 'AABIS'], ['AABIS-5', '914569', 'AABIS'], ['AABIS-6', '914570', 'AABIS'], ...], ...}
jira_screen_shots = None

    def test_1_selenium_zscale_view_test_case_in_issue_view(jira_webdriver, jira_datasets, jira_screen_shots):
>       extension_ui.zscale_view_test_case_in_issue_view(jira_webdriver, jira_datasets)

selenium_ui/jira_ui.py:67: 
_ _ _ _ _ _ _ _ _ _ _ _ _ _ _ _ _ _ _ _ _ _ _ _ _ _ _ _ _ _ _ _ _ _ _ _ _ _ _ _ 

webdriver = <selenium.webdriver.chrome.webdriver.WebDriver (session="cd23560879c09253cda3102213f36dda")>
datasets = {'custom_issues': [], 'issue_id': '205945', 'issue_key': 'AAFAIA-437', 'issues': [['AABIS-1', '914565', 'AABIS'], ['AA...', 'AABIS'], ['AABIS-4', '914568', 'AABIS'], ['AABIS-5', '914569', 'AABIS'], ['AABIS-6', '914570', 'AABIS'], ...], ...}

    def zscale_view_test_case_in_issue_view(webdriver, datasets):
        page = BasePage(webdriver)
>       issue_key = datasets['custom_issue_key']
    
        @print_timing("zephyr_scale_view_test_case_in_issue_view")
E       KeyError: 'custom_issue_key'

extension/jira/extension_ui.py:47: KeyError
04-27-2022, 11:11:05, 1651057865556, Action: test_1_selenium_zscale_view_test_cycle_in_issue_view, Error: jira_webdriver = <selenium.webdriver.chrome.webdriver.WebDriver (session="cd23560879c09253cda3102213f36dda")>
jira_datasets = {'custom_issues': [], 'issue_id': '205945', 'issue_key': 'AAFAIA-437', 'issues': [['AABIS-1', '914565', 'AABIS'], ['AA...', 'AABIS'], ['AABIS-4', '914568', 'AABIS'], ['AABIS-5', '914569', 'AABIS'], ['AABIS-6', '914570', 'AABIS'], ...], ...}
jira_screen_shots = None

    def test_1_selenium_zscale_view_test_cycle_in_issue_view(jira_webdriver, jira_datasets, jira_screen_shots):
>       extension_ui.zscale_view_test_cycle_in_issue_view(jira_webdriver, jira_datasets)

selenium_ui/jira_ui.py:70: 
_ _ _ _ _ _ _ _ _ _ _ _ _ _ _ _ _ _ _ _ _ _ _ _ _ _ _ _ _ _ _ _ _ _ _ _ _ _ _ _ 

webdriver = <selenium.webdriver.chrome.webdriver.WebDriver (session="cd23560879c09253cda3102213f36dda")>
datasets = {'custom_issues': [], 'issue_id': '205945', 'issue_key': 'AAFAIA-437', 'issues': [['AABIS-1', '914565', 'AABIS'], ['AA...', 'AABIS'], ['AABIS-4', '914568', 'AABIS'], ['AABIS-5', '914569', 'AABIS'], ['AABIS-6', '914570', 'AABIS'], ...], ...}

    def zscale_view_test_cycle_in_issue_view(webdriver, datasets):
        page = BasePage(webdriver)
>       issue_key = datasets['custom_issue_key']
    
        @print_timing("zephyr_scale_view_test_cycle_in_issue_view")
E       KeyError: 'custom_issue_key'

extension/jira/extension_ui.py:58: KeyError
04-27-2022, 11:11:06, 1651057866138, Action: test_1_selenium_zscale_view_test_plan_in_issue_view, Error: jira_webdriver = <selenium.webdriver.chrome.webdriver.WebDriver (session="cd23560879c09253cda3102213f36dda")>
jira_datasets = {'custom_issues': [], 'issue_id': '205945', 'issue_key': 'AAFAIA-437', 'issues': [['AABIS-1', '914565', 'AABIS'], ['AA...', 'AABIS'], ['AABIS-4', '914568', 'AABIS'], ['AABIS-5', '914569', 'AABIS'], ['AABIS-6', '914570', 'AABIS'], ...], ...}
jira_screen_shots = None

    def test_1_selenium_zscale_view_test_plan_in_issue_view(jira_webdriver, jira_datasets, jira_screen_shots):
>       extension_ui.zscale_view_test_plan_in_issue_view(jira_webdriver, jira_datasets)

selenium_ui/jira_ui.py:73: 
_ _ _ _ _ _ _ _ _ _ _ _ _ _ _ _ _ _ _ _ _ _ _ _ _ _ _ _ _ _ _ _ _ _ _ _ _ _ _ _ 

webdriver = <selenium.webdriver.chrome.webdriver.WebDriver (session="cd23560879c09253cda3102213f36dda")>
datasets = {'custom_issues': [], 'issue_id': '205945', 'issue_key': 'AAFAIA-437', 'issues': [['AABIS-1', '914565', 'AABIS'], ['AA...', 'AABIS'], ['AABIS-4', '914568', 'AABIS'], ['AABIS-5', '914569', 'AABIS'], ['AABIS-6', '914570', 'AABIS'], ...], ...}

    def zscale_view_test_plan_in_issue_view(webdriver, datasets):
        page = BasePage(webdriver)
>       issue_key = datasets['custom_issue_key']
    
        @print_timing("zephyr_scale_view_test_plan_in_issue_view")
E       KeyError: 'custom_issue_key'

extension/jira/extension_ui.py:69: KeyError
04-27-2022, 11:11:19, 1651057879453, Action: test_1_selenium_zscale_view_test_case_in_issue_view, Error: jira_webdriver = <selenium.webdriver.chrome.webdriver.WebDriver (session="cd23560879c09253cda3102213f36dda")>
jira_datasets = {'custom_issues': [], 'issue_id': '207290', 'issue_key': 'AAFAIA-1782', 'issues': [['AABIS-1', '914565', 'AABIS'], ['A...', 'AABIS'], ['AABIS-4', '914568', 'AABIS'], ['AABIS-5', '914569', 'AABIS'], ['AABIS-6', '914570', 'AABIS'], ...], ...}
jira_screen_shots = None

    def test_1_selenium_zscale_view_test_case_in_issue_view(jira_webdriver, jira_datasets, jira_screen_shots):
>       extension_ui.zscale_view_test_case_in_issue_view(jira_webdriver, jira_datasets)

selenium_ui/jira_ui.py:67: 
_ _ _ _ _ _ _ _ _ _ _ _ _ _ _ _ _ _ _ _ _ _ _ _ _ _ _ _ _ _ _ _ _ _ _ _ _ _ _ _ 

webdriver = <selenium.webdriver.chrome.webdriver.WebDriver (session="cd23560879c09253cda3102213f36dda")>
datasets = {'custom_issues': [], 'issue_id': '207290', 'issue_key': 'AAFAIA-1782', 'issues': [['AABIS-1', '914565', 'AABIS'], ['A...', 'AABIS'], ['AABIS-4', '914568', 'AABIS'], ['AABIS-5', '914569', 'AABIS'], ['AABIS-6', '914570', 'AABIS'], ...], ...}

    def zscale_view_test_case_in_issue_view(webdriver, datasets):
        page = BasePage(webdriver)
>       issue_key = datasets['custom_issue_key']
    
        @print_timing("zephyr_scale_view_test_case_in_issue_view")
E       KeyError: 'custom_issue_key'

extension/jira/extension_ui.py:47: KeyError
04-27-2022, 11:11:19, 1651057879971, Action: test_1_selenium_zscale_view_test_cycle_in_issue_view, Error: jira_webdriver = <selenium.webdriver.chrome.webdriver.WebDriver (session="cd23560879c09253cda3102213f36dda")>
jira_datasets = {'custom_issues': [], 'issue_id': '207290', 'issue_key': 'AAFAIA-1782', 'issues': [['AABIS-1', '914565', 'AABIS'], ['A...', 'AABIS'], ['AABIS-4', '914568', 'AABIS'], ['AABIS-5', '914569', 'AABIS'], ['AABIS-6', '914570', 'AABIS'], ...], ...}
jira_screen_shots = None

    def test_1_selenium_zscale_view_test_cycle_in_issue_view(jira_webdriver, jira_datasets, jira_screen_shots):
>       extension_ui.zscale_view_test_cycle_in_issue_view(jira_webdriver, jira_datasets)

selenium_ui/jira_ui.py:70: 
_ _ _ _ _ _ _ _ _ _ _ _ _ _ _ _ _ _ _ _ _ _ _ _ _ _ _ _ _ _ _ _ _ _ _ _ _ _ _ _ 

webdriver = <selenium.webdriver.chrome.webdriver.WebDriver (session="cd23560879c09253cda3102213f36dda")>
datasets = {'custom_issues': [], 'issue_id': '207290', 'issue_key': 'AAFAIA-1782', 'issues': [['AABIS-1', '914565', 'AABIS'], ['A...', 'AABIS'], ['AABIS-4', '914568', 'AABIS'], ['AABIS-5', '914569', 'AABIS'], ['AABIS-6', '914570', 'AABIS'], ...], ...}

    def zscale_view_test_cycle_in_issue_view(webdriver, datasets):
        page = BasePage(webdriver)
>       issue_key = datasets['custom_issue_key']
    
        @print_timing("zephyr_scale_view_test_cycle_in_issue_view")
E       KeyError: 'custom_issue_key'

extension/jira/extension_ui.py:58: KeyError
04-27-2022, 11:11:20, 1651057880513, Action: test_1_selenium_zscale_view_test_plan_in_issue_view, Error: jira_webdriver = <selenium.webdriver.chrome.webdriver.WebDriver (session="cd23560879c09253cda3102213f36dda")>
jira_datasets = {'custom_issues': [], 'issue_id': '207290', 'issue_key': 'AAFAIA-1782', 'issues': [['AABIS-1', '914565', 'AABIS'], ['A...', 'AABIS'], ['AABIS-4', '914568', 'AABIS'], ['AABIS-5', '914569', 'AABIS'], ['AABIS-6', '914570', 'AABIS'], ...], ...}
jira_screen_shots = None

    def test_1_selenium_zscale_view_test_plan_in_issue_view(jira_webdriver, jira_datasets, jira_screen_shots):
>       extension_ui.zscale_view_test_plan_in_issue_view(jira_webdriver, jira_datasets)

selenium_ui/jira_ui.py:73: 
_ _ _ _ _ _ _ _ _ _ _ _ _ _ _ _ _ _ _ _ _ _ _ _ _ _ _ _ _ _ _ _ _ _ _ _ _ _ _ _ 

webdriver = <selenium.webdriver.chrome.webdriver.WebDriver (session="cd23560879c09253cda3102213f36dda")>
datasets = {'custom_issues': [], 'issue_id': '207290', 'issue_key': 'AAFAIA-1782', 'issues': [['AABIS-1', '914565', 'AABIS'], ['A...', 'AABIS'], ['AABIS-4', '914568', 'AABIS'], ['AABIS-5', '914569', 'AABIS'], ['AABIS-6', '914570', 'AABIS'], ...], ...}

    def zscale_view_test_plan_in_issue_view(webdriver, datasets):
        page = BasePage(webdriver)
>       issue_key = datasets['custom_issue_key']
    
        @print_timing("zephyr_scale_view_test_plan_in_issue_view")
E       KeyError: 'custom_issue_key'

extension/jira/extension_ui.py:69: KeyError
04-27-2022, 11:11:34, 1651057894733, Action: test_1_selenium_zscale_view_test_case_in_issue_view, Error: jira_webdriver = <selenium.webdriver.chrome.webdriver.WebDriver (session="cd23560879c09253cda3102213f36dda")>
jira_datasets = {'custom_issues': [], 'issue_id': '2090335', 'issue_key': 'AABIS-2624', 'issues': [['AABIS-1', '914565', 'AABIS'], ['A...', 'AABIS'], ['AABIS-4', '914568', 'AABIS'], ['AABIS-5', '914569', 'AABIS'], ['AABIS-6', '914570', 'AABIS'], ...], ...}
jira_screen_shots = None

    def test_1_selenium_zscale_view_test_case_in_issue_view(jira_webdriver, jira_datasets, jira_screen_shots):
>       extension_ui.zscale_view_test_case_in_issue_view(jira_webdriver, jira_datasets)

selenium_ui/jira_ui.py:67: 
_ _ _ _ _ _ _ _ _ _ _ _ _ _ _ _ _ _ _ _ _ _ _ _ _ _ _ _ _ _ _ _ _ _ _ _ _ _ _ _ 

webdriver = <selenium.webdriver.chrome.webdriver.WebDriver (session="cd23560879c09253cda3102213f36dda")>
datasets = {'custom_issues': [], 'issue_id': '2090335', 'issue_key': 'AABIS-2624', 'issues': [['AABIS-1', '914565', 'AABIS'], ['A...', 'AABIS'], ['AABIS-4', '914568', 'AABIS'], ['AABIS-5', '914569', 'AABIS'], ['AABIS-6', '914570', 'AABIS'], ...], ...}

    def zscale_view_test_case_in_issue_view(webdriver, datasets):
        page = BasePage(webdriver)
>       issue_key = datasets['custom_issue_key']
    
        @print_timing("zephyr_scale_view_test_case_in_issue_view")
E       KeyError: 'custom_issue_key'

extension/jira/extension_ui.py:47: KeyError
04-27-2022, 11:11:35, 1651057895354, Action: test_1_selenium_zscale_view_test_cycle_in_issue_view, Error: jira_webdriver = <selenium.webdriver.chrome.webdriver.WebDriver (session="cd23560879c09253cda3102213f36dda")>
jira_datasets = {'custom_issues': [], 'issue_id': '2090335', 'issue_key': 'AABIS-2624', 'issues': [['AABIS-1', '914565', 'AABIS'], ['A...', 'AABIS'], ['AABIS-4', '914568', 'AABIS'], ['AABIS-5', '914569', 'AABIS'], ['AABIS-6', '914570', 'AABIS'], ...], ...}
jira_screen_shots = None

    def test_1_selenium_zscale_view_test_cycle_in_issue_view(jira_webdriver, jira_datasets, jira_screen_shots):
>       extension_ui.zscale_view_test_cycle_in_issue_view(jira_webdriver, jira_datasets)

selenium_ui/jira_ui.py:70: 
_ _ _ _ _ _ _ _ _ _ _ _ _ _ _ _ _ _ _ _ _ _ _ _ _ _ _ _ _ _ _ _ _ _ _ _ _ _ _ _ 

webdriver = <selenium.webdriver.chrome.webdriver.WebDriver (session="cd23560879c09253cda3102213f36dda")>
datasets = {'custom_issues': [], 'issue_id': '2090335', 'issue_key': 'AABIS-2624', 'issues': [['AABIS-1', '914565', 'AABIS'], ['A...', 'AABIS'], ['AABIS-4', '914568', 'AABIS'], ['AABIS-5', '914569', 'AABIS'], ['AABIS-6', '914570', 'AABIS'], ...], ...}

    def zscale_view_test_cycle_in_issue_view(webdriver, datasets):
        page = BasePage(webdriver)
>       issue_key = datasets['custom_issue_key']
    
        @print_timing("zephyr_scale_view_test_cycle_in_issue_view")
E       KeyError: 'custom_issue_key'

extension/jira/extension_ui.py:58: KeyError
04-27-2022, 11:11:35, 1651057895890, Action: test_1_selenium_zscale_view_test_plan_in_issue_view, Error: jira_webdriver = <selenium.webdriver.chrome.webdriver.WebDriver (session="cd23560879c09253cda3102213f36dda")>
jira_datasets = {'custom_issues': [], 'issue_id': '2090335', 'issue_key': 'AABIS-2624', 'issues': [['AABIS-1', '914565', 'AABIS'], ['A...', 'AABIS'], ['AABIS-4', '914568', 'AABIS'], ['AABIS-5', '914569', 'AABIS'], ['AABIS-6', '914570', 'AABIS'], ...], ...}
jira_screen_shots = None

    def test_1_selenium_zscale_view_test_plan_in_issue_view(jira_webdriver, jira_datasets, jira_screen_shots):
>       extension_ui.zscale_view_test_plan_in_issue_view(jira_webdriver, jira_datasets)

selenium_ui/jira_ui.py:73: 
_ _ _ _ _ _ _ _ _ _ _ _ _ _ _ _ _ _ _ _ _ _ _ _ _ _ _ _ _ _ _ _ _ _ _ _ _ _ _ _ 

webdriver = <selenium.webdriver.chrome.webdriver.WebDriver (session="cd23560879c09253cda3102213f36dda")>
datasets = {'custom_issues': [], 'issue_id': '2090335', 'issue_key': 'AABIS-2624', 'issues': [['AABIS-1', '914565', 'AABIS'], ['A...', 'AABIS'], ['AABIS-4', '914568', 'AABIS'], ['AABIS-5', '914569', 'AABIS'], ['AABIS-6', '914570', 'AABIS'], ...], ...}

    def zscale_view_test_plan_in_issue_view(webdriver, datasets):
        page = BasePage(webdriver)
>       issue_key = datasets['custom_issue_key']
    
        @print_timing("zephyr_scale_view_test_plan_in_issue_view")
E       KeyError: 'custom_issue_key'

extension/jira/extension_ui.py:69: KeyError
04-27-2022, 11:11:49, 1651057909997, Action: test_1_selenium_zscale_view_test_case_in_issue_view, Error: jira_webdriver = <selenium.webdriver.chrome.webdriver.WebDriver (session="cd23560879c09253cda3102213f36dda")>
jira_datasets = {'custom_issues': [], 'issue_id': '2072525', 'issue_key': 'AABIS-2280', 'issues': [['AABIS-1', '914565', 'AABIS'], ['A...', 'AABIS'], ['AABIS-4', '914568', 'AABIS'], ['AABIS-5', '914569', 'AABIS'], ['AABIS-6', '914570', 'AABIS'], ...], ...}
jira_screen_shots = None

    def test_1_selenium_zscale_view_test_case_in_issue_view(jira_webdriver, jira_datasets, jira_screen_shots):
>       extension_ui.zscale_view_test_case_in_issue_view(jira_webdriver, jira_datasets)

selenium_ui/jira_ui.py:67: 
_ _ _ _ _ _ _ _ _ _ _ _ _ _ _ _ _ _ _ _ _ _ _ _ _ _ _ _ _ _ _ _ _ _ _ _ _ _ _ _ 

webdriver = <selenium.webdriver.chrome.webdriver.WebDriver (session="cd23560879c09253cda3102213f36dda")>
datasets = {'custom_issues': [], 'issue_id': '2072525', 'issue_key': 'AABIS-2280', 'issues': [['AABIS-1', '914565', 'AABIS'], ['A...', 'AABIS'], ['AABIS-4', '914568', 'AABIS'], ['AABIS-5', '914569', 'AABIS'], ['AABIS-6', '914570', 'AABIS'], ...], ...}

    def zscale_view_test_case_in_issue_view(webdriver, datasets):
        page = BasePage(webdriver)
>       issue_key = datasets['custom_issue_key']
    
        @print_timing("zephyr_scale_view_test_case_in_issue_view")
E       KeyError: 'custom_issue_key'

extension/jira/extension_ui.py:47: KeyError
04-27-2022, 11:11:50, 1651057910605, Action: test_1_selenium_zscale_view_test_cycle_in_issue_view, Error: jira_webdriver = <selenium.webdriver.chrome.webdriver.WebDriver (session="cd23560879c09253cda3102213f36dda")>
jira_datasets = {'custom_issues': [], 'issue_id': '2072525', 'issue_key': 'AABIS-2280', 'issues': [['AABIS-1', '914565', 'AABIS'], ['A...', 'AABIS'], ['AABIS-4', '914568', 'AABIS'], ['AABIS-5', '914569', 'AABIS'], ['AABIS-6', '914570', 'AABIS'], ...], ...}
jira_screen_shots = None

    def test_1_selenium_zscale_view_test_cycle_in_issue_view(jira_webdriver, jira_datasets, jira_screen_shots):
>       extension_ui.zscale_view_test_cycle_in_issue_view(jira_webdriver, jira_datasets)

selenium_ui/jira_ui.py:70: 
_ _ _ _ _ _ _ _ _ _ _ _ _ _ _ _ _ _ _ _ _ _ _ _ _ _ _ _ _ _ _ _ _ _ _ _ _ _ _ _ 

webdriver = <selenium.webdriver.chrome.webdriver.WebDriver (session="cd23560879c09253cda3102213f36dda")>
datasets = {'custom_issues': [], 'issue_id': '2072525', 'issue_key': 'AABIS-2280', 'issues': [['AABIS-1', '914565', 'AABIS'], ['A...', 'AABIS'], ['AABIS-4', '914568', 'AABIS'], ['AABIS-5', '914569', 'AABIS'], ['AABIS-6', '914570', 'AABIS'], ...], ...}

    def zscale_view_test_cycle_in_issue_view(webdriver, datasets):
        page = BasePage(webdriver)
>       issue_key = datasets['custom_issue_key']
    
        @print_timing("zephyr_scale_view_test_cycle_in_issue_view")
E       KeyError: 'custom_issue_key'

extension/jira/extension_ui.py:58: KeyError
04-27-2022, 11:11:51, 1651057911170, Action: test_1_selenium_zscale_view_test_plan_in_issue_view, Error: jira_webdriver = <selenium.webdriver.chrome.webdriver.WebDriver (session="cd23560879c09253cda3102213f36dda")>
jira_datasets = {'custom_issues': [], 'issue_id': '2072525', 'issue_key': 'AABIS-2280', 'issues': [['AABIS-1', '914565', 'AABIS'], ['A...', 'AABIS'], ['AABIS-4', '914568', 'AABIS'], ['AABIS-5', '914569', 'AABIS'], ['AABIS-6', '914570', 'AABIS'], ...], ...}
jira_screen_shots = None

    def test_1_selenium_zscale_view_test_plan_in_issue_view(jira_webdriver, jira_datasets, jira_screen_shots):
>       extension_ui.zscale_view_test_plan_in_issue_view(jira_webdriver, jira_datasets)

selenium_ui/jira_ui.py:73: 
_ _ _ _ _ _ _ _ _ _ _ _ _ _ _ _ _ _ _ _ _ _ _ _ _ _ _ _ _ _ _ _ _ _ _ _ _ _ _ _ 

webdriver = <selenium.webdriver.chrome.webdriver.WebDriver (session="cd23560879c09253cda3102213f36dda")>
datasets = {'custom_issues': [], 'issue_id': '2072525', 'issue_key': 'AABIS-2280', 'issues': [['AABIS-1', '914565', 'AABIS'], ['A...', 'AABIS'], ['AABIS-4', '914568', 'AABIS'], ['AABIS-5', '914569', 'AABIS'], ['AABIS-6', '914570', 'AABIS'], ...], ...}

    def zscale_view_test_plan_in_issue_view(webdriver, datasets):
        page = BasePage(webdriver)
>       issue_key = datasets['custom_issue_key']
    
        @print_timing("zephyr_scale_view_test_plan_in_issue_view")
E       KeyError: 'custom_issue_key'

extension/jira/extension_ui.py:69: KeyError
04-27-2022, 11:12:05, 1651057925379, Action: test_1_selenium_zscale_view_test_case_in_issue_view, Error: jira_webdriver = <selenium.webdriver.chrome.webdriver.WebDriver (session="cd23560879c09253cda3102213f36dda")>
jira_datasets = {'custom_issues': [], 'issue_id': '915372', 'issue_key': 'AABIS-808', 'issues': [['AABIS-1', '914565', 'AABIS'], ['AAB...', 'AABIS'], ['AABIS-4', '914568', 'AABIS'], ['AABIS-5', '914569', 'AABIS'], ['AABIS-6', '914570', 'AABIS'], ...], ...}
jira_screen_shots = None

    def test_1_selenium_zscale_view_test_case_in_issue_view(jira_webdriver, jira_datasets, jira_screen_shots):
>       extension_ui.zscale_view_test_case_in_issue_view(jira_webdriver, jira_datasets)

selenium_ui/jira_ui.py:67: 
_ _ _ _ _ _ _ _ _ _ _ _ _ _ _ _ _ _ _ _ _ _ _ _ _ _ _ _ _ _ _ _ _ _ _ _ _ _ _ _ 

webdriver = <selenium.webdriver.chrome.webdriver.WebDriver (session="cd23560879c09253cda3102213f36dda")>
datasets = {'custom_issues': [], 'issue_id': '915372', 'issue_key': 'AABIS-808', 'issues': [['AABIS-1', '914565', 'AABIS'], ['AAB...', 'AABIS'], ['AABIS-4', '914568', 'AABIS'], ['AABIS-5', '914569', 'AABIS'], ['AABIS-6', '914570', 'AABIS'], ...], ...}

    def zscale_view_test_case_in_issue_view(webdriver, datasets):
        page = BasePage(webdriver)
>       issue_key = datasets['custom_issue_key']
    
        @print_timing("zephyr_scale_view_test_case_in_issue_view")
E       KeyError: 'custom_issue_key'

extension/jira/extension_ui.py:47: KeyError
04-27-2022, 11:12:06, 1651057926044, Action: test_1_selenium_zscale_view_test_cycle_in_issue_view, Error: jira_webdriver = <selenium.webdriver.chrome.webdriver.WebDriver (session="cd23560879c09253cda3102213f36dda")>
jira_datasets = {'custom_issues': [], 'issue_id': '915372', 'issue_key': 'AABIS-808', 'issues': [['AABIS-1', '914565', 'AABIS'], ['AAB...', 'AABIS'], ['AABIS-4', '914568', 'AABIS'], ['AABIS-5', '914569', 'AABIS'], ['AABIS-6', '914570', 'AABIS'], ...], ...}
jira_screen_shots = None

    def test_1_selenium_zscale_view_test_cycle_in_issue_view(jira_webdriver, jira_datasets, jira_screen_shots):
>       extension_ui.zscale_view_test_cycle_in_issue_view(jira_webdriver, jira_datasets)

selenium_ui/jira_ui.py:70: 
_ _ _ _ _ _ _ _ _ _ _ _ _ _ _ _ _ _ _ _ _ _ _ _ _ _ _ _ _ _ _ _ _ _ _ _ _ _ _ _ 

webdriver = <selenium.webdriver.chrome.webdriver.WebDriver (session="cd23560879c09253cda3102213f36dda")>
datasets = {'custom_issues': [], 'issue_id': '915372', 'issue_key': 'AABIS-808', 'issues': [['AABIS-1', '914565', 'AABIS'], ['AAB...', 'AABIS'], ['AABIS-4', '914568', 'AABIS'], ['AABIS-5', '914569', 'AABIS'], ['AABIS-6', '914570', 'AABIS'], ...], ...}

    def zscale_view_test_cycle_in_issue_view(webdriver, datasets):
        page = BasePage(webdriver)
>       issue_key = datasets['custom_issue_key']
    
        @print_timing("zephyr_scale_view_test_cycle_in_issue_view")
E       KeyError: 'custom_issue_key'

extension/jira/extension_ui.py:58: KeyError
04-27-2022, 11:12:06, 1651057926562, Action: test_1_selenium_zscale_view_test_plan_in_issue_view, Error: jira_webdriver = <selenium.webdriver.chrome.webdriver.WebDriver (session="cd23560879c09253cda3102213f36dda")>
jira_datasets = {'custom_issues': [], 'issue_id': '915372', 'issue_key': 'AABIS-808', 'issues': [['AABIS-1', '914565', 'AABIS'], ['AAB...', 'AABIS'], ['AABIS-4', '914568', 'AABIS'], ['AABIS-5', '914569', 'AABIS'], ['AABIS-6', '914570', 'AABIS'], ...], ...}
jira_screen_shots = None

    def test_1_selenium_zscale_view_test_plan_in_issue_view(jira_webdriver, jira_datasets, jira_screen_shots):
>       extension_ui.zscale_view_test_plan_in_issue_view(jira_webdriver, jira_datasets)

selenium_ui/jira_ui.py:73: 
_ _ _ _ _ _ _ _ _ _ _ _ _ _ _ _ _ _ _ _ _ _ _ _ _ _ _ _ _ _ _ _ _ _ _ _ _ _ _ _ 

webdriver = <selenium.webdriver.chrome.webdriver.WebDriver (session="cd23560879c09253cda3102213f36dda")>
datasets = {'custom_issues': [], 'issue_id': '915372', 'issue_key': 'AABIS-808', 'issues': [['AABIS-1', '914565', 'AABIS'], ['AAB...', 'AABIS'], ['AABIS-4', '914568', 'AABIS'], ['AABIS-5', '914569', 'AABIS'], ['AABIS-6', '914570', 'AABIS'], ...], ...}

    def zscale_view_test_plan_in_issue_view(webdriver, datasets):
        page = BasePage(webdriver)
>       issue_key = datasets['custom_issue_key']
    
        @print_timing("zephyr_scale_view_test_plan_in_issue_view")
E       KeyError: 'custom_issue_key'

extension/jira/extension_ui.py:69: KeyError
04-27-2022, 11:12:20, 1651057940489, Action: test_1_selenium_zscale_view_test_case_in_issue_view, Error: jira_webdriver = <selenium.webdriver.chrome.webdriver.WebDriver (session="cd23560879c09253cda3102213f36dda")>
jira_datasets = {'custom_issues': [], 'issue_id': '207444', 'issue_key': 'AAFAIA-1936', 'issues': [['AABIS-1', '914565', 'AABIS'], ['A...', 'AABIS'], ['AABIS-4', '914568', 'AABIS'], ['AABIS-5', '914569', 'AABIS'], ['AABIS-6', '914570', 'AABIS'], ...], ...}
jira_screen_shots = None

    def test_1_selenium_zscale_view_test_case_in_issue_view(jira_webdriver, jira_datasets, jira_screen_shots):
>       extension_ui.zscale_view_test_case_in_issue_view(jira_webdriver, jira_datasets)

selenium_ui/jira_ui.py:67: 
_ _ _ _ _ _ _ _ _ _ _ _ _ _ _ _ _ _ _ _ _ _ _ _ _ _ _ _ _ _ _ _ _ _ _ _ _ _ _ _ 

webdriver = <selenium.webdriver.chrome.webdriver.WebDriver (session="cd23560879c09253cda3102213f36dda")>
datasets = {'custom_issues': [], 'issue_id': '207444', 'issue_key': 'AAFAIA-1936', 'issues': [['AABIS-1', '914565', 'AABIS'], ['A...', 'AABIS'], ['AABIS-4', '914568', 'AABIS'], ['AABIS-5', '914569', 'AABIS'], ['AABIS-6', '914570', 'AABIS'], ...], ...}

    def zscale_view_test_case_in_issue_view(webdriver, datasets):
        page = BasePage(webdriver)
>       issue_key = datasets['custom_issue_key']
    
        @print_timing("zephyr_scale_view_test_case_in_issue_view")
E       KeyError: 'custom_issue_key'

extension/jira/extension_ui.py:47: KeyError
04-27-2022, 11:12:21, 1651057941932, Action: test_1_selenium_zscale_view_test_cycle_in_issue_view, Error: jira_webdriver = <selenium.webdriver.chrome.webdriver.WebDriver (session="cd23560879c09253cda3102213f36dda")>
jira_datasets = {'custom_issues': [], 'issue_id': '207444', 'issue_key': 'AAFAIA-1936', 'issues': [['AABIS-1', '914565', 'AABIS'], ['A...', 'AABIS'], ['AABIS-4', '914568', 'AABIS'], ['AABIS-5', '914569', 'AABIS'], ['AABIS-6', '914570', 'AABIS'], ...], ...}
jira_screen_shots = None

    def test_1_selenium_zscale_view_test_cycle_in_issue_view(jira_webdriver, jira_datasets, jira_screen_shots):
>       extension_ui.zscale_view_test_cycle_in_issue_view(jira_webdriver, jira_datasets)

selenium_ui/jira_ui.py:70: 
_ _ _ _ _ _ _ _ _ _ _ _ _ _ _ _ _ _ _ _ _ _ _ _ _ _ _ _ _ _ _ _ _ _ _ _ _ _ _ _ 

webdriver = <selenium.webdriver.chrome.webdriver.WebDriver (session="cd23560879c09253cda3102213f36dda")>
datasets = {'custom_issues': [], 'issue_id': '207444', 'issue_key': 'AAFAIA-1936', 'issues': [['AABIS-1', '914565', 'AABIS'], ['A...', 'AABIS'], ['AABIS-4', '914568', 'AABIS'], ['AABIS-5', '914569', 'AABIS'], ['AABIS-6', '914570', 'AABIS'], ...], ...}

    def zscale_view_test_cycle_in_issue_view(webdriver, datasets):
        page = BasePage(webdriver)
>       issue_key = datasets['custom_issue_key']
    
        @print_timing("zephyr_scale_view_test_cycle_in_issue_view")
E       KeyError: 'custom_issue_key'

extension/jira/extension_ui.py:58: KeyError
04-27-2022, 11:12:22, 1651057942525, Action: test_1_selenium_zscale_view_test_plan_in_issue_view, Error: jira_webdriver = <selenium.webdriver.chrome.webdriver.WebDriver (session="cd23560879c09253cda3102213f36dda")>
jira_datasets = {'custom_issues': [], 'issue_id': '207444', 'issue_key': 'AAFAIA-1936', 'issues': [['AABIS-1', '914565', 'AABIS'], ['A...', 'AABIS'], ['AABIS-4', '914568', 'AABIS'], ['AABIS-5', '914569', 'AABIS'], ['AABIS-6', '914570', 'AABIS'], ...], ...}
jira_screen_shots = None

    def test_1_selenium_zscale_view_test_plan_in_issue_view(jira_webdriver, jira_datasets, jira_screen_shots):
>       extension_ui.zscale_view_test_plan_in_issue_view(jira_webdriver, jira_datasets)

selenium_ui/jira_ui.py:73: 
_ _ _ _ _ _ _ _ _ _ _ _ _ _ _ _ _ _ _ _ _ _ _ _ _ _ _ _ _ _ _ _ _ _ _ _ _ _ _ _ 

webdriver = <selenium.webdriver.chrome.webdriver.WebDriver (session="cd23560879c09253cda3102213f36dda")>
datasets = {'custom_issues': [], 'issue_id': '207444', 'issue_key': 'AAFAIA-1936', 'issues': [['AABIS-1', '914565', 'AABIS'], ['A...', 'AABIS'], ['AABIS-4', '914568', 'AABIS'], ['AABIS-5', '914569', 'AABIS'], ['AABIS-6', '914570', 'AABIS'], ...], ...}

    def zscale_view_test_plan_in_issue_view(webdriver, datasets):
        page = BasePage(webdriver)
>       issue_key = datasets['custom_issue_key']
    
        @print_timing("zephyr_scale_view_test_plan_in_issue_view")
E       KeyError: 'custom_issue_key'

extension/jira/extension_ui.py:69: KeyError
04-27-2022, 11:12:36, 1651057956352, Action: test_1_selenium_zscale_view_test_case_in_issue_view, Error: jira_webdriver = <selenium.webdriver.chrome.webdriver.WebDriver (session="cd23560879c09253cda3102213f36dda")>
jira_datasets = {'custom_issues': [], 'issue_id': '2060105', 'issue_key': 'AABIS-1999', 'issues': [['AABIS-1', '914565', 'AABIS'], ['A...', 'AABIS'], ['AABIS-4', '914568', 'AABIS'], ['AABIS-5', '914569', 'AABIS'], ['AABIS-6', '914570', 'AABIS'], ...], ...}
jira_screen_shots = None

    def test_1_selenium_zscale_view_test_case_in_issue_view(jira_webdriver, jira_datasets, jira_screen_shots):
>       extension_ui.zscale_view_test_case_in_issue_view(jira_webdriver, jira_datasets)

selenium_ui/jira_ui.py:67: 
_ _ _ _ _ _ _ _ _ _ _ _ _ _ _ _ _ _ _ _ _ _ _ _ _ _ _ _ _ _ _ _ _ _ _ _ _ _ _ _ 

webdriver = <selenium.webdriver.chrome.webdriver.WebDriver (session="cd23560879c09253cda3102213f36dda")>
datasets = {'custom_issues': [], 'issue_id': '2060105', 'issue_key': 'AABIS-1999', 'issues': [['AABIS-1', '914565', 'AABIS'], ['A...', 'AABIS'], ['AABIS-4', '914568', 'AABIS'], ['AABIS-5', '914569', 'AABIS'], ['AABIS-6', '914570', 'AABIS'], ...], ...}

    def zscale_view_test_case_in_issue_view(webdriver, datasets):
        page = BasePage(webdriver)
>       issue_key = datasets['custom_issue_key']
    
        @print_timing("zephyr_scale_view_test_case_in_issue_view")
E       KeyError: 'custom_issue_key'

extension/jira/extension_ui.py:47: KeyError
04-27-2022, 11:12:36, 1651057956924, Action: test_1_selenium_zscale_view_test_cycle_in_issue_view, Error: jira_webdriver = <selenium.webdriver.chrome.webdriver.WebDriver (session="cd23560879c09253cda3102213f36dda")>
jira_datasets = {'custom_issues': [], 'issue_id': '2060105', 'issue_key': 'AABIS-1999', 'issues': [['AABIS-1', '914565', 'AABIS'], ['A...', 'AABIS'], ['AABIS-4', '914568', 'AABIS'], ['AABIS-5', '914569', 'AABIS'], ['AABIS-6', '914570', 'AABIS'], ...], ...}
jira_screen_shots = None

    def test_1_selenium_zscale_view_test_cycle_in_issue_view(jira_webdriver, jira_datasets, jira_screen_shots):
>       extension_ui.zscale_view_test_cycle_in_issue_view(jira_webdriver, jira_datasets)

selenium_ui/jira_ui.py:70: 
_ _ _ _ _ _ _ _ _ _ _ _ _ _ _ _ _ _ _ _ _ _ _ _ _ _ _ _ _ _ _ _ _ _ _ _ _ _ _ _ 

webdriver = <selenium.webdriver.chrome.webdriver.WebDriver (session="cd23560879c09253cda3102213f36dda")>
datasets = {'custom_issues': [], 'issue_id': '2060105', 'issue_key': 'AABIS-1999', 'issues': [['AABIS-1', '914565', 'AABIS'], ['A...', 'AABIS'], ['AABIS-4', '914568', 'AABIS'], ['AABIS-5', '914569', 'AABIS'], ['AABIS-6', '914570', 'AABIS'], ...], ...}

    def zscale_view_test_cycle_in_issue_view(webdriver, datasets):
        page = BasePage(webdriver)
>       issue_key = datasets['custom_issue_key']
    
        @print_timing("zephyr_scale_view_test_cycle_in_issue_view")
E       KeyError: 'custom_issue_key'

extension/jira/extension_ui.py:58: KeyError
04-27-2022, 11:12:37, 1651057957448, Action: test_1_selenium_zscale_view_test_plan_in_issue_view, Error: jira_webdriver = <selenium.webdriver.chrome.webdriver.WebDriver (session="cd23560879c09253cda3102213f36dda")>
jira_datasets = {'custom_issues': [], 'issue_id': '2060105', 'issue_key': 'AABIS-1999', 'issues': [['AABIS-1', '914565', 'AABIS'], ['A...', 'AABIS'], ['AABIS-4', '914568', 'AABIS'], ['AABIS-5', '914569', 'AABIS'], ['AABIS-6', '914570', 'AABIS'], ...], ...}
jira_screen_shots = None

    def test_1_selenium_zscale_view_test_plan_in_issue_view(jira_webdriver, jira_datasets, jira_screen_shots):
>       extension_ui.zscale_view_test_plan_in_issue_view(jira_webdriver, jira_datasets)

selenium_ui/jira_ui.py:73: 
_ _ _ _ _ _ _ _ _ _ _ _ _ _ _ _ _ _ _ _ _ _ _ _ _ _ _ _ _ _ _ _ _ _ _ _ _ _ _ _ 

webdriver = <selenium.webdriver.chrome.webdriver.WebDriver (session="cd23560879c09253cda3102213f36dda")>
datasets = {'custom_issues': [], 'issue_id': '2060105', 'issue_key': 'AABIS-1999', 'issues': [['AABIS-1', '914565', 'AABIS'], ['A...', 'AABIS'], ['AABIS-4', '914568', 'AABIS'], ['AABIS-5', '914569', 'AABIS'], ['AABIS-6', '914570', 'AABIS'], ...], ...}

    def zscale_view_test_plan_in_issue_view(webdriver, datasets):
        page = BasePage(webdriver)
>       issue_key = datasets['custom_issue_key']
    
        @print_timing("zephyr_scale_view_test_plan_in_issue_view")
E       KeyError: 'custom_issue_key'

extension/jira/extension_ui.py:69: KeyError
04-27-2022, 11:12:51, 1651057971297, Action: test_1_selenium_zscale_view_test_case_in_issue_view, Error: jira_webdriver = <selenium.webdriver.chrome.webdriver.WebDriver (session="cd23560879c09253cda3102213f36dda")>
jira_datasets = {'custom_issues': [], 'issue_id': '207328', 'issue_key': 'AAFAIA-1820', 'issues': [['AABIS-1', '914565', 'AABIS'], ['A...', 'AABIS'], ['AABIS-4', '914568', 'AABIS'], ['AABIS-5', '914569', 'AABIS'], ['AABIS-6', '914570', 'AABIS'], ...], ...}
jira_screen_shots = None

    def test_1_selenium_zscale_view_test_case_in_issue_view(jira_webdriver, jira_datasets, jira_screen_shots):
>       extension_ui.zscale_view_test_case_in_issue_view(jira_webdriver, jira_datasets)

selenium_ui/jira_ui.py:67: 
_ _ _ _ _ _ _ _ _ _ _ _ _ _ _ _ _ _ _ _ _ _ _ _ _ _ _ _ _ _ _ _ _ _ _ _ _ _ _ _ 

webdriver = <selenium.webdriver.chrome.webdriver.WebDriver (session="cd23560879c09253cda3102213f36dda")>
datasets = {'custom_issues': [], 'issue_id': '207328', 'issue_key': 'AAFAIA-1820', 'issues': [['AABIS-1', '914565', 'AABIS'], ['A...', 'AABIS'], ['AABIS-4', '914568', 'AABIS'], ['AABIS-5', '914569', 'AABIS'], ['AABIS-6', '914570', 'AABIS'], ...], ...}

    def zscale_view_test_case_in_issue_view(webdriver, datasets):
        page = BasePage(webdriver)
>       issue_key = datasets['custom_issue_key']
    
        @print_timing("zephyr_scale_view_test_case_in_issue_view")
E       KeyError: 'custom_issue_key'

extension/jira/extension_ui.py:47: KeyError
04-27-2022, 11:12:51, 1651057971785, Action: test_1_selenium_zscale_view_test_cycle_in_issue_view, Error: jira_webdriver = <selenium.webdriver.chrome.webdriver.WebDriver (session="cd23560879c09253cda3102213f36dda")>
jira_datasets = {'custom_issues': [], 'issue_id': '207328', 'issue_key': 'AAFAIA-1820', 'issues': [['AABIS-1', '914565', 'AABIS'], ['A...', 'AABIS'], ['AABIS-4', '914568', 'AABIS'], ['AABIS-5', '914569', 'AABIS'], ['AABIS-6', '914570', 'AABIS'], ...], ...}
jira_screen_shots = None

    def test_1_selenium_zscale_view_test_cycle_in_issue_view(jira_webdriver, jira_datasets, jira_screen_shots):
>       extension_ui.zscale_view_test_cycle_in_issue_view(jira_webdriver, jira_datasets)

selenium_ui/jira_ui.py:70: 
_ _ _ _ _ _ _ _ _ _ _ _ _ _ _ _ _ _ _ _ _ _ _ _ _ _ _ _ _ _ _ _ _ _ _ _ _ _ _ _ 

webdriver = <selenium.webdriver.chrome.webdriver.WebDriver (session="cd23560879c09253cda3102213f36dda")>
datasets = {'custom_issues': [], 'issue_id': '207328', 'issue_key': 'AAFAIA-1820', 'issues': [['AABIS-1', '914565', 'AABIS'], ['A...', 'AABIS'], ['AABIS-4', '914568', 'AABIS'], ['AABIS-5', '914569', 'AABIS'], ['AABIS-6', '914570', 'AABIS'], ...], ...}

    def zscale_view_test_cycle_in_issue_view(webdriver, datasets):
        page = BasePage(webdriver)
>       issue_key = datasets['custom_issue_key']
    
        @print_timing("zephyr_scale_view_test_cycle_in_issue_view")
E       KeyError: 'custom_issue_key'

extension/jira/extension_ui.py:58: KeyError
04-27-2022, 11:12:52, 1651057972313, Action: test_1_selenium_zscale_view_test_plan_in_issue_view, Error: jira_webdriver = <selenium.webdriver.chrome.webdriver.WebDriver (session="cd23560879c09253cda3102213f36dda")>
jira_datasets = {'custom_issues': [], 'issue_id': '207328', 'issue_key': 'AAFAIA-1820', 'issues': [['AABIS-1', '914565', 'AABIS'], ['A...', 'AABIS'], ['AABIS-4', '914568', 'AABIS'], ['AABIS-5', '914569', 'AABIS'], ['AABIS-6', '914570', 'AABIS'], ...], ...}
jira_screen_shots = None

    def test_1_selenium_zscale_view_test_plan_in_issue_view(jira_webdriver, jira_datasets, jira_screen_shots):
>       extension_ui.zscale_view_test_plan_in_issue_view(jira_webdriver, jira_datasets)

selenium_ui/jira_ui.py:73: 
_ _ _ _ _ _ _ _ _ _ _ _ _ _ _ _ _ _ _ _ _ _ _ _ _ _ _ _ _ _ _ _ _ _ _ _ _ _ _ _ 

webdriver = <selenium.webdriver.chrome.webdriver.WebDriver (session="cd23560879c09253cda3102213f36dda")>
datasets = {'custom_issues': [], 'issue_id': '207328', 'issue_key': 'AAFAIA-1820', 'issues': [['AABIS-1', '914565', 'AABIS'], ['A...', 'AABIS'], ['AABIS-4', '914568', 'AABIS'], ['AABIS-5', '914569', 'AABIS'], ['AABIS-6', '914570', 'AABIS'], ...], ...}

    def zscale_view_test_plan_in_issue_view(webdriver, datasets):
        page = BasePage(webdriver)
>       issue_key = datasets['custom_issue_key']
    
        @print_timing("zephyr_scale_view_test_plan_in_issue_view")
E       KeyError: 'custom_issue_key'

extension/jira/extension_ui.py:69: KeyError
04-27-2022, 11:13:06, 1651057986460, Action: test_1_selenium_zscale_view_test_case_in_issue_view, Error: jira_webdriver = <selenium.webdriver.chrome.webdriver.WebDriver (session="cd23560879c09253cda3102213f36dda")>
jira_datasets = {'custom_issues': [], 'issue_id': '915360', 'issue_key': 'AABIS-796', 'issues': [['AABIS-1', '914565', 'AABIS'], ['AAB...', 'AABIS'], ['AABIS-4', '914568', 'AABIS'], ['AABIS-5', '914569', 'AABIS'], ['AABIS-6', '914570', 'AABIS'], ...], ...}
jira_screen_shots = None

    def test_1_selenium_zscale_view_test_case_in_issue_view(jira_webdriver, jira_datasets, jira_screen_shots):
>       extension_ui.zscale_view_test_case_in_issue_view(jira_webdriver, jira_datasets)

selenium_ui/jira_ui.py:67: 
_ _ _ _ _ _ _ _ _ _ _ _ _ _ _ _ _ _ _ _ _ _ _ _ _ _ _ _ _ _ _ _ _ _ _ _ _ _ _ _ 

webdriver = <selenium.webdriver.chrome.webdriver.WebDriver (session="cd23560879c09253cda3102213f36dda")>
datasets = {'custom_issues': [], 'issue_id': '915360', 'issue_key': 'AABIS-796', 'issues': [['AABIS-1', '914565', 'AABIS'], ['AAB...', 'AABIS'], ['AABIS-4', '914568', 'AABIS'], ['AABIS-5', '914569', 'AABIS'], ['AABIS-6', '914570', 'AABIS'], ...], ...}

    def zscale_view_test_case_in_issue_view(webdriver, datasets):
        page = BasePage(webdriver)
>       issue_key = datasets['custom_issue_key']
    
        @print_timing("zephyr_scale_view_test_case_in_issue_view")
E       KeyError: 'custom_issue_key'

extension/jira/extension_ui.py:47: KeyError
04-27-2022, 11:13:07, 1651057987062, Action: test_1_selenium_zscale_view_test_cycle_in_issue_view, Error: jira_webdriver = <selenium.webdriver.chrome.webdriver.WebDriver (session="cd23560879c09253cda3102213f36dda")>
jira_datasets = {'custom_issues': [], 'issue_id': '915360', 'issue_key': 'AABIS-796', 'issues': [['AABIS-1', '914565', 'AABIS'], ['AAB...', 'AABIS'], ['AABIS-4', '914568', 'AABIS'], ['AABIS-5', '914569', 'AABIS'], ['AABIS-6', '914570', 'AABIS'], ...], ...}
jira_screen_shots = None

    def test_1_selenium_zscale_view_test_cycle_in_issue_view(jira_webdriver, jira_datasets, jira_screen_shots):
>       extension_ui.zscale_view_test_cycle_in_issue_view(jira_webdriver, jira_datasets)

selenium_ui/jira_ui.py:70: 
_ _ _ _ _ _ _ _ _ _ _ _ _ _ _ _ _ _ _ _ _ _ _ _ _ _ _ _ _ _ _ _ _ _ _ _ _ _ _ _ 

webdriver = <selenium.webdriver.chrome.webdriver.WebDriver (session="cd23560879c09253cda3102213f36dda")>
datasets = {'custom_issues': [], 'issue_id': '915360', 'issue_key': 'AABIS-796', 'issues': [['AABIS-1', '914565', 'AABIS'], ['AAB...', 'AABIS'], ['AABIS-4', '914568', 'AABIS'], ['AABIS-5', '914569', 'AABIS'], ['AABIS-6', '914570', 'AABIS'], ...], ...}

    def zscale_view_test_cycle_in_issue_view(webdriver, datasets):
        page = BasePage(webdriver)
>       issue_key = datasets['custom_issue_key']
    
        @print_timing("zephyr_scale_view_test_cycle_in_issue_view")
E       KeyError: 'custom_issue_key'

extension/jira/extension_ui.py:58: KeyError
04-27-2022, 11:13:07, 1651057987598, Action: test_1_selenium_zscale_view_test_plan_in_issue_view, Error: jira_webdriver = <selenium.webdriver.chrome.webdriver.WebDriver (session="cd23560879c09253cda3102213f36dda")>
jira_datasets = {'custom_issues': [], 'issue_id': '915360', 'issue_key': 'AABIS-796', 'issues': [['AABIS-1', '914565', 'AABIS'], ['AAB...', 'AABIS'], ['AABIS-4', '914568', 'AABIS'], ['AABIS-5', '914569', 'AABIS'], ['AABIS-6', '914570', 'AABIS'], ...], ...}
jira_screen_shots = None

    def test_1_selenium_zscale_view_test_plan_in_issue_view(jira_webdriver, jira_datasets, jira_screen_shots):
>       extension_ui.zscale_view_test_plan_in_issue_view(jira_webdriver, jira_datasets)

selenium_ui/jira_ui.py:73: 
_ _ _ _ _ _ _ _ _ _ _ _ _ _ _ _ _ _ _ _ _ _ _ _ _ _ _ _ _ _ _ _ _ _ _ _ _ _ _ _ 

webdriver = <selenium.webdriver.chrome.webdriver.WebDriver (session="cd23560879c09253cda3102213f36dda")>
datasets = {'custom_issues': [], 'issue_id': '915360', 'issue_key': 'AABIS-796', 'issues': [['AABIS-1', '914565', 'AABIS'], ['AAB...', 'AABIS'], ['AABIS-4', '914568', 'AABIS'], ['AABIS-5', '914569', 'AABIS'], ['AABIS-6', '914570', 'AABIS'], ...], ...}

    def zscale_view_test_plan_in_issue_view(webdriver, datasets):
        page = BasePage(webdriver)
>       issue_key = datasets['custom_issue_key']
    
        @print_timing("zephyr_scale_view_test_plan_in_issue_view")
E       KeyError: 'custom_issue_key'

extension/jira/extension_ui.py:69: KeyError
04-27-2022, 11:13:22, 1651058002178, Action: test_1_selenium_zscale_view_test_case_in_issue_view, Error: jira_webdriver = <selenium.webdriver.chrome.webdriver.WebDriver (session="cd23560879c09253cda3102213f36dda")>
jira_datasets = {'custom_issues': [], 'issue_id': '209849', 'issue_key': 'AAFAIA-4341', 'issues': [['AABIS-1', '914565', 'AABIS'], ['A...', 'AABIS'], ['AABIS-4', '914568', 'AABIS'], ['AABIS-5', '914569', 'AABIS'], ['AABIS-6', '914570', 'AABIS'], ...], ...}
jira_screen_shots = None

    def test_1_selenium_zscale_view_test_case_in_issue_view(jira_webdriver, jira_datasets, jira_screen_shots):
>       extension_ui.zscale_view_test_case_in_issue_view(jira_webdriver, jira_datasets)

selenium_ui/jira_ui.py:67: 
_ _ _ _ _ _ _ _ _ _ _ _ _ _ _ _ _ _ _ _ _ _ _ _ _ _ _ _ _ _ _ _ _ _ _ _ _ _ _ _ 

webdriver = <selenium.webdriver.chrome.webdriver.WebDriver (session="cd23560879c09253cda3102213f36dda")>
datasets = {'custom_issues': [], 'issue_id': '209849', 'issue_key': 'AAFAIA-4341', 'issues': [['AABIS-1', '914565', 'AABIS'], ['A...', 'AABIS'], ['AABIS-4', '914568', 'AABIS'], ['AABIS-5', '914569', 'AABIS'], ['AABIS-6', '914570', 'AABIS'], ...], ...}

    def zscale_view_test_case_in_issue_view(webdriver, datasets):
        page = BasePage(webdriver)
>       issue_key = datasets['custom_issue_key']
    
        @print_timing("zephyr_scale_view_test_case_in_issue_view")
E       KeyError: 'custom_issue_key'

extension/jira/extension_ui.py:47: KeyError
04-27-2022, 11:13:22, 1651058002741, Action: test_1_selenium_zscale_view_test_cycle_in_issue_view, Error: jira_webdriver = <selenium.webdriver.chrome.webdriver.WebDriver (session="cd23560879c09253cda3102213f36dda")>
jira_datasets = {'custom_issues': [], 'issue_id': '209849', 'issue_key': 'AAFAIA-4341', 'issues': [['AABIS-1', '914565', 'AABIS'], ['A...', 'AABIS'], ['AABIS-4', '914568', 'AABIS'], ['AABIS-5', '914569', 'AABIS'], ['AABIS-6', '914570', 'AABIS'], ...], ...}
jira_screen_shots = None

    def test_1_selenium_zscale_view_test_cycle_in_issue_view(jira_webdriver, jira_datasets, jira_screen_shots):
>       extension_ui.zscale_view_test_cycle_in_issue_view(jira_webdriver, jira_datasets)

selenium_ui/jira_ui.py:70: 
_ _ _ _ _ _ _ _ _ _ _ _ _ _ _ _ _ _ _ _ _ _ _ _ _ _ _ _ _ _ _ _ _ _ _ _ _ _ _ _ 

webdriver = <selenium.webdriver.chrome.webdriver.WebDriver (session="cd23560879c09253cda3102213f36dda")>
datasets = {'custom_issues': [], 'issue_id': '209849', 'issue_key': 'AAFAIA-4341', 'issues': [['AABIS-1', '914565', 'AABIS'], ['A...', 'AABIS'], ['AABIS-4', '914568', 'AABIS'], ['AABIS-5', '914569', 'AABIS'], ['AABIS-6', '914570', 'AABIS'], ...], ...}

    def zscale_view_test_cycle_in_issue_view(webdriver, datasets):
        page = BasePage(webdriver)
>       issue_key = datasets['custom_issue_key']
    
        @print_timing("zephyr_scale_view_test_cycle_in_issue_view")
E       KeyError: 'custom_issue_key'

extension/jira/extension_ui.py:58: KeyError
04-27-2022, 11:13:23, 1651058003290, Action: test_1_selenium_zscale_view_test_plan_in_issue_view, Error: jira_webdriver = <selenium.webdriver.chrome.webdriver.WebDriver (session="cd23560879c09253cda3102213f36dda")>
jira_datasets = {'custom_issues': [], 'issue_id': '209849', 'issue_key': 'AAFAIA-4341', 'issues': [['AABIS-1', '914565', 'AABIS'], ['A...', 'AABIS'], ['AABIS-4', '914568', 'AABIS'], ['AABIS-5', '914569', 'AABIS'], ['AABIS-6', '914570', 'AABIS'], ...], ...}
jira_screen_shots = None

    def test_1_selenium_zscale_view_test_plan_in_issue_view(jira_webdriver, jira_datasets, jira_screen_shots):
>       extension_ui.zscale_view_test_plan_in_issue_view(jira_webdriver, jira_datasets)

selenium_ui/jira_ui.py:73: 
_ _ _ _ _ _ _ _ _ _ _ _ _ _ _ _ _ _ _ _ _ _ _ _ _ _ _ _ _ _ _ _ _ _ _ _ _ _ _ _ 

webdriver = <selenium.webdriver.chrome.webdriver.WebDriver (session="cd23560879c09253cda3102213f36dda")>
datasets = {'custom_issues': [], 'issue_id': '209849', 'issue_key': 'AAFAIA-4341', 'issues': [['AABIS-1', '914565', 'AABIS'], ['A...', 'AABIS'], ['AABIS-4', '914568', 'AABIS'], ['AABIS-5', '914569', 'AABIS'], ['AABIS-6', '914570', 'AABIS'], ...], ...}

    def zscale_view_test_plan_in_issue_view(webdriver, datasets):
        page = BasePage(webdriver)
>       issue_key = datasets['custom_issue_key']
    
        @print_timing("zephyr_scale_view_test_plan_in_issue_view")
E       KeyError: 'custom_issue_key'

extension/jira/extension_ui.py:69: KeyError
04-27-2022, 11:13:37, 1651058017962, Action: test_1_selenium_zscale_view_test_case_in_issue_view, Error: jira_webdriver = <selenium.webdriver.chrome.webdriver.WebDriver (session="cd23560879c09253cda3102213f36dda")>
jira_datasets = {'custom_issues': [], 'issue_id': '210641', 'issue_key': 'AAFAIA-5133', 'issues': [['AABIS-1', '914565', 'AABIS'], ['A...', 'AABIS'], ['AABIS-4', '914568', 'AABIS'], ['AABIS-5', '914569', 'AABIS'], ['AABIS-6', '914570', 'AABIS'], ...], ...}
jira_screen_shots = None

    def test_1_selenium_zscale_view_test_case_in_issue_view(jira_webdriver, jira_datasets, jira_screen_shots):
>       extension_ui.zscale_view_test_case_in_issue_view(jira_webdriver, jira_datasets)

selenium_ui/jira_ui.py:67: 
_ _ _ _ _ _ _ _ _ _ _ _ _ _ _ _ _ _ _ _ _ _ _ _ _ _ _ _ _ _ _ _ _ _ _ _ _ _ _ _ 

webdriver = <selenium.webdriver.chrome.webdriver.WebDriver (session="cd23560879c09253cda3102213f36dda")>
datasets = {'custom_issues': [], 'issue_id': '210641', 'issue_key': 'AAFAIA-5133', 'issues': [['AABIS-1', '914565', 'AABIS'], ['A...', 'AABIS'], ['AABIS-4', '914568', 'AABIS'], ['AABIS-5', '914569', 'AABIS'], ['AABIS-6', '914570', 'AABIS'], ...], ...}

    def zscale_view_test_case_in_issue_view(webdriver, datasets):
        page = BasePage(webdriver)
>       issue_key = datasets['custom_issue_key']
    
        @print_timing("zephyr_scale_view_test_case_in_issue_view")
E       KeyError: 'custom_issue_key'

extension/jira/extension_ui.py:47: KeyError
04-27-2022, 11:13:38, 1651058018462, Action: test_1_selenium_zscale_view_test_cycle_in_issue_view, Error: jira_webdriver = <selenium.webdriver.chrome.webdriver.WebDriver (session="cd23560879c09253cda3102213f36dda")>
jira_datasets = {'custom_issues': [], 'issue_id': '210641', 'issue_key': 'AAFAIA-5133', 'issues': [['AABIS-1', '914565', 'AABIS'], ['A...', 'AABIS'], ['AABIS-4', '914568', 'AABIS'], ['AABIS-5', '914569', 'AABIS'], ['AABIS-6', '914570', 'AABIS'], ...], ...}
jira_screen_shots = None

    def test_1_selenium_zscale_view_test_cycle_in_issue_view(jira_webdriver, jira_datasets, jira_screen_shots):
>       extension_ui.zscale_view_test_cycle_in_issue_view(jira_webdriver, jira_datasets)

selenium_ui/jira_ui.py:70: 
_ _ _ _ _ _ _ _ _ _ _ _ _ _ _ _ _ _ _ _ _ _ _ _ _ _ _ _ _ _ _ _ _ _ _ _ _ _ _ _ 

webdriver = <selenium.webdriver.chrome.webdriver.WebDriver (session="cd23560879c09253cda3102213f36dda")>
datasets = {'custom_issues': [], 'issue_id': '210641', 'issue_key': 'AAFAIA-5133', 'issues': [['AABIS-1', '914565', 'AABIS'], ['A...', 'AABIS'], ['AABIS-4', '914568', 'AABIS'], ['AABIS-5', '914569', 'AABIS'], ['AABIS-6', '914570', 'AABIS'], ...], ...}

    def zscale_view_test_cycle_in_issue_view(webdriver, datasets):
        page = BasePage(webdriver)
>       issue_key = datasets['custom_issue_key']
    
        @print_timing("zephyr_scale_view_test_cycle_in_issue_view")
E       KeyError: 'custom_issue_key'

extension/jira/extension_ui.py:58: KeyError
04-27-2022, 11:13:38, 1651058018996, Action: test_1_selenium_zscale_view_test_plan_in_issue_view, Error: jira_webdriver = <selenium.webdriver.chrome.webdriver.WebDriver (session="cd23560879c09253cda3102213f36dda")>
jira_datasets = {'custom_issues': [], 'issue_id': '210641', 'issue_key': 'AAFAIA-5133', 'issues': [['AABIS-1', '914565', 'AABIS'], ['A...', 'AABIS'], ['AABIS-4', '914568', 'AABIS'], ['AABIS-5', '914569', 'AABIS'], ['AABIS-6', '914570', 'AABIS'], ...], ...}
jira_screen_shots = None

    def test_1_selenium_zscale_view_test_plan_in_issue_view(jira_webdriver, jira_datasets, jira_screen_shots):
>       extension_ui.zscale_view_test_plan_in_issue_view(jira_webdriver, jira_datasets)

selenium_ui/jira_ui.py:73: 
_ _ _ _ _ _ _ _ _ _ _ _ _ _ _ _ _ _ _ _ _ _ _ _ _ _ _ _ _ _ _ _ _ _ _ _ _ _ _ _ 

webdriver = <selenium.webdriver.chrome.webdriver.WebDriver (session="cd23560879c09253cda3102213f36dda")>
datasets = {'custom_issues': [], 'issue_id': '210641', 'issue_key': 'AAFAIA-5133', 'issues': [['AABIS-1', '914565', 'AABIS'], ['A...', 'AABIS'], ['AABIS-4', '914568', 'AABIS'], ['AABIS-5', '914569', 'AABIS'], ['AABIS-6', '914570', 'AABIS'], ...], ...}

    def zscale_view_test_plan_in_issue_view(webdriver, datasets):
        page = BasePage(webdriver)
>       issue_key = datasets['custom_issue_key']
    
        @print_timing("zephyr_scale_view_test_plan_in_issue_view")
E       KeyError: 'custom_issue_key'

extension/jira/extension_ui.py:69: KeyError
04-27-2022, 11:13:53, 1651058033032, Action: test_1_selenium_zscale_view_test_case_in_issue_view, Error: jira_webdriver = <selenium.webdriver.chrome.webdriver.WebDriver (session="cd23560879c09253cda3102213f36dda")>
jira_datasets = {'custom_issues': [], 'issue_id': '208026', 'issue_key': 'AAFAIA-2518', 'issues': [['AABIS-1', '914565', 'AABIS'], ['A...', 'AABIS'], ['AABIS-4', '914568', 'AABIS'], ['AABIS-5', '914569', 'AABIS'], ['AABIS-6', '914570', 'AABIS'], ...], ...}
jira_screen_shots = None

    def test_1_selenium_zscale_view_test_case_in_issue_view(jira_webdriver, jira_datasets, jira_screen_shots):
>       extension_ui.zscale_view_test_case_in_issue_view(jira_webdriver, jira_datasets)

selenium_ui/jira_ui.py:67: 
_ _ _ _ _ _ _ _ _ _ _ _ _ _ _ _ _ _ _ _ _ _ _ _ _ _ _ _ _ _ _ _ _ _ _ _ _ _ _ _ 

webdriver = <selenium.webdriver.chrome.webdriver.WebDriver (session="cd23560879c09253cda3102213f36dda")>
datasets = {'custom_issues': [], 'issue_id': '208026', 'issue_key': 'AAFAIA-2518', 'issues': [['AABIS-1', '914565', 'AABIS'], ['A...', 'AABIS'], ['AABIS-4', '914568', 'AABIS'], ['AABIS-5', '914569', 'AABIS'], ['AABIS-6', '914570', 'AABIS'], ...], ...}

    def zscale_view_test_case_in_issue_view(webdriver, datasets):
        page = BasePage(webdriver)
>       issue_key = datasets['custom_issue_key']
    
        @print_timing("zephyr_scale_view_test_case_in_issue_view")
E       KeyError: 'custom_issue_key'

extension/jira/extension_ui.py:47: KeyError
04-27-2022, 11:13:53, 1651058033532, Action: test_1_selenium_zscale_view_test_cycle_in_issue_view, Error: jira_webdriver = <selenium.webdriver.chrome.webdriver.WebDriver (session="cd23560879c09253cda3102213f36dda")>
jira_datasets = {'custom_issues': [], 'issue_id': '208026', 'issue_key': 'AAFAIA-2518', 'issues': [['AABIS-1', '914565', 'AABIS'], ['A...', 'AABIS'], ['AABIS-4', '914568', 'AABIS'], ['AABIS-5', '914569', 'AABIS'], ['AABIS-6', '914570', 'AABIS'], ...], ...}
jira_screen_shots = None

    def test_1_selenium_zscale_view_test_cycle_in_issue_view(jira_webdriver, jira_datasets, jira_screen_shots):
>       extension_ui.zscale_view_test_cycle_in_issue_view(jira_webdriver, jira_datasets)

selenium_ui/jira_ui.py:70: 
_ _ _ _ _ _ _ _ _ _ _ _ _ _ _ _ _ _ _ _ _ _ _ _ _ _ _ _ _ _ _ _ _ _ _ _ _ _ _ _ 

webdriver = <selenium.webdriver.chrome.webdriver.WebDriver (session="cd23560879c09253cda3102213f36dda")>
datasets = {'custom_issues': [], 'issue_id': '208026', 'issue_key': 'AAFAIA-2518', 'issues': [['AABIS-1', '914565', 'AABIS'], ['A...', 'AABIS'], ['AABIS-4', '914568', 'AABIS'], ['AABIS-5', '914569', 'AABIS'], ['AABIS-6', '914570', 'AABIS'], ...], ...}

    def zscale_view_test_cycle_in_issue_view(webdriver, datasets):
        page = BasePage(webdriver)
>       issue_key = datasets['custom_issue_key']
    
        @print_timing("zephyr_scale_view_test_cycle_in_issue_view")
E       KeyError: 'custom_issue_key'

extension/jira/extension_ui.py:58: KeyError
04-27-2022, 11:13:54, 1651058034113, Action: test_1_selenium_zscale_view_test_plan_in_issue_view, Error: jira_webdriver = <selenium.webdriver.chrome.webdriver.WebDriver (session="cd23560879c09253cda3102213f36dda")>
jira_datasets = {'custom_issues': [], 'issue_id': '208026', 'issue_key': 'AAFAIA-2518', 'issues': [['AABIS-1', '914565', 'AABIS'], ['A...', 'AABIS'], ['AABIS-4', '914568', 'AABIS'], ['AABIS-5', '914569', 'AABIS'], ['AABIS-6', '914570', 'AABIS'], ...], ...}
jira_screen_shots = None

    def test_1_selenium_zscale_view_test_plan_in_issue_view(jira_webdriver, jira_datasets, jira_screen_shots):
>       extension_ui.zscale_view_test_plan_in_issue_view(jira_webdriver, jira_datasets)

selenium_ui/jira_ui.py:73: 
_ _ _ _ _ _ _ _ _ _ _ _ _ _ _ _ _ _ _ _ _ _ _ _ _ _ _ _ _ _ _ _ _ _ _ _ _ _ _ _ 

webdriver = <selenium.webdriver.chrome.webdriver.WebDriver (session="cd23560879c09253cda3102213f36dda")>
datasets = {'custom_issues': [], 'issue_id': '208026', 'issue_key': 'AAFAIA-2518', 'issues': [['AABIS-1', '914565', 'AABIS'], ['A...', 'AABIS'], ['AABIS-4', '914568', 'AABIS'], ['AABIS-5', '914569', 'AABIS'], ['AABIS-6', '914570', 'AABIS'], ...], ...}

    def zscale_view_test_plan_in_issue_view(webdriver, datasets):
        page = BasePage(webdriver)
>       issue_key = datasets['custom_issue_key']
    
        @print_timing("zephyr_scale_view_test_plan_in_issue_view")
E       KeyError: 'custom_issue_key'

extension/jira/extension_ui.py:69: KeyError
04-27-2022, 11:14:08, 1651058048970, Action: test_1_selenium_zscale_view_test_case_in_issue_view, Error: jira_webdriver = <selenium.webdriver.chrome.webdriver.WebDriver (session="cd23560879c09253cda3102213f36dda")>
jira_datasets = {'custom_issues': [], 'issue_id': '2080978', 'issue_key': 'AABIS-2454', 'issues': [['AABIS-1', '914565', 'AABIS'], ['A...', 'AABIS'], ['AABIS-4', '914568', 'AABIS'], ['AABIS-5', '914569', 'AABIS'], ['AABIS-6', '914570', 'AABIS'], ...], ...}
jira_screen_shots = None

    def test_1_selenium_zscale_view_test_case_in_issue_view(jira_webdriver, jira_datasets, jira_screen_shots):
>       extension_ui.zscale_view_test_case_in_issue_view(jira_webdriver, jira_datasets)

selenium_ui/jira_ui.py:67: 
_ _ _ _ _ _ _ _ _ _ _ _ _ _ _ _ _ _ _ _ _ _ _ _ _ _ _ _ _ _ _ _ _ _ _ _ _ _ _ _ 

webdriver = <selenium.webdriver.chrome.webdriver.WebDriver (session="cd23560879c09253cda3102213f36dda")>
datasets = {'custom_issues': [], 'issue_id': '2080978', 'issue_key': 'AABIS-2454', 'issues': [['AABIS-1', '914565', 'AABIS'], ['A...', 'AABIS'], ['AABIS-4', '914568', 'AABIS'], ['AABIS-5', '914569', 'AABIS'], ['AABIS-6', '914570', 'AABIS'], ...], ...}

    def zscale_view_test_case_in_issue_view(webdriver, datasets):
        page = BasePage(webdriver)
>       issue_key = datasets['custom_issue_key']
    
        @print_timing("zephyr_scale_view_test_case_in_issue_view")
E       KeyError: 'custom_issue_key'

extension/jira/extension_ui.py:47: KeyError
04-27-2022, 11:14:09, 1651058049539, Action: test_1_selenium_zscale_view_test_cycle_in_issue_view, Error: jira_webdriver = <selenium.webdriver.chrome.webdriver.WebDriver (session="cd23560879c09253cda3102213f36dda")>
jira_datasets = {'custom_issues': [], 'issue_id': '2080978', 'issue_key': 'AABIS-2454', 'issues': [['AABIS-1', '914565', 'AABIS'], ['A...', 'AABIS'], ['AABIS-4', '914568', 'AABIS'], ['AABIS-5', '914569', 'AABIS'], ['AABIS-6', '914570', 'AABIS'], ...], ...}
jira_screen_shots = None

    def test_1_selenium_zscale_view_test_cycle_in_issue_view(jira_webdriver, jira_datasets, jira_screen_shots):
>       extension_ui.zscale_view_test_cycle_in_issue_view(jira_webdriver, jira_datasets)

selenium_ui/jira_ui.py:70: 
_ _ _ _ _ _ _ _ _ _ _ _ _ _ _ _ _ _ _ _ _ _ _ _ _ _ _ _ _ _ _ _ _ _ _ _ _ _ _ _ 

webdriver = <selenium.webdriver.chrome.webdriver.WebDriver (session="cd23560879c09253cda3102213f36dda")>
datasets = {'custom_issues': [], 'issue_id': '2080978', 'issue_key': 'AABIS-2454', 'issues': [['AABIS-1', '914565', 'AABIS'], ['A...', 'AABIS'], ['AABIS-4', '914568', 'AABIS'], ['AABIS-5', '914569', 'AABIS'], ['AABIS-6', '914570', 'AABIS'], ...], ...}

    def zscale_view_test_cycle_in_issue_view(webdriver, datasets):
        page = BasePage(webdriver)
>       issue_key = datasets['custom_issue_key']
    
        @print_timing("zephyr_scale_view_test_cycle_in_issue_view")
E       KeyError: 'custom_issue_key'

extension/jira/extension_ui.py:58: KeyError
04-27-2022, 11:14:10, 1651058050097, Action: test_1_selenium_zscale_view_test_plan_in_issue_view, Error: jira_webdriver = <selenium.webdriver.chrome.webdriver.WebDriver (session="cd23560879c09253cda3102213f36dda")>
jira_datasets = {'custom_issues': [], 'issue_id': '2080978', 'issue_key': 'AABIS-2454', 'issues': [['AABIS-1', '914565', 'AABIS'], ['A...', 'AABIS'], ['AABIS-4', '914568', 'AABIS'], ['AABIS-5', '914569', 'AABIS'], ['AABIS-6', '914570', 'AABIS'], ...], ...}
jira_screen_shots = None

    def test_1_selenium_zscale_view_test_plan_in_issue_view(jira_webdriver, jira_datasets, jira_screen_shots):
>       extension_ui.zscale_view_test_plan_in_issue_view(jira_webdriver, jira_datasets)

selenium_ui/jira_ui.py:73: 
_ _ _ _ _ _ _ _ _ _ _ _ _ _ _ _ _ _ _ _ _ _ _ _ _ _ _ _ _ _ _ _ _ _ _ _ _ _ _ _ 

webdriver = <selenium.webdriver.chrome.webdriver.WebDriver (session="cd23560879c09253cda3102213f36dda")>
datasets = {'custom_issues': [], 'issue_id': '2080978', 'issue_key': 'AABIS-2454', 'issues': [['AABIS-1', '914565', 'AABIS'], ['A...', 'AABIS'], ['AABIS-4', '914568', 'AABIS'], ['AABIS-5', '914569', 'AABIS'], ['AABIS-6', '914570', 'AABIS'], ...], ...}

    def zscale_view_test_plan_in_issue_view(webdriver, datasets):
        page = BasePage(webdriver)
>       issue_key = datasets['custom_issue_key']
    
        @print_timing("zephyr_scale_view_test_plan_in_issue_view")
E       KeyError: 'custom_issue_key'

extension/jira/extension_ui.py:69: KeyError
04-27-2022, 11:14:23, 1651058063965, Action: test_1_selenium_zscale_view_test_case_in_issue_view, Error: jira_webdriver = <selenium.webdriver.chrome.webdriver.WebDriver (session="cd23560879c09253cda3102213f36dda")>
jira_datasets = {'custom_issues': [], 'issue_id': '209749', 'issue_key': 'AAFAIA-4241', 'issues': [['AABIS-1', '914565', 'AABIS'], ['A...', 'AABIS'], ['AABIS-4', '914568', 'AABIS'], ['AABIS-5', '914569', 'AABIS'], ['AABIS-6', '914570', 'AABIS'], ...], ...}
jira_screen_shots = None

    def test_1_selenium_zscale_view_test_case_in_issue_view(jira_webdriver, jira_datasets, jira_screen_shots):
>       extension_ui.zscale_view_test_case_in_issue_view(jira_webdriver, jira_datasets)

selenium_ui/jira_ui.py:67: 
_ _ _ _ _ _ _ _ _ _ _ _ _ _ _ _ _ _ _ _ _ _ _ _ _ _ _ _ _ _ _ _ _ _ _ _ _ _ _ _ 

webdriver = <selenium.webdriver.chrome.webdriver.WebDriver (session="cd23560879c09253cda3102213f36dda")>
datasets = {'custom_issues': [], 'issue_id': '209749', 'issue_key': 'AAFAIA-4241', 'issues': [['AABIS-1', '914565', 'AABIS'], ['A...', 'AABIS'], ['AABIS-4', '914568', 'AABIS'], ['AABIS-5', '914569', 'AABIS'], ['AABIS-6', '914570', 'AABIS'], ...], ...}

    def zscale_view_test_case_in_issue_view(webdriver, datasets):
        page = BasePage(webdriver)
>       issue_key = datasets['custom_issue_key']
    
        @print_timing("zephyr_scale_view_test_case_in_issue_view")
E       KeyError: 'custom_issue_key'

extension/jira/extension_ui.py:47: KeyError
04-27-2022, 11:14:24, 1651058064465, Action: test_1_selenium_zscale_view_test_cycle_in_issue_view, Error: jira_webdriver = <selenium.webdriver.chrome.webdriver.WebDriver (session="cd23560879c09253cda3102213f36dda")>
jira_datasets = {'custom_issues': [], 'issue_id': '209749', 'issue_key': 'AAFAIA-4241', 'issues': [['AABIS-1', '914565', 'AABIS'], ['A...', 'AABIS'], ['AABIS-4', '914568', 'AABIS'], ['AABIS-5', '914569', 'AABIS'], ['AABIS-6', '914570', 'AABIS'], ...], ...}
jira_screen_shots = None

    def test_1_selenium_zscale_view_test_cycle_in_issue_view(jira_webdriver, jira_datasets, jira_screen_shots):
>       extension_ui.zscale_view_test_cycle_in_issue_view(jira_webdriver, jira_datasets)

selenium_ui/jira_ui.py:70: 
_ _ _ _ _ _ _ _ _ _ _ _ _ _ _ _ _ _ _ _ _ _ _ _ _ _ _ _ _ _ _ _ _ _ _ _ _ _ _ _ 

webdriver = <selenium.webdriver.chrome.webdriver.WebDriver (session="cd23560879c09253cda3102213f36dda")>
datasets = {'custom_issues': [], 'issue_id': '209749', 'issue_key': 'AAFAIA-4241', 'issues': [['AABIS-1', '914565', 'AABIS'], ['A...', 'AABIS'], ['AABIS-4', '914568', 'AABIS'], ['AABIS-5', '914569', 'AABIS'], ['AABIS-6', '914570', 'AABIS'], ...], ...}

    def zscale_view_test_cycle_in_issue_view(webdriver, datasets):
        page = BasePage(webdriver)
>       issue_key = datasets['custom_issue_key']
    
        @print_timing("zephyr_scale_view_test_cycle_in_issue_view")
E       KeyError: 'custom_issue_key'

extension/jira/extension_ui.py:58: KeyError
04-27-2022, 11:14:25, 1651058065079, Action: test_1_selenium_zscale_view_test_plan_in_issue_view, Error: jira_webdriver = <selenium.webdriver.chrome.webdriver.WebDriver (session="cd23560879c09253cda3102213f36dda")>
jira_datasets = {'custom_issues': [], 'issue_id': '209749', 'issue_key': 'AAFAIA-4241', 'issues': [['AABIS-1', '914565', 'AABIS'], ['A...', 'AABIS'], ['AABIS-4', '914568', 'AABIS'], ['AABIS-5', '914569', 'AABIS'], ['AABIS-6', '914570', 'AABIS'], ...], ...}
jira_screen_shots = None

    def test_1_selenium_zscale_view_test_plan_in_issue_view(jira_webdriver, jira_datasets, jira_screen_shots):
>       extension_ui.zscale_view_test_plan_in_issue_view(jira_webdriver, jira_datasets)

selenium_ui/jira_ui.py:73: 
_ _ _ _ _ _ _ _ _ _ _ _ _ _ _ _ _ _ _ _ _ _ _ _ _ _ _ _ _ _ _ _ _ _ _ _ _ _ _ _ 

webdriver = <selenium.webdriver.chrome.webdriver.WebDriver (session="cd23560879c09253cda3102213f36dda")>
datasets = {'custom_issues': [], 'issue_id': '209749', 'issue_key': 'AAFAIA-4241', 'issues': [['AABIS-1', '914565', 'AABIS'], ['A...', 'AABIS'], ['AABIS-4', '914568', 'AABIS'], ['AABIS-5', '914569', 'AABIS'], ['AABIS-6', '914570', 'AABIS'], ...], ...}

    def zscale_view_test_plan_in_issue_view(webdriver, datasets):
        page = BasePage(webdriver)
>       issue_key = datasets['custom_issue_key']
    
        @print_timing("zephyr_scale_view_test_plan_in_issue_view")
E       KeyError: 'custom_issue_key'

extension/jira/extension_ui.py:69: KeyError
04-27-2022, 11:14:39, 1651058079567, Action: test_1_selenium_zscale_view_test_case_in_issue_view, Error: jira_webdriver = <selenium.webdriver.chrome.webdriver.WebDriver (session="cd23560879c09253cda3102213f36dda")>
jira_datasets = {'custom_issues': [], 'issue_id': '915223', 'issue_key': 'AABIS-659', 'issues': [['AABIS-1', '914565', 'AABIS'], ['AAB...', 'AABIS'], ['AABIS-4', '914568', 'AABIS'], ['AABIS-5', '914569', 'AABIS'], ['AABIS-6', '914570', 'AABIS'], ...], ...}
jira_screen_shots = None

    def test_1_selenium_zscale_view_test_case_in_issue_view(jira_webdriver, jira_datasets, jira_screen_shots):
>       extension_ui.zscale_view_test_case_in_issue_view(jira_webdriver, jira_datasets)

selenium_ui/jira_ui.py:67: 
_ _ _ _ _ _ _ _ _ _ _ _ _ _ _ _ _ _ _ _ _ _ _ _ _ _ _ _ _ _ _ _ _ _ _ _ _ _ _ _ 

webdriver = <selenium.webdriver.chrome.webdriver.WebDriver (session="cd23560879c09253cda3102213f36dda")>
datasets = {'custom_issues': [], 'issue_id': '915223', 'issue_key': 'AABIS-659', 'issues': [['AABIS-1', '914565', 'AABIS'], ['AAB...', 'AABIS'], ['AABIS-4', '914568', 'AABIS'], ['AABIS-5', '914569', 'AABIS'], ['AABIS-6', '914570', 'AABIS'], ...], ...}

    def zscale_view_test_case_in_issue_view(webdriver, datasets):
        page = BasePage(webdriver)
>       issue_key = datasets['custom_issue_key']
    
        @print_timing("zephyr_scale_view_test_case_in_issue_view")
E       KeyError: 'custom_issue_key'

extension/jira/extension_ui.py:47: KeyError
04-27-2022, 11:14:40, 1651058080156, Action: test_1_selenium_zscale_view_test_cycle_in_issue_view, Error: jira_webdriver = <selenium.webdriver.chrome.webdriver.WebDriver (session="cd23560879c09253cda3102213f36dda")>
jira_datasets = {'custom_issues': [], 'issue_id': '915223', 'issue_key': 'AABIS-659', 'issues': [['AABIS-1', '914565', 'AABIS'], ['AAB...', 'AABIS'], ['AABIS-4', '914568', 'AABIS'], ['AABIS-5', '914569', 'AABIS'], ['AABIS-6', '914570', 'AABIS'], ...], ...}
jira_screen_shots = None

    def test_1_selenium_zscale_view_test_cycle_in_issue_view(jira_webdriver, jira_datasets, jira_screen_shots):
>       extension_ui.zscale_view_test_cycle_in_issue_view(jira_webdriver, jira_datasets)

selenium_ui/jira_ui.py:70: 
_ _ _ _ _ _ _ _ _ _ _ _ _ _ _ _ _ _ _ _ _ _ _ _ _ _ _ _ _ _ _ _ _ _ _ _ _ _ _ _ 

webdriver = <selenium.webdriver.chrome.webdriver.WebDriver (session="cd23560879c09253cda3102213f36dda")>
datasets = {'custom_issues': [], 'issue_id': '915223', 'issue_key': 'AABIS-659', 'issues': [['AABIS-1', '914565', 'AABIS'], ['AAB...', 'AABIS'], ['AABIS-4', '914568', 'AABIS'], ['AABIS-5', '914569', 'AABIS'], ['AABIS-6', '914570', 'AABIS'], ...], ...}

    def zscale_view_test_cycle_in_issue_view(webdriver, datasets):
        page = BasePage(webdriver)
>       issue_key = datasets['custom_issue_key']
    
        @print_timing("zephyr_scale_view_test_cycle_in_issue_view")
E       KeyError: 'custom_issue_key'

extension/jira/extension_ui.py:58: KeyError
04-27-2022, 11:14:40, 1651058080716, Action: test_1_selenium_zscale_view_test_plan_in_issue_view, Error: jira_webdriver = <selenium.webdriver.chrome.webdriver.WebDriver (session="cd23560879c09253cda3102213f36dda")>
jira_datasets = {'custom_issues': [], 'issue_id': '915223', 'issue_key': 'AABIS-659', 'issues': [['AABIS-1', '914565', 'AABIS'], ['AAB...', 'AABIS'], ['AABIS-4', '914568', 'AABIS'], ['AABIS-5', '914569', 'AABIS'], ['AABIS-6', '914570', 'AABIS'], ...], ...}
jira_screen_shots = None

    def test_1_selenium_zscale_view_test_plan_in_issue_view(jira_webdriver, jira_datasets, jira_screen_shots):
>       extension_ui.zscale_view_test_plan_in_issue_view(jira_webdriver, jira_datasets)

selenium_ui/jira_ui.py:73: 
_ _ _ _ _ _ _ _ _ _ _ _ _ _ _ _ _ _ _ _ _ _ _ _ _ _ _ _ _ _ _ _ _ _ _ _ _ _ _ _ 

webdriver = <selenium.webdriver.chrome.webdriver.WebDriver (session="cd23560879c09253cda3102213f36dda")>
datasets = {'custom_issues': [], 'issue_id': '915223', 'issue_key': 'AABIS-659', 'issues': [['AABIS-1', '914565', 'AABIS'], ['AAB...', 'AABIS'], ['AABIS-4', '914568', 'AABIS'], ['AABIS-5', '914569', 'AABIS'], ['AABIS-6', '914570', 'AABIS'], ...], ...}

    def zscale_view_test_plan_in_issue_view(webdriver, datasets):
        page = BasePage(webdriver)
>       issue_key = datasets['custom_issue_key']
    
        @print_timing("zephyr_scale_view_test_plan_in_issue_view")
E       KeyError: 'custom_issue_key'

extension/jira/extension_ui.py:69: KeyError
04-27-2022, 11:14:54, 1651058094549, Action: test_1_selenium_zscale_view_test_case_in_issue_view, Error: jira_webdriver = <selenium.webdriver.chrome.webdriver.WebDriver (session="cd23560879c09253cda3102213f36dda")>
jira_datasets = {'custom_issues': [], 'issue_id': '2025368', 'issue_key': 'AABIS-1145', 'issues': [['AABIS-1', '914565', 'AABIS'], ['A...', 'AABIS'], ['AABIS-4', '914568', 'AABIS'], ['AABIS-5', '914569', 'AABIS'], ['AABIS-6', '914570', 'AABIS'], ...], ...}
jira_screen_shots = None

    def test_1_selenium_zscale_view_test_case_in_issue_view(jira_webdriver, jira_datasets, jira_screen_shots):
>       extension_ui.zscale_view_test_case_in_issue_view(jira_webdriver, jira_datasets)

selenium_ui/jira_ui.py:67: 
_ _ _ _ _ _ _ _ _ _ _ _ _ _ _ _ _ _ _ _ _ _ _ _ _ _ _ _ _ _ _ _ _ _ _ _ _ _ _ _ 

webdriver = <selenium.webdriver.chrome.webdriver.WebDriver (session="cd23560879c09253cda3102213f36dda")>
datasets = {'custom_issues': [], 'issue_id': '2025368', 'issue_key': 'AABIS-1145', 'issues': [['AABIS-1', '914565', 'AABIS'], ['A...', 'AABIS'], ['AABIS-4', '914568', 'AABIS'], ['AABIS-5', '914569', 'AABIS'], ['AABIS-6', '914570', 'AABIS'], ...], ...}

    def zscale_view_test_case_in_issue_view(webdriver, datasets):
        page = BasePage(webdriver)
>       issue_key = datasets['custom_issue_key']
    
        @print_timing("zephyr_scale_view_test_case_in_issue_view")
E       KeyError: 'custom_issue_key'

extension/jira/extension_ui.py:47: KeyError
04-27-2022, 11:14:55, 1651058095061, Action: test_1_selenium_zscale_view_test_cycle_in_issue_view, Error: jira_webdriver = <selenium.webdriver.chrome.webdriver.WebDriver (session="cd23560879c09253cda3102213f36dda")>
jira_datasets = {'custom_issues': [], 'issue_id': '2025368', 'issue_key': 'AABIS-1145', 'issues': [['AABIS-1', '914565', 'AABIS'], ['A...', 'AABIS'], ['AABIS-4', '914568', 'AABIS'], ['AABIS-5', '914569', 'AABIS'], ['AABIS-6', '914570', 'AABIS'], ...], ...}
jira_screen_shots = None

    def test_1_selenium_zscale_view_test_cycle_in_issue_view(jira_webdriver, jira_datasets, jira_screen_shots):
>       extension_ui.zscale_view_test_cycle_in_issue_view(jira_webdriver, jira_datasets)

selenium_ui/jira_ui.py:70: 
_ _ _ _ _ _ _ _ _ _ _ _ _ _ _ _ _ _ _ _ _ _ _ _ _ _ _ _ _ _ _ _ _ _ _ _ _ _ _ _ 

webdriver = <selenium.webdriver.chrome.webdriver.WebDriver (session="cd23560879c09253cda3102213f36dda")>
datasets = {'custom_issues': [], 'issue_id': '2025368', 'issue_key': 'AABIS-1145', 'issues': [['AABIS-1', '914565', 'AABIS'], ['A...', 'AABIS'], ['AABIS-4', '914568', 'AABIS'], ['AABIS-5', '914569', 'AABIS'], ['AABIS-6', '914570', 'AABIS'], ...], ...}

    def zscale_view_test_cycle_in_issue_view(webdriver, datasets):
        page = BasePage(webdriver)
>       issue_key = datasets['custom_issue_key']
    
        @print_timing("zephyr_scale_view_test_cycle_in_issue_view")
E       KeyError: 'custom_issue_key'

extension/jira/extension_ui.py:58: KeyError
04-27-2022, 11:14:55, 1651058095595, Action: test_1_selenium_zscale_view_test_plan_in_issue_view, Error: jira_webdriver = <selenium.webdriver.chrome.webdriver.WebDriver (session="cd23560879c09253cda3102213f36dda")>
jira_datasets = {'custom_issues': [], 'issue_id': '2025368', 'issue_key': 'AABIS-1145', 'issues': [['AABIS-1', '914565', 'AABIS'], ['A...', 'AABIS'], ['AABIS-4', '914568', 'AABIS'], ['AABIS-5', '914569', 'AABIS'], ['AABIS-6', '914570', 'AABIS'], ...], ...}
jira_screen_shots = None

    def test_1_selenium_zscale_view_test_plan_in_issue_view(jira_webdriver, jira_datasets, jira_screen_shots):
>       extension_ui.zscale_view_test_plan_in_issue_view(jira_webdriver, jira_datasets)

selenium_ui/jira_ui.py:73: 
_ _ _ _ _ _ _ _ _ _ _ _ _ _ _ _ _ _ _ _ _ _ _ _ _ _ _ _ _ _ _ _ _ _ _ _ _ _ _ _ 

webdriver = <selenium.webdriver.chrome.webdriver.WebDriver (session="cd23560879c09253cda3102213f36dda")>
datasets = {'custom_issues': [], 'issue_id': '2025368', 'issue_key': 'AABIS-1145', 'issues': [['AABIS-1', '914565', 'AABIS'], ['A...', 'AABIS'], ['AABIS-4', '914568', 'AABIS'], ['AABIS-5', '914569', 'AABIS'], ['AABIS-6', '914570', 'AABIS'], ...], ...}

    def zscale_view_test_plan_in_issue_view(webdriver, datasets):
        page = BasePage(webdriver)
>       issue_key = datasets['custom_issue_key']
    
        @print_timing("zephyr_scale_view_test_plan_in_issue_view")
E       KeyError: 'custom_issue_key'

extension/jira/extension_ui.py:69: KeyError
04-27-2022, 11:15:10, 1651058110423, Action: test_1_selenium_zscale_view_test_case_in_issue_view, Error: jira_webdriver = <selenium.webdriver.chrome.webdriver.WebDriver (session="cd23560879c09253cda3102213f36dda")>
jira_datasets = {'custom_issues': [], 'issue_id': '207032', 'issue_key': 'AAFAIA-1524', 'issues': [['AABIS-1', '914565', 'AABIS'], ['A...', 'AABIS'], ['AABIS-4', '914568', 'AABIS'], ['AABIS-5', '914569', 'AABIS'], ['AABIS-6', '914570', 'AABIS'], ...], ...}
jira_screen_shots = None

    def test_1_selenium_zscale_view_test_case_in_issue_view(jira_webdriver, jira_datasets, jira_screen_shots):
>       extension_ui.zscale_view_test_case_in_issue_view(jira_webdriver, jira_datasets)

selenium_ui/jira_ui.py:67: 
_ _ _ _ _ _ _ _ _ _ _ _ _ _ _ _ _ _ _ _ _ _ _ _ _ _ _ _ _ _ _ _ _ _ _ _ _ _ _ _ 

webdriver = <selenium.webdriver.chrome.webdriver.WebDriver (session="cd23560879c09253cda3102213f36dda")>
datasets = {'custom_issues': [], 'issue_id': '207032', 'issue_key': 'AAFAIA-1524', 'issues': [['AABIS-1', '914565', 'AABIS'], ['A...', 'AABIS'], ['AABIS-4', '914568', 'AABIS'], ['AABIS-5', '914569', 'AABIS'], ['AABIS-6', '914570', 'AABIS'], ...], ...}

    def zscale_view_test_case_in_issue_view(webdriver, datasets):
        page = BasePage(webdriver)
>       issue_key = datasets['custom_issue_key']
    
        @print_timing("zephyr_scale_view_test_case_in_issue_view")
E       KeyError: 'custom_issue_key'

extension/jira/extension_ui.py:47: KeyError
04-27-2022, 11:15:11, 1651058111061, Action: test_1_selenium_zscale_view_test_cycle_in_issue_view, Error: jira_webdriver = <selenium.webdriver.chrome.webdriver.WebDriver (session="cd23560879c09253cda3102213f36dda")>
jira_datasets = {'custom_issues': [], 'issue_id': '207032', 'issue_key': 'AAFAIA-1524', 'issues': [['AABIS-1', '914565', 'AABIS'], ['A...', 'AABIS'], ['AABIS-4', '914568', 'AABIS'], ['AABIS-5', '914569', 'AABIS'], ['AABIS-6', '914570', 'AABIS'], ...], ...}
jira_screen_shots = None

    def test_1_selenium_zscale_view_test_cycle_in_issue_view(jira_webdriver, jira_datasets, jira_screen_shots):
>       extension_ui.zscale_view_test_cycle_in_issue_view(jira_webdriver, jira_datasets)

selenium_ui/jira_ui.py:70: 
_ _ _ _ _ _ _ _ _ _ _ _ _ _ _ _ _ _ _ _ _ _ _ _ _ _ _ _ _ _ _ _ _ _ _ _ _ _ _ _ 

webdriver = <selenium.webdriver.chrome.webdriver.WebDriver (session="cd23560879c09253cda3102213f36dda")>
datasets = {'custom_issues': [], 'issue_id': '207032', 'issue_key': 'AAFAIA-1524', 'issues': [['AABIS-1', '914565', 'AABIS'], ['A...', 'AABIS'], ['AABIS-4', '914568', 'AABIS'], ['AABIS-5', '914569', 'AABIS'], ['AABIS-6', '914570', 'AABIS'], ...], ...}

    def zscale_view_test_cycle_in_issue_view(webdriver, datasets):
        page = BasePage(webdriver)
>       issue_key = datasets['custom_issue_key']
    
        @print_timing("zephyr_scale_view_test_cycle_in_issue_view")
E       KeyError: 'custom_issue_key'

extension/jira/extension_ui.py:58: KeyError
04-27-2022, 11:15:11, 1651058111586, Action: test_1_selenium_zscale_view_test_plan_in_issue_view, Error: jira_webdriver = <selenium.webdriver.chrome.webdriver.WebDriver (session="cd23560879c09253cda3102213f36dda")>
jira_datasets = {'custom_issues': [], 'issue_id': '207032', 'issue_key': 'AAFAIA-1524', 'issues': [['AABIS-1', '914565', 'AABIS'], ['A...', 'AABIS'], ['AABIS-4', '914568', 'AABIS'], ['AABIS-5', '914569', 'AABIS'], ['AABIS-6', '914570', 'AABIS'], ...], ...}
jira_screen_shots = None

    def test_1_selenium_zscale_view_test_plan_in_issue_view(jira_webdriver, jira_datasets, jira_screen_shots):
>       extension_ui.zscale_view_test_plan_in_issue_view(jira_webdriver, jira_datasets)

selenium_ui/jira_ui.py:73: 
_ _ _ _ _ _ _ _ _ _ _ _ _ _ _ _ _ _ _ _ _ _ _ _ _ _ _ _ _ _ _ _ _ _ _ _ _ _ _ _ 

webdriver = <selenium.webdriver.chrome.webdriver.WebDriver (session="cd23560879c09253cda3102213f36dda")>
datasets = {'custom_issues': [], 'issue_id': '207032', 'issue_key': 'AAFAIA-1524', 'issues': [['AABIS-1', '914565', 'AABIS'], ['A...', 'AABIS'], ['AABIS-4', '914568', 'AABIS'], ['AABIS-5', '914569', 'AABIS'], ['AABIS-6', '914570', 'AABIS'], ...], ...}

    def zscale_view_test_plan_in_issue_view(webdriver, datasets):
        page = BasePage(webdriver)
>       issue_key = datasets['custom_issue_key']
    
        @print_timing("zephyr_scale_view_test_plan_in_issue_view")
E       KeyError: 'custom_issue_key'

extension/jira/extension_ui.py:69: KeyError
04-27-2022, 11:15:25, 1651058125068, Action: test_1_selenium_zscale_view_test_case_in_issue_view, Error: jira_webdriver = <selenium.webdriver.chrome.webdriver.WebDriver (session="cd23560879c09253cda3102213f36dda")>
jira_datasets = {'custom_issues': [], 'issue_id': '207262', 'issue_key': 'AAFAIA-1754', 'issues': [['AABIS-1', '914565', 'AABIS'], ['A...', 'AABIS'], ['AABIS-4', '914568', 'AABIS'], ['AABIS-5', '914569', 'AABIS'], ['AABIS-6', '914570', 'AABIS'], ...], ...}
jira_screen_shots = None

    def test_1_selenium_zscale_view_test_case_in_issue_view(jira_webdriver, jira_datasets, jira_screen_shots):
>       extension_ui.zscale_view_test_case_in_issue_view(jira_webdriver, jira_datasets)

selenium_ui/jira_ui.py:67: 
_ _ _ _ _ _ _ _ _ _ _ _ _ _ _ _ _ _ _ _ _ _ _ _ _ _ _ _ _ _ _ _ _ _ _ _ _ _ _ _ 

webdriver = <selenium.webdriver.chrome.webdriver.WebDriver (session="cd23560879c09253cda3102213f36dda")>
datasets = {'custom_issues': [], 'issue_id': '207262', 'issue_key': 'AAFAIA-1754', 'issues': [['AABIS-1', '914565', 'AABIS'], ['A...', 'AABIS'], ['AABIS-4', '914568', 'AABIS'], ['AABIS-5', '914569', 'AABIS'], ['AABIS-6', '914570', 'AABIS'], ...], ...}

    def zscale_view_test_case_in_issue_view(webdriver, datasets):
        page = BasePage(webdriver)
>       issue_key = datasets['custom_issue_key']
    
        @print_timing("zephyr_scale_view_test_case_in_issue_view")
E       KeyError: 'custom_issue_key'

extension/jira/extension_ui.py:47: KeyError
04-27-2022, 11:15:25, 1651058125563, Action: test_1_selenium_zscale_view_test_cycle_in_issue_view, Error: jira_webdriver = <selenium.webdriver.chrome.webdriver.WebDriver (session="cd23560879c09253cda3102213f36dda")>
jira_datasets = {'custom_issues': [], 'issue_id': '207262', 'issue_key': 'AAFAIA-1754', 'issues': [['AABIS-1', '914565', 'AABIS'], ['A...', 'AABIS'], ['AABIS-4', '914568', 'AABIS'], ['AABIS-5', '914569', 'AABIS'], ['AABIS-6', '914570', 'AABIS'], ...], ...}
jira_screen_shots = None

    def test_1_selenium_zscale_view_test_cycle_in_issue_view(jira_webdriver, jira_datasets, jira_screen_shots):
>       extension_ui.zscale_view_test_cycle_in_issue_view(jira_webdriver, jira_datasets)

selenium_ui/jira_ui.py:70: 
_ _ _ _ _ _ _ _ _ _ _ _ _ _ _ _ _ _ _ _ _ _ _ _ _ _ _ _ _ _ _ _ _ _ _ _ _ _ _ _ 

webdriver = <selenium.webdriver.chrome.webdriver.WebDriver (session="cd23560879c09253cda3102213f36dda")>
datasets = {'custom_issues': [], 'issue_id': '207262', 'issue_key': 'AAFAIA-1754', 'issues': [['AABIS-1', '914565', 'AABIS'], ['A...', 'AABIS'], ['AABIS-4', '914568', 'AABIS'], ['AABIS-5', '914569', 'AABIS'], ['AABIS-6', '914570', 'AABIS'], ...], ...}

    def zscale_view_test_cycle_in_issue_view(webdriver, datasets):
        page = BasePage(webdriver)
>       issue_key = datasets['custom_issue_key']
    
        @print_timing("zephyr_scale_view_test_cycle_in_issue_view")
E       KeyError: 'custom_issue_key'

extension/jira/extension_ui.py:58: KeyError
04-27-2022, 11:15:26, 1651058126122, Action: test_1_selenium_zscale_view_test_plan_in_issue_view, Error: jira_webdriver = <selenium.webdriver.chrome.webdriver.WebDriver (session="cd23560879c09253cda3102213f36dda")>
jira_datasets = {'custom_issues': [], 'issue_id': '207262', 'issue_key': 'AAFAIA-1754', 'issues': [['AABIS-1', '914565', 'AABIS'], ['A...', 'AABIS'], ['AABIS-4', '914568', 'AABIS'], ['AABIS-5', '914569', 'AABIS'], ['AABIS-6', '914570', 'AABIS'], ...], ...}
jira_screen_shots = None

    def test_1_selenium_zscale_view_test_plan_in_issue_view(jira_webdriver, jira_datasets, jira_screen_shots):
>       extension_ui.zscale_view_test_plan_in_issue_view(jira_webdriver, jira_datasets)

selenium_ui/jira_ui.py:73: 
_ _ _ _ _ _ _ _ _ _ _ _ _ _ _ _ _ _ _ _ _ _ _ _ _ _ _ _ _ _ _ _ _ _ _ _ _ _ _ _ 

webdriver = <selenium.webdriver.chrome.webdriver.WebDriver (session="cd23560879c09253cda3102213f36dda")>
datasets = {'custom_issues': [], 'issue_id': '207262', 'issue_key': 'AAFAIA-1754', 'issues': [['AABIS-1', '914565', 'AABIS'], ['A...', 'AABIS'], ['AABIS-4', '914568', 'AABIS'], ['AABIS-5', '914569', 'AABIS'], ['AABIS-6', '914570', 'AABIS'], ...], ...}

    def zscale_view_test_plan_in_issue_view(webdriver, datasets):
        page = BasePage(webdriver)
>       issue_key = datasets['custom_issue_key']
    
        @print_timing("zephyr_scale_view_test_plan_in_issue_view")
E       KeyError: 'custom_issue_key'

extension/jira/extension_ui.py:69: KeyError
04-27-2022, 11:15:40, 1651058140656, Action: test_1_selenium_zscale_view_test_case_in_issue_view, Error: jira_webdriver = <selenium.webdriver.chrome.webdriver.WebDriver (session="cd23560879c09253cda3102213f36dda")>
jira_datasets = {'custom_issues': [], 'issue_id': '210331', 'issue_key': 'AAFAIA-4823', 'issues': [['AABIS-1', '914565', 'AABIS'], ['A...', 'AABIS'], ['AABIS-4', '914568', 'AABIS'], ['AABIS-5', '914569', 'AABIS'], ['AABIS-6', '914570', 'AABIS'], ...], ...}
jira_screen_shots = None

    def test_1_selenium_zscale_view_test_case_in_issue_view(jira_webdriver, jira_datasets, jira_screen_shots):
>       extension_ui.zscale_view_test_case_in_issue_view(jira_webdriver, jira_datasets)

selenium_ui/jira_ui.py:67: 
_ _ _ _ _ _ _ _ _ _ _ _ _ _ _ _ _ _ _ _ _ _ _ _ _ _ _ _ _ _ _ _ _ _ _ _ _ _ _ _ 

webdriver = <selenium.webdriver.chrome.webdriver.WebDriver (session="cd23560879c09253cda3102213f36dda")>
datasets = {'custom_issues': [], 'issue_id': '210331', 'issue_key': 'AAFAIA-4823', 'issues': [['AABIS-1', '914565', 'AABIS'], ['A...', 'AABIS'], ['AABIS-4', '914568', 'AABIS'], ['AABIS-5', '914569', 'AABIS'], ['AABIS-6', '914570', 'AABIS'], ...], ...}

    def zscale_view_test_case_in_issue_view(webdriver, datasets):
        page = BasePage(webdriver)
>       issue_key = datasets['custom_issue_key']
    
        @print_timing("zephyr_scale_view_test_case_in_issue_view")
E       KeyError: 'custom_issue_key'

extension/jira/extension_ui.py:47: KeyError
04-27-2022, 11:15:41, 1651058141180, Action: test_1_selenium_zscale_view_test_cycle_in_issue_view, Error: jira_webdriver = <selenium.webdriver.chrome.webdriver.WebDriver (session="cd23560879c09253cda3102213f36dda")>
jira_datasets = {'custom_issues': [], 'issue_id': '210331', 'issue_key': 'AAFAIA-4823', 'issues': [['AABIS-1', '914565', 'AABIS'], ['A...', 'AABIS'], ['AABIS-4', '914568', 'AABIS'], ['AABIS-5', '914569', 'AABIS'], ['AABIS-6', '914570', 'AABIS'], ...], ...}
jira_screen_shots = None

    def test_1_selenium_zscale_view_test_cycle_in_issue_view(jira_webdriver, jira_datasets, jira_screen_shots):
>       extension_ui.zscale_view_test_cycle_in_issue_view(jira_webdriver, jira_datasets)

selenium_ui/jira_ui.py:70: 
_ _ _ _ _ _ _ _ _ _ _ _ _ _ _ _ _ _ _ _ _ _ _ _ _ _ _ _ _ _ _ _ _ _ _ _ _ _ _ _ 

webdriver = <selenium.webdriver.chrome.webdriver.WebDriver (session="cd23560879c09253cda3102213f36dda")>
datasets = {'custom_issues': [], 'issue_id': '210331', 'issue_key': 'AAFAIA-4823', 'issues': [['AABIS-1', '914565', 'AABIS'], ['A...', 'AABIS'], ['AABIS-4', '914568', 'AABIS'], ['AABIS-5', '914569', 'AABIS'], ['AABIS-6', '914570', 'AABIS'], ...], ...}

    def zscale_view_test_cycle_in_issue_view(webdriver, datasets):
        page = BasePage(webdriver)
>       issue_key = datasets['custom_issue_key']
    
        @print_timing("zephyr_scale_view_test_cycle_in_issue_view")
E       KeyError: 'custom_issue_key'

extension/jira/extension_ui.py:58: KeyError
04-27-2022, 11:15:41, 1651058141724, Action: test_1_selenium_zscale_view_test_plan_in_issue_view, Error: jira_webdriver = <selenium.webdriver.chrome.webdriver.WebDriver (session="cd23560879c09253cda3102213f36dda")>
jira_datasets = {'custom_issues': [], 'issue_id': '210331', 'issue_key': 'AAFAIA-4823', 'issues': [['AABIS-1', '914565', 'AABIS'], ['A...', 'AABIS'], ['AABIS-4', '914568', 'AABIS'], ['AABIS-5', '914569', 'AABIS'], ['AABIS-6', '914570', 'AABIS'], ...], ...}
jira_screen_shots = None

    def test_1_selenium_zscale_view_test_plan_in_issue_view(jira_webdriver, jira_datasets, jira_screen_shots):
>       extension_ui.zscale_view_test_plan_in_issue_view(jira_webdriver, jira_datasets)

selenium_ui/jira_ui.py:73: 
_ _ _ _ _ _ _ _ _ _ _ _ _ _ _ _ _ _ _ _ _ _ _ _ _ _ _ _ _ _ _ _ _ _ _ _ _ _ _ _ 

webdriver = <selenium.webdriver.chrome.webdriver.WebDriver (session="cd23560879c09253cda3102213f36dda")>
datasets = {'custom_issues': [], 'issue_id': '210331', 'issue_key': 'AAFAIA-4823', 'issues': [['AABIS-1', '914565', 'AABIS'], ['A...', 'AABIS'], ['AABIS-4', '914568', 'AABIS'], ['AABIS-5', '914569', 'AABIS'], ['AABIS-6', '914570', 'AABIS'], ...], ...}

    def zscale_view_test_plan_in_issue_view(webdriver, datasets):
        page = BasePage(webdriver)
>       issue_key = datasets['custom_issue_key']
    
        @print_timing("zephyr_scale_view_test_plan_in_issue_view")
E       KeyError: 'custom_issue_key'

extension/jira/extension_ui.py:69: KeyError
04-27-2022, 11:15:55, 1651058155847, Action: test_1_selenium_zscale_view_test_case_in_issue_view, Error: jira_webdriver = <selenium.webdriver.chrome.webdriver.WebDriver (session="cd23560879c09253cda3102213f36dda")>
jira_datasets = {'custom_issues': [], 'issue_id': '205849', 'issue_key': 'AAFAIA-341', 'issues': [['AABIS-1', '914565', 'AABIS'], ['AA...', 'AABIS'], ['AABIS-4', '914568', 'AABIS'], ['AABIS-5', '914569', 'AABIS'], ['AABIS-6', '914570', 'AABIS'], ...], ...}
jira_screen_shots = None

    def test_1_selenium_zscale_view_test_case_in_issue_view(jira_webdriver, jira_datasets, jira_screen_shots):
>       extension_ui.zscale_view_test_case_in_issue_view(jira_webdriver, jira_datasets)

selenium_ui/jira_ui.py:67: 
_ _ _ _ _ _ _ _ _ _ _ _ _ _ _ _ _ _ _ _ _ _ _ _ _ _ _ _ _ _ _ _ _ _ _ _ _ _ _ _ 

webdriver = <selenium.webdriver.chrome.webdriver.WebDriver (session="cd23560879c09253cda3102213f36dda")>
datasets = {'custom_issues': [], 'issue_id': '205849', 'issue_key': 'AAFAIA-341', 'issues': [['AABIS-1', '914565', 'AABIS'], ['AA...', 'AABIS'], ['AABIS-4', '914568', 'AABIS'], ['AABIS-5', '914569', 'AABIS'], ['AABIS-6', '914570', 'AABIS'], ...], ...}

    def zscale_view_test_case_in_issue_view(webdriver, datasets):
        page = BasePage(webdriver)
>       issue_key = datasets['custom_issue_key']
    
        @print_timing("zephyr_scale_view_test_case_in_issue_view")
E       KeyError: 'custom_issue_key'

extension/jira/extension_ui.py:47: KeyError
04-27-2022, 11:15:56, 1651058156352, Action: test_1_selenium_zscale_view_test_cycle_in_issue_view, Error: jira_webdriver = <selenium.webdriver.chrome.webdriver.WebDriver (session="cd23560879c09253cda3102213f36dda")>
jira_datasets = {'custom_issues': [], 'issue_id': '205849', 'issue_key': 'AAFAIA-341', 'issues': [['AABIS-1', '914565', 'AABIS'], ['AA...', 'AABIS'], ['AABIS-4', '914568', 'AABIS'], ['AABIS-5', '914569', 'AABIS'], ['AABIS-6', '914570', 'AABIS'], ...], ...}
jira_screen_shots = None

    def test_1_selenium_zscale_view_test_cycle_in_issue_view(jira_webdriver, jira_datasets, jira_screen_shots):
>       extension_ui.zscale_view_test_cycle_in_issue_view(jira_webdriver, jira_datasets)

selenium_ui/jira_ui.py:70: 
_ _ _ _ _ _ _ _ _ _ _ _ _ _ _ _ _ _ _ _ _ _ _ _ _ _ _ _ _ _ _ _ _ _ _ _ _ _ _ _ 

webdriver = <selenium.webdriver.chrome.webdriver.WebDriver (session="cd23560879c09253cda3102213f36dda")>
datasets = {'custom_issues': [], 'issue_id': '205849', 'issue_key': 'AAFAIA-341', 'issues': [['AABIS-1', '914565', 'AABIS'], ['AA...', 'AABIS'], ['AABIS-4', '914568', 'AABIS'], ['AABIS-5', '914569', 'AABIS'], ['AABIS-6', '914570', 'AABIS'], ...], ...}

    def zscale_view_test_cycle_in_issue_view(webdriver, datasets):
        page = BasePage(webdriver)
>       issue_key = datasets['custom_issue_key']
    
        @print_timing("zephyr_scale_view_test_cycle_in_issue_view")
E       KeyError: 'custom_issue_key'

extension/jira/extension_ui.py:58: KeyError
04-27-2022, 11:15:56, 1651058156880, Action: test_1_selenium_zscale_view_test_plan_in_issue_view, Error: jira_webdriver = <selenium.webdriver.chrome.webdriver.WebDriver (session="cd23560879c09253cda3102213f36dda")>
jira_datasets = {'custom_issues': [], 'issue_id': '205849', 'issue_key': 'AAFAIA-341', 'issues': [['AABIS-1', '914565', 'AABIS'], ['AA...', 'AABIS'], ['AABIS-4', '914568', 'AABIS'], ['AABIS-5', '914569', 'AABIS'], ['AABIS-6', '914570', 'AABIS'], ...], ...}
jira_screen_shots = None

    def test_1_selenium_zscale_view_test_plan_in_issue_view(jira_webdriver, jira_datasets, jira_screen_shots):
>       extension_ui.zscale_view_test_plan_in_issue_view(jira_webdriver, jira_datasets)

selenium_ui/jira_ui.py:73: 
_ _ _ _ _ _ _ _ _ _ _ _ _ _ _ _ _ _ _ _ _ _ _ _ _ _ _ _ _ _ _ _ _ _ _ _ _ _ _ _ 

webdriver = <selenium.webdriver.chrome.webdriver.WebDriver (session="cd23560879c09253cda3102213f36dda")>
datasets = {'custom_issues': [], 'issue_id': '205849', 'issue_key': 'AAFAIA-341', 'issues': [['AABIS-1', '914565', 'AABIS'], ['AA...', 'AABIS'], ['AABIS-4', '914568', 'AABIS'], ['AABIS-5', '914569', 'AABIS'], ['AABIS-6', '914570', 'AABIS'], ...], ...}

    def zscale_view_test_plan_in_issue_view(webdriver, datasets):
        page = BasePage(webdriver)
>       issue_key = datasets['custom_issue_key']
    
        @print_timing("zephyr_scale_view_test_plan_in_issue_view")
E       KeyError: 'custom_issue_key'

extension/jira/extension_ui.py:69: KeyError
04-27-2022, 11:16:11, 1651058171290, Action: test_1_selenium_zscale_view_test_case_in_issue_view, Error: jira_webdriver = <selenium.webdriver.chrome.webdriver.WebDriver (session="cd23560879c09253cda3102213f36dda")>
jira_datasets = {'custom_issues': [], 'issue_id': '210433', 'issue_key': 'AAFAIA-4925', 'issues': [['AABIS-1', '914565', 'AABIS'], ['A...', 'AABIS'], ['AABIS-4', '914568', 'AABIS'], ['AABIS-5', '914569', 'AABIS'], ['AABIS-6', '914570', 'AABIS'], ...], ...}
jira_screen_shots = None

    def test_1_selenium_zscale_view_test_case_in_issue_view(jira_webdriver, jira_datasets, jira_screen_shots):
>       extension_ui.zscale_view_test_case_in_issue_view(jira_webdriver, jira_datasets)

selenium_ui/jira_ui.py:67: 
_ _ _ _ _ _ _ _ _ _ _ _ _ _ _ _ _ _ _ _ _ _ _ _ _ _ _ _ _ _ _ _ _ _ _ _ _ _ _ _ 

webdriver = <selenium.webdriver.chrome.webdriver.WebDriver (session="cd23560879c09253cda3102213f36dda")>
datasets = {'custom_issues': [], 'issue_id': '210433', 'issue_key': 'AAFAIA-4925', 'issues': [['AABIS-1', '914565', 'AABIS'], ['A...', 'AABIS'], ['AABIS-4', '914568', 'AABIS'], ['AABIS-5', '914569', 'AABIS'], ['AABIS-6', '914570', 'AABIS'], ...], ...}

    def zscale_view_test_case_in_issue_view(webdriver, datasets):
        page = BasePage(webdriver)
>       issue_key = datasets['custom_issue_key']
    
        @print_timing("zephyr_scale_view_test_case_in_issue_view")
E       KeyError: 'custom_issue_key'

extension/jira/extension_ui.py:47: KeyError
04-27-2022, 11:16:11, 1651058171792, Action: test_1_selenium_zscale_view_test_cycle_in_issue_view, Error: jira_webdriver = <selenium.webdriver.chrome.webdriver.WebDriver (session="cd23560879c09253cda3102213f36dda")>
jira_datasets = {'custom_issues': [], 'issue_id': '210433', 'issue_key': 'AAFAIA-4925', 'issues': [['AABIS-1', '914565', 'AABIS'], ['A...', 'AABIS'], ['AABIS-4', '914568', 'AABIS'], ['AABIS-5', '914569', 'AABIS'], ['AABIS-6', '914570', 'AABIS'], ...], ...}
jira_screen_shots = None

    def test_1_selenium_zscale_view_test_cycle_in_issue_view(jira_webdriver, jira_datasets, jira_screen_shots):
>       extension_ui.zscale_view_test_cycle_in_issue_view(jira_webdriver, jira_datasets)

selenium_ui/jira_ui.py:70: 
_ _ _ _ _ _ _ _ _ _ _ _ _ _ _ _ _ _ _ _ _ _ _ _ _ _ _ _ _ _ _ _ _ _ _ _ _ _ _ _ 

webdriver = <selenium.webdriver.chrome.webdriver.WebDriver (session="cd23560879c09253cda3102213f36dda")>
datasets = {'custom_issues': [], 'issue_id': '210433', 'issue_key': 'AAFAIA-4925', 'issues': [['AABIS-1', '914565', 'AABIS'], ['A...', 'AABIS'], ['AABIS-4', '914568', 'AABIS'], ['AABIS-5', '914569', 'AABIS'], ['AABIS-6', '914570', 'AABIS'], ...], ...}

    def zscale_view_test_cycle_in_issue_view(webdriver, datasets):
        page = BasePage(webdriver)
>       issue_key = datasets['custom_issue_key']
    
        @print_timing("zephyr_scale_view_test_cycle_in_issue_view")
E       KeyError: 'custom_issue_key'

extension/jira/extension_ui.py:58: KeyError
04-27-2022, 11:16:12, 1651058172335, Action: test_1_selenium_zscale_view_test_plan_in_issue_view, Error: jira_webdriver = <selenium.webdriver.chrome.webdriver.WebDriver (session="cd23560879c09253cda3102213f36dda")>
jira_datasets = {'custom_issues': [], 'issue_id': '210433', 'issue_key': 'AAFAIA-4925', 'issues': [['AABIS-1', '914565', 'AABIS'], ['A...', 'AABIS'], ['AABIS-4', '914568', 'AABIS'], ['AABIS-5', '914569', 'AABIS'], ['AABIS-6', '914570', 'AABIS'], ...], ...}
jira_screen_shots = None

    def test_1_selenium_zscale_view_test_plan_in_issue_view(jira_webdriver, jira_datasets, jira_screen_shots):
>       extension_ui.zscale_view_test_plan_in_issue_view(jira_webdriver, jira_datasets)

selenium_ui/jira_ui.py:73: 
_ _ _ _ _ _ _ _ _ _ _ _ _ _ _ _ _ _ _ _ _ _ _ _ _ _ _ _ _ _ _ _ _ _ _ _ _ _ _ _ 

webdriver = <selenium.webdriver.chrome.webdriver.WebDriver (session="cd23560879c09253cda3102213f36dda")>
datasets = {'custom_issues': [], 'issue_id': '210433', 'issue_key': 'AAFAIA-4925', 'issues': [['AABIS-1', '914565', 'AABIS'], ['A...', 'AABIS'], ['AABIS-4', '914568', 'AABIS'], ['AABIS-5', '914569', 'AABIS'], ['AABIS-6', '914570', 'AABIS'], ...], ...}

    def zscale_view_test_plan_in_issue_view(webdriver, datasets):
        page = BasePage(webdriver)
>       issue_key = datasets['custom_issue_key']
    
        @print_timing("zephyr_scale_view_test_plan_in_issue_view")
E       KeyError: 'custom_issue_key'

extension/jira/extension_ui.py:69: KeyError
04-27-2022, 11:16:26, 1651058186689, Action: test_1_selenium_zscale_view_test_case_in_issue_view, Error: jira_webdriver = <selenium.webdriver.chrome.webdriver.WebDriver (session="cd23560879c09253cda3102213f36dda")>
jira_datasets = {'custom_issues': [], 'issue_id': '208887', 'issue_key': 'AAFAIA-3379', 'issues': [['AABIS-1', '914565', 'AABIS'], ['A...', 'AABIS'], ['AABIS-4', '914568', 'AABIS'], ['AABIS-5', '914569', 'AABIS'], ['AABIS-6', '914570', 'AABIS'], ...], ...}
jira_screen_shots = None

    def test_1_selenium_zscale_view_test_case_in_issue_view(jira_webdriver, jira_datasets, jira_screen_shots):
>       extension_ui.zscale_view_test_case_in_issue_view(jira_webdriver, jira_datasets)

selenium_ui/jira_ui.py:67: 
_ _ _ _ _ _ _ _ _ _ _ _ _ _ _ _ _ _ _ _ _ _ _ _ _ _ _ _ _ _ _ _ _ _ _ _ _ _ _ _ 

webdriver = <selenium.webdriver.chrome.webdriver.WebDriver (session="cd23560879c09253cda3102213f36dda")>
datasets = {'custom_issues': [], 'issue_id': '208887', 'issue_key': 'AAFAIA-3379', 'issues': [['AABIS-1', '914565', 'AABIS'], ['A...', 'AABIS'], ['AABIS-4', '914568', 'AABIS'], ['AABIS-5', '914569', 'AABIS'], ['AABIS-6', '914570', 'AABIS'], ...], ...}

    def zscale_view_test_case_in_issue_view(webdriver, datasets):
        page = BasePage(webdriver)
>       issue_key = datasets['custom_issue_key']
    
        @print_timing("zephyr_scale_view_test_case_in_issue_view")
E       KeyError: 'custom_issue_key'

extension/jira/extension_ui.py:47: KeyError
04-27-2022, 11:16:27, 1651058187184, Action: test_1_selenium_zscale_view_test_cycle_in_issue_view, Error: jira_webdriver = <selenium.webdriver.chrome.webdriver.WebDriver (session="cd23560879c09253cda3102213f36dda")>
jira_datasets = {'custom_issues': [], 'issue_id': '208887', 'issue_key': 'AAFAIA-3379', 'issues': [['AABIS-1', '914565', 'AABIS'], ['A...', 'AABIS'], ['AABIS-4', '914568', 'AABIS'], ['AABIS-5', '914569', 'AABIS'], ['AABIS-6', '914570', 'AABIS'], ...], ...}
jira_screen_shots = None

    def test_1_selenium_zscale_view_test_cycle_in_issue_view(jira_webdriver, jira_datasets, jira_screen_shots):
>       extension_ui.zscale_view_test_cycle_in_issue_view(jira_webdriver, jira_datasets)

selenium_ui/jira_ui.py:70: 
_ _ _ _ _ _ _ _ _ _ _ _ _ _ _ _ _ _ _ _ _ _ _ _ _ _ _ _ _ _ _ _ _ _ _ _ _ _ _ _ 

webdriver = <selenium.webdriver.chrome.webdriver.WebDriver (session="cd23560879c09253cda3102213f36dda")>
datasets = {'custom_issues': [], 'issue_id': '208887', 'issue_key': 'AAFAIA-3379', 'issues': [['AABIS-1', '914565', 'AABIS'], ['A...', 'AABIS'], ['AABIS-4', '914568', 'AABIS'], ['AABIS-5', '914569', 'AABIS'], ['AABIS-6', '914570', 'AABIS'], ...], ...}

    def zscale_view_test_cycle_in_issue_view(webdriver, datasets):
        page = BasePage(webdriver)
>       issue_key = datasets['custom_issue_key']
    
        @print_timing("zephyr_scale_view_test_cycle_in_issue_view")
E       KeyError: 'custom_issue_key'

extension/jira/extension_ui.py:58: KeyError
04-27-2022, 11:16:27, 1651058187785, Action: test_1_selenium_zscale_view_test_plan_in_issue_view, Error: jira_webdriver = <selenium.webdriver.chrome.webdriver.WebDriver (session="cd23560879c09253cda3102213f36dda")>
jira_datasets = {'custom_issues': [], 'issue_id': '208887', 'issue_key': 'AAFAIA-3379', 'issues': [['AABIS-1', '914565', 'AABIS'], ['A...', 'AABIS'], ['AABIS-4', '914568', 'AABIS'], ['AABIS-5', '914569', 'AABIS'], ['AABIS-6', '914570', 'AABIS'], ...], ...}
jira_screen_shots = None

    def test_1_selenium_zscale_view_test_plan_in_issue_view(jira_webdriver, jira_datasets, jira_screen_shots):
>       extension_ui.zscale_view_test_plan_in_issue_view(jira_webdriver, jira_datasets)

selenium_ui/jira_ui.py:73: 
_ _ _ _ _ _ _ _ _ _ _ _ _ _ _ _ _ _ _ _ _ _ _ _ _ _ _ _ _ _ _ _ _ _ _ _ _ _ _ _ 

webdriver = <selenium.webdriver.chrome.webdriver.WebDriver (session="cd23560879c09253cda3102213f36dda")>
datasets = {'custom_issues': [], 'issue_id': '208887', 'issue_key': 'AAFAIA-3379', 'issues': [['AABIS-1', '914565', 'AABIS'], ['A...', 'AABIS'], ['AABIS-4', '914568', 'AABIS'], ['AABIS-5', '914569', 'AABIS'], ['AABIS-6', '914570', 'AABIS'], ...], ...}

    def zscale_view_test_plan_in_issue_view(webdriver, datasets):
        page = BasePage(webdriver)
>       issue_key = datasets['custom_issue_key']
    
        @print_timing("zephyr_scale_view_test_plan_in_issue_view")
E       KeyError: 'custom_issue_key'

extension/jira/extension_ui.py:69: KeyError
04-27-2022, 11:16:42, 1651058202603, Action: test_1_selenium_zscale_view_test_case_in_issue_view, Error: jira_webdriver = <selenium.webdriver.chrome.webdriver.WebDriver (session="cd23560879c09253cda3102213f36dda")>
jira_datasets = {'custom_issues': [], 'issue_id': '208212', 'issue_key': 'AAFAIA-2704', 'issues': [['AABIS-1', '914565', 'AABIS'], ['A...', 'AABIS'], ['AABIS-4', '914568', 'AABIS'], ['AABIS-5', '914569', 'AABIS'], ['AABIS-6', '914570', 'AABIS'], ...], ...}
jira_screen_shots = None

    def test_1_selenium_zscale_view_test_case_in_issue_view(jira_webdriver, jira_datasets, jira_screen_shots):
>       extension_ui.zscale_view_test_case_in_issue_view(jira_webdriver, jira_datasets)

selenium_ui/jira_ui.py:67: 
_ _ _ _ _ _ _ _ _ _ _ _ _ _ _ _ _ _ _ _ _ _ _ _ _ _ _ _ _ _ _ _ _ _ _ _ _ _ _ _ 

webdriver = <selenium.webdriver.chrome.webdriver.WebDriver (session="cd23560879c09253cda3102213f36dda")>
datasets = {'custom_issues': [], 'issue_id': '208212', 'issue_key': 'AAFAIA-2704', 'issues': [['AABIS-1', '914565', 'AABIS'], ['A...', 'AABIS'], ['AABIS-4', '914568', 'AABIS'], ['AABIS-5', '914569', 'AABIS'], ['AABIS-6', '914570', 'AABIS'], ...], ...}

    def zscale_view_test_case_in_issue_view(webdriver, datasets):
        page = BasePage(webdriver)
>       issue_key = datasets['custom_issue_key']
    
        @print_timing("zephyr_scale_view_test_case_in_issue_view")
E       KeyError: 'custom_issue_key'

extension/jira/extension_ui.py:47: KeyError
04-27-2022, 11:16:43, 1651058203112, Action: test_1_selenium_zscale_view_test_cycle_in_issue_view, Error: jira_webdriver = <selenium.webdriver.chrome.webdriver.WebDriver (session="cd23560879c09253cda3102213f36dda")>
jira_datasets = {'custom_issues': [], 'issue_id': '208212', 'issue_key': 'AAFAIA-2704', 'issues': [['AABIS-1', '914565', 'AABIS'], ['A...', 'AABIS'], ['AABIS-4', '914568', 'AABIS'], ['AABIS-5', '914569', 'AABIS'], ['AABIS-6', '914570', 'AABIS'], ...], ...}
jira_screen_shots = None

    def test_1_selenium_zscale_view_test_cycle_in_issue_view(jira_webdriver, jira_datasets, jira_screen_shots):
>       extension_ui.zscale_view_test_cycle_in_issue_view(jira_webdriver, jira_datasets)

selenium_ui/jira_ui.py:70: 
_ _ _ _ _ _ _ _ _ _ _ _ _ _ _ _ _ _ _ _ _ _ _ _ _ _ _ _ _ _ _ _ _ _ _ _ _ _ _ _ 

webdriver = <selenium.webdriver.chrome.webdriver.WebDriver (session="cd23560879c09253cda3102213f36dda")>
datasets = {'custom_issues': [], 'issue_id': '208212', 'issue_key': 'AAFAIA-2704', 'issues': [['AABIS-1', '914565', 'AABIS'], ['A...', 'AABIS'], ['AABIS-4', '914568', 'AABIS'], ['AABIS-5', '914569', 'AABIS'], ['AABIS-6', '914570', 'AABIS'], ...], ...}

    def zscale_view_test_cycle_in_issue_view(webdriver, datasets):
        page = BasePage(webdriver)
>       issue_key = datasets['custom_issue_key']
    
        @print_timing("zephyr_scale_view_test_cycle_in_issue_view")
E       KeyError: 'custom_issue_key'

extension/jira/extension_ui.py:58: KeyError
04-27-2022, 11:16:43, 1651058203770, Action: test_1_selenium_zscale_view_test_plan_in_issue_view, Error: jira_webdriver = <selenium.webdriver.chrome.webdriver.WebDriver (session="cd23560879c09253cda3102213f36dda")>
jira_datasets = {'custom_issues': [], 'issue_id': '208212', 'issue_key': 'AAFAIA-2704', 'issues': [['AABIS-1', '914565', 'AABIS'], ['A...', 'AABIS'], ['AABIS-4', '914568', 'AABIS'], ['AABIS-5', '914569', 'AABIS'], ['AABIS-6', '914570', 'AABIS'], ...], ...}
jira_screen_shots = None

    def test_1_selenium_zscale_view_test_plan_in_issue_view(jira_webdriver, jira_datasets, jira_screen_shots):
>       extension_ui.zscale_view_test_plan_in_issue_view(jira_webdriver, jira_datasets)

selenium_ui/jira_ui.py:73: 
_ _ _ _ _ _ _ _ _ _ _ _ _ _ _ _ _ _ _ _ _ _ _ _ _ _ _ _ _ _ _ _ _ _ _ _ _ _ _ _ 

webdriver = <selenium.webdriver.chrome.webdriver.WebDriver (session="cd23560879c09253cda3102213f36dda")>
datasets = {'custom_issues': [], 'issue_id': '208212', 'issue_key': 'AAFAIA-2704', 'issues': [['AABIS-1', '914565', 'AABIS'], ['A...', 'AABIS'], ['AABIS-4', '914568', 'AABIS'], ['AABIS-5', '914569', 'AABIS'], ['AABIS-6', '914570', 'AABIS'], ...], ...}

    def zscale_view_test_plan_in_issue_view(webdriver, datasets):
        page = BasePage(webdriver)
>       issue_key = datasets['custom_issue_key']
    
        @print_timing("zephyr_scale_view_test_plan_in_issue_view")
E       KeyError: 'custom_issue_key'

extension/jira/extension_ui.py:69: KeyError
04-27-2022, 11:16:57, 1651058217708, Action: test_1_selenium_zscale_view_test_case_in_issue_view, Error: jira_webdriver = <selenium.webdriver.chrome.webdriver.WebDriver (session="cd23560879c09253cda3102213f36dda")>
jira_datasets = {'custom_issues': [], 'issue_id': '207746', 'issue_key': 'AAFAIA-2238', 'issues': [['AABIS-1', '914565', 'AABIS'], ['A...', 'AABIS'], ['AABIS-4', '914568', 'AABIS'], ['AABIS-5', '914569', 'AABIS'], ['AABIS-6', '914570', 'AABIS'], ...], ...}
jira_screen_shots = None

    def test_1_selenium_zscale_view_test_case_in_issue_view(jira_webdriver, jira_datasets, jira_screen_shots):
>       extension_ui.zscale_view_test_case_in_issue_view(jira_webdriver, jira_datasets)

selenium_ui/jira_ui.py:67: 
_ _ _ _ _ _ _ _ _ _ _ _ _ _ _ _ _ _ _ _ _ _ _ _ _ _ _ _ _ _ _ _ _ _ _ _ _ _ _ _ 

webdriver = <selenium.webdriver.chrome.webdriver.WebDriver (session="cd23560879c09253cda3102213f36dda")>
datasets = {'custom_issues': [], 'issue_id': '207746', 'issue_key': 'AAFAIA-2238', 'issues': [['AABIS-1', '914565', 'AABIS'], ['A...', 'AABIS'], ['AABIS-4', '914568', 'AABIS'], ['AABIS-5', '914569', 'AABIS'], ['AABIS-6', '914570', 'AABIS'], ...], ...}

    def zscale_view_test_case_in_issue_view(webdriver, datasets):
        page = BasePage(webdriver)
>       issue_key = datasets['custom_issue_key']
    
        @print_timing("zephyr_scale_view_test_case_in_issue_view")
E       KeyError: 'custom_issue_key'

extension/jira/extension_ui.py:47: KeyError
04-27-2022, 11:16:58, 1651058218272, Action: test_1_selenium_zscale_view_test_cycle_in_issue_view, Error: jira_webdriver = <selenium.webdriver.chrome.webdriver.WebDriver (session="cd23560879c09253cda3102213f36dda")>
jira_datasets = {'custom_issues': [], 'issue_id': '207746', 'issue_key': 'AAFAIA-2238', 'issues': [['AABIS-1', '914565', 'AABIS'], ['A...', 'AABIS'], ['AABIS-4', '914568', 'AABIS'], ['AABIS-5', '914569', 'AABIS'], ['AABIS-6', '914570', 'AABIS'], ...], ...}
jira_screen_shots = None

    def test_1_selenium_zscale_view_test_cycle_in_issue_view(jira_webdriver, jira_datasets, jira_screen_shots):
>       extension_ui.zscale_view_test_cycle_in_issue_view(jira_webdriver, jira_datasets)

selenium_ui/jira_ui.py:70: 
_ _ _ _ _ _ _ _ _ _ _ _ _ _ _ _ _ _ _ _ _ _ _ _ _ _ _ _ _ _ _ _ _ _ _ _ _ _ _ _ 

webdriver = <selenium.webdriver.chrome.webdriver.WebDriver (session="cd23560879c09253cda3102213f36dda")>
datasets = {'custom_issues': [], 'issue_id': '207746', 'issue_key': 'AAFAIA-2238', 'issues': [['AABIS-1', '914565', 'AABIS'], ['A...', 'AABIS'], ['AABIS-4', '914568', 'AABIS'], ['AABIS-5', '914569', 'AABIS'], ['AABIS-6', '914570', 'AABIS'], ...], ...}

    def zscale_view_test_cycle_in_issue_view(webdriver, datasets):
        page = BasePage(webdriver)
>       issue_key = datasets['custom_issue_key']
    
        @print_timing("zephyr_scale_view_test_cycle_in_issue_view")
E       KeyError: 'custom_issue_key'

extension/jira/extension_ui.py:58: KeyError
04-27-2022, 11:16:58, 1651058218833, Action: test_1_selenium_zscale_view_test_plan_in_issue_view, Error: jira_webdriver = <selenium.webdriver.chrome.webdriver.WebDriver (session="cd23560879c09253cda3102213f36dda")>
jira_datasets = {'custom_issues': [], 'issue_id': '207746', 'issue_key': 'AAFAIA-2238', 'issues': [['AABIS-1', '914565', 'AABIS'], ['A...', 'AABIS'], ['AABIS-4', '914568', 'AABIS'], ['AABIS-5', '914569', 'AABIS'], ['AABIS-6', '914570', 'AABIS'], ...], ...}
jira_screen_shots = None

    def test_1_selenium_zscale_view_test_plan_in_issue_view(jira_webdriver, jira_datasets, jira_screen_shots):
>       extension_ui.zscale_view_test_plan_in_issue_view(jira_webdriver, jira_datasets)

selenium_ui/jira_ui.py:73: 
_ _ _ _ _ _ _ _ _ _ _ _ _ _ _ _ _ _ _ _ _ _ _ _ _ _ _ _ _ _ _ _ _ _ _ _ _ _ _ _ 

webdriver = <selenium.webdriver.chrome.webdriver.WebDriver (session="cd23560879c09253cda3102213f36dda")>
datasets = {'custom_issues': [], 'issue_id': '207746', 'issue_key': 'AAFAIA-2238', 'issues': [['AABIS-1', '914565', 'AABIS'], ['A...', 'AABIS'], ['AABIS-4', '914568', 'AABIS'], ['AABIS-5', '914569', 'AABIS'], ['AABIS-6', '914570', 'AABIS'], ...], ...}

    def zscale_view_test_plan_in_issue_view(webdriver, datasets):
        page = BasePage(webdriver)
>       issue_key = datasets['custom_issue_key']
    
        @print_timing("zephyr_scale_view_test_plan_in_issue_view")
E       KeyError: 'custom_issue_key'

extension/jira/extension_ui.py:69: KeyError
04-27-2022, 11:17:13, 1651058233062, Action: test_1_selenium_zscale_view_test_case_in_issue_view, Error: jira_webdriver = <selenium.webdriver.chrome.webdriver.WebDriver (session="cd23560879c09253cda3102213f36dda")>
jira_datasets = {'custom_issues': [], 'issue_id': '206355', 'issue_key': 'AAFAIA-847', 'issues': [['AABIS-1', '914565', 'AABIS'], ['AA...', 'AABIS'], ['AABIS-4', '914568', 'AABIS'], ['AABIS-5', '914569', 'AABIS'], ['AABIS-6', '914570', 'AABIS'], ...], ...}
jira_screen_shots = None

    def test_1_selenium_zscale_view_test_case_in_issue_view(jira_webdriver, jira_datasets, jira_screen_shots):
>       extension_ui.zscale_view_test_case_in_issue_view(jira_webdriver, jira_datasets)

selenium_ui/jira_ui.py:67: 
_ _ _ _ _ _ _ _ _ _ _ _ _ _ _ _ _ _ _ _ _ _ _ _ _ _ _ _ _ _ _ _ _ _ _ _ _ _ _ _ 

webdriver = <selenium.webdriver.chrome.webdriver.WebDriver (session="cd23560879c09253cda3102213f36dda")>
datasets = {'custom_issues': [], 'issue_id': '206355', 'issue_key': 'AAFAIA-847', 'issues': [['AABIS-1', '914565', 'AABIS'], ['AA...', 'AABIS'], ['AABIS-4', '914568', 'AABIS'], ['AABIS-5', '914569', 'AABIS'], ['AABIS-6', '914570', 'AABIS'], ...], ...}

    def zscale_view_test_case_in_issue_view(webdriver, datasets):
        page = BasePage(webdriver)
>       issue_key = datasets['custom_issue_key']
    
        @print_timing("zephyr_scale_view_test_case_in_issue_view")
E       KeyError: 'custom_issue_key'

extension/jira/extension_ui.py:47: KeyError
04-27-2022, 11:17:13, 1651058233577, Action: test_1_selenium_zscale_view_test_cycle_in_issue_view, Error: jira_webdriver = <selenium.webdriver.chrome.webdriver.WebDriver (session="cd23560879c09253cda3102213f36dda")>
jira_datasets = {'custom_issues': [], 'issue_id': '206355', 'issue_key': 'AAFAIA-847', 'issues': [['AABIS-1', '914565', 'AABIS'], ['AA...', 'AABIS'], ['AABIS-4', '914568', 'AABIS'], ['AABIS-5', '914569', 'AABIS'], ['AABIS-6', '914570', 'AABIS'], ...], ...}
jira_screen_shots = None

    def test_1_selenium_zscale_view_test_cycle_in_issue_view(jira_webdriver, jira_datasets, jira_screen_shots):
>       extension_ui.zscale_view_test_cycle_in_issue_view(jira_webdriver, jira_datasets)

selenium_ui/jira_ui.py:70: 
_ _ _ _ _ _ _ _ _ _ _ _ _ _ _ _ _ _ _ _ _ _ _ _ _ _ _ _ _ _ _ _ _ _ _ _ _ _ _ _ 

webdriver = <selenium.webdriver.chrome.webdriver.WebDriver (session="cd23560879c09253cda3102213f36dda")>
datasets = {'custom_issues': [], 'issue_id': '206355', 'issue_key': 'AAFAIA-847', 'issues': [['AABIS-1', '914565', 'AABIS'], ['AA...', 'AABIS'], ['AABIS-4', '914568', 'AABIS'], ['AABIS-5', '914569', 'AABIS'], ['AABIS-6', '914570', 'AABIS'], ...], ...}

    def zscale_view_test_cycle_in_issue_view(webdriver, datasets):
        page = BasePage(webdriver)
>       issue_key = datasets['custom_issue_key']
    
        @print_timing("zephyr_scale_view_test_cycle_in_issue_view")
E       KeyError: 'custom_issue_key'

extension/jira/extension_ui.py:58: KeyError
04-27-2022, 11:17:14, 1651058234197, Action: test_1_selenium_zscale_view_test_plan_in_issue_view, Error: jira_webdriver = <selenium.webdriver.chrome.webdriver.WebDriver (session="cd23560879c09253cda3102213f36dda")>
jira_datasets = {'custom_issues': [], 'issue_id': '206355', 'issue_key': 'AAFAIA-847', 'issues': [['AABIS-1', '914565', 'AABIS'], ['AA...', 'AABIS'], ['AABIS-4', '914568', 'AABIS'], ['AABIS-5', '914569', 'AABIS'], ['AABIS-6', '914570', 'AABIS'], ...], ...}
jira_screen_shots = None

    def test_1_selenium_zscale_view_test_plan_in_issue_view(jira_webdriver, jira_datasets, jira_screen_shots):
>       extension_ui.zscale_view_test_plan_in_issue_view(jira_webdriver, jira_datasets)

selenium_ui/jira_ui.py:73: 
_ _ _ _ _ _ _ _ _ _ _ _ _ _ _ _ _ _ _ _ _ _ _ _ _ _ _ _ _ _ _ _ _ _ _ _ _ _ _ _ 

webdriver = <selenium.webdriver.chrome.webdriver.WebDriver (session="cd23560879c09253cda3102213f36dda")>
datasets = {'custom_issues': [], 'issue_id': '206355', 'issue_key': 'AAFAIA-847', 'issues': [['AABIS-1', '914565', 'AABIS'], ['AA...', 'AABIS'], ['AABIS-4', '914568', 'AABIS'], ['AABIS-5', '914569', 'AABIS'], ['AABIS-6', '914570', 'AABIS'], ...], ...}

    def zscale_view_test_plan_in_issue_view(webdriver, datasets):
        page = BasePage(webdriver)
>       issue_key = datasets['custom_issue_key']
    
        @print_timing("zephyr_scale_view_test_plan_in_issue_view")
E       KeyError: 'custom_issue_key'

extension/jira/extension_ui.py:69: KeyError
04-27-2022, 11:17:29, 1651058249413, Action: test_1_selenium_zscale_view_test_case_in_issue_view, Error: jira_webdriver = <selenium.webdriver.chrome.webdriver.WebDriver (session="cd23560879c09253cda3102213f36dda")>
jira_datasets = {'custom_issues': [], 'issue_id': '2063075', 'issue_key': 'AABIS-2095', 'issues': [['AABIS-1', '914565', 'AABIS'], ['A...', 'AABIS'], ['AABIS-4', '914568', 'AABIS'], ['AABIS-5', '914569', 'AABIS'], ['AABIS-6', '914570', 'AABIS'], ...], ...}
jira_screen_shots = None

    def test_1_selenium_zscale_view_test_case_in_issue_view(jira_webdriver, jira_datasets, jira_screen_shots):
>       extension_ui.zscale_view_test_case_in_issue_view(jira_webdriver, jira_datasets)

selenium_ui/jira_ui.py:67: 
_ _ _ _ _ _ _ _ _ _ _ _ _ _ _ _ _ _ _ _ _ _ _ _ _ _ _ _ _ _ _ _ _ _ _ _ _ _ _ _ 

webdriver = <selenium.webdriver.chrome.webdriver.WebDriver (session="cd23560879c09253cda3102213f36dda")>
datasets = {'custom_issues': [], 'issue_id': '2063075', 'issue_key': 'AABIS-2095', 'issues': [['AABIS-1', '914565', 'AABIS'], ['A...', 'AABIS'], ['AABIS-4', '914568', 'AABIS'], ['AABIS-5', '914569', 'AABIS'], ['AABIS-6', '914570', 'AABIS'], ...], ...}

    def zscale_view_test_case_in_issue_view(webdriver, datasets):
        page = BasePage(webdriver)
>       issue_key = datasets['custom_issue_key']
    
        @print_timing("zephyr_scale_view_test_case_in_issue_view")
E       KeyError: 'custom_issue_key'

extension/jira/extension_ui.py:47: KeyError
04-27-2022, 11:17:29, 1651058249894, Action: test_1_selenium_zscale_view_test_cycle_in_issue_view, Error: jira_webdriver = <selenium.webdriver.chrome.webdriver.WebDriver (session="cd23560879c09253cda3102213f36dda")>
jira_datasets = {'custom_issues': [], 'issue_id': '2063075', 'issue_key': 'AABIS-2095', 'issues': [['AABIS-1', '914565', 'AABIS'], ['A...', 'AABIS'], ['AABIS-4', '914568', 'AABIS'], ['AABIS-5', '914569', 'AABIS'], ['AABIS-6', '914570', 'AABIS'], ...], ...}
jira_screen_shots = None

    def test_1_selenium_zscale_view_test_cycle_in_issue_view(jira_webdriver, jira_datasets, jira_screen_shots):
>       extension_ui.zscale_view_test_cycle_in_issue_view(jira_webdriver, jira_datasets)

selenium_ui/jira_ui.py:70: 
_ _ _ _ _ _ _ _ _ _ _ _ _ _ _ _ _ _ _ _ _ _ _ _ _ _ _ _ _ _ _ _ _ _ _ _ _ _ _ _ 

webdriver = <selenium.webdriver.chrome.webdriver.WebDriver (session="cd23560879c09253cda3102213f36dda")>
datasets = {'custom_issues': [], 'issue_id': '2063075', 'issue_key': 'AABIS-2095', 'issues': [['AABIS-1', '914565', 'AABIS'], ['A...', 'AABIS'], ['AABIS-4', '914568', 'AABIS'], ['AABIS-5', '914569', 'AABIS'], ['AABIS-6', '914570', 'AABIS'], ...], ...}

    def zscale_view_test_cycle_in_issue_view(webdriver, datasets):
        page = BasePage(webdriver)
>       issue_key = datasets['custom_issue_key']
    
        @print_timing("zephyr_scale_view_test_cycle_in_issue_view")
E       KeyError: 'custom_issue_key'

extension/jira/extension_ui.py:58: KeyError
04-27-2022, 11:17:30, 1651058250512, Action: test_1_selenium_zscale_view_test_plan_in_issue_view, Error: jira_webdriver = <selenium.webdriver.chrome.webdriver.WebDriver (session="cd23560879c09253cda3102213f36dda")>
jira_datasets = {'custom_issues': [], 'issue_id': '2063075', 'issue_key': 'AABIS-2095', 'issues': [['AABIS-1', '914565', 'AABIS'], ['A...', 'AABIS'], ['AABIS-4', '914568', 'AABIS'], ['AABIS-5', '914569', 'AABIS'], ['AABIS-6', '914570', 'AABIS'], ...], ...}
jira_screen_shots = None

    def test_1_selenium_zscale_view_test_plan_in_issue_view(jira_webdriver, jira_datasets, jira_screen_shots):
>       extension_ui.zscale_view_test_plan_in_issue_view(jira_webdriver, jira_datasets)

selenium_ui/jira_ui.py:73: 
_ _ _ _ _ _ _ _ _ _ _ _ _ _ _ _ _ _ _ _ _ _ _ _ _ _ _ _ _ _ _ _ _ _ _ _ _ _ _ _ 

webdriver = <selenium.webdriver.chrome.webdriver.WebDriver (session="cd23560879c09253cda3102213f36dda")>
datasets = {'custom_issues': [], 'issue_id': '2063075', 'issue_key': 'AABIS-2095', 'issues': [['AABIS-1', '914565', 'AABIS'], ['A...', 'AABIS'], ['AABIS-4', '914568', 'AABIS'], ['AABIS-5', '914569', 'AABIS'], ['AABIS-6', '914570', 'AABIS'], ...], ...}

    def zscale_view_test_plan_in_issue_view(webdriver, datasets):
        page = BasePage(webdriver)
>       issue_key = datasets['custom_issue_key']
    
        @print_timing("zephyr_scale_view_test_plan_in_issue_view")
E       KeyError: 'custom_issue_key'

extension/jira/extension_ui.py:69: KeyError
04-27-2022, 11:17:45, 1651058265137, Action: test_1_selenium_zscale_view_test_case_in_issue_view, Error: jira_webdriver = <selenium.webdriver.chrome.webdriver.WebDriver (session="cd23560879c09253cda3102213f36dda")>
jira_datasets = {'custom_issues': [], 'issue_id': '2100727', 'issue_key': 'AABIS-2731', 'issues': [['AABIS-1', '914565', 'AABIS'], ['A...', 'AABIS'], ['AABIS-4', '914568', 'AABIS'], ['AABIS-5', '914569', 'AABIS'], ['AABIS-6', '914570', 'AABIS'], ...], ...}
jira_screen_shots = None

    def test_1_selenium_zscale_view_test_case_in_issue_view(jira_webdriver, jira_datasets, jira_screen_shots):
>       extension_ui.zscale_view_test_case_in_issue_view(jira_webdriver, jira_datasets)

selenium_ui/jira_ui.py:67: 
_ _ _ _ _ _ _ _ _ _ _ _ _ _ _ _ _ _ _ _ _ _ _ _ _ _ _ _ _ _ _ _ _ _ _ _ _ _ _ _ 

webdriver = <selenium.webdriver.chrome.webdriver.WebDriver (session="cd23560879c09253cda3102213f36dda")>
datasets = {'custom_issues': [], 'issue_id': '2100727', 'issue_key': 'AABIS-2731', 'issues': [['AABIS-1', '914565', 'AABIS'], ['A...', 'AABIS'], ['AABIS-4', '914568', 'AABIS'], ['AABIS-5', '914569', 'AABIS'], ['AABIS-6', '914570', 'AABIS'], ...], ...}

    def zscale_view_test_case_in_issue_view(webdriver, datasets):
        page = BasePage(webdriver)
>       issue_key = datasets['custom_issue_key']
    
        @print_timing("zephyr_scale_view_test_case_in_issue_view")
E       KeyError: 'custom_issue_key'

extension/jira/extension_ui.py:47: KeyError
04-27-2022, 11:17:45, 1651058265648, Action: test_1_selenium_zscale_view_test_cycle_in_issue_view, Error: jira_webdriver = <selenium.webdriver.chrome.webdriver.WebDriver (session="cd23560879c09253cda3102213f36dda")>
jira_datasets = {'custom_issues': [], 'issue_id': '2100727', 'issue_key': 'AABIS-2731', 'issues': [['AABIS-1', '914565', 'AABIS'], ['A...', 'AABIS'], ['AABIS-4', '914568', 'AABIS'], ['AABIS-5', '914569', 'AABIS'], ['AABIS-6', '914570', 'AABIS'], ...], ...}
jira_screen_shots = None

    def test_1_selenium_zscale_view_test_cycle_in_issue_view(jira_webdriver, jira_datasets, jira_screen_shots):
>       extension_ui.zscale_view_test_cycle_in_issue_view(jira_webdriver, jira_datasets)

selenium_ui/jira_ui.py:70: 
_ _ _ _ _ _ _ _ _ _ _ _ _ _ _ _ _ _ _ _ _ _ _ _ _ _ _ _ _ _ _ _ _ _ _ _ _ _ _ _ 

webdriver = <selenium.webdriver.chrome.webdriver.WebDriver (session="cd23560879c09253cda3102213f36dda")>
datasets = {'custom_issues': [], 'issue_id': '2100727', 'issue_key': 'AABIS-2731', 'issues': [['AABIS-1', '914565', 'AABIS'], ['A...', 'AABIS'], ['AABIS-4', '914568', 'AABIS'], ['AABIS-5', '914569', 'AABIS'], ['AABIS-6', '914570', 'AABIS'], ...], ...}

    def zscale_view_test_cycle_in_issue_view(webdriver, datasets):
        page = BasePage(webdriver)
>       issue_key = datasets['custom_issue_key']
    
        @print_timing("zephyr_scale_view_test_cycle_in_issue_view")
E       KeyError: 'custom_issue_key'

extension/jira/extension_ui.py:58: KeyError
04-27-2022, 11:17:46, 1651058266177, Action: test_1_selenium_zscale_view_test_plan_in_issue_view, Error: jira_webdriver = <selenium.webdriver.chrome.webdriver.WebDriver (session="cd23560879c09253cda3102213f36dda")>
jira_datasets = {'custom_issues': [], 'issue_id': '2100727', 'issue_key': 'AABIS-2731', 'issues': [['AABIS-1', '914565', 'AABIS'], ['A...', 'AABIS'], ['AABIS-4', '914568', 'AABIS'], ['AABIS-5', '914569', 'AABIS'], ['AABIS-6', '914570', 'AABIS'], ...], ...}
jira_screen_shots = None

    def test_1_selenium_zscale_view_test_plan_in_issue_view(jira_webdriver, jira_datasets, jira_screen_shots):
>       extension_ui.zscale_view_test_plan_in_issue_view(jira_webdriver, jira_datasets)

selenium_ui/jira_ui.py:73: 
_ _ _ _ _ _ _ _ _ _ _ _ _ _ _ _ _ _ _ _ _ _ _ _ _ _ _ _ _ _ _ _ _ _ _ _ _ _ _ _ 

webdriver = <selenium.webdriver.chrome.webdriver.WebDriver (session="cd23560879c09253cda3102213f36dda")>
datasets = {'custom_issues': [], 'issue_id': '2100727', 'issue_key': 'AABIS-2731', 'issues': [['AABIS-1', '914565', 'AABIS'], ['A...', 'AABIS'], ['AABIS-4', '914568', 'AABIS'], ['AABIS-5', '914569', 'AABIS'], ['AABIS-6', '914570', 'AABIS'], ...], ...}

    def zscale_view_test_plan_in_issue_view(webdriver, datasets):
        page = BasePage(webdriver)
>       issue_key = datasets['custom_issue_key']
    
        @print_timing("zephyr_scale_view_test_plan_in_issue_view")
E       KeyError: 'custom_issue_key'

extension/jira/extension_ui.py:69: KeyError
04-27-2022, 11:18:00, 1651058280527, Action: test_1_selenium_zscale_view_test_case_in_issue_view, Error: jira_webdriver = <selenium.webdriver.chrome.webdriver.WebDriver (session="cd23560879c09253cda3102213f36dda")>
jira_datasets = {'custom_issues': [], 'issue_id': '210176', 'issue_key': 'AAFAIA-4668', 'issues': [['AABIS-1', '914565', 'AABIS'], ['A...', 'AABIS'], ['AABIS-4', '914568', 'AABIS'], ['AABIS-5', '914569', 'AABIS'], ['AABIS-6', '914570', 'AABIS'], ...], ...}
jira_screen_shots = None

    def test_1_selenium_zscale_view_test_case_in_issue_view(jira_webdriver, jira_datasets, jira_screen_shots):
>       extension_ui.zscale_view_test_case_in_issue_view(jira_webdriver, jira_datasets)

selenium_ui/jira_ui.py:67: 
_ _ _ _ _ _ _ _ _ _ _ _ _ _ _ _ _ _ _ _ _ _ _ _ _ _ _ _ _ _ _ _ _ _ _ _ _ _ _ _ 

webdriver = <selenium.webdriver.chrome.webdriver.WebDriver (session="cd23560879c09253cda3102213f36dda")>
datasets = {'custom_issues': [], 'issue_id': '210176', 'issue_key': 'AAFAIA-4668', 'issues': [['AABIS-1', '914565', 'AABIS'], ['A...', 'AABIS'], ['AABIS-4', '914568', 'AABIS'], ['AABIS-5', '914569', 'AABIS'], ['AABIS-6', '914570', 'AABIS'], ...], ...}

    def zscale_view_test_case_in_issue_view(webdriver, datasets):
        page = BasePage(webdriver)
>       issue_key = datasets['custom_issue_key']
    
        @print_timing("zephyr_scale_view_test_case_in_issue_view")
E       KeyError: 'custom_issue_key'

extension/jira/extension_ui.py:47: KeyError
04-27-2022, 11:18:01, 1651058281023, Action: test_1_selenium_zscale_view_test_cycle_in_issue_view, Error: jira_webdriver = <selenium.webdriver.chrome.webdriver.WebDriver (session="cd23560879c09253cda3102213f36dda")>
jira_datasets = {'custom_issues': [], 'issue_id': '210176', 'issue_key': 'AAFAIA-4668', 'issues': [['AABIS-1', '914565', 'AABIS'], ['A...', 'AABIS'], ['AABIS-4', '914568', 'AABIS'], ['AABIS-5', '914569', 'AABIS'], ['AABIS-6', '914570', 'AABIS'], ...], ...}
jira_screen_shots = None

    def test_1_selenium_zscale_view_test_cycle_in_issue_view(jira_webdriver, jira_datasets, jira_screen_shots):
>       extension_ui.zscale_view_test_cycle_in_issue_view(jira_webdriver, jira_datasets)

selenium_ui/jira_ui.py:70: 
_ _ _ _ _ _ _ _ _ _ _ _ _ _ _ _ _ _ _ _ _ _ _ _ _ _ _ _ _ _ _ _ _ _ _ _ _ _ _ _ 

webdriver = <selenium.webdriver.chrome.webdriver.WebDriver (session="cd23560879c09253cda3102213f36dda")>
datasets = {'custom_issues': [], 'issue_id': '210176', 'issue_key': 'AAFAIA-4668', 'issues': [['AABIS-1', '914565', 'AABIS'], ['A...', 'AABIS'], ['AABIS-4', '914568', 'AABIS'], ['AABIS-5', '914569', 'AABIS'], ['AABIS-6', '914570', 'AABIS'], ...], ...}

    def zscale_view_test_cycle_in_issue_view(webdriver, datasets):
        page = BasePage(webdriver)
>       issue_key = datasets['custom_issue_key']
    
        @print_timing("zephyr_scale_view_test_cycle_in_issue_view")
E       KeyError: 'custom_issue_key'

extension/jira/extension_ui.py:58: KeyError
04-27-2022, 11:18:01, 1651058281646, Action: test_1_selenium_zscale_view_test_plan_in_issue_view, Error: jira_webdriver = <selenium.webdriver.chrome.webdriver.WebDriver (session="cd23560879c09253cda3102213f36dda")>
jira_datasets = {'custom_issues': [], 'issue_id': '210176', 'issue_key': 'AAFAIA-4668', 'issues': [['AABIS-1', '914565', 'AABIS'], ['A...', 'AABIS'], ['AABIS-4', '914568', 'AABIS'], ['AABIS-5', '914569', 'AABIS'], ['AABIS-6', '914570', 'AABIS'], ...], ...}
jira_screen_shots = None

    def test_1_selenium_zscale_view_test_plan_in_issue_view(jira_webdriver, jira_datasets, jira_screen_shots):
>       extension_ui.zscale_view_test_plan_in_issue_view(jira_webdriver, jira_datasets)

selenium_ui/jira_ui.py:73: 
_ _ _ _ _ _ _ _ _ _ _ _ _ _ _ _ _ _ _ _ _ _ _ _ _ _ _ _ _ _ _ _ _ _ _ _ _ _ _ _ 

webdriver = <selenium.webdriver.chrome.webdriver.WebDriver (session="cd23560879c09253cda3102213f36dda")>
datasets = {'custom_issues': [], 'issue_id': '210176', 'issue_key': 'AAFAIA-4668', 'issues': [['AABIS-1', '914565', 'AABIS'], ['A...', 'AABIS'], ['AABIS-4', '914568', 'AABIS'], ['AABIS-5', '914569', 'AABIS'], ['AABIS-6', '914570', 'AABIS'], ...], ...}

    def zscale_view_test_plan_in_issue_view(webdriver, datasets):
        page = BasePage(webdriver)
>       issue_key = datasets['custom_issue_key']
    
        @print_timing("zephyr_scale_view_test_plan_in_issue_view")
E       KeyError: 'custom_issue_key'

extension/jira/extension_ui.py:69: KeyError
04-27-2022, 11:18:15, 1651058295325, Action: test_1_selenium_zscale_view_test_case_in_issue_view, Error: jira_webdriver = <selenium.webdriver.chrome.webdriver.WebDriver (session="cd23560879c09253cda3102213f36dda")>
jira_datasets = {'custom_issues': [], 'issue_id': '2057474', 'issue_key': 'AABIS-1949', 'issues': [['AABIS-1', '914565', 'AABIS'], ['A...', 'AABIS'], ['AABIS-4', '914568', 'AABIS'], ['AABIS-5', '914569', 'AABIS'], ['AABIS-6', '914570', 'AABIS'], ...], ...}
jira_screen_shots = None

    def test_1_selenium_zscale_view_test_case_in_issue_view(jira_webdriver, jira_datasets, jira_screen_shots):
>       extension_ui.zscale_view_test_case_in_issue_view(jira_webdriver, jira_datasets)

selenium_ui/jira_ui.py:67: 
_ _ _ _ _ _ _ _ _ _ _ _ _ _ _ _ _ _ _ _ _ _ _ _ _ _ _ _ _ _ _ _ _ _ _ _ _ _ _ _ 

webdriver = <selenium.webdriver.chrome.webdriver.WebDriver (session="cd23560879c09253cda3102213f36dda")>
datasets = {'custom_issues': [], 'issue_id': '2057474', 'issue_key': 'AABIS-1949', 'issues': [['AABIS-1', '914565', 'AABIS'], ['A...', 'AABIS'], ['AABIS-4', '914568', 'AABIS'], ['AABIS-5', '914569', 'AABIS'], ['AABIS-6', '914570', 'AABIS'], ...], ...}

    def zscale_view_test_case_in_issue_view(webdriver, datasets):
        page = BasePage(webdriver)
>       issue_key = datasets['custom_issue_key']
    
        @print_timing("zephyr_scale_view_test_case_in_issue_view")
E       KeyError: 'custom_issue_key'

extension/jira/extension_ui.py:47: KeyError
04-27-2022, 11:18:15, 1651058295861, Action: test_1_selenium_zscale_view_test_cycle_in_issue_view, Error: jira_webdriver = <selenium.webdriver.chrome.webdriver.WebDriver (session="cd23560879c09253cda3102213f36dda")>
jira_datasets = {'custom_issues': [], 'issue_id': '2057474', 'issue_key': 'AABIS-1949', 'issues': [['AABIS-1', '914565', 'AABIS'], ['A...', 'AABIS'], ['AABIS-4', '914568', 'AABIS'], ['AABIS-5', '914569', 'AABIS'], ['AABIS-6', '914570', 'AABIS'], ...], ...}
jira_screen_shots = None

    def test_1_selenium_zscale_view_test_cycle_in_issue_view(jira_webdriver, jira_datasets, jira_screen_shots):
>       extension_ui.zscale_view_test_cycle_in_issue_view(jira_webdriver, jira_datasets)

selenium_ui/jira_ui.py:70: 
_ _ _ _ _ _ _ _ _ _ _ _ _ _ _ _ _ _ _ _ _ _ _ _ _ _ _ _ _ _ _ _ _ _ _ _ _ _ _ _ 

webdriver = <selenium.webdriver.chrome.webdriver.WebDriver (session="cd23560879c09253cda3102213f36dda")>
datasets = {'custom_issues': [], 'issue_id': '2057474', 'issue_key': 'AABIS-1949', 'issues': [['AABIS-1', '914565', 'AABIS'], ['A...', 'AABIS'], ['AABIS-4', '914568', 'AABIS'], ['AABIS-5', '914569', 'AABIS'], ['AABIS-6', '914570', 'AABIS'], ...], ...}

    def zscale_view_test_cycle_in_issue_view(webdriver, datasets):
        page = BasePage(webdriver)
>       issue_key = datasets['custom_issue_key']
    
        @print_timing("zephyr_scale_view_test_cycle_in_issue_view")
E       KeyError: 'custom_issue_key'

extension/jira/extension_ui.py:58: KeyError
04-27-2022, 11:18:16, 1651058296411, Action: test_1_selenium_zscale_view_test_plan_in_issue_view, Error: jira_webdriver = <selenium.webdriver.chrome.webdriver.WebDriver (session="cd23560879c09253cda3102213f36dda")>
jira_datasets = {'custom_issues': [], 'issue_id': '2057474', 'issue_key': 'AABIS-1949', 'issues': [['AABIS-1', '914565', 'AABIS'], ['A...', 'AABIS'], ['AABIS-4', '914568', 'AABIS'], ['AABIS-5', '914569', 'AABIS'], ['AABIS-6', '914570', 'AABIS'], ...], ...}
jira_screen_shots = None

    def test_1_selenium_zscale_view_test_plan_in_issue_view(jira_webdriver, jira_datasets, jira_screen_shots):
>       extension_ui.zscale_view_test_plan_in_issue_view(jira_webdriver, jira_datasets)

selenium_ui/jira_ui.py:73: 
_ _ _ _ _ _ _ _ _ _ _ _ _ _ _ _ _ _ _ _ _ _ _ _ _ _ _ _ _ _ _ _ _ _ _ _ _ _ _ _ 

webdriver = <selenium.webdriver.chrome.webdriver.WebDriver (session="cd23560879c09253cda3102213f36dda")>
datasets = {'custom_issues': [], 'issue_id': '2057474', 'issue_key': 'AABIS-1949', 'issues': [['AABIS-1', '914565', 'AABIS'], ['A...', 'AABIS'], ['AABIS-4', '914568', 'AABIS'], ['AABIS-5', '914569', 'AABIS'], ['AABIS-6', '914570', 'AABIS'], ...], ...}

    def zscale_view_test_plan_in_issue_view(webdriver, datasets):
        page = BasePage(webdriver)
>       issue_key = datasets['custom_issue_key']
    
        @print_timing("zephyr_scale_view_test_plan_in_issue_view")
E       KeyError: 'custom_issue_key'

extension/jira/extension_ui.py:69: KeyError
04-27-2022, 11:18:31, 1651058311398, Action: test_1_selenium_zscale_view_test_case_in_issue_view, Error: jira_webdriver = <selenium.webdriver.chrome.webdriver.WebDriver (session="cd23560879c09253cda3102213f36dda")>
jira_datasets = {'custom_issues': [], 'issue_id': '209789', 'issue_key': 'AAFAIA-4281', 'issues': [['AABIS-1', '914565', 'AABIS'], ['A...', 'AABIS'], ['AABIS-4', '914568', 'AABIS'], ['AABIS-5', '914569', 'AABIS'], ['AABIS-6', '914570', 'AABIS'], ...], ...}
jira_screen_shots = None

    def test_1_selenium_zscale_view_test_case_in_issue_view(jira_webdriver, jira_datasets, jira_screen_shots):
>       extension_ui.zscale_view_test_case_in_issue_view(jira_webdriver, jira_datasets)

selenium_ui/jira_ui.py:67: 
_ _ _ _ _ _ _ _ _ _ _ _ _ _ _ _ _ _ _ _ _ _ _ _ _ _ _ _ _ _ _ _ _ _ _ _ _ _ _ _ 

webdriver = <selenium.webdriver.chrome.webdriver.WebDriver (session="cd23560879c09253cda3102213f36dda")>
datasets = {'custom_issues': [], 'issue_id': '209789', 'issue_key': 'AAFAIA-4281', 'issues': [['AABIS-1', '914565', 'AABIS'], ['A...', 'AABIS'], ['AABIS-4', '914568', 'AABIS'], ['AABIS-5', '914569', 'AABIS'], ['AABIS-6', '914570', 'AABIS'], ...], ...}

    def zscale_view_test_case_in_issue_view(webdriver, datasets):
        page = BasePage(webdriver)
>       issue_key = datasets['custom_issue_key']
    
        @print_timing("zephyr_scale_view_test_case_in_issue_view")
E       KeyError: 'custom_issue_key'

extension/jira/extension_ui.py:47: KeyError
04-27-2022, 11:18:31, 1651058311858, Action: test_1_selenium_zscale_view_test_cycle_in_issue_view, Error: jira_webdriver = <selenium.webdriver.chrome.webdriver.WebDriver (session="cd23560879c09253cda3102213f36dda")>
jira_datasets = {'custom_issues': [], 'issue_id': '209789', 'issue_key': 'AAFAIA-4281', 'issues': [['AABIS-1', '914565', 'AABIS'], ['A...', 'AABIS'], ['AABIS-4', '914568', 'AABIS'], ['AABIS-5', '914569', 'AABIS'], ['AABIS-6', '914570', 'AABIS'], ...], ...}
jira_screen_shots = None

    def test_1_selenium_zscale_view_test_cycle_in_issue_view(jira_webdriver, jira_datasets, jira_screen_shots):
>       extension_ui.zscale_view_test_cycle_in_issue_view(jira_webdriver, jira_datasets)

selenium_ui/jira_ui.py:70: 
_ _ _ _ _ _ _ _ _ _ _ _ _ _ _ _ _ _ _ _ _ _ _ _ _ _ _ _ _ _ _ _ _ _ _ _ _ _ _ _ 

webdriver = <selenium.webdriver.chrome.webdriver.WebDriver (session="cd23560879c09253cda3102213f36dda")>
datasets = {'custom_issues': [], 'issue_id': '209789', 'issue_key': 'AAFAIA-4281', 'issues': [['AABIS-1', '914565', 'AABIS'], ['A...', 'AABIS'], ['AABIS-4', '914568', 'AABIS'], ['AABIS-5', '914569', 'AABIS'], ['AABIS-6', '914570', 'AABIS'], ...], ...}

    def zscale_view_test_cycle_in_issue_view(webdriver, datasets):
        page = BasePage(webdriver)
>       issue_key = datasets['custom_issue_key']
    
        @print_timing("zephyr_scale_view_test_cycle_in_issue_view")
E       KeyError: 'custom_issue_key'

extension/jira/extension_ui.py:58: KeyError
04-27-2022, 11:18:32, 1651058312425, Action: test_1_selenium_zscale_view_test_plan_in_issue_view, Error: jira_webdriver = <selenium.webdriver.chrome.webdriver.WebDriver (session="cd23560879c09253cda3102213f36dda")>
jira_datasets = {'custom_issues': [], 'issue_id': '209789', 'issue_key': 'AAFAIA-4281', 'issues': [['AABIS-1', '914565', 'AABIS'], ['A...', 'AABIS'], ['AABIS-4', '914568', 'AABIS'], ['AABIS-5', '914569', 'AABIS'], ['AABIS-6', '914570', 'AABIS'], ...], ...}
jira_screen_shots = None

    def test_1_selenium_zscale_view_test_plan_in_issue_view(jira_webdriver, jira_datasets, jira_screen_shots):
>       extension_ui.zscale_view_test_plan_in_issue_view(jira_webdriver, jira_datasets)

selenium_ui/jira_ui.py:73: 
_ _ _ _ _ _ _ _ _ _ _ _ _ _ _ _ _ _ _ _ _ _ _ _ _ _ _ _ _ _ _ _ _ _ _ _ _ _ _ _ 

webdriver = <selenium.webdriver.chrome.webdriver.WebDriver (session="cd23560879c09253cda3102213f36dda")>
datasets = {'custom_issues': [], 'issue_id': '209789', 'issue_key': 'AAFAIA-4281', 'issues': [['AABIS-1', '914565', 'AABIS'], ['A...', 'AABIS'], ['AABIS-4', '914568', 'AABIS'], ['AABIS-5', '914569', 'AABIS'], ['AABIS-6', '914570', 'AABIS'], ...], ...}

    def zscale_view_test_plan_in_issue_view(webdriver, datasets):
        page = BasePage(webdriver)
>       issue_key = datasets['custom_issue_key']
    
        @print_timing("zephyr_scale_view_test_plan_in_issue_view")
E       KeyError: 'custom_issue_key'

extension/jira/extension_ui.py:69: KeyError
04-27-2022, 11:18:47, 1651058327429, Action: test_1_selenium_zscale_view_test_case_in_issue_view, Error: jira_webdriver = <selenium.webdriver.chrome.webdriver.WebDriver (session="cd23560879c09253cda3102213f36dda")>
jira_datasets = {'custom_issues': [], 'issue_id': '2072832', 'issue_key': 'AABIS-2287', 'issues': [['AABIS-1', '914565', 'AABIS'], ['A...', 'AABIS'], ['AABIS-4', '914568', 'AABIS'], ['AABIS-5', '914569', 'AABIS'], ['AABIS-6', '914570', 'AABIS'], ...], ...}
jira_screen_shots = None

    def test_1_selenium_zscale_view_test_case_in_issue_view(jira_webdriver, jira_datasets, jira_screen_shots):
>       extension_ui.zscale_view_test_case_in_issue_view(jira_webdriver, jira_datasets)

selenium_ui/jira_ui.py:67: 
_ _ _ _ _ _ _ _ _ _ _ _ _ _ _ _ _ _ _ _ _ _ _ _ _ _ _ _ _ _ _ _ _ _ _ _ _ _ _ _ 

webdriver = <selenium.webdriver.chrome.webdriver.WebDriver (session="cd23560879c09253cda3102213f36dda")>
datasets = {'custom_issues': [], 'issue_id': '2072832', 'issue_key': 'AABIS-2287', 'issues': [['AABIS-1', '914565', 'AABIS'], ['A...', 'AABIS'], ['AABIS-4', '914568', 'AABIS'], ['AABIS-5', '914569', 'AABIS'], ['AABIS-6', '914570', 'AABIS'], ...], ...}

    def zscale_view_test_case_in_issue_view(webdriver, datasets):
        page = BasePage(webdriver)
>       issue_key = datasets['custom_issue_key']
    
        @print_timing("zephyr_scale_view_test_case_in_issue_view")
E       KeyError: 'custom_issue_key'

extension/jira/extension_ui.py:47: KeyError
04-27-2022, 11:18:47, 1651058327931, Action: test_1_selenium_zscale_view_test_cycle_in_issue_view, Error: jira_webdriver = <selenium.webdriver.chrome.webdriver.WebDriver (session="cd23560879c09253cda3102213f36dda")>
jira_datasets = {'custom_issues': [], 'issue_id': '2072832', 'issue_key': 'AABIS-2287', 'issues': [['AABIS-1', '914565', 'AABIS'], ['A...', 'AABIS'], ['AABIS-4', '914568', 'AABIS'], ['AABIS-5', '914569', 'AABIS'], ['AABIS-6', '914570', 'AABIS'], ...], ...}
jira_screen_shots = None

    def test_1_selenium_zscale_view_test_cycle_in_issue_view(jira_webdriver, jira_datasets, jira_screen_shots):
>       extension_ui.zscale_view_test_cycle_in_issue_view(jira_webdriver, jira_datasets)

selenium_ui/jira_ui.py:70: 
_ _ _ _ _ _ _ _ _ _ _ _ _ _ _ _ _ _ _ _ _ _ _ _ _ _ _ _ _ _ _ _ _ _ _ _ _ _ _ _ 

webdriver = <selenium.webdriver.chrome.webdriver.WebDriver (session="cd23560879c09253cda3102213f36dda")>
datasets = {'custom_issues': [], 'issue_id': '2072832', 'issue_key': 'AABIS-2287', 'issues': [['AABIS-1', '914565', 'AABIS'], ['A...', 'AABIS'], ['AABIS-4', '914568', 'AABIS'], ['AABIS-5', '914569', 'AABIS'], ['AABIS-6', '914570', 'AABIS'], ...], ...}

    def zscale_view_test_cycle_in_issue_view(webdriver, datasets):
        page = BasePage(webdriver)
>       issue_key = datasets['custom_issue_key']
    
        @print_timing("zephyr_scale_view_test_cycle_in_issue_view")
E       KeyError: 'custom_issue_key'

extension/jira/extension_ui.py:58: KeyError
04-27-2022, 11:18:48, 1651058328471, Action: test_1_selenium_zscale_view_test_plan_in_issue_view, Error: jira_webdriver = <selenium.webdriver.chrome.webdriver.WebDriver (session="cd23560879c09253cda3102213f36dda")>
jira_datasets = {'custom_issues': [], 'issue_id': '2072832', 'issue_key': 'AABIS-2287', 'issues': [['AABIS-1', '914565', 'AABIS'], ['A...', 'AABIS'], ['AABIS-4', '914568', 'AABIS'], ['AABIS-5', '914569', 'AABIS'], ['AABIS-6', '914570', 'AABIS'], ...], ...}
jira_screen_shots = None

    def test_1_selenium_zscale_view_test_plan_in_issue_view(jira_webdriver, jira_datasets, jira_screen_shots):
>       extension_ui.zscale_view_test_plan_in_issue_view(jira_webdriver, jira_datasets)

selenium_ui/jira_ui.py:73: 
_ _ _ _ _ _ _ _ _ _ _ _ _ _ _ _ _ _ _ _ _ _ _ _ _ _ _ _ _ _ _ _ _ _ _ _ _ _ _ _ 

webdriver = <selenium.webdriver.chrome.webdriver.WebDriver (session="cd23560879c09253cda3102213f36dda")>
datasets = {'custom_issues': [], 'issue_id': '2072832', 'issue_key': 'AABIS-2287', 'issues': [['AABIS-1', '914565', 'AABIS'], ['A...', 'AABIS'], ['AABIS-4', '914568', 'AABIS'], ['AABIS-5', '914569', 'AABIS'], ['AABIS-6', '914570', 'AABIS'], ...], ...}

    def zscale_view_test_plan_in_issue_view(webdriver, datasets):
        page = BasePage(webdriver)
>       issue_key = datasets['custom_issue_key']
    
        @print_timing("zephyr_scale_view_test_plan_in_issue_view")
E       KeyError: 'custom_issue_key'

extension/jira/extension_ui.py:69: KeyError
04-27-2022, 11:19:02, 1651058342479, Action: test_1_selenium_zscale_view_test_case_in_issue_view, Error: jira_webdriver = <selenium.webdriver.chrome.webdriver.WebDriver (session="cd23560879c09253cda3102213f36dda")>
jira_datasets = {'custom_issues': [], 'issue_id': '915256', 'issue_key': 'AABIS-692', 'issues': [['AABIS-1', '914565', 'AABIS'], ['AAB...', 'AABIS'], ['AABIS-4', '914568', 'AABIS'], ['AABIS-5', '914569', 'AABIS'], ['AABIS-6', '914570', 'AABIS'], ...], ...}
jira_screen_shots = None

    def test_1_selenium_zscale_view_test_case_in_issue_view(jira_webdriver, jira_datasets, jira_screen_shots):
>       extension_ui.zscale_view_test_case_in_issue_view(jira_webdriver, jira_datasets)

selenium_ui/jira_ui.py:67: 
_ _ _ _ _ _ _ _ _ _ _ _ _ _ _ _ _ _ _ _ _ _ _ _ _ _ _ _ _ _ _ _ _ _ _ _ _ _ _ _ 

webdriver = <selenium.webdriver.chrome.webdriver.WebDriver (session="cd23560879c09253cda3102213f36dda")>
datasets = {'custom_issues': [], 'issue_id': '915256', 'issue_key': 'AABIS-692', 'issues': [['AABIS-1', '914565', 'AABIS'], ['AAB...', 'AABIS'], ['AABIS-4', '914568', 'AABIS'], ['AABIS-5', '914569', 'AABIS'], ['AABIS-6', '914570', 'AABIS'], ...], ...}

    def zscale_view_test_case_in_issue_view(webdriver, datasets):
        page = BasePage(webdriver)
>       issue_key = datasets['custom_issue_key']
    
        @print_timing("zephyr_scale_view_test_case_in_issue_view")
E       KeyError: 'custom_issue_key'

extension/jira/extension_ui.py:47: KeyError
04-27-2022, 11:19:02, 1651058342987, Action: test_1_selenium_zscale_view_test_cycle_in_issue_view, Error: jira_webdriver = <selenium.webdriver.chrome.webdriver.WebDriver (session="cd23560879c09253cda3102213f36dda")>
jira_datasets = {'custom_issues': [], 'issue_id': '915256', 'issue_key': 'AABIS-692', 'issues': [['AABIS-1', '914565', 'AABIS'], ['AAB...', 'AABIS'], ['AABIS-4', '914568', 'AABIS'], ['AABIS-5', '914569', 'AABIS'], ['AABIS-6', '914570', 'AABIS'], ...], ...}
jira_screen_shots = None

    def test_1_selenium_zscale_view_test_cycle_in_issue_view(jira_webdriver, jira_datasets, jira_screen_shots):
>       extension_ui.zscale_view_test_cycle_in_issue_view(jira_webdriver, jira_datasets)

selenium_ui/jira_ui.py:70: 
_ _ _ _ _ _ _ _ _ _ _ _ _ _ _ _ _ _ _ _ _ _ _ _ _ _ _ _ _ _ _ _ _ _ _ _ _ _ _ _ 

webdriver = <selenium.webdriver.chrome.webdriver.WebDriver (session="cd23560879c09253cda3102213f36dda")>
datasets = {'custom_issues': [], 'issue_id': '915256', 'issue_key': 'AABIS-692', 'issues': [['AABIS-1', '914565', 'AABIS'], ['AAB...', 'AABIS'], ['AABIS-4', '914568', 'AABIS'], ['AABIS-5', '914569', 'AABIS'], ['AABIS-6', '914570', 'AABIS'], ...], ...}

    def zscale_view_test_cycle_in_issue_view(webdriver, datasets):
        page = BasePage(webdriver)
>       issue_key = datasets['custom_issue_key']
    
        @print_timing("zephyr_scale_view_test_cycle_in_issue_view")
E       KeyError: 'custom_issue_key'

extension/jira/extension_ui.py:58: KeyError
04-27-2022, 11:19:03, 1651058343559, Action: test_1_selenium_zscale_view_test_plan_in_issue_view, Error: jira_webdriver = <selenium.webdriver.chrome.webdriver.WebDriver (session="cd23560879c09253cda3102213f36dda")>
jira_datasets = {'custom_issues': [], 'issue_id': '915256', 'issue_key': 'AABIS-692', 'issues': [['AABIS-1', '914565', 'AABIS'], ['AAB...', 'AABIS'], ['AABIS-4', '914568', 'AABIS'], ['AABIS-5', '914569', 'AABIS'], ['AABIS-6', '914570', 'AABIS'], ...], ...}
jira_screen_shots = None

    def test_1_selenium_zscale_view_test_plan_in_issue_view(jira_webdriver, jira_datasets, jira_screen_shots):
>       extension_ui.zscale_view_test_plan_in_issue_view(jira_webdriver, jira_datasets)

selenium_ui/jira_ui.py:73: 
_ _ _ _ _ _ _ _ _ _ _ _ _ _ _ _ _ _ _ _ _ _ _ _ _ _ _ _ _ _ _ _ _ _ _ _ _ _ _ _ 

webdriver = <selenium.webdriver.chrome.webdriver.WebDriver (session="cd23560879c09253cda3102213f36dda")>
datasets = {'custom_issues': [], 'issue_id': '915256', 'issue_key': 'AABIS-692', 'issues': [['AABIS-1', '914565', 'AABIS'], ['AAB...', 'AABIS'], ['AABIS-4', '914568', 'AABIS'], ['AABIS-5', '914569', 'AABIS'], ['AABIS-6', '914570', 'AABIS'], ...], ...}

    def zscale_view_test_plan_in_issue_view(webdriver, datasets):
        page = BasePage(webdriver)
>       issue_key = datasets['custom_issue_key']
    
        @print_timing("zephyr_scale_view_test_plan_in_issue_view")
E       KeyError: 'custom_issue_key'

extension/jira/extension_ui.py:69: KeyError
04-27-2022, 11:19:18, 1651058358368, Action: test_1_selenium_zscale_view_test_case_in_issue_view, Error: jira_webdriver = <selenium.webdriver.chrome.webdriver.WebDriver (session="cd23560879c09253cda3102213f36dda")>
jira_datasets = {'custom_issues': [], 'issue_id': '914755', 'issue_key': 'AABIS-191', 'issues': [['AABIS-1', '914565', 'AABIS'], ['AAB...', 'AABIS'], ['AABIS-4', '914568', 'AABIS'], ['AABIS-5', '914569', 'AABIS'], ['AABIS-6', '914570', 'AABIS'], ...], ...}
jira_screen_shots = None

    def test_1_selenium_zscale_view_test_case_in_issue_view(jira_webdriver, jira_datasets, jira_screen_shots):
>       extension_ui.zscale_view_test_case_in_issue_view(jira_webdriver, jira_datasets)

selenium_ui/jira_ui.py:67: 
_ _ _ _ _ _ _ _ _ _ _ _ _ _ _ _ _ _ _ _ _ _ _ _ _ _ _ _ _ _ _ _ _ _ _ _ _ _ _ _ 

webdriver = <selenium.webdriver.chrome.webdriver.WebDriver (session="cd23560879c09253cda3102213f36dda")>
datasets = {'custom_issues': [], 'issue_id': '914755', 'issue_key': 'AABIS-191', 'issues': [['AABIS-1', '914565', 'AABIS'], ['AAB...', 'AABIS'], ['AABIS-4', '914568', 'AABIS'], ['AABIS-5', '914569', 'AABIS'], ['AABIS-6', '914570', 'AABIS'], ...], ...}

    def zscale_view_test_case_in_issue_view(webdriver, datasets):
        page = BasePage(webdriver)
>       issue_key = datasets['custom_issue_key']
    
        @print_timing("zephyr_scale_view_test_case_in_issue_view")
E       KeyError: 'custom_issue_key'

extension/jira/extension_ui.py:47: KeyError
04-27-2022, 11:19:18, 1651058358884, Action: test_1_selenium_zscale_view_test_cycle_in_issue_view, Error: jira_webdriver = <selenium.webdriver.chrome.webdriver.WebDriver (session="cd23560879c09253cda3102213f36dda")>
jira_datasets = {'custom_issues': [], 'issue_id': '914755', 'issue_key': 'AABIS-191', 'issues': [['AABIS-1', '914565', 'AABIS'], ['AAB...', 'AABIS'], ['AABIS-4', '914568', 'AABIS'], ['AABIS-5', '914569', 'AABIS'], ['AABIS-6', '914570', 'AABIS'], ...], ...}
jira_screen_shots = None

    def test_1_selenium_zscale_view_test_cycle_in_issue_view(jira_webdriver, jira_datasets, jira_screen_shots):
>       extension_ui.zscale_view_test_cycle_in_issue_view(jira_webdriver, jira_datasets)

selenium_ui/jira_ui.py:70: 
_ _ _ _ _ _ _ _ _ _ _ _ _ _ _ _ _ _ _ _ _ _ _ _ _ _ _ _ _ _ _ _ _ _ _ _ _ _ _ _ 

webdriver = <selenium.webdriver.chrome.webdriver.WebDriver (session="cd23560879c09253cda3102213f36dda")>
datasets = {'custom_issues': [], 'issue_id': '914755', 'issue_key': 'AABIS-191', 'issues': [['AABIS-1', '914565', 'AABIS'], ['AAB...', 'AABIS'], ['AABIS-4', '914568', 'AABIS'], ['AABIS-5', '914569', 'AABIS'], ['AABIS-6', '914570', 'AABIS'], ...], ...}

    def zscale_view_test_cycle_in_issue_view(webdriver, datasets):
        page = BasePage(webdriver)
>       issue_key = datasets['custom_issue_key']
    
        @print_timing("zephyr_scale_view_test_cycle_in_issue_view")
E       KeyError: 'custom_issue_key'

extension/jira/extension_ui.py:58: KeyError
04-27-2022, 11:19:19, 1651058359463, Action: test_1_selenium_zscale_view_test_plan_in_issue_view, Error: jira_webdriver = <selenium.webdriver.chrome.webdriver.WebDriver (session="cd23560879c09253cda3102213f36dda")>
jira_datasets = {'custom_issues': [], 'issue_id': '914755', 'issue_key': 'AABIS-191', 'issues': [['AABIS-1', '914565', 'AABIS'], ['AAB...', 'AABIS'], ['AABIS-4', '914568', 'AABIS'], ['AABIS-5', '914569', 'AABIS'], ['AABIS-6', '914570', 'AABIS'], ...], ...}
jira_screen_shots = None

    def test_1_selenium_zscale_view_test_plan_in_issue_view(jira_webdriver, jira_datasets, jira_screen_shots):
>       extension_ui.zscale_view_test_plan_in_issue_view(jira_webdriver, jira_datasets)

selenium_ui/jira_ui.py:73: 
_ _ _ _ _ _ _ _ _ _ _ _ _ _ _ _ _ _ _ _ _ _ _ _ _ _ _ _ _ _ _ _ _ _ _ _ _ _ _ _ 

webdriver = <selenium.webdriver.chrome.webdriver.WebDriver (session="cd23560879c09253cda3102213f36dda")>
datasets = {'custom_issues': [], 'issue_id': '914755', 'issue_key': 'AABIS-191', 'issues': [['AABIS-1', '914565', 'AABIS'], ['AAB...', 'AABIS'], ['AABIS-4', '914568', 'AABIS'], ['AABIS-5', '914569', 'AABIS'], ['AABIS-6', '914570', 'AABIS'], ...], ...}

    def zscale_view_test_plan_in_issue_view(webdriver, datasets):
        page = BasePage(webdriver)
>       issue_key = datasets['custom_issue_key']
    
        @print_timing("zephyr_scale_view_test_plan_in_issue_view")
E       KeyError: 'custom_issue_key'

extension/jira/extension_ui.py:69: KeyError
04-27-2022, 11:19:34, 1651058374005, Action: test_1_selenium_zscale_view_test_case_in_issue_view, Error: jira_webdriver = <selenium.webdriver.chrome.webdriver.WebDriver (session="cd23560879c09253cda3102213f36dda")>
jira_datasets = {'custom_issues': [], 'issue_id': '205658', 'issue_key': 'AAFAIA-150', 'issues': [['AABIS-1', '914565', 'AABIS'], ['AA...', 'AABIS'], ['AABIS-4', '914568', 'AABIS'], ['AABIS-5', '914569', 'AABIS'], ['AABIS-6', '914570', 'AABIS'], ...], ...}
jira_screen_shots = None

    def test_1_selenium_zscale_view_test_case_in_issue_view(jira_webdriver, jira_datasets, jira_screen_shots):
>       extension_ui.zscale_view_test_case_in_issue_view(jira_webdriver, jira_datasets)

selenium_ui/jira_ui.py:67: 
_ _ _ _ _ _ _ _ _ _ _ _ _ _ _ _ _ _ _ _ _ _ _ _ _ _ _ _ _ _ _ _ _ _ _ _ _ _ _ _ 

webdriver = <selenium.webdriver.chrome.webdriver.WebDriver (session="cd23560879c09253cda3102213f36dda")>
datasets = {'custom_issues': [], 'issue_id': '205658', 'issue_key': 'AAFAIA-150', 'issues': [['AABIS-1', '914565', 'AABIS'], ['AA...', 'AABIS'], ['AABIS-4', '914568', 'AABIS'], ['AABIS-5', '914569', 'AABIS'], ['AABIS-6', '914570', 'AABIS'], ...], ...}

    def zscale_view_test_case_in_issue_view(webdriver, datasets):
        page = BasePage(webdriver)
>       issue_key = datasets['custom_issue_key']
    
        @print_timing("zephyr_scale_view_test_case_in_issue_view")
E       KeyError: 'custom_issue_key'

extension/jira/extension_ui.py:47: KeyError
04-27-2022, 11:19:34, 1651058374632, Action: test_1_selenium_zscale_view_test_cycle_in_issue_view, Error: jira_webdriver = <selenium.webdriver.chrome.webdriver.WebDriver (session="cd23560879c09253cda3102213f36dda")>
jira_datasets = {'custom_issues': [], 'issue_id': '205658', 'issue_key': 'AAFAIA-150', 'issues': [['AABIS-1', '914565', 'AABIS'], ['AA...', 'AABIS'], ['AABIS-4', '914568', 'AABIS'], ['AABIS-5', '914569', 'AABIS'], ['AABIS-6', '914570', 'AABIS'], ...], ...}
jira_screen_shots = None

    def test_1_selenium_zscale_view_test_cycle_in_issue_view(jira_webdriver, jira_datasets, jira_screen_shots):
>       extension_ui.zscale_view_test_cycle_in_issue_view(jira_webdriver, jira_datasets)

selenium_ui/jira_ui.py:70: 
_ _ _ _ _ _ _ _ _ _ _ _ _ _ _ _ _ _ _ _ _ _ _ _ _ _ _ _ _ _ _ _ _ _ _ _ _ _ _ _ 

webdriver = <selenium.webdriver.chrome.webdriver.WebDriver (session="cd23560879c09253cda3102213f36dda")>
datasets = {'custom_issues': [], 'issue_id': '205658', 'issue_key': 'AAFAIA-150', 'issues': [['AABIS-1', '914565', 'AABIS'], ['AA...', 'AABIS'], ['AABIS-4', '914568', 'AABIS'], ['AABIS-5', '914569', 'AABIS'], ['AABIS-6', '914570', 'AABIS'], ...], ...}

    def zscale_view_test_cycle_in_issue_view(webdriver, datasets):
        page = BasePage(webdriver)
>       issue_key = datasets['custom_issue_key']
    
        @print_timing("zephyr_scale_view_test_cycle_in_issue_view")
E       KeyError: 'custom_issue_key'

extension/jira/extension_ui.py:58: KeyError
04-27-2022, 11:19:35, 1651058375156, Action: test_1_selenium_zscale_view_test_plan_in_issue_view, Error: jira_webdriver = <selenium.webdriver.chrome.webdriver.WebDriver (session="cd23560879c09253cda3102213f36dda")>
jira_datasets = {'custom_issues': [], 'issue_id': '205658', 'issue_key': 'AAFAIA-150', 'issues': [['AABIS-1', '914565', 'AABIS'], ['AA...', 'AABIS'], ['AABIS-4', '914568', 'AABIS'], ['AABIS-5', '914569', 'AABIS'], ['AABIS-6', '914570', 'AABIS'], ...], ...}
jira_screen_shots = None

    def test_1_selenium_zscale_view_test_plan_in_issue_view(jira_webdriver, jira_datasets, jira_screen_shots):
>       extension_ui.zscale_view_test_plan_in_issue_view(jira_webdriver, jira_datasets)

selenium_ui/jira_ui.py:73: 
_ _ _ _ _ _ _ _ _ _ _ _ _ _ _ _ _ _ _ _ _ _ _ _ _ _ _ _ _ _ _ _ _ _ _ _ _ _ _ _ 

webdriver = <selenium.webdriver.chrome.webdriver.WebDriver (session="cd23560879c09253cda3102213f36dda")>
datasets = {'custom_issues': [], 'issue_id': '205658', 'issue_key': 'AAFAIA-150', 'issues': [['AABIS-1', '914565', 'AABIS'], ['AA...', 'AABIS'], ['AABIS-4', '914568', 'AABIS'], ['AABIS-5', '914569', 'AABIS'], ['AABIS-6', '914570', 'AABIS'], ...], ...}

    def zscale_view_test_plan_in_issue_view(webdriver, datasets):
        page = BasePage(webdriver)
>       issue_key = datasets['custom_issue_key']
    
        @print_timing("zephyr_scale_view_test_plan_in_issue_view")
E       KeyError: 'custom_issue_key'

extension/jira/extension_ui.py:69: KeyError
04-27-2022, 11:19:50, 1651058390512, Action: test_1_selenium_zscale_view_test_case_in_issue_view, Error: jira_webdriver = <selenium.webdriver.chrome.webdriver.WebDriver (session="cd23560879c09253cda3102213f36dda")>
jira_datasets = {'custom_issues': [], 'issue_id': '210460', 'issue_key': 'AAFAIA-4952', 'issues': [['AABIS-1', '914565', 'AABIS'], ['A...', 'AABIS'], ['AABIS-4', '914568', 'AABIS'], ['AABIS-5', '914569', 'AABIS'], ['AABIS-6', '914570', 'AABIS'], ...], ...}
jira_screen_shots = None

    def test_1_selenium_zscale_view_test_case_in_issue_view(jira_webdriver, jira_datasets, jira_screen_shots):
>       extension_ui.zscale_view_test_case_in_issue_view(jira_webdriver, jira_datasets)

selenium_ui/jira_ui.py:67: 
_ _ _ _ _ _ _ _ _ _ _ _ _ _ _ _ _ _ _ _ _ _ _ _ _ _ _ _ _ _ _ _ _ _ _ _ _ _ _ _ 

webdriver = <selenium.webdriver.chrome.webdriver.WebDriver (session="cd23560879c09253cda3102213f36dda")>
datasets = {'custom_issues': [], 'issue_id': '210460', 'issue_key': 'AAFAIA-4952', 'issues': [['AABIS-1', '914565', 'AABIS'], ['A...', 'AABIS'], ['AABIS-4', '914568', 'AABIS'], ['AABIS-5', '914569', 'AABIS'], ['AABIS-6', '914570', 'AABIS'], ...], ...}

    def zscale_view_test_case_in_issue_view(webdriver, datasets):
        page = BasePage(webdriver)
>       issue_key = datasets['custom_issue_key']
    
        @print_timing("zephyr_scale_view_test_case_in_issue_view")
E       KeyError: 'custom_issue_key'

extension/jira/extension_ui.py:47: KeyError
04-27-2022, 11:19:51, 1651058391109, Action: test_1_selenium_zscale_view_test_cycle_in_issue_view, Error: jira_webdriver = <selenium.webdriver.chrome.webdriver.WebDriver (session="cd23560879c09253cda3102213f36dda")>
jira_datasets = {'custom_issues': [], 'issue_id': '210460', 'issue_key': 'AAFAIA-4952', 'issues': [['AABIS-1', '914565', 'AABIS'], ['A...', 'AABIS'], ['AABIS-4', '914568', 'AABIS'], ['AABIS-5', '914569', 'AABIS'], ['AABIS-6', '914570', 'AABIS'], ...], ...}
jira_screen_shots = None

    def test_1_selenium_zscale_view_test_cycle_in_issue_view(jira_webdriver, jira_datasets, jira_screen_shots):
>       extension_ui.zscale_view_test_cycle_in_issue_view(jira_webdriver, jira_datasets)

selenium_ui/jira_ui.py:70: 
_ _ _ _ _ _ _ _ _ _ _ _ _ _ _ _ _ _ _ _ _ _ _ _ _ _ _ _ _ _ _ _ _ _ _ _ _ _ _ _ 

webdriver = <selenium.webdriver.chrome.webdriver.WebDriver (session="cd23560879c09253cda3102213f36dda")>
datasets = {'custom_issues': [], 'issue_id': '210460', 'issue_key': 'AAFAIA-4952', 'issues': [['AABIS-1', '914565', 'AABIS'], ['A...', 'AABIS'], ['AABIS-4', '914568', 'AABIS'], ['AABIS-5', '914569', 'AABIS'], ['AABIS-6', '914570', 'AABIS'], ...], ...}

    def zscale_view_test_cycle_in_issue_view(webdriver, datasets):
        page = BasePage(webdriver)
>       issue_key = datasets['custom_issue_key']
    
        @print_timing("zephyr_scale_view_test_cycle_in_issue_view")
E       KeyError: 'custom_issue_key'

extension/jira/extension_ui.py:58: KeyError
04-27-2022, 11:19:51, 1651058391602, Action: test_1_selenium_zscale_view_test_plan_in_issue_view, Error: jira_webdriver = <selenium.webdriver.chrome.webdriver.WebDriver (session="cd23560879c09253cda3102213f36dda")>
jira_datasets = {'custom_issues': [], 'issue_id': '210460', 'issue_key': 'AAFAIA-4952', 'issues': [['AABIS-1', '914565', 'AABIS'], ['A...', 'AABIS'], ['AABIS-4', '914568', 'AABIS'], ['AABIS-5', '914569', 'AABIS'], ['AABIS-6', '914570', 'AABIS'], ...], ...}
jira_screen_shots = None

    def test_1_selenium_zscale_view_test_plan_in_issue_view(jira_webdriver, jira_datasets, jira_screen_shots):
>       extension_ui.zscale_view_test_plan_in_issue_view(jira_webdriver, jira_datasets)

selenium_ui/jira_ui.py:73: 
_ _ _ _ _ _ _ _ _ _ _ _ _ _ _ _ _ _ _ _ _ _ _ _ _ _ _ _ _ _ _ _ _ _ _ _ _ _ _ _ 

webdriver = <selenium.webdriver.chrome.webdriver.WebDriver (session="cd23560879c09253cda3102213f36dda")>
datasets = {'custom_issues': [], 'issue_id': '210460', 'issue_key': 'AAFAIA-4952', 'issues': [['AABIS-1', '914565', 'AABIS'], ['A...', 'AABIS'], ['AABIS-4', '914568', 'AABIS'], ['AABIS-5', '914569', 'AABIS'], ['AABIS-6', '914570', 'AABIS'], ...], ...}

    def zscale_view_test_plan_in_issue_view(webdriver, datasets):
        page = BasePage(webdriver)
>       issue_key = datasets['custom_issue_key']
    
        @print_timing("zephyr_scale_view_test_plan_in_issue_view")
E       KeyError: 'custom_issue_key'

extension/jira/extension_ui.py:69: KeyError
04-27-2022, 11:20:05, 1651058405993, Action: test_1_selenium_zscale_view_test_case_in_issue_view, Error: jira_webdriver = <selenium.webdriver.chrome.webdriver.WebDriver (session="cd23560879c09253cda3102213f36dda")>
jira_datasets = {'custom_issues': [], 'issue_id': '2032638', 'issue_key': 'AABIS-1289', 'issues': [['AABIS-1', '914565', 'AABIS'], ['A...', 'AABIS'], ['AABIS-4', '914568', 'AABIS'], ['AABIS-5', '914569', 'AABIS'], ['AABIS-6', '914570', 'AABIS'], ...], ...}
jira_screen_shots = None

    def test_1_selenium_zscale_view_test_case_in_issue_view(jira_webdriver, jira_datasets, jira_screen_shots):
>       extension_ui.zscale_view_test_case_in_issue_view(jira_webdriver, jira_datasets)

selenium_ui/jira_ui.py:67: 
_ _ _ _ _ _ _ _ _ _ _ _ _ _ _ _ _ _ _ _ _ _ _ _ _ _ _ _ _ _ _ _ _ _ _ _ _ _ _ _ 

webdriver = <selenium.webdriver.chrome.webdriver.WebDriver (session="cd23560879c09253cda3102213f36dda")>
datasets = {'custom_issues': [], 'issue_id': '2032638', 'issue_key': 'AABIS-1289', 'issues': [['AABIS-1', '914565', 'AABIS'], ['A...', 'AABIS'], ['AABIS-4', '914568', 'AABIS'], ['AABIS-5', '914569', 'AABIS'], ['AABIS-6', '914570', 'AABIS'], ...], ...}

    def zscale_view_test_case_in_issue_view(webdriver, datasets):
        page = BasePage(webdriver)
>       issue_key = datasets['custom_issue_key']
    
        @print_timing("zephyr_scale_view_test_case_in_issue_view")
E       KeyError: 'custom_issue_key'

extension/jira/extension_ui.py:47: KeyError
04-27-2022, 11:20:06, 1651058406491, Action: test_1_selenium_zscale_view_test_cycle_in_issue_view, Error: jira_webdriver = <selenium.webdriver.chrome.webdriver.WebDriver (session="cd23560879c09253cda3102213f36dda")>
jira_datasets = {'custom_issues': [], 'issue_id': '2032638', 'issue_key': 'AABIS-1289', 'issues': [['AABIS-1', '914565', 'AABIS'], ['A...', 'AABIS'], ['AABIS-4', '914568', 'AABIS'], ['AABIS-5', '914569', 'AABIS'], ['AABIS-6', '914570', 'AABIS'], ...], ...}
jira_screen_shots = None

    def test_1_selenium_zscale_view_test_cycle_in_issue_view(jira_webdriver, jira_datasets, jira_screen_shots):
>       extension_ui.zscale_view_test_cycle_in_issue_view(jira_webdriver, jira_datasets)

selenium_ui/jira_ui.py:70: 
_ _ _ _ _ _ _ _ _ _ _ _ _ _ _ _ _ _ _ _ _ _ _ _ _ _ _ _ _ _ _ _ _ _ _ _ _ _ _ _ 

webdriver = <selenium.webdriver.chrome.webdriver.WebDriver (session="cd23560879c09253cda3102213f36dda")>
datasets = {'custom_issues': [], 'issue_id': '2032638', 'issue_key': 'AABIS-1289', 'issues': [['AABIS-1', '914565', 'AABIS'], ['A...', 'AABIS'], ['AABIS-4', '914568', 'AABIS'], ['AABIS-5', '914569', 'AABIS'], ['AABIS-6', '914570', 'AABIS'], ...], ...}

    def zscale_view_test_cycle_in_issue_view(webdriver, datasets):
        page = BasePage(webdriver)
>       issue_key = datasets['custom_issue_key']
    
        @print_timing("zephyr_scale_view_test_cycle_in_issue_view")
E       KeyError: 'custom_issue_key'

extension/jira/extension_ui.py:58: KeyError
04-27-2022, 11:20:07, 1651058407072, Action: test_1_selenium_zscale_view_test_plan_in_issue_view, Error: jira_webdriver = <selenium.webdriver.chrome.webdriver.WebDriver (session="cd23560879c09253cda3102213f36dda")>
jira_datasets = {'custom_issues': [], 'issue_id': '2032638', 'issue_key': 'AABIS-1289', 'issues': [['AABIS-1', '914565', 'AABIS'], ['A...', 'AABIS'], ['AABIS-4', '914568', 'AABIS'], ['AABIS-5', '914569', 'AABIS'], ['AABIS-6', '914570', 'AABIS'], ...], ...}
jira_screen_shots = None

    def test_1_selenium_zscale_view_test_plan_in_issue_view(jira_webdriver, jira_datasets, jira_screen_shots):
>       extension_ui.zscale_view_test_plan_in_issue_view(jira_webdriver, jira_datasets)

selenium_ui/jira_ui.py:73: 
_ _ _ _ _ _ _ _ _ _ _ _ _ _ _ _ _ _ _ _ _ _ _ _ _ _ _ _ _ _ _ _ _ _ _ _ _ _ _ _ 

webdriver = <selenium.webdriver.chrome.webdriver.WebDriver (session="cd23560879c09253cda3102213f36dda")>
datasets = {'custom_issues': [], 'issue_id': '2032638', 'issue_key': 'AABIS-1289', 'issues': [['AABIS-1', '914565', 'AABIS'], ['A...', 'AABIS'], ['AABIS-4', '914568', 'AABIS'], ['AABIS-5', '914569', 'AABIS'], ['AABIS-6', '914570', 'AABIS'], ...], ...}

    def zscale_view_test_plan_in_issue_view(webdriver, datasets):
        page = BasePage(webdriver)
>       issue_key = datasets['custom_issue_key']
    
        @print_timing("zephyr_scale_view_test_plan_in_issue_view")
E       KeyError: 'custom_issue_key'

extension/jira/extension_ui.py:69: KeyError
04-27-2022, 11:20:21, 1651058421257, Action: test_1_selenium_zscale_view_test_case_in_issue_view, Error: jira_webdriver = <selenium.webdriver.chrome.webdriver.WebDriver (session="cd23560879c09253cda3102213f36dda")>
jira_datasets = {'custom_issues': [], 'issue_id': '207215', 'issue_key': 'AAFAIA-1707', 'issues': [['AABIS-1', '914565', 'AABIS'], ['A...', 'AABIS'], ['AABIS-4', '914568', 'AABIS'], ['AABIS-5', '914569', 'AABIS'], ['AABIS-6', '914570', 'AABIS'], ...], ...}
jira_screen_shots = None

    def test_1_selenium_zscale_view_test_case_in_issue_view(jira_webdriver, jira_datasets, jira_screen_shots):
>       extension_ui.zscale_view_test_case_in_issue_view(jira_webdriver, jira_datasets)

selenium_ui/jira_ui.py:67: 
_ _ _ _ _ _ _ _ _ _ _ _ _ _ _ _ _ _ _ _ _ _ _ _ _ _ _ _ _ _ _ _ _ _ _ _ _ _ _ _ 

webdriver = <selenium.webdriver.chrome.webdriver.WebDriver (session="cd23560879c09253cda3102213f36dda")>
datasets = {'custom_issues': [], 'issue_id': '207215', 'issue_key': 'AAFAIA-1707', 'issues': [['AABIS-1', '914565', 'AABIS'], ['A...', 'AABIS'], ['AABIS-4', '914568', 'AABIS'], ['AABIS-5', '914569', 'AABIS'], ['AABIS-6', '914570', 'AABIS'], ...], ...}

    def zscale_view_test_case_in_issue_view(webdriver, datasets):
        page = BasePage(webdriver)
>       issue_key = datasets['custom_issue_key']
    
        @print_timing("zephyr_scale_view_test_case_in_issue_view")
E       KeyError: 'custom_issue_key'

extension/jira/extension_ui.py:47: KeyError
04-27-2022, 11:20:21, 1651058421840, Action: test_1_selenium_zscale_view_test_cycle_in_issue_view, Error: jira_webdriver = <selenium.webdriver.chrome.webdriver.WebDriver (session="cd23560879c09253cda3102213f36dda")>
jira_datasets = {'custom_issues': [], 'issue_id': '207215', 'issue_key': 'AAFAIA-1707', 'issues': [['AABIS-1', '914565', 'AABIS'], ['A...', 'AABIS'], ['AABIS-4', '914568', 'AABIS'], ['AABIS-5', '914569', 'AABIS'], ['AABIS-6', '914570', 'AABIS'], ...], ...}
jira_screen_shots = None

    def test_1_selenium_zscale_view_test_cycle_in_issue_view(jira_webdriver, jira_datasets, jira_screen_shots):
>       extension_ui.zscale_view_test_cycle_in_issue_view(jira_webdriver, jira_datasets)

selenium_ui/jira_ui.py:70: 
_ _ _ _ _ _ _ _ _ _ _ _ _ _ _ _ _ _ _ _ _ _ _ _ _ _ _ _ _ _ _ _ _ _ _ _ _ _ _ _ 

webdriver = <selenium.webdriver.chrome.webdriver.WebDriver (session="cd23560879c09253cda3102213f36dda")>
datasets = {'custom_issues': [], 'issue_id': '207215', 'issue_key': 'AAFAIA-1707', 'issues': [['AABIS-1', '914565', 'AABIS'], ['A...', 'AABIS'], ['AABIS-4', '914568', 'AABIS'], ['AABIS-5', '914569', 'AABIS'], ['AABIS-6', '914570', 'AABIS'], ...], ...}

    def zscale_view_test_cycle_in_issue_view(webdriver, datasets):
        page = BasePage(webdriver)
>       issue_key = datasets['custom_issue_key']
    
        @print_timing("zephyr_scale_view_test_cycle_in_issue_view")
E       KeyError: 'custom_issue_key'

extension/jira/extension_ui.py:58: KeyError
04-27-2022, 11:20:22, 1651058422388, Action: test_1_selenium_zscale_view_test_plan_in_issue_view, Error: jira_webdriver = <selenium.webdriver.chrome.webdriver.WebDriver (session="cd23560879c09253cda3102213f36dda")>
jira_datasets = {'custom_issues': [], 'issue_id': '207215', 'issue_key': 'AAFAIA-1707', 'issues': [['AABIS-1', '914565', 'AABIS'], ['A...', 'AABIS'], ['AABIS-4', '914568', 'AABIS'], ['AABIS-5', '914569', 'AABIS'], ['AABIS-6', '914570', 'AABIS'], ...], ...}
jira_screen_shots = None

    def test_1_selenium_zscale_view_test_plan_in_issue_view(jira_webdriver, jira_datasets, jira_screen_shots):
>       extension_ui.zscale_view_test_plan_in_issue_view(jira_webdriver, jira_datasets)

selenium_ui/jira_ui.py:73: 
_ _ _ _ _ _ _ _ _ _ _ _ _ _ _ _ _ _ _ _ _ _ _ _ _ _ _ _ _ _ _ _ _ _ _ _ _ _ _ _ 

webdriver = <selenium.webdriver.chrome.webdriver.WebDriver (session="cd23560879c09253cda3102213f36dda")>
datasets = {'custom_issues': [], 'issue_id': '207215', 'issue_key': 'AAFAIA-1707', 'issues': [['AABIS-1', '914565', 'AABIS'], ['A...', 'AABIS'], ['AABIS-4', '914568', 'AABIS'], ['AABIS-5', '914569', 'AABIS'], ['AABIS-6', '914570', 'AABIS'], ...], ...}

    def zscale_view_test_plan_in_issue_view(webdriver, datasets):
        page = BasePage(webdriver)
>       issue_key = datasets['custom_issue_key']
    
        @print_timing("zephyr_scale_view_test_plan_in_issue_view")
E       KeyError: 'custom_issue_key'

extension/jira/extension_ui.py:69: KeyError
04-27-2022, 11:20:36, 1651058436632, Action: test_1_selenium_zscale_view_test_case_in_issue_view, Error: jira_webdriver = <selenium.webdriver.chrome.webdriver.WebDriver (session="cd23560879c09253cda3102213f36dda")>
jira_datasets = {'custom_issues': [], 'issue_id': '2091844', 'issue_key': 'AABIS-2628', 'issues': [['AABIS-1', '914565', 'AABIS'], ['A...', 'AABIS'], ['AABIS-4', '914568', 'AABIS'], ['AABIS-5', '914569', 'AABIS'], ['AABIS-6', '914570', 'AABIS'], ...], ...}
jira_screen_shots = None

    def test_1_selenium_zscale_view_test_case_in_issue_view(jira_webdriver, jira_datasets, jira_screen_shots):
>       extension_ui.zscale_view_test_case_in_issue_view(jira_webdriver, jira_datasets)

selenium_ui/jira_ui.py:67: 
_ _ _ _ _ _ _ _ _ _ _ _ _ _ _ _ _ _ _ _ _ _ _ _ _ _ _ _ _ _ _ _ _ _ _ _ _ _ _ _ 

webdriver = <selenium.webdriver.chrome.webdriver.WebDriver (session="cd23560879c09253cda3102213f36dda")>
datasets = {'custom_issues': [], 'issue_id': '2091844', 'issue_key': 'AABIS-2628', 'issues': [['AABIS-1', '914565', 'AABIS'], ['A...', 'AABIS'], ['AABIS-4', '914568', 'AABIS'], ['AABIS-5', '914569', 'AABIS'], ['AABIS-6', '914570', 'AABIS'], ...], ...}

    def zscale_view_test_case_in_issue_view(webdriver, datasets):
        page = BasePage(webdriver)
>       issue_key = datasets['custom_issue_key']
    
        @print_timing("zephyr_scale_view_test_case_in_issue_view")
E       KeyError: 'custom_issue_key'

extension/jira/extension_ui.py:47: KeyError
04-27-2022, 11:20:37, 1651058437224, Action: test_1_selenium_zscale_view_test_cycle_in_issue_view, Error: jira_webdriver = <selenium.webdriver.chrome.webdriver.WebDriver (session="cd23560879c09253cda3102213f36dda")>
jira_datasets = {'custom_issues': [], 'issue_id': '2091844', 'issue_key': 'AABIS-2628', 'issues': [['AABIS-1', '914565', 'AABIS'], ['A...', 'AABIS'], ['AABIS-4', '914568', 'AABIS'], ['AABIS-5', '914569', 'AABIS'], ['AABIS-6', '914570', 'AABIS'], ...], ...}
jira_screen_shots = None

    def test_1_selenium_zscale_view_test_cycle_in_issue_view(jira_webdriver, jira_datasets, jira_screen_shots):
>       extension_ui.zscale_view_test_cycle_in_issue_view(jira_webdriver, jira_datasets)

selenium_ui/jira_ui.py:70: 
_ _ _ _ _ _ _ _ _ _ _ _ _ _ _ _ _ _ _ _ _ _ _ _ _ _ _ _ _ _ _ _ _ _ _ _ _ _ _ _ 

webdriver = <selenium.webdriver.chrome.webdriver.WebDriver (session="cd23560879c09253cda3102213f36dda")>
datasets = {'custom_issues': [], 'issue_id': '2091844', 'issue_key': 'AABIS-2628', 'issues': [['AABIS-1', '914565', 'AABIS'], ['A...', 'AABIS'], ['AABIS-4', '914568', 'AABIS'], ['AABIS-5', '914569', 'AABIS'], ['AABIS-6', '914570', 'AABIS'], ...], ...}

    def zscale_view_test_cycle_in_issue_view(webdriver, datasets):
        page = BasePage(webdriver)
>       issue_key = datasets['custom_issue_key']
    
        @print_timing("zephyr_scale_view_test_cycle_in_issue_view")
E       KeyError: 'custom_issue_key'

extension/jira/extension_ui.py:58: KeyError
04-27-2022, 11:20:37, 1651058437757, Action: test_1_selenium_zscale_view_test_plan_in_issue_view, Error: jira_webdriver = <selenium.webdriver.chrome.webdriver.WebDriver (session="cd23560879c09253cda3102213f36dda")>
jira_datasets = {'custom_issues': [], 'issue_id': '2091844', 'issue_key': 'AABIS-2628', 'issues': [['AABIS-1', '914565', 'AABIS'], ['A...', 'AABIS'], ['AABIS-4', '914568', 'AABIS'], ['AABIS-5', '914569', 'AABIS'], ['AABIS-6', '914570', 'AABIS'], ...], ...}
jira_screen_shots = None

    def test_1_selenium_zscale_view_test_plan_in_issue_view(jira_webdriver, jira_datasets, jira_screen_shots):
>       extension_ui.zscale_view_test_plan_in_issue_view(jira_webdriver, jira_datasets)

selenium_ui/jira_ui.py:73: 
_ _ _ _ _ _ _ _ _ _ _ _ _ _ _ _ _ _ _ _ _ _ _ _ _ _ _ _ _ _ _ _ _ _ _ _ _ _ _ _ 

webdriver = <selenium.webdriver.chrome.webdriver.WebDriver (session="cd23560879c09253cda3102213f36dda")>
datasets = {'custom_issues': [], 'issue_id': '2091844', 'issue_key': 'AABIS-2628', 'issues': [['AABIS-1', '914565', 'AABIS'], ['A...', 'AABIS'], ['AABIS-4', '914568', 'AABIS'], ['AABIS-5', '914569', 'AABIS'], ['AABIS-6', '914570', 'AABIS'], ...], ...}

    def zscale_view_test_plan_in_issue_view(webdriver, datasets):
        page = BasePage(webdriver)
>       issue_key = datasets['custom_issue_key']
    
        @print_timing("zephyr_scale_view_test_plan_in_issue_view")
E       KeyError: 'custom_issue_key'

extension/jira/extension_ui.py:69: KeyError
04-27-2022, 11:20:51, 1651058451807, Action: test_1_selenium_zscale_view_test_case_in_issue_view, Error: jira_webdriver = <selenium.webdriver.chrome.webdriver.WebDriver (session="cd23560879c09253cda3102213f36dda")>
jira_datasets = {'custom_issues': [], 'issue_id': '206123', 'issue_key': 'AAFAIA-615', 'issues': [['AABIS-1', '914565', 'AABIS'], ['AA...', 'AABIS'], ['AABIS-4', '914568', 'AABIS'], ['AABIS-5', '914569', 'AABIS'], ['AABIS-6', '914570', 'AABIS'], ...], ...}
jira_screen_shots = None

    def test_1_selenium_zscale_view_test_case_in_issue_view(jira_webdriver, jira_datasets, jira_screen_shots):
>       extension_ui.zscale_view_test_case_in_issue_view(jira_webdriver, jira_datasets)

selenium_ui/jira_ui.py:67: 
_ _ _ _ _ _ _ _ _ _ _ _ _ _ _ _ _ _ _ _ _ _ _ _ _ _ _ _ _ _ _ _ _ _ _ _ _ _ _ _ 

webdriver = <selenium.webdriver.chrome.webdriver.WebDriver (session="cd23560879c09253cda3102213f36dda")>
datasets = {'custom_issues': [], 'issue_id': '206123', 'issue_key': 'AAFAIA-615', 'issues': [['AABIS-1', '914565', 'AABIS'], ['AA...', 'AABIS'], ['AABIS-4', '914568', 'AABIS'], ['AABIS-5', '914569', 'AABIS'], ['AABIS-6', '914570', 'AABIS'], ...], ...}

    def zscale_view_test_case_in_issue_view(webdriver, datasets):
        page = BasePage(webdriver)
>       issue_key = datasets['custom_issue_key']
    
        @print_timing("zephyr_scale_view_test_case_in_issue_view")
E       KeyError: 'custom_issue_key'

extension/jira/extension_ui.py:47: KeyError
04-27-2022, 11:20:52, 1651058452307, Action: test_1_selenium_zscale_view_test_cycle_in_issue_view, Error: jira_webdriver = <selenium.webdriver.chrome.webdriver.WebDriver (session="cd23560879c09253cda3102213f36dda")>
jira_datasets = {'custom_issues': [], 'issue_id': '206123', 'issue_key': 'AAFAIA-615', 'issues': [['AABIS-1', '914565', 'AABIS'], ['AA...', 'AABIS'], ['AABIS-4', '914568', 'AABIS'], ['AABIS-5', '914569', 'AABIS'], ['AABIS-6', '914570', 'AABIS'], ...], ...}
jira_screen_shots = None

    def test_1_selenium_zscale_view_test_cycle_in_issue_view(jira_webdriver, jira_datasets, jira_screen_shots):
>       extension_ui.zscale_view_test_cycle_in_issue_view(jira_webdriver, jira_datasets)

selenium_ui/jira_ui.py:70: 
_ _ _ _ _ _ _ _ _ _ _ _ _ _ _ _ _ _ _ _ _ _ _ _ _ _ _ _ _ _ _ _ _ _ _ _ _ _ _ _ 

webdriver = <selenium.webdriver.chrome.webdriver.WebDriver (session="cd23560879c09253cda3102213f36dda")>
datasets = {'custom_issues': [], 'issue_id': '206123', 'issue_key': 'AAFAIA-615', 'issues': [['AABIS-1', '914565', 'AABIS'], ['AA...', 'AABIS'], ['AABIS-4', '914568', 'AABIS'], ['AABIS-5', '914569', 'AABIS'], ['AABIS-6', '914570', 'AABIS'], ...], ...}

    def zscale_view_test_cycle_in_issue_view(webdriver, datasets):
        page = BasePage(webdriver)
>       issue_key = datasets['custom_issue_key']
    
        @print_timing("zephyr_scale_view_test_cycle_in_issue_view")
E       KeyError: 'custom_issue_key'

extension/jira/extension_ui.py:58: KeyError
04-27-2022, 11:20:52, 1651058452924, Action: test_1_selenium_zscale_view_test_plan_in_issue_view, Error: jira_webdriver = <selenium.webdriver.chrome.webdriver.WebDriver (session="cd23560879c09253cda3102213f36dda")>
jira_datasets = {'custom_issues': [], 'issue_id': '206123', 'issue_key': 'AAFAIA-615', 'issues': [['AABIS-1', '914565', 'AABIS'], ['AA...', 'AABIS'], ['AABIS-4', '914568', 'AABIS'], ['AABIS-5', '914569', 'AABIS'], ['AABIS-6', '914570', 'AABIS'], ...], ...}
jira_screen_shots = None

    def test_1_selenium_zscale_view_test_plan_in_issue_view(jira_webdriver, jira_datasets, jira_screen_shots):
>       extension_ui.zscale_view_test_plan_in_issue_view(jira_webdriver, jira_datasets)

selenium_ui/jira_ui.py:73: 
_ _ _ _ _ _ _ _ _ _ _ _ _ _ _ _ _ _ _ _ _ _ _ _ _ _ _ _ _ _ _ _ _ _ _ _ _ _ _ _ 

webdriver = <selenium.webdriver.chrome.webdriver.WebDriver (session="cd23560879c09253cda3102213f36dda")>
datasets = {'custom_issues': [], 'issue_id': '206123', 'issue_key': 'AAFAIA-615', 'issues': [['AABIS-1', '914565', 'AABIS'], ['AA...', 'AABIS'], ['AABIS-4', '914568', 'AABIS'], ['AABIS-5', '914569', 'AABIS'], ['AABIS-6', '914570', 'AABIS'], ...], ...}

    def zscale_view_test_plan_in_issue_view(webdriver, datasets):
        page = BasePage(webdriver)
>       issue_key = datasets['custom_issue_key']
    
        @print_timing("zephyr_scale_view_test_plan_in_issue_view")
E       KeyError: 'custom_issue_key'

extension/jira/extension_ui.py:69: KeyError
04-27-2022, 11:21:06, 1651058466888, Action: test_1_selenium_zscale_view_test_case_in_issue_view, Error: jira_webdriver = <selenium.webdriver.chrome.webdriver.WebDriver (session="cd23560879c09253cda3102213f36dda")>
jira_datasets = {'custom_issues': [], 'issue_id': '210142', 'issue_key': 'AAFAIA-4634', 'issues': [['AABIS-1', '914565', 'AABIS'], ['A...', 'AABIS'], ['AABIS-4', '914568', 'AABIS'], ['AABIS-5', '914569', 'AABIS'], ['AABIS-6', '914570', 'AABIS'], ...], ...}
jira_screen_shots = None

    def test_1_selenium_zscale_view_test_case_in_issue_view(jira_webdriver, jira_datasets, jira_screen_shots):
>       extension_ui.zscale_view_test_case_in_issue_view(jira_webdriver, jira_datasets)

selenium_ui/jira_ui.py:67: 
_ _ _ _ _ _ _ _ _ _ _ _ _ _ _ _ _ _ _ _ _ _ _ _ _ _ _ _ _ _ _ _ _ _ _ _ _ _ _ _ 

webdriver = <selenium.webdriver.chrome.webdriver.WebDriver (session="cd23560879c09253cda3102213f36dda")>
datasets = {'custom_issues': [], 'issue_id': '210142', 'issue_key': 'AAFAIA-4634', 'issues': [['AABIS-1', '914565', 'AABIS'], ['A...', 'AABIS'], ['AABIS-4', '914568', 'AABIS'], ['AABIS-5', '914569', 'AABIS'], ['AABIS-6', '914570', 'AABIS'], ...], ...}

    def zscale_view_test_case_in_issue_view(webdriver, datasets):
        page = BasePage(webdriver)
>       issue_key = datasets['custom_issue_key']
    
        @print_timing("zephyr_scale_view_test_case_in_issue_view")
E       KeyError: 'custom_issue_key'

extension/jira/extension_ui.py:47: KeyError
04-27-2022, 11:21:07, 1651058467397, Action: test_1_selenium_zscale_view_test_cycle_in_issue_view, Error: jira_webdriver = <selenium.webdriver.chrome.webdriver.WebDriver (session="cd23560879c09253cda3102213f36dda")>
jira_datasets = {'custom_issues': [], 'issue_id': '210142', 'issue_key': 'AAFAIA-4634', 'issues': [['AABIS-1', '914565', 'AABIS'], ['A...', 'AABIS'], ['AABIS-4', '914568', 'AABIS'], ['AABIS-5', '914569', 'AABIS'], ['AABIS-6', '914570', 'AABIS'], ...], ...}
jira_screen_shots = None

    def test_1_selenium_zscale_view_test_cycle_in_issue_view(jira_webdriver, jira_datasets, jira_screen_shots):
>       extension_ui.zscale_view_test_cycle_in_issue_view(jira_webdriver, jira_datasets)

selenium_ui/jira_ui.py:70: 
_ _ _ _ _ _ _ _ _ _ _ _ _ _ _ _ _ _ _ _ _ _ _ _ _ _ _ _ _ _ _ _ _ _ _ _ _ _ _ _ 

webdriver = <selenium.webdriver.chrome.webdriver.WebDriver (session="cd23560879c09253cda3102213f36dda")>
datasets = {'custom_issues': [], 'issue_id': '210142', 'issue_key': 'AAFAIA-4634', 'issues': [['AABIS-1', '914565', 'AABIS'], ['A...', 'AABIS'], ['AABIS-4', '914568', 'AABIS'], ['AABIS-5', '914569', 'AABIS'], ['AABIS-6', '914570', 'AABIS'], ...], ...}

    def zscale_view_test_cycle_in_issue_view(webdriver, datasets):
        page = BasePage(webdriver)
>       issue_key = datasets['custom_issue_key']
    
        @print_timing("zephyr_scale_view_test_cycle_in_issue_view")
E       KeyError: 'custom_issue_key'

extension/jira/extension_ui.py:58: KeyError
04-27-2022, 11:21:07, 1651058467921, Action: test_1_selenium_zscale_view_test_plan_in_issue_view, Error: jira_webdriver = <selenium.webdriver.chrome.webdriver.WebDriver (session="cd23560879c09253cda3102213f36dda")>
jira_datasets = {'custom_issues': [], 'issue_id': '210142', 'issue_key': 'AAFAIA-4634', 'issues': [['AABIS-1', '914565', 'AABIS'], ['A...', 'AABIS'], ['AABIS-4', '914568', 'AABIS'], ['AABIS-5', '914569', 'AABIS'], ['AABIS-6', '914570', 'AABIS'], ...], ...}
jira_screen_shots = None

    def test_1_selenium_zscale_view_test_plan_in_issue_view(jira_webdriver, jira_datasets, jira_screen_shots):
>       extension_ui.zscale_view_test_plan_in_issue_view(jira_webdriver, jira_datasets)

selenium_ui/jira_ui.py:73: 
_ _ _ _ _ _ _ _ _ _ _ _ _ _ _ _ _ _ _ _ _ _ _ _ _ _ _ _ _ _ _ _ _ _ _ _ _ _ _ _ 

webdriver = <selenium.webdriver.chrome.webdriver.WebDriver (session="cd23560879c09253cda3102213f36dda")>
datasets = {'custom_issues': [], 'issue_id': '210142', 'issue_key': 'AAFAIA-4634', 'issues': [['AABIS-1', '914565', 'AABIS'], ['A...', 'AABIS'], ['AABIS-4', '914568', 'AABIS'], ['AABIS-5', '914569', 'AABIS'], ['AABIS-6', '914570', 'AABIS'], ...], ...}

    def zscale_view_test_plan_in_issue_view(webdriver, datasets):
        page = BasePage(webdriver)
>       issue_key = datasets['custom_issue_key']
    
        @print_timing("zephyr_scale_view_test_plan_in_issue_view")
E       KeyError: 'custom_issue_key'

extension/jira/extension_ui.py:69: KeyError
04-27-2022, 11:21:21, 1651058481779, Action: test_1_selenium_zscale_view_test_case_in_issue_view, Error: jira_webdriver = <selenium.webdriver.chrome.webdriver.WebDriver (session="cd23560879c09253cda3102213f36dda")>
jira_datasets = {'custom_issues': [], 'issue_id': '207287', 'issue_key': 'AAFAIA-1779', 'issues': [['AABIS-1', '914565', 'AABIS'], ['A...', 'AABIS'], ['AABIS-4', '914568', 'AABIS'], ['AABIS-5', '914569', 'AABIS'], ['AABIS-6', '914570', 'AABIS'], ...], ...}
jira_screen_shots = None

    def test_1_selenium_zscale_view_test_case_in_issue_view(jira_webdriver, jira_datasets, jira_screen_shots):
>       extension_ui.zscale_view_test_case_in_issue_view(jira_webdriver, jira_datasets)

selenium_ui/jira_ui.py:67: 
_ _ _ _ _ _ _ _ _ _ _ _ _ _ _ _ _ _ _ _ _ _ _ _ _ _ _ _ _ _ _ _ _ _ _ _ _ _ _ _ 

webdriver = <selenium.webdriver.chrome.webdriver.WebDriver (session="cd23560879c09253cda3102213f36dda")>
datasets = {'custom_issues': [], 'issue_id': '207287', 'issue_key': 'AAFAIA-1779', 'issues': [['AABIS-1', '914565', 'AABIS'], ['A...', 'AABIS'], ['AABIS-4', '914568', 'AABIS'], ['AABIS-5', '914569', 'AABIS'], ['AABIS-6', '914570', 'AABIS'], ...], ...}

    def zscale_view_test_case_in_issue_view(webdriver, datasets):
        page = BasePage(webdriver)
>       issue_key = datasets['custom_issue_key']
    
        @print_timing("zephyr_scale_view_test_case_in_issue_view")
E       KeyError: 'custom_issue_key'

extension/jira/extension_ui.py:47: KeyError
04-27-2022, 11:21:22, 1651058482356, Action: test_1_selenium_zscale_view_test_cycle_in_issue_view, Error: jira_webdriver = <selenium.webdriver.chrome.webdriver.WebDriver (session="cd23560879c09253cda3102213f36dda")>
jira_datasets = {'custom_issues': [], 'issue_id': '207287', 'issue_key': 'AAFAIA-1779', 'issues': [['AABIS-1', '914565', 'AABIS'], ['A...', 'AABIS'], ['AABIS-4', '914568', 'AABIS'], ['AABIS-5', '914569', 'AABIS'], ['AABIS-6', '914570', 'AABIS'], ...], ...}
jira_screen_shots = None

    def test_1_selenium_zscale_view_test_cycle_in_issue_view(jira_webdriver, jira_datasets, jira_screen_shots):
>       extension_ui.zscale_view_test_cycle_in_issue_view(jira_webdriver, jira_datasets)

selenium_ui/jira_ui.py:70: 
_ _ _ _ _ _ _ _ _ _ _ _ _ _ _ _ _ _ _ _ _ _ _ _ _ _ _ _ _ _ _ _ _ _ _ _ _ _ _ _ 

webdriver = <selenium.webdriver.chrome.webdriver.WebDriver (session="cd23560879c09253cda3102213f36dda")>
datasets = {'custom_issues': [], 'issue_id': '207287', 'issue_key': 'AAFAIA-1779', 'issues': [['AABIS-1', '914565', 'AABIS'], ['A...', 'AABIS'], ['AABIS-4', '914568', 'AABIS'], ['AABIS-5', '914569', 'AABIS'], ['AABIS-6', '914570', 'AABIS'], ...], ...}

    def zscale_view_test_cycle_in_issue_view(webdriver, datasets):
        page = BasePage(webdriver)
>       issue_key = datasets['custom_issue_key']
    
        @print_timing("zephyr_scale_view_test_cycle_in_issue_view")
E       KeyError: 'custom_issue_key'

extension/jira/extension_ui.py:58: KeyError
04-27-2022, 11:21:22, 1651058482916, Action: test_1_selenium_zscale_view_test_plan_in_issue_view, Error: jira_webdriver = <selenium.webdriver.chrome.webdriver.WebDriver (session="cd23560879c09253cda3102213f36dda")>
jira_datasets = {'custom_issues': [], 'issue_id': '207287', 'issue_key': 'AAFAIA-1779', 'issues': [['AABIS-1', '914565', 'AABIS'], ['A...', 'AABIS'], ['AABIS-4', '914568', 'AABIS'], ['AABIS-5', '914569', 'AABIS'], ['AABIS-6', '914570', 'AABIS'], ...], ...}
jira_screen_shots = None

    def test_1_selenium_zscale_view_test_plan_in_issue_view(jira_webdriver, jira_datasets, jira_screen_shots):
>       extension_ui.zscale_view_test_plan_in_issue_view(jira_webdriver, jira_datasets)

selenium_ui/jira_ui.py:73: 
_ _ _ _ _ _ _ _ _ _ _ _ _ _ _ _ _ _ _ _ _ _ _ _ _ _ _ _ _ _ _ _ _ _ _ _ _ _ _ _ 

webdriver = <selenium.webdriver.chrome.webdriver.WebDriver (session="cd23560879c09253cda3102213f36dda")>
datasets = {'custom_issues': [], 'issue_id': '207287', 'issue_key': 'AAFAIA-1779', 'issues': [['AABIS-1', '914565', 'AABIS'], ['A...', 'AABIS'], ['AABIS-4', '914568', 'AABIS'], ['AABIS-5', '914569', 'AABIS'], ['AABIS-6', '914570', 'AABIS'], ...], ...}

    def zscale_view_test_plan_in_issue_view(webdriver, datasets):
        page = BasePage(webdriver)
>       issue_key = datasets['custom_issue_key']
    
        @print_timing("zephyr_scale_view_test_plan_in_issue_view")
E       KeyError: 'custom_issue_key'

extension/jira/extension_ui.py:69: KeyError
04-27-2022, 11:21:37, 1651058497438, Action: test_1_selenium_zscale_view_test_case_in_issue_view, Error: jira_webdriver = <selenium.webdriver.chrome.webdriver.WebDriver (session="cd23560879c09253cda3102213f36dda")>
jira_datasets = {'custom_issues': [], 'issue_id': '2060876', 'issue_key': 'AABIS-2035', 'issues': [['AABIS-1', '914565', 'AABIS'], ['A...', 'AABIS'], ['AABIS-4', '914568', 'AABIS'], ['AABIS-5', '914569', 'AABIS'], ['AABIS-6', '914570', 'AABIS'], ...], ...}
jira_screen_shots = None

    def test_1_selenium_zscale_view_test_case_in_issue_view(jira_webdriver, jira_datasets, jira_screen_shots):
>       extension_ui.zscale_view_test_case_in_issue_view(jira_webdriver, jira_datasets)

selenium_ui/jira_ui.py:67: 
_ _ _ _ _ _ _ _ _ _ _ _ _ _ _ _ _ _ _ _ _ _ _ _ _ _ _ _ _ _ _ _ _ _ _ _ _ _ _ _ 

webdriver = <selenium.webdriver.chrome.webdriver.WebDriver (session="cd23560879c09253cda3102213f36dda")>
datasets = {'custom_issues': [], 'issue_id': '2060876', 'issue_key': 'AABIS-2035', 'issues': [['AABIS-1', '914565', 'AABIS'], ['A...', 'AABIS'], ['AABIS-4', '914568', 'AABIS'], ['AABIS-5', '914569', 'AABIS'], ['AABIS-6', '914570', 'AABIS'], ...], ...}

    def zscale_view_test_case_in_issue_view(webdriver, datasets):
        page = BasePage(webdriver)
>       issue_key = datasets['custom_issue_key']
    
        @print_timing("zephyr_scale_view_test_case_in_issue_view")
E       KeyError: 'custom_issue_key'

extension/jira/extension_ui.py:47: KeyError
04-27-2022, 11:21:37, 1651058497929, Action: test_1_selenium_zscale_view_test_cycle_in_issue_view, Error: jira_webdriver = <selenium.webdriver.chrome.webdriver.WebDriver (session="cd23560879c09253cda3102213f36dda")>
jira_datasets = {'custom_issues': [], 'issue_id': '2060876', 'issue_key': 'AABIS-2035', 'issues': [['AABIS-1', '914565', 'AABIS'], ['A...', 'AABIS'], ['AABIS-4', '914568', 'AABIS'], ['AABIS-5', '914569', 'AABIS'], ['AABIS-6', '914570', 'AABIS'], ...], ...}
jira_screen_shots = None

    def test_1_selenium_zscale_view_test_cycle_in_issue_view(jira_webdriver, jira_datasets, jira_screen_shots):
>       extension_ui.zscale_view_test_cycle_in_issue_view(jira_webdriver, jira_datasets)

selenium_ui/jira_ui.py:70: 
_ _ _ _ _ _ _ _ _ _ _ _ _ _ _ _ _ _ _ _ _ _ _ _ _ _ _ _ _ _ _ _ _ _ _ _ _ _ _ _ 

webdriver = <selenium.webdriver.chrome.webdriver.WebDriver (session="cd23560879c09253cda3102213f36dda")>
datasets = {'custom_issues': [], 'issue_id': '2060876', 'issue_key': 'AABIS-2035', 'issues': [['AABIS-1', '914565', 'AABIS'], ['A...', 'AABIS'], ['AABIS-4', '914568', 'AABIS'], ['AABIS-5', '914569', 'AABIS'], ['AABIS-6', '914570', 'AABIS'], ...], ...}

    def zscale_view_test_cycle_in_issue_view(webdriver, datasets):
        page = BasePage(webdriver)
>       issue_key = datasets['custom_issue_key']
    
        @print_timing("zephyr_scale_view_test_cycle_in_issue_view")
E       KeyError: 'custom_issue_key'

extension/jira/extension_ui.py:58: KeyError
04-27-2022, 11:21:38, 1651058498487, Action: test_1_selenium_zscale_view_test_plan_in_issue_view, Error: jira_webdriver = <selenium.webdriver.chrome.webdriver.WebDriver (session="cd23560879c09253cda3102213f36dda")>
jira_datasets = {'custom_issues': [], 'issue_id': '2060876', 'issue_key': 'AABIS-2035', 'issues': [['AABIS-1', '914565', 'AABIS'], ['A...', 'AABIS'], ['AABIS-4', '914568', 'AABIS'], ['AABIS-5', '914569', 'AABIS'], ['AABIS-6', '914570', 'AABIS'], ...], ...}
jira_screen_shots = None

    def test_1_selenium_zscale_view_test_plan_in_issue_view(jira_webdriver, jira_datasets, jira_screen_shots):
>       extension_ui.zscale_view_test_plan_in_issue_view(jira_webdriver, jira_datasets)

selenium_ui/jira_ui.py:73: 
_ _ _ _ _ _ _ _ _ _ _ _ _ _ _ _ _ _ _ _ _ _ _ _ _ _ _ _ _ _ _ _ _ _ _ _ _ _ _ _ 

webdriver = <selenium.webdriver.chrome.webdriver.WebDriver (session="cd23560879c09253cda3102213f36dda")>
datasets = {'custom_issues': [], 'issue_id': '2060876', 'issue_key': 'AABIS-2035', 'issues': [['AABIS-1', '914565', 'AABIS'], ['A...', 'AABIS'], ['AABIS-4', '914568', 'AABIS'], ['AABIS-5', '914569', 'AABIS'], ['AABIS-6', '914570', 'AABIS'], ...], ...}

    def zscale_view_test_plan_in_issue_view(webdriver, datasets):
        page = BasePage(webdriver)
>       issue_key = datasets['custom_issue_key']
    
        @print_timing("zephyr_scale_view_test_plan_in_issue_view")
E       KeyError: 'custom_issue_key'

extension/jira/extension_ui.py:69: KeyError
04-27-2022, 11:21:53, 1651058513055, Action: test_1_selenium_zscale_view_test_case_in_issue_view, Error: jira_webdriver = <selenium.webdriver.chrome.webdriver.WebDriver (session="cd23560879c09253cda3102213f36dda")>
jira_datasets = {'custom_issues': [], 'issue_id': '207003', 'issue_key': 'AAFAIA-1495', 'issues': [['AABIS-1', '914565', 'AABIS'], ['A...', 'AABIS'], ['AABIS-4', '914568', 'AABIS'], ['AABIS-5', '914569', 'AABIS'], ['AABIS-6', '914570', 'AABIS'], ...], ...}
jira_screen_shots = None

    def test_1_selenium_zscale_view_test_case_in_issue_view(jira_webdriver, jira_datasets, jira_screen_shots):
>       extension_ui.zscale_view_test_case_in_issue_view(jira_webdriver, jira_datasets)

selenium_ui/jira_ui.py:67: 
_ _ _ _ _ _ _ _ _ _ _ _ _ _ _ _ _ _ _ _ _ _ _ _ _ _ _ _ _ _ _ _ _ _ _ _ _ _ _ _ 

webdriver = <selenium.webdriver.chrome.webdriver.WebDriver (session="cd23560879c09253cda3102213f36dda")>
datasets = {'custom_issues': [], 'issue_id': '207003', 'issue_key': 'AAFAIA-1495', 'issues': [['AABIS-1', '914565', 'AABIS'], ['A...', 'AABIS'], ['AABIS-4', '914568', 'AABIS'], ['AABIS-5', '914569', 'AABIS'], ['AABIS-6', '914570', 'AABIS'], ...], ...}

    def zscale_view_test_case_in_issue_view(webdriver, datasets):
        page = BasePage(webdriver)
>       issue_key = datasets['custom_issue_key']
    
        @print_timing("zephyr_scale_view_test_case_in_issue_view")
E       KeyError: 'custom_issue_key'

extension/jira/extension_ui.py:47: KeyError
04-27-2022, 11:21:53, 1651058513571, Action: test_1_selenium_zscale_view_test_cycle_in_issue_view, Error: jira_webdriver = <selenium.webdriver.chrome.webdriver.WebDriver (session="cd23560879c09253cda3102213f36dda")>
jira_datasets = {'custom_issues': [], 'issue_id': '207003', 'issue_key': 'AAFAIA-1495', 'issues': [['AABIS-1', '914565', 'AABIS'], ['A...', 'AABIS'], ['AABIS-4', '914568', 'AABIS'], ['AABIS-5', '914569', 'AABIS'], ['AABIS-6', '914570', 'AABIS'], ...], ...}
jira_screen_shots = None

    def test_1_selenium_zscale_view_test_cycle_in_issue_view(jira_webdriver, jira_datasets, jira_screen_shots):
>       extension_ui.zscale_view_test_cycle_in_issue_view(jira_webdriver, jira_datasets)

selenium_ui/jira_ui.py:70: 
_ _ _ _ _ _ _ _ _ _ _ _ _ _ _ _ _ _ _ _ _ _ _ _ _ _ _ _ _ _ _ _ _ _ _ _ _ _ _ _ 

webdriver = <selenium.webdriver.chrome.webdriver.WebDriver (session="cd23560879c09253cda3102213f36dda")>
datasets = {'custom_issues': [], 'issue_id': '207003', 'issue_key': 'AAFAIA-1495', 'issues': [['AABIS-1', '914565', 'AABIS'], ['A...', 'AABIS'], ['AABIS-4', '914568', 'AABIS'], ['AABIS-5', '914569', 'AABIS'], ['AABIS-6', '914570', 'AABIS'], ...], ...}

    def zscale_view_test_cycle_in_issue_view(webdriver, datasets):
        page = BasePage(webdriver)
>       issue_key = datasets['custom_issue_key']
    
        @print_timing("zephyr_scale_view_test_cycle_in_issue_view")
E       KeyError: 'custom_issue_key'

extension/jira/extension_ui.py:58: KeyError
04-27-2022, 11:21:54, 1651058514094, Action: test_1_selenium_zscale_view_test_plan_in_issue_view, Error: jira_webdriver = <selenium.webdriver.chrome.webdriver.WebDriver (session="cd23560879c09253cda3102213f36dda")>
jira_datasets = {'custom_issues': [], 'issue_id': '207003', 'issue_key': 'AAFAIA-1495', 'issues': [['AABIS-1', '914565', 'AABIS'], ['A...', 'AABIS'], ['AABIS-4', '914568', 'AABIS'], ['AABIS-5', '914569', 'AABIS'], ['AABIS-6', '914570', 'AABIS'], ...], ...}
jira_screen_shots = None

    def test_1_selenium_zscale_view_test_plan_in_issue_view(jira_webdriver, jira_datasets, jira_screen_shots):
>       extension_ui.zscale_view_test_plan_in_issue_view(jira_webdriver, jira_datasets)

selenium_ui/jira_ui.py:73: 
_ _ _ _ _ _ _ _ _ _ _ _ _ _ _ _ _ _ _ _ _ _ _ _ _ _ _ _ _ _ _ _ _ _ _ _ _ _ _ _ 

webdriver = <selenium.webdriver.chrome.webdriver.WebDriver (session="cd23560879c09253cda3102213f36dda")>
datasets = {'custom_issues': [], 'issue_id': '207003', 'issue_key': 'AAFAIA-1495', 'issues': [['AABIS-1', '914565', 'AABIS'], ['A...', 'AABIS'], ['AABIS-4', '914568', 'AABIS'], ['AABIS-5', '914569', 'AABIS'], ['AABIS-6', '914570', 'AABIS'], ...], ...}

    def zscale_view_test_plan_in_issue_view(webdriver, datasets):
        page = BasePage(webdriver)
>       issue_key = datasets['custom_issue_key']
    
        @print_timing("zephyr_scale_view_test_plan_in_issue_view")
E       KeyError: 'custom_issue_key'

extension/jira/extension_ui.py:69: KeyError
04-27-2022, 11:22:08, 1651058528236, Action: test_1_selenium_zscale_view_test_case_in_issue_view, Error: jira_webdriver = <selenium.webdriver.chrome.webdriver.WebDriver (session="cd23560879c09253cda3102213f36dda")>
jira_datasets = {'custom_issues': [], 'issue_id': '2084789', 'issue_key': 'AABIS-2555', 'issues': [['AABIS-1', '914565', 'AABIS'], ['A...', 'AABIS'], ['AABIS-4', '914568', 'AABIS'], ['AABIS-5', '914569', 'AABIS'], ['AABIS-6', '914570', 'AABIS'], ...], ...}
jira_screen_shots = None

    def test_1_selenium_zscale_view_test_case_in_issue_view(jira_webdriver, jira_datasets, jira_screen_shots):
>       extension_ui.zscale_view_test_case_in_issue_view(jira_webdriver, jira_datasets)

selenium_ui/jira_ui.py:67: 
_ _ _ _ _ _ _ _ _ _ _ _ _ _ _ _ _ _ _ _ _ _ _ _ _ _ _ _ _ _ _ _ _ _ _ _ _ _ _ _ 

webdriver = <selenium.webdriver.chrome.webdriver.WebDriver (session="cd23560879c09253cda3102213f36dda")>
datasets = {'custom_issues': [], 'issue_id': '2084789', 'issue_key': 'AABIS-2555', 'issues': [['AABIS-1', '914565', 'AABIS'], ['A...', 'AABIS'], ['AABIS-4', '914568', 'AABIS'], ['AABIS-5', '914569', 'AABIS'], ['AABIS-6', '914570', 'AABIS'], ...], ...}

    def zscale_view_test_case_in_issue_view(webdriver, datasets):
        page = BasePage(webdriver)
>       issue_key = datasets['custom_issue_key']
    
        @print_timing("zephyr_scale_view_test_case_in_issue_view")
E       KeyError: 'custom_issue_key'

extension/jira/extension_ui.py:47: KeyError
04-27-2022, 11:22:08, 1651058528774, Action: test_1_selenium_zscale_view_test_cycle_in_issue_view, Error: jira_webdriver = <selenium.webdriver.chrome.webdriver.WebDriver (session="cd23560879c09253cda3102213f36dda")>
jira_datasets = {'custom_issues': [], 'issue_id': '2084789', 'issue_key': 'AABIS-2555', 'issues': [['AABIS-1', '914565', 'AABIS'], ['A...', 'AABIS'], ['AABIS-4', '914568', 'AABIS'], ['AABIS-5', '914569', 'AABIS'], ['AABIS-6', '914570', 'AABIS'], ...], ...}
jira_screen_shots = None

    def test_1_selenium_zscale_view_test_cycle_in_issue_view(jira_webdriver, jira_datasets, jira_screen_shots):
>       extension_ui.zscale_view_test_cycle_in_issue_view(jira_webdriver, jira_datasets)

selenium_ui/jira_ui.py:70: 
_ _ _ _ _ _ _ _ _ _ _ _ _ _ _ _ _ _ _ _ _ _ _ _ _ _ _ _ _ _ _ _ _ _ _ _ _ _ _ _ 

webdriver = <selenium.webdriver.chrome.webdriver.WebDriver (session="cd23560879c09253cda3102213f36dda")>
datasets = {'custom_issues': [], 'issue_id': '2084789', 'issue_key': 'AABIS-2555', 'issues': [['AABIS-1', '914565', 'AABIS'], ['A...', 'AABIS'], ['AABIS-4', '914568', 'AABIS'], ['AABIS-5', '914569', 'AABIS'], ['AABIS-6', '914570', 'AABIS'], ...], ...}

    def zscale_view_test_cycle_in_issue_view(webdriver, datasets):
        page = BasePage(webdriver)
>       issue_key = datasets['custom_issue_key']
    
        @print_timing("zephyr_scale_view_test_cycle_in_issue_view")
E       KeyError: 'custom_issue_key'

extension/jira/extension_ui.py:58: KeyError
04-27-2022, 11:22:09, 1651058529294, Action: test_1_selenium_zscale_view_test_plan_in_issue_view, Error: jira_webdriver = <selenium.webdriver.chrome.webdriver.WebDriver (session="cd23560879c09253cda3102213f36dda")>
jira_datasets = {'custom_issues': [], 'issue_id': '2084789', 'issue_key': 'AABIS-2555', 'issues': [['AABIS-1', '914565', 'AABIS'], ['A...', 'AABIS'], ['AABIS-4', '914568', 'AABIS'], ['AABIS-5', '914569', 'AABIS'], ['AABIS-6', '914570', 'AABIS'], ...], ...}
jira_screen_shots = None

    def test_1_selenium_zscale_view_test_plan_in_issue_view(jira_webdriver, jira_datasets, jira_screen_shots):
>       extension_ui.zscale_view_test_plan_in_issue_view(jira_webdriver, jira_datasets)

selenium_ui/jira_ui.py:73: 
_ _ _ _ _ _ _ _ _ _ _ _ _ _ _ _ _ _ _ _ _ _ _ _ _ _ _ _ _ _ _ _ _ _ _ _ _ _ _ _ 

webdriver = <selenium.webdriver.chrome.webdriver.WebDriver (session="cd23560879c09253cda3102213f36dda")>
datasets = {'custom_issues': [], 'issue_id': '2084789', 'issue_key': 'AABIS-2555', 'issues': [['AABIS-1', '914565', 'AABIS'], ['A...', 'AABIS'], ['AABIS-4', '914568', 'AABIS'], ['AABIS-5', '914569', 'AABIS'], ['AABIS-6', '914570', 'AABIS'], ...], ...}

    def zscale_view_test_plan_in_issue_view(webdriver, datasets):
        page = BasePage(webdriver)
>       issue_key = datasets['custom_issue_key']
    
        @print_timing("zephyr_scale_view_test_plan_in_issue_view")
E       KeyError: 'custom_issue_key'

extension/jira/extension_ui.py:69: KeyError
04-27-2022, 11:22:23, 1651058543164, Action: test_1_selenium_zscale_view_test_case_in_issue_view, Error: jira_webdriver = <selenium.webdriver.chrome.webdriver.WebDriver (session="cd23560879c09253cda3102213f36dda")>
jira_datasets = {'custom_issues': [], 'issue_id': '2025392', 'issue_key': 'AABIS-1149', 'issues': [['AABIS-1', '914565', 'AABIS'], ['A...', 'AABIS'], ['AABIS-4', '914568', 'AABIS'], ['AABIS-5', '914569', 'AABIS'], ['AABIS-6', '914570', 'AABIS'], ...], ...}
jira_screen_shots = None

    def test_1_selenium_zscale_view_test_case_in_issue_view(jira_webdriver, jira_datasets, jira_screen_shots):
>       extension_ui.zscale_view_test_case_in_issue_view(jira_webdriver, jira_datasets)

selenium_ui/jira_ui.py:67: 
_ _ _ _ _ _ _ _ _ _ _ _ _ _ _ _ _ _ _ _ _ _ _ _ _ _ _ _ _ _ _ _ _ _ _ _ _ _ _ _ 

webdriver = <selenium.webdriver.chrome.webdriver.WebDriver (session="cd23560879c09253cda3102213f36dda")>
datasets = {'custom_issues': [], 'issue_id': '2025392', 'issue_key': 'AABIS-1149', 'issues': [['AABIS-1', '914565', 'AABIS'], ['A...', 'AABIS'], ['AABIS-4', '914568', 'AABIS'], ['AABIS-5', '914569', 'AABIS'], ['AABIS-6', '914570', 'AABIS'], ...], ...}

    def zscale_view_test_case_in_issue_view(webdriver, datasets):
        page = BasePage(webdriver)
>       issue_key = datasets['custom_issue_key']
    
        @print_timing("zephyr_scale_view_test_case_in_issue_view")
E       KeyError: 'custom_issue_key'

extension/jira/extension_ui.py:47: KeyError
04-27-2022, 11:22:23, 1651058543717, Action: test_1_selenium_zscale_view_test_cycle_in_issue_view, Error: jira_webdriver = <selenium.webdriver.chrome.webdriver.WebDriver (session="cd23560879c09253cda3102213f36dda")>
jira_datasets = {'custom_issues': [], 'issue_id': '2025392', 'issue_key': 'AABIS-1149', 'issues': [['AABIS-1', '914565', 'AABIS'], ['A...', 'AABIS'], ['AABIS-4', '914568', 'AABIS'], ['AABIS-5', '914569', 'AABIS'], ['AABIS-6', '914570', 'AABIS'], ...], ...}
jira_screen_shots = None

    def test_1_selenium_zscale_view_test_cycle_in_issue_view(jira_webdriver, jira_datasets, jira_screen_shots):
>       extension_ui.zscale_view_test_cycle_in_issue_view(jira_webdriver, jira_datasets)

selenium_ui/jira_ui.py:70: 
_ _ _ _ _ _ _ _ _ _ _ _ _ _ _ _ _ _ _ _ _ _ _ _ _ _ _ _ _ _ _ _ _ _ _ _ _ _ _ _ 

webdriver = <selenium.webdriver.chrome.webdriver.WebDriver (session="cd23560879c09253cda3102213f36dda")>
datasets = {'custom_issues': [], 'issue_id': '2025392', 'issue_key': 'AABIS-1149', 'issues': [['AABIS-1', '914565', 'AABIS'], ['A...', 'AABIS'], ['AABIS-4', '914568', 'AABIS'], ['AABIS-5', '914569', 'AABIS'], ['AABIS-6', '914570', 'AABIS'], ...], ...}

    def zscale_view_test_cycle_in_issue_view(webdriver, datasets):
        page = BasePage(webdriver)
>       issue_key = datasets['custom_issue_key']
    
        @print_timing("zephyr_scale_view_test_cycle_in_issue_view")
E       KeyError: 'custom_issue_key'

extension/jira/extension_ui.py:58: KeyError
04-27-2022, 11:22:24, 1651058544280, Action: test_1_selenium_zscale_view_test_plan_in_issue_view, Error: jira_webdriver = <selenium.webdriver.chrome.webdriver.WebDriver (session="cd23560879c09253cda3102213f36dda")>
jira_datasets = {'custom_issues': [], 'issue_id': '2025392', 'issue_key': 'AABIS-1149', 'issues': [['AABIS-1', '914565', 'AABIS'], ['A...', 'AABIS'], ['AABIS-4', '914568', 'AABIS'], ['AABIS-5', '914569', 'AABIS'], ['AABIS-6', '914570', 'AABIS'], ...], ...}
jira_screen_shots = None

    def test_1_selenium_zscale_view_test_plan_in_issue_view(jira_webdriver, jira_datasets, jira_screen_shots):
>       extension_ui.zscale_view_test_plan_in_issue_view(jira_webdriver, jira_datasets)

selenium_ui/jira_ui.py:73: 
_ _ _ _ _ _ _ _ _ _ _ _ _ _ _ _ _ _ _ _ _ _ _ _ _ _ _ _ _ _ _ _ _ _ _ _ _ _ _ _ 

webdriver = <selenium.webdriver.chrome.webdriver.WebDriver (session="cd23560879c09253cda3102213f36dda")>
datasets = {'custom_issues': [], 'issue_id': '2025392', 'issue_key': 'AABIS-1149', 'issues': [['AABIS-1', '914565', 'AABIS'], ['A...', 'AABIS'], ['AABIS-4', '914568', 'AABIS'], ['AABIS-5', '914569', 'AABIS'], ['AABIS-6', '914570', 'AABIS'], ...], ...}

    def zscale_view_test_plan_in_issue_view(webdriver, datasets):
        page = BasePage(webdriver)
>       issue_key = datasets['custom_issue_key']
    
        @print_timing("zephyr_scale_view_test_plan_in_issue_view")
E       KeyError: 'custom_issue_key'

extension/jira/extension_ui.py:69: KeyError
04-27-2022, 11:22:38, 1651058558982, Action: test_1_selenium_zscale_view_test_case_in_issue_view, Error: jira_webdriver = <selenium.webdriver.chrome.webdriver.WebDriver (session="cd23560879c09253cda3102213f36dda")>
jira_datasets = {'custom_issues': [], 'issue_id': '915156', 'issue_key': 'AABIS-592', 'issues': [['AABIS-1', '914565', 'AABIS'], ['AAB...', 'AABIS'], ['AABIS-4', '914568', 'AABIS'], ['AABIS-5', '914569', 'AABIS'], ['AABIS-6', '914570', 'AABIS'], ...], ...}
jira_screen_shots = None

    def test_1_selenium_zscale_view_test_case_in_issue_view(jira_webdriver, jira_datasets, jira_screen_shots):
>       extension_ui.zscale_view_test_case_in_issue_view(jira_webdriver, jira_datasets)

selenium_ui/jira_ui.py:67: 
_ _ _ _ _ _ _ _ _ _ _ _ _ _ _ _ _ _ _ _ _ _ _ _ _ _ _ _ _ _ _ _ _ _ _ _ _ _ _ _ 

webdriver = <selenium.webdriver.chrome.webdriver.WebDriver (session="cd23560879c09253cda3102213f36dda")>
datasets = {'custom_issues': [], 'issue_id': '915156', 'issue_key': 'AABIS-592', 'issues': [['AABIS-1', '914565', 'AABIS'], ['AAB...', 'AABIS'], ['AABIS-4', '914568', 'AABIS'], ['AABIS-5', '914569', 'AABIS'], ['AABIS-6', '914570', 'AABIS'], ...], ...}

    def zscale_view_test_case_in_issue_view(webdriver, datasets):
        page = BasePage(webdriver)
>       issue_key = datasets['custom_issue_key']
    
        @print_timing("zephyr_scale_view_test_case_in_issue_view")
E       KeyError: 'custom_issue_key'

extension/jira/extension_ui.py:47: KeyError
04-27-2022, 11:22:39, 1651058559563, Action: test_1_selenium_zscale_view_test_cycle_in_issue_view, Error: jira_webdriver = <selenium.webdriver.chrome.webdriver.WebDriver (session="cd23560879c09253cda3102213f36dda")>
jira_datasets = {'custom_issues': [], 'issue_id': '915156', 'issue_key': 'AABIS-592', 'issues': [['AABIS-1', '914565', 'AABIS'], ['AAB...', 'AABIS'], ['AABIS-4', '914568', 'AABIS'], ['AABIS-5', '914569', 'AABIS'], ['AABIS-6', '914570', 'AABIS'], ...], ...}
jira_screen_shots = None

    def test_1_selenium_zscale_view_test_cycle_in_issue_view(jira_webdriver, jira_datasets, jira_screen_shots):
>       extension_ui.zscale_view_test_cycle_in_issue_view(jira_webdriver, jira_datasets)

selenium_ui/jira_ui.py:70: 
_ _ _ _ _ _ _ _ _ _ _ _ _ _ _ _ _ _ _ _ _ _ _ _ _ _ _ _ _ _ _ _ _ _ _ _ _ _ _ _ 

webdriver = <selenium.webdriver.chrome.webdriver.WebDriver (session="cd23560879c09253cda3102213f36dda")>
datasets = {'custom_issues': [], 'issue_id': '915156', 'issue_key': 'AABIS-592', 'issues': [['AABIS-1', '914565', 'AABIS'], ['AAB...', 'AABIS'], ['AABIS-4', '914568', 'AABIS'], ['AABIS-5', '914569', 'AABIS'], ['AABIS-6', '914570', 'AABIS'], ...], ...}

    def zscale_view_test_cycle_in_issue_view(webdriver, datasets):
        page = BasePage(webdriver)
>       issue_key = datasets['custom_issue_key']
    
        @print_timing("zephyr_scale_view_test_cycle_in_issue_view")
E       KeyError: 'custom_issue_key'

extension/jira/extension_ui.py:58: KeyError
04-27-2022, 11:22:40, 1651058560060, Action: test_1_selenium_zscale_view_test_plan_in_issue_view, Error: jira_webdriver = <selenium.webdriver.chrome.webdriver.WebDriver (session="cd23560879c09253cda3102213f36dda")>
jira_datasets = {'custom_issues': [], 'issue_id': '915156', 'issue_key': 'AABIS-592', 'issues': [['AABIS-1', '914565', 'AABIS'], ['AAB...', 'AABIS'], ['AABIS-4', '914568', 'AABIS'], ['AABIS-5', '914569', 'AABIS'], ['AABIS-6', '914570', 'AABIS'], ...], ...}
jira_screen_shots = None

    def test_1_selenium_zscale_view_test_plan_in_issue_view(jira_webdriver, jira_datasets, jira_screen_shots):
>       extension_ui.zscale_view_test_plan_in_issue_view(jira_webdriver, jira_datasets)

selenium_ui/jira_ui.py:73: 
_ _ _ _ _ _ _ _ _ _ _ _ _ _ _ _ _ _ _ _ _ _ _ _ _ _ _ _ _ _ _ _ _ _ _ _ _ _ _ _ 

webdriver = <selenium.webdriver.chrome.webdriver.WebDriver (session="cd23560879c09253cda3102213f36dda")>
datasets = {'custom_issues': [], 'issue_id': '915156', 'issue_key': 'AABIS-592', 'issues': [['AABIS-1', '914565', 'AABIS'], ['AAB...', 'AABIS'], ['AABIS-4', '914568', 'AABIS'], ['AABIS-5', '914569', 'AABIS'], ['AABIS-6', '914570', 'AABIS'], ...], ...}

    def zscale_view_test_plan_in_issue_view(webdriver, datasets):
        page = BasePage(webdriver)
>       issue_key = datasets['custom_issue_key']
    
        @print_timing("zephyr_scale_view_test_plan_in_issue_view")
E       KeyError: 'custom_issue_key'

extension/jira/extension_ui.py:69: KeyError
04-27-2022, 11:22:53, 1651058573899, Action: test_1_selenium_zscale_view_test_case_in_issue_view, Error: jira_webdriver = <selenium.webdriver.chrome.webdriver.WebDriver (session="cd23560879c09253cda3102213f36dda")>
jira_datasets = {'custom_issues': [], 'issue_id': '209178', 'issue_key': 'AAFAIA-3670', 'issues': [['AABIS-1', '914565', 'AABIS'], ['A...', 'AABIS'], ['AABIS-4', '914568', 'AABIS'], ['AABIS-5', '914569', 'AABIS'], ['AABIS-6', '914570', 'AABIS'], ...], ...}
jira_screen_shots = None

    def test_1_selenium_zscale_view_test_case_in_issue_view(jira_webdriver, jira_datasets, jira_screen_shots):
>       extension_ui.zscale_view_test_case_in_issue_view(jira_webdriver, jira_datasets)

selenium_ui/jira_ui.py:67: 
_ _ _ _ _ _ _ _ _ _ _ _ _ _ _ _ _ _ _ _ _ _ _ _ _ _ _ _ _ _ _ _ _ _ _ _ _ _ _ _ 

webdriver = <selenium.webdriver.chrome.webdriver.WebDriver (session="cd23560879c09253cda3102213f36dda")>
datasets = {'custom_issues': [], 'issue_id': '209178', 'issue_key': 'AAFAIA-3670', 'issues': [['AABIS-1', '914565', 'AABIS'], ['A...', 'AABIS'], ['AABIS-4', '914568', 'AABIS'], ['AABIS-5', '914569', 'AABIS'], ['AABIS-6', '914570', 'AABIS'], ...], ...}

    def zscale_view_test_case_in_issue_view(webdriver, datasets):
        page = BasePage(webdriver)
>       issue_key = datasets['custom_issue_key']
    
        @print_timing("zephyr_scale_view_test_case_in_issue_view")
E       KeyError: 'custom_issue_key'

extension/jira/extension_ui.py:47: KeyError
04-27-2022, 11:22:54, 1651058574392, Action: test_1_selenium_zscale_view_test_cycle_in_issue_view, Error: jira_webdriver = <selenium.webdriver.chrome.webdriver.WebDriver (session="cd23560879c09253cda3102213f36dda")>
jira_datasets = {'custom_issues': [], 'issue_id': '209178', 'issue_key': 'AAFAIA-3670', 'issues': [['AABIS-1', '914565', 'AABIS'], ['A...', 'AABIS'], ['AABIS-4', '914568', 'AABIS'], ['AABIS-5', '914569', 'AABIS'], ['AABIS-6', '914570', 'AABIS'], ...], ...}
jira_screen_shots = None

    def test_1_selenium_zscale_view_test_cycle_in_issue_view(jira_webdriver, jira_datasets, jira_screen_shots):
>       extension_ui.zscale_view_test_cycle_in_issue_view(jira_webdriver, jira_datasets)

selenium_ui/jira_ui.py:70: 
_ _ _ _ _ _ _ _ _ _ _ _ _ _ _ _ _ _ _ _ _ _ _ _ _ _ _ _ _ _ _ _ _ _ _ _ _ _ _ _ 

webdriver = <selenium.webdriver.chrome.webdriver.WebDriver (session="cd23560879c09253cda3102213f36dda")>
datasets = {'custom_issues': [], 'issue_id': '209178', 'issue_key': 'AAFAIA-3670', 'issues': [['AABIS-1', '914565', 'AABIS'], ['A...', 'AABIS'], ['AABIS-4', '914568', 'AABIS'], ['AABIS-5', '914569', 'AABIS'], ['AABIS-6', '914570', 'AABIS'], ...], ...}

    def zscale_view_test_cycle_in_issue_view(webdriver, datasets):
        page = BasePage(webdriver)
>       issue_key = datasets['custom_issue_key']
    
        @print_timing("zephyr_scale_view_test_cycle_in_issue_view")
E       KeyError: 'custom_issue_key'

extension/jira/extension_ui.py:58: KeyError
04-27-2022, 11:22:54, 1651058574994, Action: test_1_selenium_zscale_view_test_plan_in_issue_view, Error: jira_webdriver = <selenium.webdriver.chrome.webdriver.WebDriver (session="cd23560879c09253cda3102213f36dda")>
jira_datasets = {'custom_issues': [], 'issue_id': '209178', 'issue_key': 'AAFAIA-3670', 'issues': [['AABIS-1', '914565', 'AABIS'], ['A...', 'AABIS'], ['AABIS-4', '914568', 'AABIS'], ['AABIS-5', '914569', 'AABIS'], ['AABIS-6', '914570', 'AABIS'], ...], ...}
jira_screen_shots = None

    def test_1_selenium_zscale_view_test_plan_in_issue_view(jira_webdriver, jira_datasets, jira_screen_shots):
>       extension_ui.zscale_view_test_plan_in_issue_view(jira_webdriver, jira_datasets)

selenium_ui/jira_ui.py:73: 
_ _ _ _ _ _ _ _ _ _ _ _ _ _ _ _ _ _ _ _ _ _ _ _ _ _ _ _ _ _ _ _ _ _ _ _ _ _ _ _ 

webdriver = <selenium.webdriver.chrome.webdriver.WebDriver (session="cd23560879c09253cda3102213f36dda")>
datasets = {'custom_issues': [], 'issue_id': '209178', 'issue_key': 'AAFAIA-3670', 'issues': [['AABIS-1', '914565', 'AABIS'], ['A...', 'AABIS'], ['AABIS-4', '914568', 'AABIS'], ['AABIS-5', '914569', 'AABIS'], ['AABIS-6', '914570', 'AABIS'], ...], ...}

    def zscale_view_test_plan_in_issue_view(webdriver, datasets):
        page = BasePage(webdriver)
>       issue_key = datasets['custom_issue_key']
    
        @print_timing("zephyr_scale_view_test_plan_in_issue_view")
E       KeyError: 'custom_issue_key'

extension/jira/extension_ui.py:69: KeyError
04-27-2022, 11:23:08, 1651058588804, Action: test_1_selenium_zscale_view_test_case_in_issue_view, Error: jira_webdriver = <selenium.webdriver.chrome.webdriver.WebDriver (session="cd23560879c09253cda3102213f36dda")>
jira_datasets = {'custom_issues': [], 'issue_id': '210379', 'issue_key': 'AAFAIA-4871', 'issues': [['AABIS-1', '914565', 'AABIS'], ['A...', 'AABIS'], ['AABIS-4', '914568', 'AABIS'], ['AABIS-5', '914569', 'AABIS'], ['AABIS-6', '914570', 'AABIS'], ...], ...}
jira_screen_shots = None

    def test_1_selenium_zscale_view_test_case_in_issue_view(jira_webdriver, jira_datasets, jira_screen_shots):
>       extension_ui.zscale_view_test_case_in_issue_view(jira_webdriver, jira_datasets)

selenium_ui/jira_ui.py:67: 
_ _ _ _ _ _ _ _ _ _ _ _ _ _ _ _ _ _ _ _ _ _ _ _ _ _ _ _ _ _ _ _ _ _ _ _ _ _ _ _ 

webdriver = <selenium.webdriver.chrome.webdriver.WebDriver (session="cd23560879c09253cda3102213f36dda")>
datasets = {'custom_issues': [], 'issue_id': '210379', 'issue_key': 'AAFAIA-4871', 'issues': [['AABIS-1', '914565', 'AABIS'], ['A...', 'AABIS'], ['AABIS-4', '914568', 'AABIS'], ['AABIS-5', '914569', 'AABIS'], ['AABIS-6', '914570', 'AABIS'], ...], ...}

    def zscale_view_test_case_in_issue_view(webdriver, datasets):
        page = BasePage(webdriver)
>       issue_key = datasets['custom_issue_key']
    
        @print_timing("zephyr_scale_view_test_case_in_issue_view")
E       KeyError: 'custom_issue_key'

extension/jira/extension_ui.py:47: KeyError
04-27-2022, 11:23:09, 1651058589322, Action: test_1_selenium_zscale_view_test_cycle_in_issue_view, Error: jira_webdriver = <selenium.webdriver.chrome.webdriver.WebDriver (session="cd23560879c09253cda3102213f36dda")>
jira_datasets = {'custom_issues': [], 'issue_id': '210379', 'issue_key': 'AAFAIA-4871', 'issues': [['AABIS-1', '914565', 'AABIS'], ['A...', 'AABIS'], ['AABIS-4', '914568', 'AABIS'], ['AABIS-5', '914569', 'AABIS'], ['AABIS-6', '914570', 'AABIS'], ...], ...}
jira_screen_shots = None

    def test_1_selenium_zscale_view_test_cycle_in_issue_view(jira_webdriver, jira_datasets, jira_screen_shots):
>       extension_ui.zscale_view_test_cycle_in_issue_view(jira_webdriver, jira_datasets)

selenium_ui/jira_ui.py:70: 
_ _ _ _ _ _ _ _ _ _ _ _ _ _ _ _ _ _ _ _ _ _ _ _ _ _ _ _ _ _ _ _ _ _ _ _ _ _ _ _ 

webdriver = <selenium.webdriver.chrome.webdriver.WebDriver (session="cd23560879c09253cda3102213f36dda")>
datasets = {'custom_issues': [], 'issue_id': '210379', 'issue_key': 'AAFAIA-4871', 'issues': [['AABIS-1', '914565', 'AABIS'], ['A...', 'AABIS'], ['AABIS-4', '914568', 'AABIS'], ['AABIS-5', '914569', 'AABIS'], ['AABIS-6', '914570', 'AABIS'], ...], ...}

    def zscale_view_test_cycle_in_issue_view(webdriver, datasets):
        page = BasePage(webdriver)
>       issue_key = datasets['custom_issue_key']
    
        @print_timing("zephyr_scale_view_test_cycle_in_issue_view")
E       KeyError: 'custom_issue_key'

extension/jira/extension_ui.py:58: KeyError
04-27-2022, 11:23:09, 1651058589974, Action: test_1_selenium_zscale_view_test_plan_in_issue_view, Error: jira_webdriver = <selenium.webdriver.chrome.webdriver.WebDriver (session="cd23560879c09253cda3102213f36dda")>
jira_datasets = {'custom_issues': [], 'issue_id': '210379', 'issue_key': 'AAFAIA-4871', 'issues': [['AABIS-1', '914565', 'AABIS'], ['A...', 'AABIS'], ['AABIS-4', '914568', 'AABIS'], ['AABIS-5', '914569', 'AABIS'], ['AABIS-6', '914570', 'AABIS'], ...], ...}
jira_screen_shots = None

    def test_1_selenium_zscale_view_test_plan_in_issue_view(jira_webdriver, jira_datasets, jira_screen_shots):
>       extension_ui.zscale_view_test_plan_in_issue_view(jira_webdriver, jira_datasets)

selenium_ui/jira_ui.py:73: 
_ _ _ _ _ _ _ _ _ _ _ _ _ _ _ _ _ _ _ _ _ _ _ _ _ _ _ _ _ _ _ _ _ _ _ _ _ _ _ _ 

webdriver = <selenium.webdriver.chrome.webdriver.WebDriver (session="cd23560879c09253cda3102213f36dda")>
datasets = {'custom_issues': [], 'issue_id': '210379', 'issue_key': 'AAFAIA-4871', 'issues': [['AABIS-1', '914565', 'AABIS'], ['A...', 'AABIS'], ['AABIS-4', '914568', 'AABIS'], ['AABIS-5', '914569', 'AABIS'], ['AABIS-6', '914570', 'AABIS'], ...], ...}

    def zscale_view_test_plan_in_issue_view(webdriver, datasets):
        page = BasePage(webdriver)
>       issue_key = datasets['custom_issue_key']
    
        @print_timing("zephyr_scale_view_test_plan_in_issue_view")
E       KeyError: 'custom_issue_key'

extension/jira/extension_ui.py:69: KeyError
04-27-2022, 11:23:23, 1651058603937, Action: test_1_selenium_zscale_view_test_case_in_issue_view, Error: jira_webdriver = <selenium.webdriver.chrome.webdriver.WebDriver (session="cd23560879c09253cda3102213f36dda")>
jira_datasets = {'custom_issues': [], 'issue_id': '209154', 'issue_key': 'AAFAIA-3646', 'issues': [['AABIS-1', '914565', 'AABIS'], ['A...', 'AABIS'], ['AABIS-4', '914568', 'AABIS'], ['AABIS-5', '914569', 'AABIS'], ['AABIS-6', '914570', 'AABIS'], ...], ...}
jira_screen_shots = None

    def test_1_selenium_zscale_view_test_case_in_issue_view(jira_webdriver, jira_datasets, jira_screen_shots):
>       extension_ui.zscale_view_test_case_in_issue_view(jira_webdriver, jira_datasets)

selenium_ui/jira_ui.py:67: 
_ _ _ _ _ _ _ _ _ _ _ _ _ _ _ _ _ _ _ _ _ _ _ _ _ _ _ _ _ _ _ _ _ _ _ _ _ _ _ _ 

webdriver = <selenium.webdriver.chrome.webdriver.WebDriver (session="cd23560879c09253cda3102213f36dda")>
datasets = {'custom_issues': [], 'issue_id': '209154', 'issue_key': 'AAFAIA-3646', 'issues': [['AABIS-1', '914565', 'AABIS'], ['A...', 'AABIS'], ['AABIS-4', '914568', 'AABIS'], ['AABIS-5', '914569', 'AABIS'], ['AABIS-6', '914570', 'AABIS'], ...], ...}

    def zscale_view_test_case_in_issue_view(webdriver, datasets):
        page = BasePage(webdriver)
>       issue_key = datasets['custom_issue_key']
    
        @print_timing("zephyr_scale_view_test_case_in_issue_view")
E       KeyError: 'custom_issue_key'

extension/jira/extension_ui.py:47: KeyError
04-27-2022, 11:23:24, 1651058604508, Action: test_1_selenium_zscale_view_test_cycle_in_issue_view, Error: jira_webdriver = <selenium.webdriver.chrome.webdriver.WebDriver (session="cd23560879c09253cda3102213f36dda")>
jira_datasets = {'custom_issues': [], 'issue_id': '209154', 'issue_key': 'AAFAIA-3646', 'issues': [['AABIS-1', '914565', 'AABIS'], ['A...', 'AABIS'], ['AABIS-4', '914568', 'AABIS'], ['AABIS-5', '914569', 'AABIS'], ['AABIS-6', '914570', 'AABIS'], ...], ...}
jira_screen_shots = None

    def test_1_selenium_zscale_view_test_cycle_in_issue_view(jira_webdriver, jira_datasets, jira_screen_shots):
>       extension_ui.zscale_view_test_cycle_in_issue_view(jira_webdriver, jira_datasets)

selenium_ui/jira_ui.py:70: 
_ _ _ _ _ _ _ _ _ _ _ _ _ _ _ _ _ _ _ _ _ _ _ _ _ _ _ _ _ _ _ _ _ _ _ _ _ _ _ _ 

webdriver = <selenium.webdriver.chrome.webdriver.WebDriver (session="cd23560879c09253cda3102213f36dda")>
datasets = {'custom_issues': [], 'issue_id': '209154', 'issue_key': 'AAFAIA-3646', 'issues': [['AABIS-1', '914565', 'AABIS'], ['A...', 'AABIS'], ['AABIS-4', '914568', 'AABIS'], ['AABIS-5', '914569', 'AABIS'], ['AABIS-6', '914570', 'AABIS'], ...], ...}

    def zscale_view_test_cycle_in_issue_view(webdriver, datasets):
        page = BasePage(webdriver)
>       issue_key = datasets['custom_issue_key']
    
        @print_timing("zephyr_scale_view_test_cycle_in_issue_view")
E       KeyError: 'custom_issue_key'

extension/jira/extension_ui.py:58: KeyError
04-27-2022, 11:23:25, 1651058605041, Action: test_1_selenium_zscale_view_test_plan_in_issue_view, Error: jira_webdriver = <selenium.webdriver.chrome.webdriver.WebDriver (session="cd23560879c09253cda3102213f36dda")>
jira_datasets = {'custom_issues': [], 'issue_id': '209154', 'issue_key': 'AAFAIA-3646', 'issues': [['AABIS-1', '914565', 'AABIS'], ['A...', 'AABIS'], ['AABIS-4', '914568', 'AABIS'], ['AABIS-5', '914569', 'AABIS'], ['AABIS-6', '914570', 'AABIS'], ...], ...}
jira_screen_shots = None

    def test_1_selenium_zscale_view_test_plan_in_issue_view(jira_webdriver, jira_datasets, jira_screen_shots):
>       extension_ui.zscale_view_test_plan_in_issue_view(jira_webdriver, jira_datasets)

selenium_ui/jira_ui.py:73: 
_ _ _ _ _ _ _ _ _ _ _ _ _ _ _ _ _ _ _ _ _ _ _ _ _ _ _ _ _ _ _ _ _ _ _ _ _ _ _ _ 

webdriver = <selenium.webdriver.chrome.webdriver.WebDriver (session="cd23560879c09253cda3102213f36dda")>
datasets = {'custom_issues': [], 'issue_id': '209154', 'issue_key': 'AAFAIA-3646', 'issues': [['AABIS-1', '914565', 'AABIS'], ['A...', 'AABIS'], ['AABIS-4', '914568', 'AABIS'], ['AABIS-5', '914569', 'AABIS'], ['AABIS-6', '914570', 'AABIS'], ...], ...}

    def zscale_view_test_plan_in_issue_view(webdriver, datasets):
        page = BasePage(webdriver)
>       issue_key = datasets['custom_issue_key']
    
        @print_timing("zephyr_scale_view_test_plan_in_issue_view")
E       KeyError: 'custom_issue_key'

extension/jira/extension_ui.py:69: KeyError
04-27-2022, 11:23:39, 1651058619837, Action: test_1_selenium_zscale_view_test_case_in_issue_view, Error: jira_webdriver = <selenium.webdriver.chrome.webdriver.WebDriver (session="cd23560879c09253cda3102213f36dda")>
jira_datasets = {'custom_issues': [], 'issue_id': '208518', 'issue_key': 'AAFAIA-3010', 'issues': [['AABIS-1', '914565', 'AABIS'], ['A...', 'AABIS'], ['AABIS-4', '914568', 'AABIS'], ['AABIS-5', '914569', 'AABIS'], ['AABIS-6', '914570', 'AABIS'], ...], ...}
jira_screen_shots = None

    def test_1_selenium_zscale_view_test_case_in_issue_view(jira_webdriver, jira_datasets, jira_screen_shots):
>       extension_ui.zscale_view_test_case_in_issue_view(jira_webdriver, jira_datasets)

selenium_ui/jira_ui.py:67: 
_ _ _ _ _ _ _ _ _ _ _ _ _ _ _ _ _ _ _ _ _ _ _ _ _ _ _ _ _ _ _ _ _ _ _ _ _ _ _ _ 

webdriver = <selenium.webdriver.chrome.webdriver.WebDriver (session="cd23560879c09253cda3102213f36dda")>
datasets = {'custom_issues': [], 'issue_id': '208518', 'issue_key': 'AAFAIA-3010', 'issues': [['AABIS-1', '914565', 'AABIS'], ['A...', 'AABIS'], ['AABIS-4', '914568', 'AABIS'], ['AABIS-5', '914569', 'AABIS'], ['AABIS-6', '914570', 'AABIS'], ...], ...}

    def zscale_view_test_case_in_issue_view(webdriver, datasets):
        page = BasePage(webdriver)
>       issue_key = datasets['custom_issue_key']
    
        @print_timing("zephyr_scale_view_test_case_in_issue_view")
E       KeyError: 'custom_issue_key'

extension/jira/extension_ui.py:47: KeyError
04-27-2022, 11:23:40, 1651058620333, Action: test_1_selenium_zscale_view_test_cycle_in_issue_view, Error: jira_webdriver = <selenium.webdriver.chrome.webdriver.WebDriver (session="cd23560879c09253cda3102213f36dda")>
jira_datasets = {'custom_issues': [], 'issue_id': '208518', 'issue_key': 'AAFAIA-3010', 'issues': [['AABIS-1', '914565', 'AABIS'], ['A...', 'AABIS'], ['AABIS-4', '914568', 'AABIS'], ['AABIS-5', '914569', 'AABIS'], ['AABIS-6', '914570', 'AABIS'], ...], ...}
jira_screen_shots = None

    def test_1_selenium_zscale_view_test_cycle_in_issue_view(jira_webdriver, jira_datasets, jira_screen_shots):
>       extension_ui.zscale_view_test_cycle_in_issue_view(jira_webdriver, jira_datasets)

selenium_ui/jira_ui.py:70: 
_ _ _ _ _ _ _ _ _ _ _ _ _ _ _ _ _ _ _ _ _ _ _ _ _ _ _ _ _ _ _ _ _ _ _ _ _ _ _ _ 

webdriver = <selenium.webdriver.chrome.webdriver.WebDriver (session="cd23560879c09253cda3102213f36dda")>
datasets = {'custom_issues': [], 'issue_id': '208518', 'issue_key': 'AAFAIA-3010', 'issues': [['AABIS-1', '914565', 'AABIS'], ['A...', 'AABIS'], ['AABIS-4', '914568', 'AABIS'], ['AABIS-5', '914569', 'AABIS'], ['AABIS-6', '914570', 'AABIS'], ...], ...}

    def zscale_view_test_cycle_in_issue_view(webdriver, datasets):
        page = BasePage(webdriver)
>       issue_key = datasets['custom_issue_key']
    
        @print_timing("zephyr_scale_view_test_cycle_in_issue_view")
E       KeyError: 'custom_issue_key'

extension/jira/extension_ui.py:58: KeyError
04-27-2022, 11:23:40, 1651058620934, Action: test_1_selenium_zscale_view_test_plan_in_issue_view, Error: jira_webdriver = <selenium.webdriver.chrome.webdriver.WebDriver (session="cd23560879c09253cda3102213f36dda")>
jira_datasets = {'custom_issues': [], 'issue_id': '208518', 'issue_key': 'AAFAIA-3010', 'issues': [['AABIS-1', '914565', 'AABIS'], ['A...', 'AABIS'], ['AABIS-4', '914568', 'AABIS'], ['AABIS-5', '914569', 'AABIS'], ['AABIS-6', '914570', 'AABIS'], ...], ...}
jira_screen_shots = None

    def test_1_selenium_zscale_view_test_plan_in_issue_view(jira_webdriver, jira_datasets, jira_screen_shots):
>       extension_ui.zscale_view_test_plan_in_issue_view(jira_webdriver, jira_datasets)

selenium_ui/jira_ui.py:73: 
_ _ _ _ _ _ _ _ _ _ _ _ _ _ _ _ _ _ _ _ _ _ _ _ _ _ _ _ _ _ _ _ _ _ _ _ _ _ _ _ 

webdriver = <selenium.webdriver.chrome.webdriver.WebDriver (session="cd23560879c09253cda3102213f36dda")>
datasets = {'custom_issues': [], 'issue_id': '208518', 'issue_key': 'AAFAIA-3010', 'issues': [['AABIS-1', '914565', 'AABIS'], ['A...', 'AABIS'], ['AABIS-4', '914568', 'AABIS'], ['AABIS-5', '914569', 'AABIS'], ['AABIS-6', '914570', 'AABIS'], ...], ...}

    def zscale_view_test_plan_in_issue_view(webdriver, datasets):
        page = BasePage(webdriver)
>       issue_key = datasets['custom_issue_key']
    
        @print_timing("zephyr_scale_view_test_plan_in_issue_view")
E       KeyError: 'custom_issue_key'

extension/jira/extension_ui.py:69: KeyError
04-27-2022, 11:23:55, 1651058635165, Action: test_1_selenium_zscale_view_test_case_in_issue_view, Error: jira_webdriver = <selenium.webdriver.chrome.webdriver.WebDriver (session="cd23560879c09253cda3102213f36dda")>
jira_datasets = {'custom_issues': [], 'issue_id': '915111', 'issue_key': 'AABIS-547', 'issues': [['AABIS-1', '914565', 'AABIS'], ['AAB...', 'AABIS'], ['AABIS-4', '914568', 'AABIS'], ['AABIS-5', '914569', 'AABIS'], ['AABIS-6', '914570', 'AABIS'], ...], ...}
jira_screen_shots = None

    def test_1_selenium_zscale_view_test_case_in_issue_view(jira_webdriver, jira_datasets, jira_screen_shots):
>       extension_ui.zscale_view_test_case_in_issue_view(jira_webdriver, jira_datasets)

selenium_ui/jira_ui.py:67: 
_ _ _ _ _ _ _ _ _ _ _ _ _ _ _ _ _ _ _ _ _ _ _ _ _ _ _ _ _ _ _ _ _ _ _ _ _ _ _ _ 

webdriver = <selenium.webdriver.chrome.webdriver.WebDriver (session="cd23560879c09253cda3102213f36dda")>
datasets = {'custom_issues': [], 'issue_id': '915111', 'issue_key': 'AABIS-547', 'issues': [['AABIS-1', '914565', 'AABIS'], ['AAB...', 'AABIS'], ['AABIS-4', '914568', 'AABIS'], ['AABIS-5', '914569', 'AABIS'], ['AABIS-6', '914570', 'AABIS'], ...], ...}

    def zscale_view_test_case_in_issue_view(webdriver, datasets):
        page = BasePage(webdriver)
>       issue_key = datasets['custom_issue_key']
    
        @print_timing("zephyr_scale_view_test_case_in_issue_view")
E       KeyError: 'custom_issue_key'

extension/jira/extension_ui.py:47: KeyError
04-27-2022, 11:23:55, 1651058635669, Action: test_1_selenium_zscale_view_test_cycle_in_issue_view, Error: jira_webdriver = <selenium.webdriver.chrome.webdriver.WebDriver (session="cd23560879c09253cda3102213f36dda")>
jira_datasets = {'custom_issues': [], 'issue_id': '915111', 'issue_key': 'AABIS-547', 'issues': [['AABIS-1', '914565', 'AABIS'], ['AAB...', 'AABIS'], ['AABIS-4', '914568', 'AABIS'], ['AABIS-5', '914569', 'AABIS'], ['AABIS-6', '914570', 'AABIS'], ...], ...}
jira_screen_shots = None

    def test_1_selenium_zscale_view_test_cycle_in_issue_view(jira_webdriver, jira_datasets, jira_screen_shots):
>       extension_ui.zscale_view_test_cycle_in_issue_view(jira_webdriver, jira_datasets)

selenium_ui/jira_ui.py:70: 
_ _ _ _ _ _ _ _ _ _ _ _ _ _ _ _ _ _ _ _ _ _ _ _ _ _ _ _ _ _ _ _ _ _ _ _ _ _ _ _ 

webdriver = <selenium.webdriver.chrome.webdriver.WebDriver (session="cd23560879c09253cda3102213f36dda")>
datasets = {'custom_issues': [], 'issue_id': '915111', 'issue_key': 'AABIS-547', 'issues': [['AABIS-1', '914565', 'AABIS'], ['AAB...', 'AABIS'], ['AABIS-4', '914568', 'AABIS'], ['AABIS-5', '914569', 'AABIS'], ['AABIS-6', '914570', 'AABIS'], ...], ...}

    def zscale_view_test_cycle_in_issue_view(webdriver, datasets):
        page = BasePage(webdriver)
>       issue_key = datasets['custom_issue_key']
    
        @print_timing("zephyr_scale_view_test_cycle_in_issue_view")
E       KeyError: 'custom_issue_key'

extension/jira/extension_ui.py:58: KeyError
04-27-2022, 11:23:56, 1651058636210, Action: test_1_selenium_zscale_view_test_plan_in_issue_view, Error: jira_webdriver = <selenium.webdriver.chrome.webdriver.WebDriver (session="cd23560879c09253cda3102213f36dda")>
jira_datasets = {'custom_issues': [], 'issue_id': '915111', 'issue_key': 'AABIS-547', 'issues': [['AABIS-1', '914565', 'AABIS'], ['AAB...', 'AABIS'], ['AABIS-4', '914568', 'AABIS'], ['AABIS-5', '914569', 'AABIS'], ['AABIS-6', '914570', 'AABIS'], ...], ...}
jira_screen_shots = None

    def test_1_selenium_zscale_view_test_plan_in_issue_view(jira_webdriver, jira_datasets, jira_screen_shots):
>       extension_ui.zscale_view_test_plan_in_issue_view(jira_webdriver, jira_datasets)

selenium_ui/jira_ui.py:73: 
_ _ _ _ _ _ _ _ _ _ _ _ _ _ _ _ _ _ _ _ _ _ _ _ _ _ _ _ _ _ _ _ _ _ _ _ _ _ _ _ 

webdriver = <selenium.webdriver.chrome.webdriver.WebDriver (session="cd23560879c09253cda3102213f36dda")>
datasets = {'custom_issues': [], 'issue_id': '915111', 'issue_key': 'AABIS-547', 'issues': [['AABIS-1', '914565', 'AABIS'], ['AAB...', 'AABIS'], ['AABIS-4', '914568', 'AABIS'], ['AABIS-5', '914569', 'AABIS'], ['AABIS-6', '914570', 'AABIS'], ...], ...}

    def zscale_view_test_plan_in_issue_view(webdriver, datasets):
        page = BasePage(webdriver)
>       issue_key = datasets['custom_issue_key']
    
        @print_timing("zephyr_scale_view_test_plan_in_issue_view")
E       KeyError: 'custom_issue_key'

extension/jira/extension_ui.py:69: KeyError
04-27-2022, 11:24:11, 1651058651488, Action: test_1_selenium_zscale_view_test_case_in_issue_view, Error: jira_webdriver = <selenium.webdriver.chrome.webdriver.WebDriver (session="cd23560879c09253cda3102213f36dda")>
jira_datasets = {'custom_issues': [], 'issue_id': '210466', 'issue_key': 'AAFAIA-4958', 'issues': [['AABIS-1', '914565', 'AABIS'], ['A...', 'AABIS'], ['AABIS-4', '914568', 'AABIS'], ['AABIS-5', '914569', 'AABIS'], ['AABIS-6', '914570', 'AABIS'], ...], ...}
jira_screen_shots = None

    def test_1_selenium_zscale_view_test_case_in_issue_view(jira_webdriver, jira_datasets, jira_screen_shots):
>       extension_ui.zscale_view_test_case_in_issue_view(jira_webdriver, jira_datasets)

selenium_ui/jira_ui.py:67: 
_ _ _ _ _ _ _ _ _ _ _ _ _ _ _ _ _ _ _ _ _ _ _ _ _ _ _ _ _ _ _ _ _ _ _ _ _ _ _ _ 

webdriver = <selenium.webdriver.chrome.webdriver.WebDriver (session="cd23560879c09253cda3102213f36dda")>
datasets = {'custom_issues': [], 'issue_id': '210466', 'issue_key': 'AAFAIA-4958', 'issues': [['AABIS-1', '914565', 'AABIS'], ['A...', 'AABIS'], ['AABIS-4', '914568', 'AABIS'], ['AABIS-5', '914569', 'AABIS'], ['AABIS-6', '914570', 'AABIS'], ...], ...}

    def zscale_view_test_case_in_issue_view(webdriver, datasets):
        page = BasePage(webdriver)
>       issue_key = datasets['custom_issue_key']
    
        @print_timing("zephyr_scale_view_test_case_in_issue_view")
E       KeyError: 'custom_issue_key'

extension/jira/extension_ui.py:47: KeyError
04-27-2022, 11:24:11, 1651058651950, Action: test_1_selenium_zscale_view_test_cycle_in_issue_view, Error: jira_webdriver = <selenium.webdriver.chrome.webdriver.WebDriver (session="cd23560879c09253cda3102213f36dda")>
jira_datasets = {'custom_issues': [], 'issue_id': '210466', 'issue_key': 'AAFAIA-4958', 'issues': [['AABIS-1', '914565', 'AABIS'], ['A...', 'AABIS'], ['AABIS-4', '914568', 'AABIS'], ['AABIS-5', '914569', 'AABIS'], ['AABIS-6', '914570', 'AABIS'], ...], ...}
jira_screen_shots = None

    def test_1_selenium_zscale_view_test_cycle_in_issue_view(jira_webdriver, jira_datasets, jira_screen_shots):
>       extension_ui.zscale_view_test_cycle_in_issue_view(jira_webdriver, jira_datasets)

selenium_ui/jira_ui.py:70: 
_ _ _ _ _ _ _ _ _ _ _ _ _ _ _ _ _ _ _ _ _ _ _ _ _ _ _ _ _ _ _ _ _ _ _ _ _ _ _ _ 

webdriver = <selenium.webdriver.chrome.webdriver.WebDriver (session="cd23560879c09253cda3102213f36dda")>
datasets = {'custom_issues': [], 'issue_id': '210466', 'issue_key': 'AAFAIA-4958', 'issues': [['AABIS-1', '914565', 'AABIS'], ['A...', 'AABIS'], ['AABIS-4', '914568', 'AABIS'], ['AABIS-5', '914569', 'AABIS'], ['AABIS-6', '914570', 'AABIS'], ...], ...}

    def zscale_view_test_cycle_in_issue_view(webdriver, datasets):
        page = BasePage(webdriver)
>       issue_key = datasets['custom_issue_key']
    
        @print_timing("zephyr_scale_view_test_cycle_in_issue_view")
E       KeyError: 'custom_issue_key'

extension/jira/extension_ui.py:58: KeyError
04-27-2022, 11:24:12, 1651058652487, Action: test_1_selenium_zscale_view_test_plan_in_issue_view, Error: jira_webdriver = <selenium.webdriver.chrome.webdriver.WebDriver (session="cd23560879c09253cda3102213f36dda")>
jira_datasets = {'custom_issues': [], 'issue_id': '210466', 'issue_key': 'AAFAIA-4958', 'issues': [['AABIS-1', '914565', 'AABIS'], ['A...', 'AABIS'], ['AABIS-4', '914568', 'AABIS'], ['AABIS-5', '914569', 'AABIS'], ['AABIS-6', '914570', 'AABIS'], ...], ...}
jira_screen_shots = None

    def test_1_selenium_zscale_view_test_plan_in_issue_view(jira_webdriver, jira_datasets, jira_screen_shots):
>       extension_ui.zscale_view_test_plan_in_issue_view(jira_webdriver, jira_datasets)

selenium_ui/jira_ui.py:73: 
_ _ _ _ _ _ _ _ _ _ _ _ _ _ _ _ _ _ _ _ _ _ _ _ _ _ _ _ _ _ _ _ _ _ _ _ _ _ _ _ 

webdriver = <selenium.webdriver.chrome.webdriver.WebDriver (session="cd23560879c09253cda3102213f36dda")>
datasets = {'custom_issues': [], 'issue_id': '210466', 'issue_key': 'AAFAIA-4958', 'issues': [['AABIS-1', '914565', 'AABIS'], ['A...', 'AABIS'], ['AABIS-4', '914568', 'AABIS'], ['AABIS-5', '914569', 'AABIS'], ['AABIS-6', '914570', 'AABIS'], ...], ...}

    def zscale_view_test_plan_in_issue_view(webdriver, datasets):
        page = BasePage(webdriver)
>       issue_key = datasets['custom_issue_key']
    
        @print_timing("zephyr_scale_view_test_plan_in_issue_view")
E       KeyError: 'custom_issue_key'

extension/jira/extension_ui.py:69: KeyError
04-27-2022, 11:24:26, 1651058666461, Action: test_1_selenium_zscale_view_test_case_in_issue_view, Error: jira_webdriver = <selenium.webdriver.chrome.webdriver.WebDriver (session="cd23560879c09253cda3102213f36dda")>
jira_datasets = {'custom_issues': [], 'issue_id': '2096377', 'issue_key': 'AABIS-2657', 'issues': [['AABIS-1', '914565', 'AABIS'], ['A...', 'AABIS'], ['AABIS-4', '914568', 'AABIS'], ['AABIS-5', '914569', 'AABIS'], ['AABIS-6', '914570', 'AABIS'], ...], ...}
jira_screen_shots = None

    def test_1_selenium_zscale_view_test_case_in_issue_view(jira_webdriver, jira_datasets, jira_screen_shots):
>       extension_ui.zscale_view_test_case_in_issue_view(jira_webdriver, jira_datasets)

selenium_ui/jira_ui.py:67: 
_ _ _ _ _ _ _ _ _ _ _ _ _ _ _ _ _ _ _ _ _ _ _ _ _ _ _ _ _ _ _ _ _ _ _ _ _ _ _ _ 

webdriver = <selenium.webdriver.chrome.webdriver.WebDriver (session="cd23560879c09253cda3102213f36dda")>
datasets = {'custom_issues': [], 'issue_id': '2096377', 'issue_key': 'AABIS-2657', 'issues': [['AABIS-1', '914565', 'AABIS'], ['A...', 'AABIS'], ['AABIS-4', '914568', 'AABIS'], ['AABIS-5', '914569', 'AABIS'], ['AABIS-6', '914570', 'AABIS'], ...], ...}

    def zscale_view_test_case_in_issue_view(webdriver, datasets):
        page = BasePage(webdriver)
>       issue_key = datasets['custom_issue_key']
    
        @print_timing("zephyr_scale_view_test_case_in_issue_view")
E       KeyError: 'custom_issue_key'

extension/jira/extension_ui.py:47: KeyError
04-27-2022, 11:24:26, 1651058666969, Action: test_1_selenium_zscale_view_test_cycle_in_issue_view, Error: jira_webdriver = <selenium.webdriver.chrome.webdriver.WebDriver (session="cd23560879c09253cda3102213f36dda")>
jira_datasets = {'custom_issues': [], 'issue_id': '2096377', 'issue_key': 'AABIS-2657', 'issues': [['AABIS-1', '914565', 'AABIS'], ['A...', 'AABIS'], ['AABIS-4', '914568', 'AABIS'], ['AABIS-5', '914569', 'AABIS'], ['AABIS-6', '914570', 'AABIS'], ...], ...}
jira_screen_shots = None

    def test_1_selenium_zscale_view_test_cycle_in_issue_view(jira_webdriver, jira_datasets, jira_screen_shots):
>       extension_ui.zscale_view_test_cycle_in_issue_view(jira_webdriver, jira_datasets)

selenium_ui/jira_ui.py:70: 
_ _ _ _ _ _ _ _ _ _ _ _ _ _ _ _ _ _ _ _ _ _ _ _ _ _ _ _ _ _ _ _ _ _ _ _ _ _ _ _ 

webdriver = <selenium.webdriver.chrome.webdriver.WebDriver (session="cd23560879c09253cda3102213f36dda")>
datasets = {'custom_issues': [], 'issue_id': '2096377', 'issue_key': 'AABIS-2657', 'issues': [['AABIS-1', '914565', 'AABIS'], ['A...', 'AABIS'], ['AABIS-4', '914568', 'AABIS'], ['AABIS-5', '914569', 'AABIS'], ['AABIS-6', '914570', 'AABIS'], ...], ...}

    def zscale_view_test_cycle_in_issue_view(webdriver, datasets):
        page = BasePage(webdriver)
>       issue_key = datasets['custom_issue_key']
    
        @print_timing("zephyr_scale_view_test_cycle_in_issue_view")
E       KeyError: 'custom_issue_key'

extension/jira/extension_ui.py:58: KeyError
04-27-2022, 11:24:27, 1651058667509, Action: test_1_selenium_zscale_view_test_plan_in_issue_view, Error: jira_webdriver = <selenium.webdriver.chrome.webdriver.WebDriver (session="cd23560879c09253cda3102213f36dda")>
jira_datasets = {'custom_issues': [], 'issue_id': '2096377', 'issue_key': 'AABIS-2657', 'issues': [['AABIS-1', '914565', 'AABIS'], ['A...', 'AABIS'], ['AABIS-4', '914568', 'AABIS'], ['AABIS-5', '914569', 'AABIS'], ['AABIS-6', '914570', 'AABIS'], ...], ...}
jira_screen_shots = None

    def test_1_selenium_zscale_view_test_plan_in_issue_view(jira_webdriver, jira_datasets, jira_screen_shots):
>       extension_ui.zscale_view_test_plan_in_issue_view(jira_webdriver, jira_datasets)

selenium_ui/jira_ui.py:73: 
_ _ _ _ _ _ _ _ _ _ _ _ _ _ _ _ _ _ _ _ _ _ _ _ _ _ _ _ _ _ _ _ _ _ _ _ _ _ _ _ 

webdriver = <selenium.webdriver.chrome.webdriver.WebDriver (session="cd23560879c09253cda3102213f36dda")>
datasets = {'custom_issues': [], 'issue_id': '2096377', 'issue_key': 'AABIS-2657', 'issues': [['AABIS-1', '914565', 'AABIS'], ['A...', 'AABIS'], ['AABIS-4', '914568', 'AABIS'], ['AABIS-5', '914569', 'AABIS'], ['AABIS-6', '914570', 'AABIS'], ...], ...}

    def zscale_view_test_plan_in_issue_view(webdriver, datasets):
        page = BasePage(webdriver)
>       issue_key = datasets['custom_issue_key']
    
        @print_timing("zephyr_scale_view_test_plan_in_issue_view")
E       KeyError: 'custom_issue_key'

extension/jira/extension_ui.py:69: KeyError
04-27-2022, 11:24:43, 1651058683185, Action: test_1_selenium_zscale_view_test_case_in_issue_view, Error: jira_webdriver = <selenium.webdriver.chrome.webdriver.WebDriver (session="cd23560879c09253cda3102213f36dda")>
jira_datasets = {'custom_issues': [], 'issue_id': '914876', 'issue_key': 'AABIS-312', 'issues': [['AABIS-1', '914565', 'AABIS'], ['AAB...', 'AABIS'], ['AABIS-4', '914568', 'AABIS'], ['AABIS-5', '914569', 'AABIS'], ['AABIS-6', '914570', 'AABIS'], ...], ...}
jira_screen_shots = None

    def test_1_selenium_zscale_view_test_case_in_issue_view(jira_webdriver, jira_datasets, jira_screen_shots):
>       extension_ui.zscale_view_test_case_in_issue_view(jira_webdriver, jira_datasets)

selenium_ui/jira_ui.py:67: 
_ _ _ _ _ _ _ _ _ _ _ _ _ _ _ _ _ _ _ _ _ _ _ _ _ _ _ _ _ _ _ _ _ _ _ _ _ _ _ _ 

webdriver = <selenium.webdriver.chrome.webdriver.WebDriver (session="cd23560879c09253cda3102213f36dda")>
datasets = {'custom_issues': [], 'issue_id': '914876', 'issue_key': 'AABIS-312', 'issues': [['AABIS-1', '914565', 'AABIS'], ['AAB...', 'AABIS'], ['AABIS-4', '914568', 'AABIS'], ['AABIS-5', '914569', 'AABIS'], ['AABIS-6', '914570', 'AABIS'], ...], ...}

    def zscale_view_test_case_in_issue_view(webdriver, datasets):
        page = BasePage(webdriver)
>       issue_key = datasets['custom_issue_key']
    
        @print_timing("zephyr_scale_view_test_case_in_issue_view")
E       KeyError: 'custom_issue_key'

extension/jira/extension_ui.py:47: KeyError
04-27-2022, 11:24:43, 1651058683666, Action: test_1_selenium_zscale_view_test_cycle_in_issue_view, Error: jira_webdriver = <selenium.webdriver.chrome.webdriver.WebDriver (session="cd23560879c09253cda3102213f36dda")>
jira_datasets = {'custom_issues': [], 'issue_id': '914876', 'issue_key': 'AABIS-312', 'issues': [['AABIS-1', '914565', 'AABIS'], ['AAB...', 'AABIS'], ['AABIS-4', '914568', 'AABIS'], ['AABIS-5', '914569', 'AABIS'], ['AABIS-6', '914570', 'AABIS'], ...], ...}
jira_screen_shots = None

    def test_1_selenium_zscale_view_test_cycle_in_issue_view(jira_webdriver, jira_datasets, jira_screen_shots):
>       extension_ui.zscale_view_test_cycle_in_issue_view(jira_webdriver, jira_datasets)

selenium_ui/jira_ui.py:70: 
_ _ _ _ _ _ _ _ _ _ _ _ _ _ _ _ _ _ _ _ _ _ _ _ _ _ _ _ _ _ _ _ _ _ _ _ _ _ _ _ 

webdriver = <selenium.webdriver.chrome.webdriver.WebDriver (session="cd23560879c09253cda3102213f36dda")>
datasets = {'custom_issues': [], 'issue_id': '914876', 'issue_key': 'AABIS-312', 'issues': [['AABIS-1', '914565', 'AABIS'], ['AAB...', 'AABIS'], ['AABIS-4', '914568', 'AABIS'], ['AABIS-5', '914569', 'AABIS'], ['AABIS-6', '914570', 'AABIS'], ...], ...}

    def zscale_view_test_cycle_in_issue_view(webdriver, datasets):
        page = BasePage(webdriver)
>       issue_key = datasets['custom_issue_key']
    
        @print_timing("zephyr_scale_view_test_cycle_in_issue_view")
E       KeyError: 'custom_issue_key'

extension/jira/extension_ui.py:58: KeyError
04-27-2022, 11:24:44, 1651058684253, Action: test_1_selenium_zscale_view_test_plan_in_issue_view, Error: jira_webdriver = <selenium.webdriver.chrome.webdriver.WebDriver (session="cd23560879c09253cda3102213f36dda")>
jira_datasets = {'custom_issues': [], 'issue_id': '914876', 'issue_key': 'AABIS-312', 'issues': [['AABIS-1', '914565', 'AABIS'], ['AAB...', 'AABIS'], ['AABIS-4', '914568', 'AABIS'], ['AABIS-5', '914569', 'AABIS'], ['AABIS-6', '914570', 'AABIS'], ...], ...}
jira_screen_shots = None

    def test_1_selenium_zscale_view_test_plan_in_issue_view(jira_webdriver, jira_datasets, jira_screen_shots):
>       extension_ui.zscale_view_test_plan_in_issue_view(jira_webdriver, jira_datasets)

selenium_ui/jira_ui.py:73: 
_ _ _ _ _ _ _ _ _ _ _ _ _ _ _ _ _ _ _ _ _ _ _ _ _ _ _ _ _ _ _ _ _ _ _ _ _ _ _ _ 

webdriver = <selenium.webdriver.chrome.webdriver.WebDriver (session="cd23560879c09253cda3102213f36dda")>
datasets = {'custom_issues': [], 'issue_id': '914876', 'issue_key': 'AABIS-312', 'issues': [['AABIS-1', '914565', 'AABIS'], ['AAB...', 'AABIS'], ['AABIS-4', '914568', 'AABIS'], ['AABIS-5', '914569', 'AABIS'], ['AABIS-6', '914570', 'AABIS'], ...], ...}

    def zscale_view_test_plan_in_issue_view(webdriver, datasets):
        page = BasePage(webdriver)
>       issue_key = datasets['custom_issue_key']
    
        @print_timing("zephyr_scale_view_test_plan_in_issue_view")
E       KeyError: 'custom_issue_key'

extension/jira/extension_ui.py:69: KeyError
04-27-2022, 11:24:59, 1651058699637, Action: test_1_selenium_zscale_view_test_case_in_issue_view, Error: jira_webdriver = <selenium.webdriver.chrome.webdriver.WebDriver (session="cd23560879c09253cda3102213f36dda")>
jira_datasets = {'custom_issues': [], 'issue_id': '210229', 'issue_key': 'AAFAIA-4721', 'issues': [['AABIS-1', '914565', 'AABIS'], ['A...', 'AABIS'], ['AABIS-4', '914568', 'AABIS'], ['AABIS-5', '914569', 'AABIS'], ['AABIS-6', '914570', 'AABIS'], ...], ...}
jira_screen_shots = None

    def test_1_selenium_zscale_view_test_case_in_issue_view(jira_webdriver, jira_datasets, jira_screen_shots):
>       extension_ui.zscale_view_test_case_in_issue_view(jira_webdriver, jira_datasets)

selenium_ui/jira_ui.py:67: 
_ _ _ _ _ _ _ _ _ _ _ _ _ _ _ _ _ _ _ _ _ _ _ _ _ _ _ _ _ _ _ _ _ _ _ _ _ _ _ _ 

webdriver = <selenium.webdriver.chrome.webdriver.WebDriver (session="cd23560879c09253cda3102213f36dda")>
datasets = {'custom_issues': [], 'issue_id': '210229', 'issue_key': 'AAFAIA-4721', 'issues': [['AABIS-1', '914565', 'AABIS'], ['A...', 'AABIS'], ['AABIS-4', '914568', 'AABIS'], ['AABIS-5', '914569', 'AABIS'], ['AABIS-6', '914570', 'AABIS'], ...], ...}

    def zscale_view_test_case_in_issue_view(webdriver, datasets):
        page = BasePage(webdriver)
>       issue_key = datasets['custom_issue_key']
    
        @print_timing("zephyr_scale_view_test_case_in_issue_view")
E       KeyError: 'custom_issue_key'

extension/jira/extension_ui.py:47: KeyError
04-27-2022, 11:25:00, 1651058700131, Action: test_1_selenium_zscale_view_test_cycle_in_issue_view, Error: jira_webdriver = <selenium.webdriver.chrome.webdriver.WebDriver (session="cd23560879c09253cda3102213f36dda")>
jira_datasets = {'custom_issues': [], 'issue_id': '210229', 'issue_key': 'AAFAIA-4721', 'issues': [['AABIS-1', '914565', 'AABIS'], ['A...', 'AABIS'], ['AABIS-4', '914568', 'AABIS'], ['AABIS-5', '914569', 'AABIS'], ['AABIS-6', '914570', 'AABIS'], ...], ...}
jira_screen_shots = None

    def test_1_selenium_zscale_view_test_cycle_in_issue_view(jira_webdriver, jira_datasets, jira_screen_shots):
>       extension_ui.zscale_view_test_cycle_in_issue_view(jira_webdriver, jira_datasets)

selenium_ui/jira_ui.py:70: 
_ _ _ _ _ _ _ _ _ _ _ _ _ _ _ _ _ _ _ _ _ _ _ _ _ _ _ _ _ _ _ _ _ _ _ _ _ _ _ _ 

webdriver = <selenium.webdriver.chrome.webdriver.WebDriver (session="cd23560879c09253cda3102213f36dda")>
datasets = {'custom_issues': [], 'issue_id': '210229', 'issue_key': 'AAFAIA-4721', 'issues': [['AABIS-1', '914565', 'AABIS'], ['A...', 'AABIS'], ['AABIS-4', '914568', 'AABIS'], ['AABIS-5', '914569', 'AABIS'], ['AABIS-6', '914570', 'AABIS'], ...], ...}

    def zscale_view_test_cycle_in_issue_view(webdriver, datasets):
        page = BasePage(webdriver)
>       issue_key = datasets['custom_issue_key']
    
        @print_timing("zephyr_scale_view_test_cycle_in_issue_view")
E       KeyError: 'custom_issue_key'

extension/jira/extension_ui.py:58: KeyError
04-27-2022, 11:25:00, 1651058700757, Action: test_1_selenium_zscale_view_test_plan_in_issue_view, Error: jira_webdriver = <selenium.webdriver.chrome.webdriver.WebDriver (session="cd23560879c09253cda3102213f36dda")>
jira_datasets = {'custom_issues': [], 'issue_id': '210229', 'issue_key': 'AAFAIA-4721', 'issues': [['AABIS-1', '914565', 'AABIS'], ['A...', 'AABIS'], ['AABIS-4', '914568', 'AABIS'], ['AABIS-5', '914569', 'AABIS'], ['AABIS-6', '914570', 'AABIS'], ...], ...}
jira_screen_shots = None

    def test_1_selenium_zscale_view_test_plan_in_issue_view(jira_webdriver, jira_datasets, jira_screen_shots):
>       extension_ui.zscale_view_test_plan_in_issue_view(jira_webdriver, jira_datasets)

selenium_ui/jira_ui.py:73: 
_ _ _ _ _ _ _ _ _ _ _ _ _ _ _ _ _ _ _ _ _ _ _ _ _ _ _ _ _ _ _ _ _ _ _ _ _ _ _ _ 

webdriver = <selenium.webdriver.chrome.webdriver.WebDriver (session="cd23560879c09253cda3102213f36dda")>
datasets = {'custom_issues': [], 'issue_id': '210229', 'issue_key': 'AAFAIA-4721', 'issues': [['AABIS-1', '914565', 'AABIS'], ['A...', 'AABIS'], ['AABIS-4', '914568', 'AABIS'], ['AABIS-5', '914569', 'AABIS'], ['AABIS-6', '914570', 'AABIS'], ...], ...}

    def zscale_view_test_plan_in_issue_view(webdriver, datasets):
        page = BasePage(webdriver)
>       issue_key = datasets['custom_issue_key']
    
        @print_timing("zephyr_scale_view_test_plan_in_issue_view")
E       KeyError: 'custom_issue_key'

extension/jira/extension_ui.py:69: KeyError
04-27-2022, 11:25:15, 1651058715545, Action: test_1_selenium_zscale_view_test_case_in_issue_view, Error: jira_webdriver = <selenium.webdriver.chrome.webdriver.WebDriver (session="cd23560879c09253cda3102213f36dda")>
jira_datasets = {'custom_issues': [], 'issue_id': '209978', 'issue_key': 'AAFAIA-4470', 'issues': [['AABIS-1', '914565', 'AABIS'], ['A...', 'AABIS'], ['AABIS-4', '914568', 'AABIS'], ['AABIS-5', '914569', 'AABIS'], ['AABIS-6', '914570', 'AABIS'], ...], ...}
jira_screen_shots = None

    def test_1_selenium_zscale_view_test_case_in_issue_view(jira_webdriver, jira_datasets, jira_screen_shots):
>       extension_ui.zscale_view_test_case_in_issue_view(jira_webdriver, jira_datasets)

selenium_ui/jira_ui.py:67: 
_ _ _ _ _ _ _ _ _ _ _ _ _ _ _ _ _ _ _ _ _ _ _ _ _ _ _ _ _ _ _ _ _ _ _ _ _ _ _ _ 

webdriver = <selenium.webdriver.chrome.webdriver.WebDriver (session="cd23560879c09253cda3102213f36dda")>
datasets = {'custom_issues': [], 'issue_id': '209978', 'issue_key': 'AAFAIA-4470', 'issues': [['AABIS-1', '914565', 'AABIS'], ['A...', 'AABIS'], ['AABIS-4', '914568', 'AABIS'], ['AABIS-5', '914569', 'AABIS'], ['AABIS-6', '914570', 'AABIS'], ...], ...}

    def zscale_view_test_case_in_issue_view(webdriver, datasets):
        page = BasePage(webdriver)
>       issue_key = datasets['custom_issue_key']
    
        @print_timing("zephyr_scale_view_test_case_in_issue_view")
E       KeyError: 'custom_issue_key'

extension/jira/extension_ui.py:47: KeyError
04-27-2022, 11:25:16, 1651058716150, Action: test_1_selenium_zscale_view_test_cycle_in_issue_view, Error: jira_webdriver = <selenium.webdriver.chrome.webdriver.WebDriver (session="cd23560879c09253cda3102213f36dda")>
jira_datasets = {'custom_issues': [], 'issue_id': '209978', 'issue_key': 'AAFAIA-4470', 'issues': [['AABIS-1', '914565', 'AABIS'], ['A...', 'AABIS'], ['AABIS-4', '914568', 'AABIS'], ['AABIS-5', '914569', 'AABIS'], ['AABIS-6', '914570', 'AABIS'], ...], ...}
jira_screen_shots = None

    def test_1_selenium_zscale_view_test_cycle_in_issue_view(jira_webdriver, jira_datasets, jira_screen_shots):
>       extension_ui.zscale_view_test_cycle_in_issue_view(jira_webdriver, jira_datasets)

selenium_ui/jira_ui.py:70: 
_ _ _ _ _ _ _ _ _ _ _ _ _ _ _ _ _ _ _ _ _ _ _ _ _ _ _ _ _ _ _ _ _ _ _ _ _ _ _ _ 

webdriver = <selenium.webdriver.chrome.webdriver.WebDriver (session="cd23560879c09253cda3102213f36dda")>
datasets = {'custom_issues': [], 'issue_id': '209978', 'issue_key': 'AAFAIA-4470', 'issues': [['AABIS-1', '914565', 'AABIS'], ['A...', 'AABIS'], ['AABIS-4', '914568', 'AABIS'], ['AABIS-5', '914569', 'AABIS'], ['AABIS-6', '914570', 'AABIS'], ...], ...}

    def zscale_view_test_cycle_in_issue_view(webdriver, datasets):
        page = BasePage(webdriver)
>       issue_key = datasets['custom_issue_key']
    
        @print_timing("zephyr_scale_view_test_cycle_in_issue_view")
E       KeyError: 'custom_issue_key'

extension/jira/extension_ui.py:58: KeyError
04-27-2022, 11:25:16, 1651058716677, Action: test_1_selenium_zscale_view_test_plan_in_issue_view, Error: jira_webdriver = <selenium.webdriver.chrome.webdriver.WebDriver (session="cd23560879c09253cda3102213f36dda")>
jira_datasets = {'custom_issues': [], 'issue_id': '209978', 'issue_key': 'AAFAIA-4470', 'issues': [['AABIS-1', '914565', 'AABIS'], ['A...', 'AABIS'], ['AABIS-4', '914568', 'AABIS'], ['AABIS-5', '914569', 'AABIS'], ['AABIS-6', '914570', 'AABIS'], ...], ...}
jira_screen_shots = None

    def test_1_selenium_zscale_view_test_plan_in_issue_view(jira_webdriver, jira_datasets, jira_screen_shots):
>       extension_ui.zscale_view_test_plan_in_issue_view(jira_webdriver, jira_datasets)

selenium_ui/jira_ui.py:73: 
_ _ _ _ _ _ _ _ _ _ _ _ _ _ _ _ _ _ _ _ _ _ _ _ _ _ _ _ _ _ _ _ _ _ _ _ _ _ _ _ 

webdriver = <selenium.webdriver.chrome.webdriver.WebDriver (session="cd23560879c09253cda3102213f36dda")>
datasets = {'custom_issues': [], 'issue_id': '209978', 'issue_key': 'AAFAIA-4470', 'issues': [['AABIS-1', '914565', 'AABIS'], ['A...', 'AABIS'], ['AABIS-4', '914568', 'AABIS'], ['AABIS-5', '914569', 'AABIS'], ['AABIS-6', '914570', 'AABIS'], ...], ...}

    def zscale_view_test_plan_in_issue_view(webdriver, datasets):
        page = BasePage(webdriver)
>       issue_key = datasets['custom_issue_key']
    
        @print_timing("zephyr_scale_view_test_plan_in_issue_view")
E       KeyError: 'custom_issue_key'

extension/jira/extension_ui.py:69: KeyError
04-27-2022, 11:25:31, 1651058731255, Action: test_1_selenium_zscale_view_test_case_in_issue_view, Error: jira_webdriver = <selenium.webdriver.chrome.webdriver.WebDriver (session="cd23560879c09253cda3102213f36dda")>
jira_datasets = {'custom_issues': [], 'issue_id': '2051043', 'issue_key': 'AABIS-1837', 'issues': [['AABIS-1', '914565', 'AABIS'], ['A...', 'AABIS'], ['AABIS-4', '914568', 'AABIS'], ['AABIS-5', '914569', 'AABIS'], ['AABIS-6', '914570', 'AABIS'], ...], ...}
jira_screen_shots = None

    def test_1_selenium_zscale_view_test_case_in_issue_view(jira_webdriver, jira_datasets, jira_screen_shots):
>       extension_ui.zscale_view_test_case_in_issue_view(jira_webdriver, jira_datasets)

selenium_ui/jira_ui.py:67: 
_ _ _ _ _ _ _ _ _ _ _ _ _ _ _ _ _ _ _ _ _ _ _ _ _ _ _ _ _ _ _ _ _ _ _ _ _ _ _ _ 

webdriver = <selenium.webdriver.chrome.webdriver.WebDriver (session="cd23560879c09253cda3102213f36dda")>
datasets = {'custom_issues': [], 'issue_id': '2051043', 'issue_key': 'AABIS-1837', 'issues': [['AABIS-1', '914565', 'AABIS'], ['A...', 'AABIS'], ['AABIS-4', '914568', 'AABIS'], ['AABIS-5', '914569', 'AABIS'], ['AABIS-6', '914570', 'AABIS'], ...], ...}

    def zscale_view_test_case_in_issue_view(webdriver, datasets):
        page = BasePage(webdriver)
>       issue_key = datasets['custom_issue_key']
    
        @print_timing("zephyr_scale_view_test_case_in_issue_view")
E       KeyError: 'custom_issue_key'

extension/jira/extension_ui.py:47: KeyError
04-27-2022, 11:25:31, 1651058731825, Action: test_1_selenium_zscale_view_test_cycle_in_issue_view, Error: jira_webdriver = <selenium.webdriver.chrome.webdriver.WebDriver (session="cd23560879c09253cda3102213f36dda")>
jira_datasets = {'custom_issues': [], 'issue_id': '2051043', 'issue_key': 'AABIS-1837', 'issues': [['AABIS-1', '914565', 'AABIS'], ['A...', 'AABIS'], ['AABIS-4', '914568', 'AABIS'], ['AABIS-5', '914569', 'AABIS'], ['AABIS-6', '914570', 'AABIS'], ...], ...}
jira_screen_shots = None

    def test_1_selenium_zscale_view_test_cycle_in_issue_view(jira_webdriver, jira_datasets, jira_screen_shots):
>       extension_ui.zscale_view_test_cycle_in_issue_view(jira_webdriver, jira_datasets)

selenium_ui/jira_ui.py:70: 
_ _ _ _ _ _ _ _ _ _ _ _ _ _ _ _ _ _ _ _ _ _ _ _ _ _ _ _ _ _ _ _ _ _ _ _ _ _ _ _ 

webdriver = <selenium.webdriver.chrome.webdriver.WebDriver (session="cd23560879c09253cda3102213f36dda")>
datasets = {'custom_issues': [], 'issue_id': '2051043', 'issue_key': 'AABIS-1837', 'issues': [['AABIS-1', '914565', 'AABIS'], ['A...', 'AABIS'], ['AABIS-4', '914568', 'AABIS'], ['AABIS-5', '914569', 'AABIS'], ['AABIS-6', '914570', 'AABIS'], ...], ...}

    def zscale_view_test_cycle_in_issue_view(webdriver, datasets):
        page = BasePage(webdriver)
>       issue_key = datasets['custom_issue_key']
    
        @print_timing("zephyr_scale_view_test_cycle_in_issue_view")
E       KeyError: 'custom_issue_key'

extension/jira/extension_ui.py:58: KeyError
04-27-2022, 11:25:32, 1651058732380, Action: test_1_selenium_zscale_view_test_plan_in_issue_view, Error: jira_webdriver = <selenium.webdriver.chrome.webdriver.WebDriver (session="cd23560879c09253cda3102213f36dda")>
jira_datasets = {'custom_issues': [], 'issue_id': '2051043', 'issue_key': 'AABIS-1837', 'issues': [['AABIS-1', '914565', 'AABIS'], ['A...', 'AABIS'], ['AABIS-4', '914568', 'AABIS'], ['AABIS-5', '914569', 'AABIS'], ['AABIS-6', '914570', 'AABIS'], ...], ...}
jira_screen_shots = None

    def test_1_selenium_zscale_view_test_plan_in_issue_view(jira_webdriver, jira_datasets, jira_screen_shots):
>       extension_ui.zscale_view_test_plan_in_issue_view(jira_webdriver, jira_datasets)

selenium_ui/jira_ui.py:73: 
_ _ _ _ _ _ _ _ _ _ _ _ _ _ _ _ _ _ _ _ _ _ _ _ _ _ _ _ _ _ _ _ _ _ _ _ _ _ _ _ 

webdriver = <selenium.webdriver.chrome.webdriver.WebDriver (session="cd23560879c09253cda3102213f36dda")>
datasets = {'custom_issues': [], 'issue_id': '2051043', 'issue_key': 'AABIS-1837', 'issues': [['AABIS-1', '914565', 'AABIS'], ['A...', 'AABIS'], ['AABIS-4', '914568', 'AABIS'], ['AABIS-5', '914569', 'AABIS'], ['AABIS-6', '914570', 'AABIS'], ...], ...}

    def zscale_view_test_plan_in_issue_view(webdriver, datasets):
        page = BasePage(webdriver)
>       issue_key = datasets['custom_issue_key']
    
        @print_timing("zephyr_scale_view_test_plan_in_issue_view")
E       KeyError: 'custom_issue_key'

extension/jira/extension_ui.py:69: KeyError
04-27-2022, 11:25:47, 1651058747358, Action: test_1_selenium_zscale_view_test_case_in_issue_view, Error: jira_webdriver = <selenium.webdriver.chrome.webdriver.WebDriver (session="cd23560879c09253cda3102213f36dda")>
jira_datasets = {'custom_issues': [], 'issue_id': '2043129', 'issue_key': 'AABIS-1586', 'issues': [['AABIS-1', '914565', 'AABIS'], ['A...', 'AABIS'], ['AABIS-4', '914568', 'AABIS'], ['AABIS-5', '914569', 'AABIS'], ['AABIS-6', '914570', 'AABIS'], ...], ...}
jira_screen_shots = None

    def test_1_selenium_zscale_view_test_case_in_issue_view(jira_webdriver, jira_datasets, jira_screen_shots):
>       extension_ui.zscale_view_test_case_in_issue_view(jira_webdriver, jira_datasets)

selenium_ui/jira_ui.py:67: 
_ _ _ _ _ _ _ _ _ _ _ _ _ _ _ _ _ _ _ _ _ _ _ _ _ _ _ _ _ _ _ _ _ _ _ _ _ _ _ _ 

webdriver = <selenium.webdriver.chrome.webdriver.WebDriver (session="cd23560879c09253cda3102213f36dda")>
datasets = {'custom_issues': [], 'issue_id': '2043129', 'issue_key': 'AABIS-1586', 'issues': [['AABIS-1', '914565', 'AABIS'], ['A...', 'AABIS'], ['AABIS-4', '914568', 'AABIS'], ['AABIS-5', '914569', 'AABIS'], ['AABIS-6', '914570', 'AABIS'], ...], ...}

    def zscale_view_test_case_in_issue_view(webdriver, datasets):
        page = BasePage(webdriver)
>       issue_key = datasets['custom_issue_key']
    
        @print_timing("zephyr_scale_view_test_case_in_issue_view")
E       KeyError: 'custom_issue_key'

extension/jira/extension_ui.py:47: KeyError
04-27-2022, 11:25:47, 1651058747872, Action: test_1_selenium_zscale_view_test_cycle_in_issue_view, Error: jira_webdriver = <selenium.webdriver.chrome.webdriver.WebDriver (session="cd23560879c09253cda3102213f36dda")>
jira_datasets = {'custom_issues': [], 'issue_id': '2043129', 'issue_key': 'AABIS-1586', 'issues': [['AABIS-1', '914565', 'AABIS'], ['A...', 'AABIS'], ['AABIS-4', '914568', 'AABIS'], ['AABIS-5', '914569', 'AABIS'], ['AABIS-6', '914570', 'AABIS'], ...], ...}
jira_screen_shots = None

    def test_1_selenium_zscale_view_test_cycle_in_issue_view(jira_webdriver, jira_datasets, jira_screen_shots):
>       extension_ui.zscale_view_test_cycle_in_issue_view(jira_webdriver, jira_datasets)

selenium_ui/jira_ui.py:70: 
_ _ _ _ _ _ _ _ _ _ _ _ _ _ _ _ _ _ _ _ _ _ _ _ _ _ _ _ _ _ _ _ _ _ _ _ _ _ _ _ 

webdriver = <selenium.webdriver.chrome.webdriver.WebDriver (session="cd23560879c09253cda3102213f36dda")>
datasets = {'custom_issues': [], 'issue_id': '2043129', 'issue_key': 'AABIS-1586', 'issues': [['AABIS-1', '914565', 'AABIS'], ['A...', 'AABIS'], ['AABIS-4', '914568', 'AABIS'], ['AABIS-5', '914569', 'AABIS'], ['AABIS-6', '914570', 'AABIS'], ...], ...}

    def zscale_view_test_cycle_in_issue_view(webdriver, datasets):
        page = BasePage(webdriver)
>       issue_key = datasets['custom_issue_key']
    
        @print_timing("zephyr_scale_view_test_cycle_in_issue_view")
E       KeyError: 'custom_issue_key'

extension/jira/extension_ui.py:58: KeyError
04-27-2022, 11:25:48, 1651058748485, Action: test_1_selenium_zscale_view_test_plan_in_issue_view, Error: jira_webdriver = <selenium.webdriver.chrome.webdriver.WebDriver (session="cd23560879c09253cda3102213f36dda")>
jira_datasets = {'custom_issues': [], 'issue_id': '2043129', 'issue_key': 'AABIS-1586', 'issues': [['AABIS-1', '914565', 'AABIS'], ['A...', 'AABIS'], ['AABIS-4', '914568', 'AABIS'], ['AABIS-5', '914569', 'AABIS'], ['AABIS-6', '914570', 'AABIS'], ...], ...}
jira_screen_shots = None

    def test_1_selenium_zscale_view_test_plan_in_issue_view(jira_webdriver, jira_datasets, jira_screen_shots):
>       extension_ui.zscale_view_test_plan_in_issue_view(jira_webdriver, jira_datasets)

selenium_ui/jira_ui.py:73: 
_ _ _ _ _ _ _ _ _ _ _ _ _ _ _ _ _ _ _ _ _ _ _ _ _ _ _ _ _ _ _ _ _ _ _ _ _ _ _ _ 

webdriver = <selenium.webdriver.chrome.webdriver.WebDriver (session="cd23560879c09253cda3102213f36dda")>
datasets = {'custom_issues': [], 'issue_id': '2043129', 'issue_key': 'AABIS-1586', 'issues': [['AABIS-1', '914565', 'AABIS'], ['A...', 'AABIS'], ['AABIS-4', '914568', 'AABIS'], ['AABIS-5', '914569', 'AABIS'], ['AABIS-6', '914570', 'AABIS'], ...], ...}

    def zscale_view_test_plan_in_issue_view(webdriver, datasets):
        page = BasePage(webdriver)
>       issue_key = datasets['custom_issue_key']
    
        @print_timing("zephyr_scale_view_test_plan_in_issue_view")
E       KeyError: 'custom_issue_key'

extension/jira/extension_ui.py:69: KeyError
04-27-2022, 11:26:02, 1651058762612, Action: test_1_selenium_zscale_view_test_case_in_issue_view, Error: jira_webdriver = <selenium.webdriver.chrome.webdriver.WebDriver (session="cd23560879c09253cda3102213f36dda")>
jira_datasets = {'custom_issues': [], 'issue_id': '206247', 'issue_key': 'AAFAIA-739', 'issues': [['AABIS-1', '914565', 'AABIS'], ['AA...', 'AABIS'], ['AABIS-4', '914568', 'AABIS'], ['AABIS-5', '914569', 'AABIS'], ['AABIS-6', '914570', 'AABIS'], ...], ...}
jira_screen_shots = None

    def test_1_selenium_zscale_view_test_case_in_issue_view(jira_webdriver, jira_datasets, jira_screen_shots):
>       extension_ui.zscale_view_test_case_in_issue_view(jira_webdriver, jira_datasets)

selenium_ui/jira_ui.py:67: 
_ _ _ _ _ _ _ _ _ _ _ _ _ _ _ _ _ _ _ _ _ _ _ _ _ _ _ _ _ _ _ _ _ _ _ _ _ _ _ _ 

webdriver = <selenium.webdriver.chrome.webdriver.WebDriver (session="cd23560879c09253cda3102213f36dda")>
datasets = {'custom_issues': [], 'issue_id': '206247', 'issue_key': 'AAFAIA-739', 'issues': [['AABIS-1', '914565', 'AABIS'], ['AA...', 'AABIS'], ['AABIS-4', '914568', 'AABIS'], ['AABIS-5', '914569', 'AABIS'], ['AABIS-6', '914570', 'AABIS'], ...], ...}

    def zscale_view_test_case_in_issue_view(webdriver, datasets):
        page = BasePage(webdriver)
>       issue_key = datasets['custom_issue_key']
    
        @print_timing("zephyr_scale_view_test_case_in_issue_view")
E       KeyError: 'custom_issue_key'

extension/jira/extension_ui.py:47: KeyError
04-27-2022, 11:26:03, 1651058763138, Action: test_1_selenium_zscale_view_test_cycle_in_issue_view, Error: jira_webdriver = <selenium.webdriver.chrome.webdriver.WebDriver (session="cd23560879c09253cda3102213f36dda")>
jira_datasets = {'custom_issues': [], 'issue_id': '206247', 'issue_key': 'AAFAIA-739', 'issues': [['AABIS-1', '914565', 'AABIS'], ['AA...', 'AABIS'], ['AABIS-4', '914568', 'AABIS'], ['AABIS-5', '914569', 'AABIS'], ['AABIS-6', '914570', 'AABIS'], ...], ...}
jira_screen_shots = None

    def test_1_selenium_zscale_view_test_cycle_in_issue_view(jira_webdriver, jira_datasets, jira_screen_shots):
>       extension_ui.zscale_view_test_cycle_in_issue_view(jira_webdriver, jira_datasets)

selenium_ui/jira_ui.py:70: 
_ _ _ _ _ _ _ _ _ _ _ _ _ _ _ _ _ _ _ _ _ _ _ _ _ _ _ _ _ _ _ _ _ _ _ _ _ _ _ _ 

webdriver = <selenium.webdriver.chrome.webdriver.WebDriver (session="cd23560879c09253cda3102213f36dda")>
datasets = {'custom_issues': [], 'issue_id': '206247', 'issue_key': 'AAFAIA-739', 'issues': [['AABIS-1', '914565', 'AABIS'], ['AA...', 'AABIS'], ['AABIS-4', '914568', 'AABIS'], ['AABIS-5', '914569', 'AABIS'], ['AABIS-6', '914570', 'AABIS'], ...], ...}

    def zscale_view_test_cycle_in_issue_view(webdriver, datasets):
        page = BasePage(webdriver)
>       issue_key = datasets['custom_issue_key']
    
        @print_timing("zephyr_scale_view_test_cycle_in_issue_view")
E       KeyError: 'custom_issue_key'

extension/jira/extension_ui.py:58: KeyError
04-27-2022, 11:26:03, 1651058763677, Action: test_1_selenium_zscale_view_test_plan_in_issue_view, Error: jira_webdriver = <selenium.webdriver.chrome.webdriver.WebDriver (session="cd23560879c09253cda3102213f36dda")>
jira_datasets = {'custom_issues': [], 'issue_id': '206247', 'issue_key': 'AAFAIA-739', 'issues': [['AABIS-1', '914565', 'AABIS'], ['AA...', 'AABIS'], ['AABIS-4', '914568', 'AABIS'], ['AABIS-5', '914569', 'AABIS'], ['AABIS-6', '914570', 'AABIS'], ...], ...}
jira_screen_shots = None

    def test_1_selenium_zscale_view_test_plan_in_issue_view(jira_webdriver, jira_datasets, jira_screen_shots):
>       extension_ui.zscale_view_test_plan_in_issue_view(jira_webdriver, jira_datasets)

selenium_ui/jira_ui.py:73: 
_ _ _ _ _ _ _ _ _ _ _ _ _ _ _ _ _ _ _ _ _ _ _ _ _ _ _ _ _ _ _ _ _ _ _ _ _ _ _ _ 

webdriver = <selenium.webdriver.chrome.webdriver.WebDriver (session="cd23560879c09253cda3102213f36dda")>
datasets = {'custom_issues': [], 'issue_id': '206247', 'issue_key': 'AAFAIA-739', 'issues': [['AABIS-1', '914565', 'AABIS'], ['AA...', 'AABIS'], ['AABIS-4', '914568', 'AABIS'], ['AABIS-5', '914569', 'AABIS'], ['AABIS-6', '914570', 'AABIS'], ...], ...}

    def zscale_view_test_plan_in_issue_view(webdriver, datasets):
        page = BasePage(webdriver)
>       issue_key = datasets['custom_issue_key']
    
        @print_timing("zephyr_scale_view_test_plan_in_issue_view")
E       KeyError: 'custom_issue_key'

extension/jira/extension_ui.py:69: KeyError
04-27-2022, 11:26:17, 1651058777844, Action: test_1_selenium_zscale_view_test_case_in_issue_view, Error: jira_webdriver = <selenium.webdriver.chrome.webdriver.WebDriver (session="cd23560879c09253cda3102213f36dda")>
jira_datasets = {'custom_issues': [], 'issue_id': '914735', 'issue_key': 'AABIS-171', 'issues': [['AABIS-1', '914565', 'AABIS'], ['AAB...', 'AABIS'], ['AABIS-4', '914568', 'AABIS'], ['AABIS-5', '914569', 'AABIS'], ['AABIS-6', '914570', 'AABIS'], ...], ...}
jira_screen_shots = None

    def test_1_selenium_zscale_view_test_case_in_issue_view(jira_webdriver, jira_datasets, jira_screen_shots):
>       extension_ui.zscale_view_test_case_in_issue_view(jira_webdriver, jira_datasets)

selenium_ui/jira_ui.py:67: 
_ _ _ _ _ _ _ _ _ _ _ _ _ _ _ _ _ _ _ _ _ _ _ _ _ _ _ _ _ _ _ _ _ _ _ _ _ _ _ _ 

webdriver = <selenium.webdriver.chrome.webdriver.WebDriver (session="cd23560879c09253cda3102213f36dda")>
datasets = {'custom_issues': [], 'issue_id': '914735', 'issue_key': 'AABIS-171', 'issues': [['AABIS-1', '914565', 'AABIS'], ['AAB...', 'AABIS'], ['AABIS-4', '914568', 'AABIS'], ['AABIS-5', '914569', 'AABIS'], ['AABIS-6', '914570', 'AABIS'], ...], ...}

    def zscale_view_test_case_in_issue_view(webdriver, datasets):
        page = BasePage(webdriver)
>       issue_key = datasets['custom_issue_key']
    
        @print_timing("zephyr_scale_view_test_case_in_issue_view")
E       KeyError: 'custom_issue_key'

extension/jira/extension_ui.py:47: KeyError
04-27-2022, 11:26:18, 1651058778470, Action: test_1_selenium_zscale_view_test_cycle_in_issue_view, Error: jira_webdriver = <selenium.webdriver.chrome.webdriver.WebDriver (session="cd23560879c09253cda3102213f36dda")>
jira_datasets = {'custom_issues': [], 'issue_id': '914735', 'issue_key': 'AABIS-171', 'issues': [['AABIS-1', '914565', 'AABIS'], ['AAB...', 'AABIS'], ['AABIS-4', '914568', 'AABIS'], ['AABIS-5', '914569', 'AABIS'], ['AABIS-6', '914570', 'AABIS'], ...], ...}
jira_screen_shots = None

    def test_1_selenium_zscale_view_test_cycle_in_issue_view(jira_webdriver, jira_datasets, jira_screen_shots):
>       extension_ui.zscale_view_test_cycle_in_issue_view(jira_webdriver, jira_datasets)

selenium_ui/jira_ui.py:70: 
_ _ _ _ _ _ _ _ _ _ _ _ _ _ _ _ _ _ _ _ _ _ _ _ _ _ _ _ _ _ _ _ _ _ _ _ _ _ _ _ 

webdriver = <selenium.webdriver.chrome.webdriver.WebDriver (session="cd23560879c09253cda3102213f36dda")>
datasets = {'custom_issues': [], 'issue_id': '914735', 'issue_key': 'AABIS-171', 'issues': [['AABIS-1', '914565', 'AABIS'], ['AAB...', 'AABIS'], ['AABIS-4', '914568', 'AABIS'], ['AABIS-5', '914569', 'AABIS'], ['AABIS-6', '914570', 'AABIS'], ...], ...}

    def zscale_view_test_cycle_in_issue_view(webdriver, datasets):
        page = BasePage(webdriver)
>       issue_key = datasets['custom_issue_key']
    
        @print_timing("zephyr_scale_view_test_cycle_in_issue_view")
E       KeyError: 'custom_issue_key'

extension/jira/extension_ui.py:58: KeyError
04-27-2022, 11:26:19, 1651058779029, Action: test_1_selenium_zscale_view_test_plan_in_issue_view, Error: jira_webdriver = <selenium.webdriver.chrome.webdriver.WebDriver (session="cd23560879c09253cda3102213f36dda")>
jira_datasets = {'custom_issues': [], 'issue_id': '914735', 'issue_key': 'AABIS-171', 'issues': [['AABIS-1', '914565', 'AABIS'], ['AAB...', 'AABIS'], ['AABIS-4', '914568', 'AABIS'], ['AABIS-5', '914569', 'AABIS'], ['AABIS-6', '914570', 'AABIS'], ...], ...}
jira_screen_shots = None

    def test_1_selenium_zscale_view_test_plan_in_issue_view(jira_webdriver, jira_datasets, jira_screen_shots):
>       extension_ui.zscale_view_test_plan_in_issue_view(jira_webdriver, jira_datasets)

selenium_ui/jira_ui.py:73: 
_ _ _ _ _ _ _ _ _ _ _ _ _ _ _ _ _ _ _ _ _ _ _ _ _ _ _ _ _ _ _ _ _ _ _ _ _ _ _ _ 

webdriver = <selenium.webdriver.chrome.webdriver.WebDriver (session="cd23560879c09253cda3102213f36dda")>
datasets = {'custom_issues': [], 'issue_id': '914735', 'issue_key': 'AABIS-171', 'issues': [['AABIS-1', '914565', 'AABIS'], ['AAB...', 'AABIS'], ['AABIS-4', '914568', 'AABIS'], ['AABIS-5', '914569', 'AABIS'], ['AABIS-6', '914570', 'AABIS'], ...], ...}

    def zscale_view_test_plan_in_issue_view(webdriver, datasets):
        page = BasePage(webdriver)
>       issue_key = datasets['custom_issue_key']
    
        @print_timing("zephyr_scale_view_test_plan_in_issue_view")
E       KeyError: 'custom_issue_key'

extension/jira/extension_ui.py:69: KeyError
04-27-2022, 11:26:33, 1651058793962, Action: test_1_selenium_zscale_view_test_case_in_issue_view, Error: jira_webdriver = <selenium.webdriver.chrome.webdriver.WebDriver (session="cd23560879c09253cda3102213f36dda")>
jira_datasets = {'custom_issues': [], 'issue_id': '2041660', 'issue_key': 'AABIS-1523', 'issues': [['AABIS-1', '914565', 'AABIS'], ['A...', 'AABIS'], ['AABIS-4', '914568', 'AABIS'], ['AABIS-5', '914569', 'AABIS'], ['AABIS-6', '914570', 'AABIS'], ...], ...}
jira_screen_shots = None

    def test_1_selenium_zscale_view_test_case_in_issue_view(jira_webdriver, jira_datasets, jira_screen_shots):
>       extension_ui.zscale_view_test_case_in_issue_view(jira_webdriver, jira_datasets)

selenium_ui/jira_ui.py:67: 
_ _ _ _ _ _ _ _ _ _ _ _ _ _ _ _ _ _ _ _ _ _ _ _ _ _ _ _ _ _ _ _ _ _ _ _ _ _ _ _ 

webdriver = <selenium.webdriver.chrome.webdriver.WebDriver (session="cd23560879c09253cda3102213f36dda")>
datasets = {'custom_issues': [], 'issue_id': '2041660', 'issue_key': 'AABIS-1523', 'issues': [['AABIS-1', '914565', 'AABIS'], ['A...', 'AABIS'], ['AABIS-4', '914568', 'AABIS'], ['AABIS-5', '914569', 'AABIS'], ['AABIS-6', '914570', 'AABIS'], ...], ...}

    def zscale_view_test_case_in_issue_view(webdriver, datasets):
        page = BasePage(webdriver)
>       issue_key = datasets['custom_issue_key']
    
        @print_timing("zephyr_scale_view_test_case_in_issue_view")
E       KeyError: 'custom_issue_key'

extension/jira/extension_ui.py:47: KeyError
04-27-2022, 11:26:34, 1651058794477, Action: test_1_selenium_zscale_view_test_cycle_in_issue_view, Error: jira_webdriver = <selenium.webdriver.chrome.webdriver.WebDriver (session="cd23560879c09253cda3102213f36dda")>
jira_datasets = {'custom_issues': [], 'issue_id': '2041660', 'issue_key': 'AABIS-1523', 'issues': [['AABIS-1', '914565', 'AABIS'], ['A...', 'AABIS'], ['AABIS-4', '914568', 'AABIS'], ['AABIS-5', '914569', 'AABIS'], ['AABIS-6', '914570', 'AABIS'], ...], ...}
jira_screen_shots = None

    def test_1_selenium_zscale_view_test_cycle_in_issue_view(jira_webdriver, jira_datasets, jira_screen_shots):
>       extension_ui.zscale_view_test_cycle_in_issue_view(jira_webdriver, jira_datasets)

selenium_ui/jira_ui.py:70: 
_ _ _ _ _ _ _ _ _ _ _ _ _ _ _ _ _ _ _ _ _ _ _ _ _ _ _ _ _ _ _ _ _ _ _ _ _ _ _ _ 

webdriver = <selenium.webdriver.chrome.webdriver.WebDriver (session="cd23560879c09253cda3102213f36dda")>
datasets = {'custom_issues': [], 'issue_id': '2041660', 'issue_key': 'AABIS-1523', 'issues': [['AABIS-1', '914565', 'AABIS'], ['A...', 'AABIS'], ['AABIS-4', '914568', 'AABIS'], ['AABIS-5', '914569', 'AABIS'], ['AABIS-6', '914570', 'AABIS'], ...], ...}

    def zscale_view_test_cycle_in_issue_view(webdriver, datasets):
        page = BasePage(webdriver)
>       issue_key = datasets['custom_issue_key']
    
        @print_timing("zephyr_scale_view_test_cycle_in_issue_view")
E       KeyError: 'custom_issue_key'

extension/jira/extension_ui.py:58: KeyError
04-27-2022, 11:26:35, 1651058795091, Action: test_1_selenium_zscale_view_test_plan_in_issue_view, Error: jira_webdriver = <selenium.webdriver.chrome.webdriver.WebDriver (session="cd23560879c09253cda3102213f36dda")>
jira_datasets = {'custom_issues': [], 'issue_id': '2041660', 'issue_key': 'AABIS-1523', 'issues': [['AABIS-1', '914565', 'AABIS'], ['A...', 'AABIS'], ['AABIS-4', '914568', 'AABIS'], ['AABIS-5', '914569', 'AABIS'], ['AABIS-6', '914570', 'AABIS'], ...], ...}
jira_screen_shots = None

    def test_1_selenium_zscale_view_test_plan_in_issue_view(jira_webdriver, jira_datasets, jira_screen_shots):
>       extension_ui.zscale_view_test_plan_in_issue_view(jira_webdriver, jira_datasets)

selenium_ui/jira_ui.py:73: 
_ _ _ _ _ _ _ _ _ _ _ _ _ _ _ _ _ _ _ _ _ _ _ _ _ _ _ _ _ _ _ _ _ _ _ _ _ _ _ _ 

webdriver = <selenium.webdriver.chrome.webdriver.WebDriver (session="cd23560879c09253cda3102213f36dda")>
datasets = {'custom_issues': [], 'issue_id': '2041660', 'issue_key': 'AABIS-1523', 'issues': [['AABIS-1', '914565', 'AABIS'], ['A...', 'AABIS'], ['AABIS-4', '914568', 'AABIS'], ['AABIS-5', '914569', 'AABIS'], ['AABIS-6', '914570', 'AABIS'], ...], ...}

    def zscale_view_test_plan_in_issue_view(webdriver, datasets):
        page = BasePage(webdriver)
>       issue_key = datasets['custom_issue_key']
    
        @print_timing("zephyr_scale_view_test_plan_in_issue_view")
E       KeyError: 'custom_issue_key'

extension/jira/extension_ui.py:69: KeyError
04-27-2022, 11:26:49, 1651058809682, Action: test_1_selenium_zscale_view_test_case_in_issue_view, Error: jira_webdriver = <selenium.webdriver.chrome.webdriver.WebDriver (session="cd23560879c09253cda3102213f36dda")>
jira_datasets = {'custom_issues': [], 'issue_id': '2028042', 'issue_key': 'AABIS-1179', 'issues': [['AABIS-1', '914565', 'AABIS'], ['A...', 'AABIS'], ['AABIS-4', '914568', 'AABIS'], ['AABIS-5', '914569', 'AABIS'], ['AABIS-6', '914570', 'AABIS'], ...], ...}
jira_screen_shots = None

    def test_1_selenium_zscale_view_test_case_in_issue_view(jira_webdriver, jira_datasets, jira_screen_shots):
>       extension_ui.zscale_view_test_case_in_issue_view(jira_webdriver, jira_datasets)

selenium_ui/jira_ui.py:67: 
_ _ _ _ _ _ _ _ _ _ _ _ _ _ _ _ _ _ _ _ _ _ _ _ _ _ _ _ _ _ _ _ _ _ _ _ _ _ _ _ 

webdriver = <selenium.webdriver.chrome.webdriver.WebDriver (session="cd23560879c09253cda3102213f36dda")>
datasets = {'custom_issues': [], 'issue_id': '2028042', 'issue_key': 'AABIS-1179', 'issues': [['AABIS-1', '914565', 'AABIS'], ['A...', 'AABIS'], ['AABIS-4', '914568', 'AABIS'], ['AABIS-5', '914569', 'AABIS'], ['AABIS-6', '914570', 'AABIS'], ...], ...}

    def zscale_view_test_case_in_issue_view(webdriver, datasets):
        page = BasePage(webdriver)
>       issue_key = datasets['custom_issue_key']
    
        @print_timing("zephyr_scale_view_test_case_in_issue_view")
E       KeyError: 'custom_issue_key'

extension/jira/extension_ui.py:47: KeyError
04-27-2022, 11:26:50, 1651058810281, Action: test_1_selenium_zscale_view_test_cycle_in_issue_view, Error: jira_webdriver = <selenium.webdriver.chrome.webdriver.WebDriver (session="cd23560879c09253cda3102213f36dda")>
jira_datasets = {'custom_issues': [], 'issue_id': '2028042', 'issue_key': 'AABIS-1179', 'issues': [['AABIS-1', '914565', 'AABIS'], ['A...', 'AABIS'], ['AABIS-4', '914568', 'AABIS'], ['AABIS-5', '914569', 'AABIS'], ['AABIS-6', '914570', 'AABIS'], ...], ...}
jira_screen_shots = None

    def test_1_selenium_zscale_view_test_cycle_in_issue_view(jira_webdriver, jira_datasets, jira_screen_shots):
>       extension_ui.zscale_view_test_cycle_in_issue_view(jira_webdriver, jira_datasets)

selenium_ui/jira_ui.py:70: 
_ _ _ _ _ _ _ _ _ _ _ _ _ _ _ _ _ _ _ _ _ _ _ _ _ _ _ _ _ _ _ _ _ _ _ _ _ _ _ _ 

webdriver = <selenium.webdriver.chrome.webdriver.WebDriver (session="cd23560879c09253cda3102213f36dda")>
datasets = {'custom_issues': [], 'issue_id': '2028042', 'issue_key': 'AABIS-1179', 'issues': [['AABIS-1', '914565', 'AABIS'], ['A...', 'AABIS'], ['AABIS-4', '914568', 'AABIS'], ['AABIS-5', '914569', 'AABIS'], ['AABIS-6', '914570', 'AABIS'], ...], ...}

    def zscale_view_test_cycle_in_issue_view(webdriver, datasets):
        page = BasePage(webdriver)
>       issue_key = datasets['custom_issue_key']
    
        @print_timing("zephyr_scale_view_test_cycle_in_issue_view")
E       KeyError: 'custom_issue_key'

extension/jira/extension_ui.py:58: KeyError
04-27-2022, 11:26:50, 1651058810778, Action: test_1_selenium_zscale_view_test_plan_in_issue_view, Error: jira_webdriver = <selenium.webdriver.chrome.webdriver.WebDriver (session="cd23560879c09253cda3102213f36dda")>
jira_datasets = {'custom_issues': [], 'issue_id': '2028042', 'issue_key': 'AABIS-1179', 'issues': [['AABIS-1', '914565', 'AABIS'], ['A...', 'AABIS'], ['AABIS-4', '914568', 'AABIS'], ['AABIS-5', '914569', 'AABIS'], ['AABIS-6', '914570', 'AABIS'], ...], ...}
jira_screen_shots = None

    def test_1_selenium_zscale_view_test_plan_in_issue_view(jira_webdriver, jira_datasets, jira_screen_shots):
>       extension_ui.zscale_view_test_plan_in_issue_view(jira_webdriver, jira_datasets)

selenium_ui/jira_ui.py:73: 
_ _ _ _ _ _ _ _ _ _ _ _ _ _ _ _ _ _ _ _ _ _ _ _ _ _ _ _ _ _ _ _ _ _ _ _ _ _ _ _ 

webdriver = <selenium.webdriver.chrome.webdriver.WebDriver (session="cd23560879c09253cda3102213f36dda")>
datasets = {'custom_issues': [], 'issue_id': '2028042', 'issue_key': 'AABIS-1179', 'issues': [['AABIS-1', '914565', 'AABIS'], ['A...', 'AABIS'], ['AABIS-4', '914568', 'AABIS'], ['AABIS-5', '914569', 'AABIS'], ['AABIS-6', '914570', 'AABIS'], ...], ...}

    def zscale_view_test_plan_in_issue_view(webdriver, datasets):
        page = BasePage(webdriver)
>       issue_key = datasets['custom_issue_key']
    
        @print_timing("zephyr_scale_view_test_plan_in_issue_view")
E       KeyError: 'custom_issue_key'

extension/jira/extension_ui.py:69: KeyError
04-27-2022, 11:27:05, 1651058825640, Action: test_1_selenium_zscale_view_test_case_in_issue_view, Error: jira_webdriver = <selenium.webdriver.chrome.webdriver.WebDriver (session="cd23560879c09253cda3102213f36dda")>
jira_datasets = {'custom_issues': [], 'issue_id': '207026', 'issue_key': 'AAFAIA-1518', 'issues': [['AABIS-1', '914565', 'AABIS'], ['A...', 'AABIS'], ['AABIS-4', '914568', 'AABIS'], ['AABIS-5', '914569', 'AABIS'], ['AABIS-6', '914570', 'AABIS'], ...], ...}
jira_screen_shots = None

    def test_1_selenium_zscale_view_test_case_in_issue_view(jira_webdriver, jira_datasets, jira_screen_shots):
>       extension_ui.zscale_view_test_case_in_issue_view(jira_webdriver, jira_datasets)

selenium_ui/jira_ui.py:67: 
_ _ _ _ _ _ _ _ _ _ _ _ _ _ _ _ _ _ _ _ _ _ _ _ _ _ _ _ _ _ _ _ _ _ _ _ _ _ _ _ 

webdriver = <selenium.webdriver.chrome.webdriver.WebDriver (session="cd23560879c09253cda3102213f36dda")>
datasets = {'custom_issues': [], 'issue_id': '207026', 'issue_key': 'AAFAIA-1518', 'issues': [['AABIS-1', '914565', 'AABIS'], ['A...', 'AABIS'], ['AABIS-4', '914568', 'AABIS'], ['AABIS-5', '914569', 'AABIS'], ['AABIS-6', '914570', 'AABIS'], ...], ...}

    def zscale_view_test_case_in_issue_view(webdriver, datasets):
        page = BasePage(webdriver)
>       issue_key = datasets['custom_issue_key']
    
        @print_timing("zephyr_scale_view_test_case_in_issue_view")
E       KeyError: 'custom_issue_key'

extension/jira/extension_ui.py:47: KeyError
04-27-2022, 11:27:06, 1651058826335, Action: test_1_selenium_zscale_view_test_cycle_in_issue_view, Error: jira_webdriver = <selenium.webdriver.chrome.webdriver.WebDriver (session="cd23560879c09253cda3102213f36dda")>
jira_datasets = {'custom_issues': [], 'issue_id': '207026', 'issue_key': 'AAFAIA-1518', 'issues': [['AABIS-1', '914565', 'AABIS'], ['A...', 'AABIS'], ['AABIS-4', '914568', 'AABIS'], ['AABIS-5', '914569', 'AABIS'], ['AABIS-6', '914570', 'AABIS'], ...], ...}
jira_screen_shots = None

    def test_1_selenium_zscale_view_test_cycle_in_issue_view(jira_webdriver, jira_datasets, jira_screen_shots):
>       extension_ui.zscale_view_test_cycle_in_issue_view(jira_webdriver, jira_datasets)

selenium_ui/jira_ui.py:70: 
_ _ _ _ _ _ _ _ _ _ _ _ _ _ _ _ _ _ _ _ _ _ _ _ _ _ _ _ _ _ _ _ _ _ _ _ _ _ _ _ 

webdriver = <selenium.webdriver.chrome.webdriver.WebDriver (session="cd23560879c09253cda3102213f36dda")>
datasets = {'custom_issues': [], 'issue_id': '207026', 'issue_key': 'AAFAIA-1518', 'issues': [['AABIS-1', '914565', 'AABIS'], ['A...', 'AABIS'], ['AABIS-4', '914568', 'AABIS'], ['AABIS-5', '914569', 'AABIS'], ['AABIS-6', '914570', 'AABIS'], ...], ...}

    def zscale_view_test_cycle_in_issue_view(webdriver, datasets):
        page = BasePage(webdriver)
>       issue_key = datasets['custom_issue_key']
    
        @print_timing("zephyr_scale_view_test_cycle_in_issue_view")
E       KeyError: 'custom_issue_key'

extension/jira/extension_ui.py:58: KeyError
04-27-2022, 11:27:06, 1651058826897, Action: test_1_selenium_zscale_view_test_plan_in_issue_view, Error: jira_webdriver = <selenium.webdriver.chrome.webdriver.WebDriver (session="cd23560879c09253cda3102213f36dda")>
jira_datasets = {'custom_issues': [], 'issue_id': '207026', 'issue_key': 'AAFAIA-1518', 'issues': [['AABIS-1', '914565', 'AABIS'], ['A...', 'AABIS'], ['AABIS-4', '914568', 'AABIS'], ['AABIS-5', '914569', 'AABIS'], ['AABIS-6', '914570', 'AABIS'], ...], ...}
jira_screen_shots = None

    def test_1_selenium_zscale_view_test_plan_in_issue_view(jira_webdriver, jira_datasets, jira_screen_shots):
>       extension_ui.zscale_view_test_plan_in_issue_view(jira_webdriver, jira_datasets)

selenium_ui/jira_ui.py:73: 
_ _ _ _ _ _ _ _ _ _ _ _ _ _ _ _ _ _ _ _ _ _ _ _ _ _ _ _ _ _ _ _ _ _ _ _ _ _ _ _ 

webdriver = <selenium.webdriver.chrome.webdriver.WebDriver (session="cd23560879c09253cda3102213f36dda")>
datasets = {'custom_issues': [], 'issue_id': '207026', 'issue_key': 'AAFAIA-1518', 'issues': [['AABIS-1', '914565', 'AABIS'], ['A...', 'AABIS'], ['AABIS-4', '914568', 'AABIS'], ['AABIS-5', '914569', 'AABIS'], ['AABIS-6', '914570', 'AABIS'], ...], ...}

    def zscale_view_test_plan_in_issue_view(webdriver, datasets):
        page = BasePage(webdriver)
>       issue_key = datasets['custom_issue_key']
    
        @print_timing("zephyr_scale_view_test_plan_in_issue_view")
E       KeyError: 'custom_issue_key'

extension/jira/extension_ui.py:69: KeyError
04-27-2022, 11:27:21, 1651058841584, Action: test_1_selenium_zscale_view_test_case_in_issue_view, Error: jira_webdriver = <selenium.webdriver.chrome.webdriver.WebDriver (session="cd23560879c09253cda3102213f36dda")>
jira_datasets = {'custom_issues': [], 'issue_id': '207349', 'issue_key': 'AAFAIA-1841', 'issues': [['AABIS-1', '914565', 'AABIS'], ['A...', 'AABIS'], ['AABIS-4', '914568', 'AABIS'], ['AABIS-5', '914569', 'AABIS'], ['AABIS-6', '914570', 'AABIS'], ...], ...}
jira_screen_shots = None

    def test_1_selenium_zscale_view_test_case_in_issue_view(jira_webdriver, jira_datasets, jira_screen_shots):
>       extension_ui.zscale_view_test_case_in_issue_view(jira_webdriver, jira_datasets)

selenium_ui/jira_ui.py:67: 
_ _ _ _ _ _ _ _ _ _ _ _ _ _ _ _ _ _ _ _ _ _ _ _ _ _ _ _ _ _ _ _ _ _ _ _ _ _ _ _ 

webdriver = <selenium.webdriver.chrome.webdriver.WebDriver (session="cd23560879c09253cda3102213f36dda")>
datasets = {'custom_issues': [], 'issue_id': '207349', 'issue_key': 'AAFAIA-1841', 'issues': [['AABIS-1', '914565', 'AABIS'], ['A...', 'AABIS'], ['AABIS-4', '914568', 'AABIS'], ['AABIS-5', '914569', 'AABIS'], ['AABIS-6', '914570', 'AABIS'], ...], ...}

    def zscale_view_test_case_in_issue_view(webdriver, datasets):
        page = BasePage(webdriver)
>       issue_key = datasets['custom_issue_key']
    
        @print_timing("zephyr_scale_view_test_case_in_issue_view")
E       KeyError: 'custom_issue_key'

extension/jira/extension_ui.py:47: KeyError
04-27-2022, 11:27:22, 1651058842100, Action: test_1_selenium_zscale_view_test_cycle_in_issue_view, Error: jira_webdriver = <selenium.webdriver.chrome.webdriver.WebDriver (session="cd23560879c09253cda3102213f36dda")>
jira_datasets = {'custom_issues': [], 'issue_id': '207349', 'issue_key': 'AAFAIA-1841', 'issues': [['AABIS-1', '914565', 'AABIS'], ['A...', 'AABIS'], ['AABIS-4', '914568', 'AABIS'], ['AABIS-5', '914569', 'AABIS'], ['AABIS-6', '914570', 'AABIS'], ...], ...}
jira_screen_shots = None

    def test_1_selenium_zscale_view_test_cycle_in_issue_view(jira_webdriver, jira_datasets, jira_screen_shots):
>       extension_ui.zscale_view_test_cycle_in_issue_view(jira_webdriver, jira_datasets)

selenium_ui/jira_ui.py:70: 
_ _ _ _ _ _ _ _ _ _ _ _ _ _ _ _ _ _ _ _ _ _ _ _ _ _ _ _ _ _ _ _ _ _ _ _ _ _ _ _ 

webdriver = <selenium.webdriver.chrome.webdriver.WebDriver (session="cd23560879c09253cda3102213f36dda")>
datasets = {'custom_issues': [], 'issue_id': '207349', 'issue_key': 'AAFAIA-1841', 'issues': [['AABIS-1', '914565', 'AABIS'], ['A...', 'AABIS'], ['AABIS-4', '914568', 'AABIS'], ['AABIS-5', '914569', 'AABIS'], ['AABIS-6', '914570', 'AABIS'], ...], ...}

    def zscale_view_test_cycle_in_issue_view(webdriver, datasets):
        page = BasePage(webdriver)
>       issue_key = datasets['custom_issue_key']
    
        @print_timing("zephyr_scale_view_test_cycle_in_issue_view")
E       KeyError: 'custom_issue_key'

extension/jira/extension_ui.py:58: KeyError
04-27-2022, 11:27:22, 1651058842644, Action: test_1_selenium_zscale_view_test_plan_in_issue_view, Error: jira_webdriver = <selenium.webdriver.chrome.webdriver.WebDriver (session="cd23560879c09253cda3102213f36dda")>
jira_datasets = {'custom_issues': [], 'issue_id': '207349', 'issue_key': 'AAFAIA-1841', 'issues': [['AABIS-1', '914565', 'AABIS'], ['A...', 'AABIS'], ['AABIS-4', '914568', 'AABIS'], ['AABIS-5', '914569', 'AABIS'], ['AABIS-6', '914570', 'AABIS'], ...], ...}
jira_screen_shots = None

    def test_1_selenium_zscale_view_test_plan_in_issue_view(jira_webdriver, jira_datasets, jira_screen_shots):
>       extension_ui.zscale_view_test_plan_in_issue_view(jira_webdriver, jira_datasets)

selenium_ui/jira_ui.py:73: 
_ _ _ _ _ _ _ _ _ _ _ _ _ _ _ _ _ _ _ _ _ _ _ _ _ _ _ _ _ _ _ _ _ _ _ _ _ _ _ _ 

webdriver = <selenium.webdriver.chrome.webdriver.WebDriver (session="cd23560879c09253cda3102213f36dda")>
datasets = {'custom_issues': [], 'issue_id': '207349', 'issue_key': 'AAFAIA-1841', 'issues': [['AABIS-1', '914565', 'AABIS'], ['A...', 'AABIS'], ['AABIS-4', '914568', 'AABIS'], ['AABIS-5', '914569', 'AABIS'], ['AABIS-6', '914570', 'AABIS'], ...], ...}

    def zscale_view_test_plan_in_issue_view(webdriver, datasets):
        page = BasePage(webdriver)
>       issue_key = datasets['custom_issue_key']
    
        @print_timing("zephyr_scale_view_test_plan_in_issue_view")
E       KeyError: 'custom_issue_key'

extension/jira/extension_ui.py:69: KeyError
04-27-2022, 11:27:37, 1651058857192, Action: test_1_selenium_zscale_view_test_case_in_issue_view, Error: jira_webdriver = <selenium.webdriver.chrome.webdriver.WebDriver (session="cd23560879c09253cda3102213f36dda")>
jira_datasets = {'custom_issues': [], 'issue_id': '2067901', 'issue_key': 'AABIS-2200', 'issues': [['AABIS-1', '914565', 'AABIS'], ['A...', 'AABIS'], ['AABIS-4', '914568', 'AABIS'], ['AABIS-5', '914569', 'AABIS'], ['AABIS-6', '914570', 'AABIS'], ...], ...}
jira_screen_shots = None

    def test_1_selenium_zscale_view_test_case_in_issue_view(jira_webdriver, jira_datasets, jira_screen_shots):
>       extension_ui.zscale_view_test_case_in_issue_view(jira_webdriver, jira_datasets)

selenium_ui/jira_ui.py:67: 
_ _ _ _ _ _ _ _ _ _ _ _ _ _ _ _ _ _ _ _ _ _ _ _ _ _ _ _ _ _ _ _ _ _ _ _ _ _ _ _ 

webdriver = <selenium.webdriver.chrome.webdriver.WebDriver (session="cd23560879c09253cda3102213f36dda")>
datasets = {'custom_issues': [], 'issue_id': '2067901', 'issue_key': 'AABIS-2200', 'issues': [['AABIS-1', '914565', 'AABIS'], ['A...', 'AABIS'], ['AABIS-4', '914568', 'AABIS'], ['AABIS-5', '914569', 'AABIS'], ['AABIS-6', '914570', 'AABIS'], ...], ...}

    def zscale_view_test_case_in_issue_view(webdriver, datasets):
        page = BasePage(webdriver)
>       issue_key = datasets['custom_issue_key']
    
        @print_timing("zephyr_scale_view_test_case_in_issue_view")
E       KeyError: 'custom_issue_key'

extension/jira/extension_ui.py:47: KeyError
04-27-2022, 11:27:37, 1651058857703, Action: test_1_selenium_zscale_view_test_cycle_in_issue_view, Error: jira_webdriver = <selenium.webdriver.chrome.webdriver.WebDriver (session="cd23560879c09253cda3102213f36dda")>
jira_datasets = {'custom_issues': [], 'issue_id': '2067901', 'issue_key': 'AABIS-2200', 'issues': [['AABIS-1', '914565', 'AABIS'], ['A...', 'AABIS'], ['AABIS-4', '914568', 'AABIS'], ['AABIS-5', '914569', 'AABIS'], ['AABIS-6', '914570', 'AABIS'], ...], ...}
jira_screen_shots = None

    def test_1_selenium_zscale_view_test_cycle_in_issue_view(jira_webdriver, jira_datasets, jira_screen_shots):
>       extension_ui.zscale_view_test_cycle_in_issue_view(jira_webdriver, jira_datasets)

selenium_ui/jira_ui.py:70: 
_ _ _ _ _ _ _ _ _ _ _ _ _ _ _ _ _ _ _ _ _ _ _ _ _ _ _ _ _ _ _ _ _ _ _ _ _ _ _ _ 

webdriver = <selenium.webdriver.chrome.webdriver.WebDriver (session="cd23560879c09253cda3102213f36dda")>
datasets = {'custom_issues': [], 'issue_id': '2067901', 'issue_key': 'AABIS-2200', 'issues': [['AABIS-1', '914565', 'AABIS'], ['A...', 'AABIS'], ['AABIS-4', '914568', 'AABIS'], ['AABIS-5', '914569', 'AABIS'], ['AABIS-6', '914570', 'AABIS'], ...], ...}

    def zscale_view_test_cycle_in_issue_view(webdriver, datasets):
        page = BasePage(webdriver)
>       issue_key = datasets['custom_issue_key']
    
        @print_timing("zephyr_scale_view_test_cycle_in_issue_view")
E       KeyError: 'custom_issue_key'

extension/jira/extension_ui.py:58: KeyError
04-27-2022, 11:27:38, 1651058858283, Action: test_1_selenium_zscale_view_test_plan_in_issue_view, Error: jira_webdriver = <selenium.webdriver.chrome.webdriver.WebDriver (session="cd23560879c09253cda3102213f36dda")>
jira_datasets = {'custom_issues': [], 'issue_id': '2067901', 'issue_key': 'AABIS-2200', 'issues': [['AABIS-1', '914565', 'AABIS'], ['A...', 'AABIS'], ['AABIS-4', '914568', 'AABIS'], ['AABIS-5', '914569', 'AABIS'], ['AABIS-6', '914570', 'AABIS'], ...], ...}
jira_screen_shots = None

    def test_1_selenium_zscale_view_test_plan_in_issue_view(jira_webdriver, jira_datasets, jira_screen_shots):
>       extension_ui.zscale_view_test_plan_in_issue_view(jira_webdriver, jira_datasets)

selenium_ui/jira_ui.py:73: 
_ _ _ _ _ _ _ _ _ _ _ _ _ _ _ _ _ _ _ _ _ _ _ _ _ _ _ _ _ _ _ _ _ _ _ _ _ _ _ _ 

webdriver = <selenium.webdriver.chrome.webdriver.WebDriver (session="cd23560879c09253cda3102213f36dda")>
datasets = {'custom_issues': [], 'issue_id': '2067901', 'issue_key': 'AABIS-2200', 'issues': [['AABIS-1', '914565', 'AABIS'], ['A...', 'AABIS'], ['AABIS-4', '914568', 'AABIS'], ['AABIS-5', '914569', 'AABIS'], ['AABIS-6', '914570', 'AABIS'], ...], ...}

    def zscale_view_test_plan_in_issue_view(webdriver, datasets):
        page = BasePage(webdriver)
>       issue_key = datasets['custom_issue_key']
    
        @print_timing("zephyr_scale_view_test_plan_in_issue_view")
E       KeyError: 'custom_issue_key'

extension/jira/extension_ui.py:69: KeyError
04-27-2022, 11:27:52, 1651058872679, Action: test_1_selenium_zscale_view_test_case_in_issue_view, Error: jira_webdriver = <selenium.webdriver.chrome.webdriver.WebDriver (session="cd23560879c09253cda3102213f36dda")>
jira_datasets = {'custom_issues': [], 'issue_id': '914865', 'issue_key': 'AABIS-301', 'issues': [['AABIS-1', '914565', 'AABIS'], ['AAB...', 'AABIS'], ['AABIS-4', '914568', 'AABIS'], ['AABIS-5', '914569', 'AABIS'], ['AABIS-6', '914570', 'AABIS'], ...], ...}
jira_screen_shots = None

    def test_1_selenium_zscale_view_test_case_in_issue_view(jira_webdriver, jira_datasets, jira_screen_shots):
>       extension_ui.zscale_view_test_case_in_issue_view(jira_webdriver, jira_datasets)

selenium_ui/jira_ui.py:67: 
_ _ _ _ _ _ _ _ _ _ _ _ _ _ _ _ _ _ _ _ _ _ _ _ _ _ _ _ _ _ _ _ _ _ _ _ _ _ _ _ 

webdriver = <selenium.webdriver.chrome.webdriver.WebDriver (session="cd23560879c09253cda3102213f36dda")>
datasets = {'custom_issues': [], 'issue_id': '914865', 'issue_key': 'AABIS-301', 'issues': [['AABIS-1', '914565', 'AABIS'], ['AAB...', 'AABIS'], ['AABIS-4', '914568', 'AABIS'], ['AABIS-5', '914569', 'AABIS'], ['AABIS-6', '914570', 'AABIS'], ...], ...}

    def zscale_view_test_case_in_issue_view(webdriver, datasets):
        page = BasePage(webdriver)
>       issue_key = datasets['custom_issue_key']
    
        @print_timing("zephyr_scale_view_test_case_in_issue_view")
E       KeyError: 'custom_issue_key'

extension/jira/extension_ui.py:47: KeyError
04-27-2022, 11:27:53, 1651058873203, Action: test_1_selenium_zscale_view_test_cycle_in_issue_view, Error: jira_webdriver = <selenium.webdriver.chrome.webdriver.WebDriver (session="cd23560879c09253cda3102213f36dda")>
jira_datasets = {'custom_issues': [], 'issue_id': '914865', 'issue_key': 'AABIS-301', 'issues': [['AABIS-1', '914565', 'AABIS'], ['AAB...', 'AABIS'], ['AABIS-4', '914568', 'AABIS'], ['AABIS-5', '914569', 'AABIS'], ['AABIS-6', '914570', 'AABIS'], ...], ...}
jira_screen_shots = None

    def test_1_selenium_zscale_view_test_cycle_in_issue_view(jira_webdriver, jira_datasets, jira_screen_shots):
>       extension_ui.zscale_view_test_cycle_in_issue_view(jira_webdriver, jira_datasets)

selenium_ui/jira_ui.py:70: 
_ _ _ _ _ _ _ _ _ _ _ _ _ _ _ _ _ _ _ _ _ _ _ _ _ _ _ _ _ _ _ _ _ _ _ _ _ _ _ _ 

webdriver = <selenium.webdriver.chrome.webdriver.WebDriver (session="cd23560879c09253cda3102213f36dda")>
datasets = {'custom_issues': [], 'issue_id': '914865', 'issue_key': 'AABIS-301', 'issues': [['AABIS-1', '914565', 'AABIS'], ['AAB...', 'AABIS'], ['AABIS-4', '914568', 'AABIS'], ['AABIS-5', '914569', 'AABIS'], ['AABIS-6', '914570', 'AABIS'], ...], ...}

    def zscale_view_test_cycle_in_issue_view(webdriver, datasets):
        page = BasePage(webdriver)
>       issue_key = datasets['custom_issue_key']
    
        @print_timing("zephyr_scale_view_test_cycle_in_issue_view")
E       KeyError: 'custom_issue_key'

extension/jira/extension_ui.py:58: KeyError
04-27-2022, 11:27:53, 1651058873843, Action: test_1_selenium_zscale_view_test_plan_in_issue_view, Error: jira_webdriver = <selenium.webdriver.chrome.webdriver.WebDriver (session="cd23560879c09253cda3102213f36dda")>
jira_datasets = {'custom_issues': [], 'issue_id': '914865', 'issue_key': 'AABIS-301', 'issues': [['AABIS-1', '914565', 'AABIS'], ['AAB...', 'AABIS'], ['AABIS-4', '914568', 'AABIS'], ['AABIS-5', '914569', 'AABIS'], ['AABIS-6', '914570', 'AABIS'], ...], ...}
jira_screen_shots = None

    def test_1_selenium_zscale_view_test_plan_in_issue_view(jira_webdriver, jira_datasets, jira_screen_shots):
>       extension_ui.zscale_view_test_plan_in_issue_view(jira_webdriver, jira_datasets)

selenium_ui/jira_ui.py:73: 
_ _ _ _ _ _ _ _ _ _ _ _ _ _ _ _ _ _ _ _ _ _ _ _ _ _ _ _ _ _ _ _ _ _ _ _ _ _ _ _ 

webdriver = <selenium.webdriver.chrome.webdriver.WebDriver (session="cd23560879c09253cda3102213f36dda")>
datasets = {'custom_issues': [], 'issue_id': '914865', 'issue_key': 'AABIS-301', 'issues': [['AABIS-1', '914565', 'AABIS'], ['AAB...', 'AABIS'], ['AABIS-4', '914568', 'AABIS'], ['AABIS-5', '914569', 'AABIS'], ['AABIS-6', '914570', 'AABIS'], ...], ...}

    def zscale_view_test_plan_in_issue_view(webdriver, datasets):
        page = BasePage(webdriver)
>       issue_key = datasets['custom_issue_key']
    
        @print_timing("zephyr_scale_view_test_plan_in_issue_view")
E       KeyError: 'custom_issue_key'

extension/jira/extension_ui.py:69: KeyError
04-27-2022, 11:28:07, 1651058887753, Action: test_1_selenium_zscale_view_test_case_in_issue_view, Error: jira_webdriver = <selenium.webdriver.chrome.webdriver.WebDriver (session="cd23560879c09253cda3102213f36dda")>
jira_datasets = {'custom_issues': [], 'issue_id': '2081223', 'issue_key': 'AABIS-2467', 'issues': [['AABIS-1', '914565', 'AABIS'], ['A...', 'AABIS'], ['AABIS-4', '914568', 'AABIS'], ['AABIS-5', '914569', 'AABIS'], ['AABIS-6', '914570', 'AABIS'], ...], ...}
jira_screen_shots = None

    def test_1_selenium_zscale_view_test_case_in_issue_view(jira_webdriver, jira_datasets, jira_screen_shots):
>       extension_ui.zscale_view_test_case_in_issue_view(jira_webdriver, jira_datasets)

selenium_ui/jira_ui.py:67: 
_ _ _ _ _ _ _ _ _ _ _ _ _ _ _ _ _ _ _ _ _ _ _ _ _ _ _ _ _ _ _ _ _ _ _ _ _ _ _ _ 

webdriver = <selenium.webdriver.chrome.webdriver.WebDriver (session="cd23560879c09253cda3102213f36dda")>
datasets = {'custom_issues': [], 'issue_id': '2081223', 'issue_key': 'AABIS-2467', 'issues': [['AABIS-1', '914565', 'AABIS'], ['A...', 'AABIS'], ['AABIS-4', '914568', 'AABIS'], ['AABIS-5', '914569', 'AABIS'], ['AABIS-6', '914570', 'AABIS'], ...], ...}

    def zscale_view_test_case_in_issue_view(webdriver, datasets):
        page = BasePage(webdriver)
>       issue_key = datasets['custom_issue_key']
    
        @print_timing("zephyr_scale_view_test_case_in_issue_view")
E       KeyError: 'custom_issue_key'

extension/jira/extension_ui.py:47: KeyError
04-27-2022, 11:28:08, 1651058888345, Action: test_1_selenium_zscale_view_test_cycle_in_issue_view, Error: jira_webdriver = <selenium.webdriver.chrome.webdriver.WebDriver (session="cd23560879c09253cda3102213f36dda")>
jira_datasets = {'custom_issues': [], 'issue_id': '2081223', 'issue_key': 'AABIS-2467', 'issues': [['AABIS-1', '914565', 'AABIS'], ['A...', 'AABIS'], ['AABIS-4', '914568', 'AABIS'], ['AABIS-5', '914569', 'AABIS'], ['AABIS-6', '914570', 'AABIS'], ...], ...}
jira_screen_shots = None

    def test_1_selenium_zscale_view_test_cycle_in_issue_view(jira_webdriver, jira_datasets, jira_screen_shots):
>       extension_ui.zscale_view_test_cycle_in_issue_view(jira_webdriver, jira_datasets)

selenium_ui/jira_ui.py:70: 
_ _ _ _ _ _ _ _ _ _ _ _ _ _ _ _ _ _ _ _ _ _ _ _ _ _ _ _ _ _ _ _ _ _ _ _ _ _ _ _ 

webdriver = <selenium.webdriver.chrome.webdriver.WebDriver (session="cd23560879c09253cda3102213f36dda")>
datasets = {'custom_issues': [], 'issue_id': '2081223', 'issue_key': 'AABIS-2467', 'issues': [['AABIS-1', '914565', 'AABIS'], ['A...', 'AABIS'], ['AABIS-4', '914568', 'AABIS'], ['AABIS-5', '914569', 'AABIS'], ['AABIS-6', '914570', 'AABIS'], ...], ...}

    def zscale_view_test_cycle_in_issue_view(webdriver, datasets):
        page = BasePage(webdriver)
>       issue_key = datasets['custom_issue_key']
    
        @print_timing("zephyr_scale_view_test_cycle_in_issue_view")
E       KeyError: 'custom_issue_key'

extension/jira/extension_ui.py:58: KeyError
04-27-2022, 11:28:08, 1651058888864, Action: test_1_selenium_zscale_view_test_plan_in_issue_view, Error: jira_webdriver = <selenium.webdriver.chrome.webdriver.WebDriver (session="cd23560879c09253cda3102213f36dda")>
jira_datasets = {'custom_issues': [], 'issue_id': '2081223', 'issue_key': 'AABIS-2467', 'issues': [['AABIS-1', '914565', 'AABIS'], ['A...', 'AABIS'], ['AABIS-4', '914568', 'AABIS'], ['AABIS-5', '914569', 'AABIS'], ['AABIS-6', '914570', 'AABIS'], ...], ...}
jira_screen_shots = None

    def test_1_selenium_zscale_view_test_plan_in_issue_view(jira_webdriver, jira_datasets, jira_screen_shots):
>       extension_ui.zscale_view_test_plan_in_issue_view(jira_webdriver, jira_datasets)

selenium_ui/jira_ui.py:73: 
_ _ _ _ _ _ _ _ _ _ _ _ _ _ _ _ _ _ _ _ _ _ _ _ _ _ _ _ _ _ _ _ _ _ _ _ _ _ _ _ 

webdriver = <selenium.webdriver.chrome.webdriver.WebDriver (session="cd23560879c09253cda3102213f36dda")>
datasets = {'custom_issues': [], 'issue_id': '2081223', 'issue_key': 'AABIS-2467', 'issues': [['AABIS-1', '914565', 'AABIS'], ['A...', 'AABIS'], ['AABIS-4', '914568', 'AABIS'], ['AABIS-5', '914569', 'AABIS'], ['AABIS-6', '914570', 'AABIS'], ...], ...}

    def zscale_view_test_plan_in_issue_view(webdriver, datasets):
        page = BasePage(webdriver)
>       issue_key = datasets['custom_issue_key']
    
        @print_timing("zephyr_scale_view_test_plan_in_issue_view")
E       KeyError: 'custom_issue_key'

extension/jira/extension_ui.py:69: KeyError
04-27-2022, 11:28:23, 1651058903791, Action: test_1_selenium_zscale_view_test_case_in_issue_view, Error: jira_webdriver = <selenium.webdriver.chrome.webdriver.WebDriver (session="cd23560879c09253cda3102213f36dda")>
jira_datasets = {'custom_issues': [], 'issue_id': '2054438', 'issue_key': 'AABIS-1902', 'issues': [['AABIS-1', '914565', 'AABIS'], ['A...', 'AABIS'], ['AABIS-4', '914568', 'AABIS'], ['AABIS-5', '914569', 'AABIS'], ['AABIS-6', '914570', 'AABIS'], ...], ...}
jira_screen_shots = None

    def test_1_selenium_zscale_view_test_case_in_issue_view(jira_webdriver, jira_datasets, jira_screen_shots):
>       extension_ui.zscale_view_test_case_in_issue_view(jira_webdriver, jira_datasets)

selenium_ui/jira_ui.py:67: 
_ _ _ _ _ _ _ _ _ _ _ _ _ _ _ _ _ _ _ _ _ _ _ _ _ _ _ _ _ _ _ _ _ _ _ _ _ _ _ _ 

webdriver = <selenium.webdriver.chrome.webdriver.WebDriver (session="cd23560879c09253cda3102213f36dda")>
datasets = {'custom_issues': [], 'issue_id': '2054438', 'issue_key': 'AABIS-1902', 'issues': [['AABIS-1', '914565', 'AABIS'], ['A...', 'AABIS'], ['AABIS-4', '914568', 'AABIS'], ['AABIS-5', '914569', 'AABIS'], ['AABIS-6', '914570', 'AABIS'], ...], ...}

    def zscale_view_test_case_in_issue_view(webdriver, datasets):
        page = BasePage(webdriver)
>       issue_key = datasets['custom_issue_key']
    
        @print_timing("zephyr_scale_view_test_case_in_issue_view")
E       KeyError: 'custom_issue_key'

extension/jira/extension_ui.py:47: KeyError
04-27-2022, 11:28:24, 1651058904384, Action: test_1_selenium_zscale_view_test_cycle_in_issue_view, Error: jira_webdriver = <selenium.webdriver.chrome.webdriver.WebDriver (session="cd23560879c09253cda3102213f36dda")>
jira_datasets = {'custom_issues': [], 'issue_id': '2054438', 'issue_key': 'AABIS-1902', 'issues': [['AABIS-1', '914565', 'AABIS'], ['A...', 'AABIS'], ['AABIS-4', '914568', 'AABIS'], ['AABIS-5', '914569', 'AABIS'], ['AABIS-6', '914570', 'AABIS'], ...], ...}
jira_screen_shots = None

    def test_1_selenium_zscale_view_test_cycle_in_issue_view(jira_webdriver, jira_datasets, jira_screen_shots):
>       extension_ui.zscale_view_test_cycle_in_issue_view(jira_webdriver, jira_datasets)

selenium_ui/jira_ui.py:70: 
_ _ _ _ _ _ _ _ _ _ _ _ _ _ _ _ _ _ _ _ _ _ _ _ _ _ _ _ _ _ _ _ _ _ _ _ _ _ _ _ 

webdriver = <selenium.webdriver.chrome.webdriver.WebDriver (session="cd23560879c09253cda3102213f36dda")>
datasets = {'custom_issues': [], 'issue_id': '2054438', 'issue_key': 'AABIS-1902', 'issues': [['AABIS-1', '914565', 'AABIS'], ['A...', 'AABIS'], ['AABIS-4', '914568', 'AABIS'], ['AABIS-5', '914569', 'AABIS'], ['AABIS-6', '914570', 'AABIS'], ...], ...}

    def zscale_view_test_cycle_in_issue_view(webdriver, datasets):
        page = BasePage(webdriver)
>       issue_key = datasets['custom_issue_key']
    
        @print_timing("zephyr_scale_view_test_cycle_in_issue_view")
E       KeyError: 'custom_issue_key'

extension/jira/extension_ui.py:58: KeyError
04-27-2022, 11:28:24, 1651058904952, Action: test_1_selenium_zscale_view_test_plan_in_issue_view, Error: jira_webdriver = <selenium.webdriver.chrome.webdriver.WebDriver (session="cd23560879c09253cda3102213f36dda")>
jira_datasets = {'custom_issues': [], 'issue_id': '2054438', 'issue_key': 'AABIS-1902', 'issues': [['AABIS-1', '914565', 'AABIS'], ['A...', 'AABIS'], ['AABIS-4', '914568', 'AABIS'], ['AABIS-5', '914569', 'AABIS'], ['AABIS-6', '914570', 'AABIS'], ...], ...}
jira_screen_shots = None

    def test_1_selenium_zscale_view_test_plan_in_issue_view(jira_webdriver, jira_datasets, jira_screen_shots):
>       extension_ui.zscale_view_test_plan_in_issue_view(jira_webdriver, jira_datasets)

selenium_ui/jira_ui.py:73: 
_ _ _ _ _ _ _ _ _ _ _ _ _ _ _ _ _ _ _ _ _ _ _ _ _ _ _ _ _ _ _ _ _ _ _ _ _ _ _ _ 

webdriver = <selenium.webdriver.chrome.webdriver.WebDriver (session="cd23560879c09253cda3102213f36dda")>
datasets = {'custom_issues': [], 'issue_id': '2054438', 'issue_key': 'AABIS-1902', 'issues': [['AABIS-1', '914565', 'AABIS'], ['A...', 'AABIS'], ['AABIS-4', '914568', 'AABIS'], ['AABIS-5', '914569', 'AABIS'], ['AABIS-6', '914570', 'AABIS'], ...], ...}

    def zscale_view_test_plan_in_issue_view(webdriver, datasets):
        page = BasePage(webdriver)
>       issue_key = datasets['custom_issue_key']
    
        @print_timing("zephyr_scale_view_test_plan_in_issue_view")
E       KeyError: 'custom_issue_key'

extension/jira/extension_ui.py:69: KeyError
04-27-2022, 11:28:40, 1651058920086, Action: test_1_selenium_zscale_view_test_case_in_issue_view, Error: jira_webdriver = <selenium.webdriver.chrome.webdriver.WebDriver (session="cd23560879c09253cda3102213f36dda")>
jira_datasets = {'custom_issues': [], 'issue_id': '2042770', 'issue_key': 'AABIS-1562', 'issues': [['AABIS-1', '914565', 'AABIS'], ['A...', 'AABIS'], ['AABIS-4', '914568', 'AABIS'], ['AABIS-5', '914569', 'AABIS'], ['AABIS-6', '914570', 'AABIS'], ...], ...}
jira_screen_shots = None

    def test_1_selenium_zscale_view_test_case_in_issue_view(jira_webdriver, jira_datasets, jira_screen_shots):
>       extension_ui.zscale_view_test_case_in_issue_view(jira_webdriver, jira_datasets)

selenium_ui/jira_ui.py:67: 
_ _ _ _ _ _ _ _ _ _ _ _ _ _ _ _ _ _ _ _ _ _ _ _ _ _ _ _ _ _ _ _ _ _ _ _ _ _ _ _ 

webdriver = <selenium.webdriver.chrome.webdriver.WebDriver (session="cd23560879c09253cda3102213f36dda")>
datasets = {'custom_issues': [], 'issue_id': '2042770', 'issue_key': 'AABIS-1562', 'issues': [['AABIS-1', '914565', 'AABIS'], ['A...', 'AABIS'], ['AABIS-4', '914568', 'AABIS'], ['AABIS-5', '914569', 'AABIS'], ['AABIS-6', '914570', 'AABIS'], ...], ...}

    def zscale_view_test_case_in_issue_view(webdriver, datasets):
        page = BasePage(webdriver)
>       issue_key = datasets['custom_issue_key']
    
        @print_timing("zephyr_scale_view_test_case_in_issue_view")
E       KeyError: 'custom_issue_key'

extension/jira/extension_ui.py:47: KeyError
04-27-2022, 11:28:40, 1651058920592, Action: test_1_selenium_zscale_view_test_cycle_in_issue_view, Error: jira_webdriver = <selenium.webdriver.chrome.webdriver.WebDriver (session="cd23560879c09253cda3102213f36dda")>
jira_datasets = {'custom_issues': [], 'issue_id': '2042770', 'issue_key': 'AABIS-1562', 'issues': [['AABIS-1', '914565', 'AABIS'], ['A...', 'AABIS'], ['AABIS-4', '914568', 'AABIS'], ['AABIS-5', '914569', 'AABIS'], ['AABIS-6', '914570', 'AABIS'], ...], ...}
jira_screen_shots = None

    def test_1_selenium_zscale_view_test_cycle_in_issue_view(jira_webdriver, jira_datasets, jira_screen_shots):
>       extension_ui.zscale_view_test_cycle_in_issue_view(jira_webdriver, jira_datasets)

selenium_ui/jira_ui.py:70: 
_ _ _ _ _ _ _ _ _ _ _ _ _ _ _ _ _ _ _ _ _ _ _ _ _ _ _ _ _ _ _ _ _ _ _ _ _ _ _ _ 

webdriver = <selenium.webdriver.chrome.webdriver.WebDriver (session="cd23560879c09253cda3102213f36dda")>
datasets = {'custom_issues': [], 'issue_id': '2042770', 'issue_key': 'AABIS-1562', 'issues': [['AABIS-1', '914565', 'AABIS'], ['A...', 'AABIS'], ['AABIS-4', '914568', 'AABIS'], ['AABIS-5', '914569', 'AABIS'], ['AABIS-6', '914570', 'AABIS'], ...], ...}

    def zscale_view_test_cycle_in_issue_view(webdriver, datasets):
        page = BasePage(webdriver)
>       issue_key = datasets['custom_issue_key']
    
        @print_timing("zephyr_scale_view_test_cycle_in_issue_view")
E       KeyError: 'custom_issue_key'

extension/jira/extension_ui.py:58: KeyError
04-27-2022, 11:28:41, 1651058921204, Action: test_1_selenium_zscale_view_test_plan_in_issue_view, Error: jira_webdriver = <selenium.webdriver.chrome.webdriver.WebDriver (session="cd23560879c09253cda3102213f36dda")>
jira_datasets = {'custom_issues': [], 'issue_id': '2042770', 'issue_key': 'AABIS-1562', 'issues': [['AABIS-1', '914565', 'AABIS'], ['A...', 'AABIS'], ['AABIS-4', '914568', 'AABIS'], ['AABIS-5', '914569', 'AABIS'], ['AABIS-6', '914570', 'AABIS'], ...], ...}
jira_screen_shots = None

    def test_1_selenium_zscale_view_test_plan_in_issue_view(jira_webdriver, jira_datasets, jira_screen_shots):
>       extension_ui.zscale_view_test_plan_in_issue_view(jira_webdriver, jira_datasets)

selenium_ui/jira_ui.py:73: 
_ _ _ _ _ _ _ _ _ _ _ _ _ _ _ _ _ _ _ _ _ _ _ _ _ _ _ _ _ _ _ _ _ _ _ _ _ _ _ _ 

webdriver = <selenium.webdriver.chrome.webdriver.WebDriver (session="cd23560879c09253cda3102213f36dda")>
datasets = {'custom_issues': [], 'issue_id': '2042770', 'issue_key': 'AABIS-1562', 'issues': [['AABIS-1', '914565', 'AABIS'], ['A...', 'AABIS'], ['AABIS-4', '914568', 'AABIS'], ['AABIS-5', '914569', 'AABIS'], ['AABIS-6', '914570', 'AABIS'], ...], ...}

    def zscale_view_test_plan_in_issue_view(webdriver, datasets):
        page = BasePage(webdriver)
>       issue_key = datasets['custom_issue_key']
    
        @print_timing("zephyr_scale_view_test_plan_in_issue_view")
E       KeyError: 'custom_issue_key'

extension/jira/extension_ui.py:69: KeyError
04-27-2022, 11:28:55, 1651058935954, Action: test_1_selenium_zscale_view_test_case_in_issue_view, Error: jira_webdriver = <selenium.webdriver.chrome.webdriver.WebDriver (session="cd23560879c09253cda3102213f36dda")>
jira_datasets = {'custom_issues': [], 'issue_id': '207257', 'issue_key': 'AAFAIA-1749', 'issues': [['AABIS-1', '914565', 'AABIS'], ['A...', 'AABIS'], ['AABIS-4', '914568', 'AABIS'], ['AABIS-5', '914569', 'AABIS'], ['AABIS-6', '914570', 'AABIS'], ...], ...}
jira_screen_shots = None

    def test_1_selenium_zscale_view_test_case_in_issue_view(jira_webdriver, jira_datasets, jira_screen_shots):
>       extension_ui.zscale_view_test_case_in_issue_view(jira_webdriver, jira_datasets)

selenium_ui/jira_ui.py:67: 
_ _ _ _ _ _ _ _ _ _ _ _ _ _ _ _ _ _ _ _ _ _ _ _ _ _ _ _ _ _ _ _ _ _ _ _ _ _ _ _ 

webdriver = <selenium.webdriver.chrome.webdriver.WebDriver (session="cd23560879c09253cda3102213f36dda")>
datasets = {'custom_issues': [], 'issue_id': '207257', 'issue_key': 'AAFAIA-1749', 'issues': [['AABIS-1', '914565', 'AABIS'], ['A...', 'AABIS'], ['AABIS-4', '914568', 'AABIS'], ['AABIS-5', '914569', 'AABIS'], ['AABIS-6', '914570', 'AABIS'], ...], ...}

    def zscale_view_test_case_in_issue_view(webdriver, datasets):
        page = BasePage(webdriver)
>       issue_key = datasets['custom_issue_key']
    
        @print_timing("zephyr_scale_view_test_case_in_issue_view")
E       KeyError: 'custom_issue_key'

extension/jira/extension_ui.py:47: KeyError
04-27-2022, 11:28:56, 1651058936446, Action: test_1_selenium_zscale_view_test_cycle_in_issue_view, Error: jira_webdriver = <selenium.webdriver.chrome.webdriver.WebDriver (session="cd23560879c09253cda3102213f36dda")>
jira_datasets = {'custom_issues': [], 'issue_id': '207257', 'issue_key': 'AAFAIA-1749', 'issues': [['AABIS-1', '914565', 'AABIS'], ['A...', 'AABIS'], ['AABIS-4', '914568', 'AABIS'], ['AABIS-5', '914569', 'AABIS'], ['AABIS-6', '914570', 'AABIS'], ...], ...}
jira_screen_shots = None

    def test_1_selenium_zscale_view_test_cycle_in_issue_view(jira_webdriver, jira_datasets, jira_screen_shots):
>       extension_ui.zscale_view_test_cycle_in_issue_view(jira_webdriver, jira_datasets)

selenium_ui/jira_ui.py:70: 
_ _ _ _ _ _ _ _ _ _ _ _ _ _ _ _ _ _ _ _ _ _ _ _ _ _ _ _ _ _ _ _ _ _ _ _ _ _ _ _ 

webdriver = <selenium.webdriver.chrome.webdriver.WebDriver (session="cd23560879c09253cda3102213f36dda")>
datasets = {'custom_issues': [], 'issue_id': '207257', 'issue_key': 'AAFAIA-1749', 'issues': [['AABIS-1', '914565', 'AABIS'], ['A...', 'AABIS'], ['AABIS-4', '914568', 'AABIS'], ['AABIS-5', '914569', 'AABIS'], ['AABIS-6', '914570', 'AABIS'], ...], ...}

    def zscale_view_test_cycle_in_issue_view(webdriver, datasets):
        page = BasePage(webdriver)
>       issue_key = datasets['custom_issue_key']
    
        @print_timing("zephyr_scale_view_test_cycle_in_issue_view")
E       KeyError: 'custom_issue_key'

extension/jira/extension_ui.py:58: KeyError
04-27-2022, 11:28:56, 1651058936986, Action: test_1_selenium_zscale_view_test_plan_in_issue_view, Error: jira_webdriver = <selenium.webdriver.chrome.webdriver.WebDriver (session="cd23560879c09253cda3102213f36dda")>
jira_datasets = {'custom_issues': [], 'issue_id': '207257', 'issue_key': 'AAFAIA-1749', 'issues': [['AABIS-1', '914565', 'AABIS'], ['A...', 'AABIS'], ['AABIS-4', '914568', 'AABIS'], ['AABIS-5', '914569', 'AABIS'], ['AABIS-6', '914570', 'AABIS'], ...], ...}
jira_screen_shots = None

    def test_1_selenium_zscale_view_test_plan_in_issue_view(jira_webdriver, jira_datasets, jira_screen_shots):
>       extension_ui.zscale_view_test_plan_in_issue_view(jira_webdriver, jira_datasets)

selenium_ui/jira_ui.py:73: 
_ _ _ _ _ _ _ _ _ _ _ _ _ _ _ _ _ _ _ _ _ _ _ _ _ _ _ _ _ _ _ _ _ _ _ _ _ _ _ _ 

webdriver = <selenium.webdriver.chrome.webdriver.WebDriver (session="cd23560879c09253cda3102213f36dda")>
datasets = {'custom_issues': [], 'issue_id': '207257', 'issue_key': 'AAFAIA-1749', 'issues': [['AABIS-1', '914565', 'AABIS'], ['A...', 'AABIS'], ['AABIS-4', '914568', 'AABIS'], ['AABIS-5', '914569', 'AABIS'], ['AABIS-6', '914570', 'AABIS'], ...], ...}

    def zscale_view_test_plan_in_issue_view(webdriver, datasets):
        page = BasePage(webdriver)
>       issue_key = datasets['custom_issue_key']
    
        @print_timing("zephyr_scale_view_test_plan_in_issue_view")
E       KeyError: 'custom_issue_key'

extension/jira/extension_ui.py:69: KeyError
04-27-2022, 11:29:11, 1651058951549, Action: test_1_selenium_zscale_view_test_case_in_issue_view, Error: jira_webdriver = <selenium.webdriver.chrome.webdriver.WebDriver (session="cd23560879c09253cda3102213f36dda")>
jira_datasets = {'custom_issues': [], 'issue_id': '914614', 'issue_key': 'AABIS-50', 'issues': [['AABIS-1', '914565', 'AABIS'], ['AABI...', 'AABIS'], ['AABIS-4', '914568', 'AABIS'], ['AABIS-5', '914569', 'AABIS'], ['AABIS-6', '914570', 'AABIS'], ...], ...}
jira_screen_shots = None

    def test_1_selenium_zscale_view_test_case_in_issue_view(jira_webdriver, jira_datasets, jira_screen_shots):
>       extension_ui.zscale_view_test_case_in_issue_view(jira_webdriver, jira_datasets)

selenium_ui/jira_ui.py:67: 
_ _ _ _ _ _ _ _ _ _ _ _ _ _ _ _ _ _ _ _ _ _ _ _ _ _ _ _ _ _ _ _ _ _ _ _ _ _ _ _ 

webdriver = <selenium.webdriver.chrome.webdriver.WebDriver (session="cd23560879c09253cda3102213f36dda")>
datasets = {'custom_issues': [], 'issue_id': '914614', 'issue_key': 'AABIS-50', 'issues': [['AABIS-1', '914565', 'AABIS'], ['AABI...', 'AABIS'], ['AABIS-4', '914568', 'AABIS'], ['AABIS-5', '914569', 'AABIS'], ['AABIS-6', '914570', 'AABIS'], ...], ...}

    def zscale_view_test_case_in_issue_view(webdriver, datasets):
        page = BasePage(webdriver)
>       issue_key = datasets['custom_issue_key']
    
        @print_timing("zephyr_scale_view_test_case_in_issue_view")
E       KeyError: 'custom_issue_key'

extension/jira/extension_ui.py:47: KeyError
04-27-2022, 11:29:12, 1651058952075, Action: test_1_selenium_zscale_view_test_cycle_in_issue_view, Error: jira_webdriver = <selenium.webdriver.chrome.webdriver.WebDriver (session="cd23560879c09253cda3102213f36dda")>
jira_datasets = {'custom_issues': [], 'issue_id': '914614', 'issue_key': 'AABIS-50', 'issues': [['AABIS-1', '914565', 'AABIS'], ['AABI...', 'AABIS'], ['AABIS-4', '914568', 'AABIS'], ['AABIS-5', '914569', 'AABIS'], ['AABIS-6', '914570', 'AABIS'], ...], ...}
jira_screen_shots = None

    def test_1_selenium_zscale_view_test_cycle_in_issue_view(jira_webdriver, jira_datasets, jira_screen_shots):
>       extension_ui.zscale_view_test_cycle_in_issue_view(jira_webdriver, jira_datasets)

selenium_ui/jira_ui.py:70: 
_ _ _ _ _ _ _ _ _ _ _ _ _ _ _ _ _ _ _ _ _ _ _ _ _ _ _ _ _ _ _ _ _ _ _ _ _ _ _ _ 

webdriver = <selenium.webdriver.chrome.webdriver.WebDriver (session="cd23560879c09253cda3102213f36dda")>
datasets = {'custom_issues': [], 'issue_id': '914614', 'issue_key': 'AABIS-50', 'issues': [['AABIS-1', '914565', 'AABIS'], ['AABI...', 'AABIS'], ['AABIS-4', '914568', 'AABIS'], ['AABIS-5', '914569', 'AABIS'], ['AABIS-6', '914570', 'AABIS'], ...], ...}

    def zscale_view_test_cycle_in_issue_view(webdriver, datasets):
        page = BasePage(webdriver)
>       issue_key = datasets['custom_issue_key']
    
        @print_timing("zephyr_scale_view_test_cycle_in_issue_view")
E       KeyError: 'custom_issue_key'

extension/jira/extension_ui.py:58: KeyError
04-27-2022, 11:29:12, 1651058952688, Action: test_1_selenium_zscale_view_test_plan_in_issue_view, Error: jira_webdriver = <selenium.webdriver.chrome.webdriver.WebDriver (session="cd23560879c09253cda3102213f36dda")>
jira_datasets = {'custom_issues': [], 'issue_id': '914614', 'issue_key': 'AABIS-50', 'issues': [['AABIS-1', '914565', 'AABIS'], ['AABI...', 'AABIS'], ['AABIS-4', '914568', 'AABIS'], ['AABIS-5', '914569', 'AABIS'], ['AABIS-6', '914570', 'AABIS'], ...], ...}
jira_screen_shots = None

    def test_1_selenium_zscale_view_test_plan_in_issue_view(jira_webdriver, jira_datasets, jira_screen_shots):
>       extension_ui.zscale_view_test_plan_in_issue_view(jira_webdriver, jira_datasets)

selenium_ui/jira_ui.py:73: 
_ _ _ _ _ _ _ _ _ _ _ _ _ _ _ _ _ _ _ _ _ _ _ _ _ _ _ _ _ _ _ _ _ _ _ _ _ _ _ _ 

webdriver = <selenium.webdriver.chrome.webdriver.WebDriver (session="cd23560879c09253cda3102213f36dda")>
datasets = {'custom_issues': [], 'issue_id': '914614', 'issue_key': 'AABIS-50', 'issues': [['AABIS-1', '914565', 'AABIS'], ['AABI...', 'AABIS'], ['AABIS-4', '914568', 'AABIS'], ['AABIS-5', '914569', 'AABIS'], ['AABIS-6', '914570', 'AABIS'], ...], ...}

    def zscale_view_test_plan_in_issue_view(webdriver, datasets):
        page = BasePage(webdriver)
>       issue_key = datasets['custom_issue_key']
    
        @print_timing("zephyr_scale_view_test_plan_in_issue_view")
E       KeyError: 'custom_issue_key'

extension/jira/extension_ui.py:69: KeyError
04-27-2022, 11:29:27, 1651058967392, Action: test_1_selenium_zscale_view_test_case_in_issue_view, Error: jira_webdriver = <selenium.webdriver.chrome.webdriver.WebDriver (session="cd23560879c09253cda3102213f36dda")>
jira_datasets = {'custom_issues': [], 'issue_id': '915313', 'issue_key': 'AABIS-749', 'issues': [['AABIS-1', '914565', 'AABIS'], ['AAB...', 'AABIS'], ['AABIS-4', '914568', 'AABIS'], ['AABIS-5', '914569', 'AABIS'], ['AABIS-6', '914570', 'AABIS'], ...], ...}
jira_screen_shots = None

    def test_1_selenium_zscale_view_test_case_in_issue_view(jira_webdriver, jira_datasets, jira_screen_shots):
>       extension_ui.zscale_view_test_case_in_issue_view(jira_webdriver, jira_datasets)

selenium_ui/jira_ui.py:67: 
_ _ _ _ _ _ _ _ _ _ _ _ _ _ _ _ _ _ _ _ _ _ _ _ _ _ _ _ _ _ _ _ _ _ _ _ _ _ _ _ 

webdriver = <selenium.webdriver.chrome.webdriver.WebDriver (session="cd23560879c09253cda3102213f36dda")>
datasets = {'custom_issues': [], 'issue_id': '915313', 'issue_key': 'AABIS-749', 'issues': [['AABIS-1', '914565', 'AABIS'], ['AAB...', 'AABIS'], ['AABIS-4', '914568', 'AABIS'], ['AABIS-5', '914569', 'AABIS'], ['AABIS-6', '914570', 'AABIS'], ...], ...}

    def zscale_view_test_case_in_issue_view(webdriver, datasets):
        page = BasePage(webdriver)
>       issue_key = datasets['custom_issue_key']
    
        @print_timing("zephyr_scale_view_test_case_in_issue_view")
E       KeyError: 'custom_issue_key'

extension/jira/extension_ui.py:47: KeyError
04-27-2022, 11:29:27, 1651058967894, Action: test_1_selenium_zscale_view_test_cycle_in_issue_view, Error: jira_webdriver = <selenium.webdriver.chrome.webdriver.WebDriver (session="cd23560879c09253cda3102213f36dda")>
jira_datasets = {'custom_issues': [], 'issue_id': '915313', 'issue_key': 'AABIS-749', 'issues': [['AABIS-1', '914565', 'AABIS'], ['AAB...', 'AABIS'], ['AABIS-4', '914568', 'AABIS'], ['AABIS-5', '914569', 'AABIS'], ['AABIS-6', '914570', 'AABIS'], ...], ...}
jira_screen_shots = None

    def test_1_selenium_zscale_view_test_cycle_in_issue_view(jira_webdriver, jira_datasets, jira_screen_shots):
>       extension_ui.zscale_view_test_cycle_in_issue_view(jira_webdriver, jira_datasets)

selenium_ui/jira_ui.py:70: 
_ _ _ _ _ _ _ _ _ _ _ _ _ _ _ _ _ _ _ _ _ _ _ _ _ _ _ _ _ _ _ _ _ _ _ _ _ _ _ _ 

webdriver = <selenium.webdriver.chrome.webdriver.WebDriver (session="cd23560879c09253cda3102213f36dda")>
datasets = {'custom_issues': [], 'issue_id': '915313', 'issue_key': 'AABIS-749', 'issues': [['AABIS-1', '914565', 'AABIS'], ['AAB...', 'AABIS'], ['AABIS-4', '914568', 'AABIS'], ['AABIS-5', '914569', 'AABIS'], ['AABIS-6', '914570', 'AABIS'], ...], ...}

    def zscale_view_test_cycle_in_issue_view(webdriver, datasets):
        page = BasePage(webdriver)
>       issue_key = datasets['custom_issue_key']
    
        @print_timing("zephyr_scale_view_test_cycle_in_issue_view")
E       KeyError: 'custom_issue_key'

extension/jira/extension_ui.py:58: KeyError
04-27-2022, 11:29:28, 1651058968577, Action: test_1_selenium_zscale_view_test_plan_in_issue_view, Error: jira_webdriver = <selenium.webdriver.chrome.webdriver.WebDriver (session="cd23560879c09253cda3102213f36dda")>
jira_datasets = {'custom_issues': [], 'issue_id': '915313', 'issue_key': 'AABIS-749', 'issues': [['AABIS-1', '914565', 'AABIS'], ['AAB...', 'AABIS'], ['AABIS-4', '914568', 'AABIS'], ['AABIS-5', '914569', 'AABIS'], ['AABIS-6', '914570', 'AABIS'], ...], ...}
jira_screen_shots = None

    def test_1_selenium_zscale_view_test_plan_in_issue_view(jira_webdriver, jira_datasets, jira_screen_shots):
>       extension_ui.zscale_view_test_plan_in_issue_view(jira_webdriver, jira_datasets)

selenium_ui/jira_ui.py:73: 
_ _ _ _ _ _ _ _ _ _ _ _ _ _ _ _ _ _ _ _ _ _ _ _ _ _ _ _ _ _ _ _ _ _ _ _ _ _ _ _ 

webdriver = <selenium.webdriver.chrome.webdriver.WebDriver (session="cd23560879c09253cda3102213f36dda")>
datasets = {'custom_issues': [], 'issue_id': '915313', 'issue_key': 'AABIS-749', 'issues': [['AABIS-1', '914565', 'AABIS'], ['AAB...', 'AABIS'], ['AABIS-4', '914568', 'AABIS'], ['AABIS-5', '914569', 'AABIS'], ['AABIS-6', '914570', 'AABIS'], ...], ...}

    def zscale_view_test_plan_in_issue_view(webdriver, datasets):
        page = BasePage(webdriver)
>       issue_key = datasets['custom_issue_key']
    
        @print_timing("zephyr_scale_view_test_plan_in_issue_view")
E       KeyError: 'custom_issue_key'

extension/jira/extension_ui.py:69: KeyError
04-27-2022, 11:29:43, 1651058983454, Action: test_1_selenium_zscale_view_test_case_in_issue_view, Error: jira_webdriver = <selenium.webdriver.chrome.webdriver.WebDriver (session="cd23560879c09253cda3102213f36dda")>
jira_datasets = {'custom_issues': [], 'issue_id': '207516', 'issue_key': 'AAFAIA-2008', 'issues': [['AABIS-1', '914565', 'AABIS'], ['A...', 'AABIS'], ['AABIS-4', '914568', 'AABIS'], ['AABIS-5', '914569', 'AABIS'], ['AABIS-6', '914570', 'AABIS'], ...], ...}
jira_screen_shots = None

    def test_1_selenium_zscale_view_test_case_in_issue_view(jira_webdriver, jira_datasets, jira_screen_shots):
>       extension_ui.zscale_view_test_case_in_issue_view(jira_webdriver, jira_datasets)

selenium_ui/jira_ui.py:67: 
_ _ _ _ _ _ _ _ _ _ _ _ _ _ _ _ _ _ _ _ _ _ _ _ _ _ _ _ _ _ _ _ _ _ _ _ _ _ _ _ 

webdriver = <selenium.webdriver.chrome.webdriver.WebDriver (session="cd23560879c09253cda3102213f36dda")>
datasets = {'custom_issues': [], 'issue_id': '207516', 'issue_key': 'AAFAIA-2008', 'issues': [['AABIS-1', '914565', 'AABIS'], ['A...', 'AABIS'], ['AABIS-4', '914568', 'AABIS'], ['AABIS-5', '914569', 'AABIS'], ['AABIS-6', '914570', 'AABIS'], ...], ...}

    def zscale_view_test_case_in_issue_view(webdriver, datasets):
        page = BasePage(webdriver)
>       issue_key = datasets['custom_issue_key']
    
        @print_timing("zephyr_scale_view_test_case_in_issue_view")
E       KeyError: 'custom_issue_key'

extension/jira/extension_ui.py:47: KeyError
04-27-2022, 11:29:43, 1651058983981, Action: test_1_selenium_zscale_view_test_cycle_in_issue_view, Error: jira_webdriver = <selenium.webdriver.chrome.webdriver.WebDriver (session="cd23560879c09253cda3102213f36dda")>
jira_datasets = {'custom_issues': [], 'issue_id': '207516', 'issue_key': 'AAFAIA-2008', 'issues': [['AABIS-1', '914565', 'AABIS'], ['A...', 'AABIS'], ['AABIS-4', '914568', 'AABIS'], ['AABIS-5', '914569', 'AABIS'], ['AABIS-6', '914570', 'AABIS'], ...], ...}
jira_screen_shots = None

    def test_1_selenium_zscale_view_test_cycle_in_issue_view(jira_webdriver, jira_datasets, jira_screen_shots):
>       extension_ui.zscale_view_test_cycle_in_issue_view(jira_webdriver, jira_datasets)

selenium_ui/jira_ui.py:70: 
_ _ _ _ _ _ _ _ _ _ _ _ _ _ _ _ _ _ _ _ _ _ _ _ _ _ _ _ _ _ _ _ _ _ _ _ _ _ _ _ 

webdriver = <selenium.webdriver.chrome.webdriver.WebDriver (session="cd23560879c09253cda3102213f36dda")>
datasets = {'custom_issues': [], 'issue_id': '207516', 'issue_key': 'AAFAIA-2008', 'issues': [['AABIS-1', '914565', 'AABIS'], ['A...', 'AABIS'], ['AABIS-4', '914568', 'AABIS'], ['AABIS-5', '914569', 'AABIS'], ['AABIS-6', '914570', 'AABIS'], ...], ...}

    def zscale_view_test_cycle_in_issue_view(webdriver, datasets):
        page = BasePage(webdriver)
>       issue_key = datasets['custom_issue_key']
    
        @print_timing("zephyr_scale_view_test_cycle_in_issue_view")
E       KeyError: 'custom_issue_key'

extension/jira/extension_ui.py:58: KeyError
04-27-2022, 11:29:44, 1651058984609, Action: test_1_selenium_zscale_view_test_plan_in_issue_view, Error: jira_webdriver = <selenium.webdriver.chrome.webdriver.WebDriver (session="cd23560879c09253cda3102213f36dda")>
jira_datasets = {'custom_issues': [], 'issue_id': '207516', 'issue_key': 'AAFAIA-2008', 'issues': [['AABIS-1', '914565', 'AABIS'], ['A...', 'AABIS'], ['AABIS-4', '914568', 'AABIS'], ['AABIS-5', '914569', 'AABIS'], ['AABIS-6', '914570', 'AABIS'], ...], ...}
jira_screen_shots = None

    def test_1_selenium_zscale_view_test_plan_in_issue_view(jira_webdriver, jira_datasets, jira_screen_shots):
>       extension_ui.zscale_view_test_plan_in_issue_view(jira_webdriver, jira_datasets)

selenium_ui/jira_ui.py:73: 
_ _ _ _ _ _ _ _ _ _ _ _ _ _ _ _ _ _ _ _ _ _ _ _ _ _ _ _ _ _ _ _ _ _ _ _ _ _ _ _ 

webdriver = <selenium.webdriver.chrome.webdriver.WebDriver (session="cd23560879c09253cda3102213f36dda")>
datasets = {'custom_issues': [], 'issue_id': '207516', 'issue_key': 'AAFAIA-2008', 'issues': [['AABIS-1', '914565', 'AABIS'], ['A...', 'AABIS'], ['AABIS-4', '914568', 'AABIS'], ['AABIS-5', '914569', 'AABIS'], ['AABIS-6', '914570', 'AABIS'], ...], ...}

    def zscale_view_test_plan_in_issue_view(webdriver, datasets):
        page = BasePage(webdriver)
>       issue_key = datasets['custom_issue_key']
    
        @print_timing("zephyr_scale_view_test_plan_in_issue_view")
E       KeyError: 'custom_issue_key'

extension/jira/extension_ui.py:69: KeyError
04-27-2022, 11:29:58, 1651058998761, Action: test_1_selenium_zscale_view_test_case_in_issue_view, Error: jira_webdriver = <selenium.webdriver.chrome.webdriver.WebDriver (session="cd23560879c09253cda3102213f36dda")>
jira_datasets = {'custom_issues': [], 'issue_id': '209995', 'issue_key': 'AAFAIA-4487', 'issues': [['AABIS-1', '914565', 'AABIS'], ['A...', 'AABIS'], ['AABIS-4', '914568', 'AABIS'], ['AABIS-5', '914569', 'AABIS'], ['AABIS-6', '914570', 'AABIS'], ...], ...}
jira_screen_shots = None

    def test_1_selenium_zscale_view_test_case_in_issue_view(jira_webdriver, jira_datasets, jira_screen_shots):
>       extension_ui.zscale_view_test_case_in_issue_view(jira_webdriver, jira_datasets)

selenium_ui/jira_ui.py:67: 
_ _ _ _ _ _ _ _ _ _ _ _ _ _ _ _ _ _ _ _ _ _ _ _ _ _ _ _ _ _ _ _ _ _ _ _ _ _ _ _ 

webdriver = <selenium.webdriver.chrome.webdriver.WebDriver (session="cd23560879c09253cda3102213f36dda")>
datasets = {'custom_issues': [], 'issue_id': '209995', 'issue_key': 'AAFAIA-4487', 'issues': [['AABIS-1', '914565', 'AABIS'], ['A...', 'AABIS'], ['AABIS-4', '914568', 'AABIS'], ['AABIS-5', '914569', 'AABIS'], ['AABIS-6', '914570', 'AABIS'], ...], ...}

    def zscale_view_test_case_in_issue_view(webdriver, datasets):
        page = BasePage(webdriver)
>       issue_key = datasets['custom_issue_key']
    
        @print_timing("zephyr_scale_view_test_case_in_issue_view")
E       KeyError: 'custom_issue_key'

extension/jira/extension_ui.py:47: KeyError
04-27-2022, 11:29:59, 1651058999271, Action: test_1_selenium_zscale_view_test_cycle_in_issue_view, Error: jira_webdriver = <selenium.webdriver.chrome.webdriver.WebDriver (session="cd23560879c09253cda3102213f36dda")>
jira_datasets = {'custom_issues': [], 'issue_id': '209995', 'issue_key': 'AAFAIA-4487', 'issues': [['AABIS-1', '914565', 'AABIS'], ['A...', 'AABIS'], ['AABIS-4', '914568', 'AABIS'], ['AABIS-5', '914569', 'AABIS'], ['AABIS-6', '914570', 'AABIS'], ...], ...}
jira_screen_shots = None

    def test_1_selenium_zscale_view_test_cycle_in_issue_view(jira_webdriver, jira_datasets, jira_screen_shots):
>       extension_ui.zscale_view_test_cycle_in_issue_view(jira_webdriver, jira_datasets)

selenium_ui/jira_ui.py:70: 
_ _ _ _ _ _ _ _ _ _ _ _ _ _ _ _ _ _ _ _ _ _ _ _ _ _ _ _ _ _ _ _ _ _ _ _ _ _ _ _ 

webdriver = <selenium.webdriver.chrome.webdriver.WebDriver (session="cd23560879c09253cda3102213f36dda")>
datasets = {'custom_issues': [], 'issue_id': '209995', 'issue_key': 'AAFAIA-4487', 'issues': [['AABIS-1', '914565', 'AABIS'], ['A...', 'AABIS'], ['AABIS-4', '914568', 'AABIS'], ['AABIS-5', '914569', 'AABIS'], ['AABIS-6', '914570', 'AABIS'], ...], ...}

    def zscale_view_test_cycle_in_issue_view(webdriver, datasets):
        page = BasePage(webdriver)
>       issue_key = datasets['custom_issue_key']
    
        @print_timing("zephyr_scale_view_test_cycle_in_issue_view")
E       KeyError: 'custom_issue_key'

extension/jira/extension_ui.py:58: KeyError
04-27-2022, 11:29:59, 1651058999882, Action: test_1_selenium_zscale_view_test_plan_in_issue_view, Error: jira_webdriver = <selenium.webdriver.chrome.webdriver.WebDriver (session="cd23560879c09253cda3102213f36dda")>
jira_datasets = {'custom_issues': [], 'issue_id': '209995', 'issue_key': 'AAFAIA-4487', 'issues': [['AABIS-1', '914565', 'AABIS'], ['A...', 'AABIS'], ['AABIS-4', '914568', 'AABIS'], ['AABIS-5', '914569', 'AABIS'], ['AABIS-6', '914570', 'AABIS'], ...], ...}
jira_screen_shots = None

    def test_1_selenium_zscale_view_test_plan_in_issue_view(jira_webdriver, jira_datasets, jira_screen_shots):
>       extension_ui.zscale_view_test_plan_in_issue_view(jira_webdriver, jira_datasets)

selenium_ui/jira_ui.py:73: 
_ _ _ _ _ _ _ _ _ _ _ _ _ _ _ _ _ _ _ _ _ _ _ _ _ _ _ _ _ _ _ _ _ _ _ _ _ _ _ _ 

webdriver = <selenium.webdriver.chrome.webdriver.WebDriver (session="cd23560879c09253cda3102213f36dda")>
datasets = {'custom_issues': [], 'issue_id': '209995', 'issue_key': 'AAFAIA-4487', 'issues': [['AABIS-1', '914565', 'AABIS'], ['A...', 'AABIS'], ['AABIS-4', '914568', 'AABIS'], ['AABIS-5', '914569', 'AABIS'], ['AABIS-6', '914570', 'AABIS'], ...], ...}

    def zscale_view_test_plan_in_issue_view(webdriver, datasets):
        page = BasePage(webdriver)
>       issue_key = datasets['custom_issue_key']
    
        @print_timing("zephyr_scale_view_test_plan_in_issue_view")
E       KeyError: 'custom_issue_key'

extension/jira/extension_ui.py:69: KeyError
04-27-2022, 11:30:14, 1651059014438, Action: test_1_selenium_zscale_view_test_case_in_issue_view, Error: jira_webdriver = <selenium.webdriver.chrome.webdriver.WebDriver (session="cd23560879c09253cda3102213f36dda")>
jira_datasets = {'custom_issues': [], 'issue_id': '2063789', 'issue_key': 'AABIS-2112', 'issues': [['AABIS-1', '914565', 'AABIS'], ['A...', 'AABIS'], ['AABIS-4', '914568', 'AABIS'], ['AABIS-5', '914569', 'AABIS'], ['AABIS-6', '914570', 'AABIS'], ...], ...}
jira_screen_shots = None

    def test_1_selenium_zscale_view_test_case_in_issue_view(jira_webdriver, jira_datasets, jira_screen_shots):
>       extension_ui.zscale_view_test_case_in_issue_view(jira_webdriver, jira_datasets)

selenium_ui/jira_ui.py:67: 
_ _ _ _ _ _ _ _ _ _ _ _ _ _ _ _ _ _ _ _ _ _ _ _ _ _ _ _ _ _ _ _ _ _ _ _ _ _ _ _ 

webdriver = <selenium.webdriver.chrome.webdriver.WebDriver (session="cd23560879c09253cda3102213f36dda")>
datasets = {'custom_issues': [], 'issue_id': '2063789', 'issue_key': 'AABIS-2112', 'issues': [['AABIS-1', '914565', 'AABIS'], ['A...', 'AABIS'], ['AABIS-4', '914568', 'AABIS'], ['AABIS-5', '914569', 'AABIS'], ['AABIS-6', '914570', 'AABIS'], ...], ...}

    def zscale_view_test_case_in_issue_view(webdriver, datasets):
        page = BasePage(webdriver)
>       issue_key = datasets['custom_issue_key']
    
        @print_timing("zephyr_scale_view_test_case_in_issue_view")
E       KeyError: 'custom_issue_key'

extension/jira/extension_ui.py:47: KeyError
04-27-2022, 11:30:15, 1651059015026, Action: test_1_selenium_zscale_view_test_cycle_in_issue_view, Error: jira_webdriver = <selenium.webdriver.chrome.webdriver.WebDriver (session="cd23560879c09253cda3102213f36dda")>
jira_datasets = {'custom_issues': [], 'issue_id': '2063789', 'issue_key': 'AABIS-2112', 'issues': [['AABIS-1', '914565', 'AABIS'], ['A...', 'AABIS'], ['AABIS-4', '914568', 'AABIS'], ['AABIS-5', '914569', 'AABIS'], ['AABIS-6', '914570', 'AABIS'], ...], ...}
jira_screen_shots = None

    def test_1_selenium_zscale_view_test_cycle_in_issue_view(jira_webdriver, jira_datasets, jira_screen_shots):
>       extension_ui.zscale_view_test_cycle_in_issue_view(jira_webdriver, jira_datasets)

selenium_ui/jira_ui.py:70: 
_ _ _ _ _ _ _ _ _ _ _ _ _ _ _ _ _ _ _ _ _ _ _ _ _ _ _ _ _ _ _ _ _ _ _ _ _ _ _ _ 

webdriver = <selenium.webdriver.chrome.webdriver.WebDriver (session="cd23560879c09253cda3102213f36dda")>
datasets = {'custom_issues': [], 'issue_id': '2063789', 'issue_key': 'AABIS-2112', 'issues': [['AABIS-1', '914565', 'AABIS'], ['A...', 'AABIS'], ['AABIS-4', '914568', 'AABIS'], ['AABIS-5', '914569', 'AABIS'], ['AABIS-6', '914570', 'AABIS'], ...], ...}

    def zscale_view_test_cycle_in_issue_view(webdriver, datasets):
        page = BasePage(webdriver)
>       issue_key = datasets['custom_issue_key']
    
        @print_timing("zephyr_scale_view_test_cycle_in_issue_view")
E       KeyError: 'custom_issue_key'

extension/jira/extension_ui.py:58: KeyError
04-27-2022, 11:30:15, 1651059015540, Action: test_1_selenium_zscale_view_test_plan_in_issue_view, Error: jira_webdriver = <selenium.webdriver.chrome.webdriver.WebDriver (session="cd23560879c09253cda3102213f36dda")>
jira_datasets = {'custom_issues': [], 'issue_id': '2063789', 'issue_key': 'AABIS-2112', 'issues': [['AABIS-1', '914565', 'AABIS'], ['A...', 'AABIS'], ['AABIS-4', '914568', 'AABIS'], ['AABIS-5', '914569', 'AABIS'], ['AABIS-6', '914570', 'AABIS'], ...], ...}
jira_screen_shots = None

    def test_1_selenium_zscale_view_test_plan_in_issue_view(jira_webdriver, jira_datasets, jira_screen_shots):
>       extension_ui.zscale_view_test_plan_in_issue_view(jira_webdriver, jira_datasets)

selenium_ui/jira_ui.py:73: 
_ _ _ _ _ _ _ _ _ _ _ _ _ _ _ _ _ _ _ _ _ _ _ _ _ _ _ _ _ _ _ _ _ _ _ _ _ _ _ _ 

webdriver = <selenium.webdriver.chrome.webdriver.WebDriver (session="cd23560879c09253cda3102213f36dda")>
datasets = {'custom_issues': [], 'issue_id': '2063789', 'issue_key': 'AABIS-2112', 'issues': [['AABIS-1', '914565', 'AABIS'], ['A...', 'AABIS'], ['AABIS-4', '914568', 'AABIS'], ['AABIS-5', '914569', 'AABIS'], ['AABIS-6', '914570', 'AABIS'], ...], ...}

    def zscale_view_test_plan_in_issue_view(webdriver, datasets):
        page = BasePage(webdriver)
>       issue_key = datasets['custom_issue_key']
    
        @print_timing("zephyr_scale_view_test_plan_in_issue_view")
E       KeyError: 'custom_issue_key'

extension/jira/extension_ui.py:69: KeyError
04-27-2022, 11:30:29, 1651059029943, Action: test_1_selenium_zscale_view_test_case_in_issue_view, Error: jira_webdriver = <selenium.webdriver.chrome.webdriver.WebDriver (session="cd23560879c09253cda3102213f36dda")>
jira_datasets = {'custom_issues': [], 'issue_id': '2045976', 'issue_key': 'AABIS-1726', 'issues': [['AABIS-1', '914565', 'AABIS'], ['A...', 'AABIS'], ['AABIS-4', '914568', 'AABIS'], ['AABIS-5', '914569', 'AABIS'], ['AABIS-6', '914570', 'AABIS'], ...], ...}
jira_screen_shots = None

    def test_1_selenium_zscale_view_test_case_in_issue_view(jira_webdriver, jira_datasets, jira_screen_shots):
>       extension_ui.zscale_view_test_case_in_issue_view(jira_webdriver, jira_datasets)

selenium_ui/jira_ui.py:67: 
_ _ _ _ _ _ _ _ _ _ _ _ _ _ _ _ _ _ _ _ _ _ _ _ _ _ _ _ _ _ _ _ _ _ _ _ _ _ _ _ 

webdriver = <selenium.webdriver.chrome.webdriver.WebDriver (session="cd23560879c09253cda3102213f36dda")>
datasets = {'custom_issues': [], 'issue_id': '2045976', 'issue_key': 'AABIS-1726', 'issues': [['AABIS-1', '914565', 'AABIS'], ['A...', 'AABIS'], ['AABIS-4', '914568', 'AABIS'], ['AABIS-5', '914569', 'AABIS'], ['AABIS-6', '914570', 'AABIS'], ...], ...}

    def zscale_view_test_case_in_issue_view(webdriver, datasets):
        page = BasePage(webdriver)
>       issue_key = datasets['custom_issue_key']
    
        @print_timing("zephyr_scale_view_test_case_in_issue_view")
E       KeyError: 'custom_issue_key'

extension/jira/extension_ui.py:47: KeyError
04-27-2022, 11:30:30, 1651059030445, Action: test_1_selenium_zscale_view_test_cycle_in_issue_view, Error: jira_webdriver = <selenium.webdriver.chrome.webdriver.WebDriver (session="cd23560879c09253cda3102213f36dda")>
jira_datasets = {'custom_issues': [], 'issue_id': '2045976', 'issue_key': 'AABIS-1726', 'issues': [['AABIS-1', '914565', 'AABIS'], ['A...', 'AABIS'], ['AABIS-4', '914568', 'AABIS'], ['AABIS-5', '914569', 'AABIS'], ['AABIS-6', '914570', 'AABIS'], ...], ...}
jira_screen_shots = None

    def test_1_selenium_zscale_view_test_cycle_in_issue_view(jira_webdriver, jira_datasets, jira_screen_shots):
>       extension_ui.zscale_view_test_cycle_in_issue_view(jira_webdriver, jira_datasets)

selenium_ui/jira_ui.py:70: 
_ _ _ _ _ _ _ _ _ _ _ _ _ _ _ _ _ _ _ _ _ _ _ _ _ _ _ _ _ _ _ _ _ _ _ _ _ _ _ _ 

webdriver = <selenium.webdriver.chrome.webdriver.WebDriver (session="cd23560879c09253cda3102213f36dda")>
datasets = {'custom_issues': [], 'issue_id': '2045976', 'issue_key': 'AABIS-1726', 'issues': [['AABIS-1', '914565', 'AABIS'], ['A...', 'AABIS'], ['AABIS-4', '914568', 'AABIS'], ['AABIS-5', '914569', 'AABIS'], ['AABIS-6', '914570', 'AABIS'], ...], ...}

    def zscale_view_test_cycle_in_issue_view(webdriver, datasets):
        page = BasePage(webdriver)
>       issue_key = datasets['custom_issue_key']
    
        @print_timing("zephyr_scale_view_test_cycle_in_issue_view")
E       KeyError: 'custom_issue_key'

extension/jira/extension_ui.py:58: KeyError
04-27-2022, 11:30:30, 1651059030986, Action: test_1_selenium_zscale_view_test_plan_in_issue_view, Error: jira_webdriver = <selenium.webdriver.chrome.webdriver.WebDriver (session="cd23560879c09253cda3102213f36dda")>
jira_datasets = {'custom_issues': [], 'issue_id': '2045976', 'issue_key': 'AABIS-1726', 'issues': [['AABIS-1', '914565', 'AABIS'], ['A...', 'AABIS'], ['AABIS-4', '914568', 'AABIS'], ['AABIS-5', '914569', 'AABIS'], ['AABIS-6', '914570', 'AABIS'], ...], ...}
jira_screen_shots = None

    def test_1_selenium_zscale_view_test_plan_in_issue_view(jira_webdriver, jira_datasets, jira_screen_shots):
>       extension_ui.zscale_view_test_plan_in_issue_view(jira_webdriver, jira_datasets)

selenium_ui/jira_ui.py:73: 
_ _ _ _ _ _ _ _ _ _ _ _ _ _ _ _ _ _ _ _ _ _ _ _ _ _ _ _ _ _ _ _ _ _ _ _ _ _ _ _ 

webdriver = <selenium.webdriver.chrome.webdriver.WebDriver (session="cd23560879c09253cda3102213f36dda")>
datasets = {'custom_issues': [], 'issue_id': '2045976', 'issue_key': 'AABIS-1726', 'issues': [['AABIS-1', '914565', 'AABIS'], ['A...', 'AABIS'], ['AABIS-4', '914568', 'AABIS'], ['AABIS-5', '914569', 'AABIS'], ['AABIS-6', '914570', 'AABIS'], ...], ...}

    def zscale_view_test_plan_in_issue_view(webdriver, datasets):
        page = BasePage(webdriver)
>       issue_key = datasets['custom_issue_key']
    
        @print_timing("zephyr_scale_view_test_plan_in_issue_view")
E       KeyError: 'custom_issue_key'

extension/jira/extension_ui.py:69: KeyError
04-27-2022, 11:30:45, 1651059045886, Action: test_1_selenium_zscale_view_test_case_in_issue_view, Error: jira_webdriver = <selenium.webdriver.chrome.webdriver.WebDriver (session="cd23560879c09253cda3102213f36dda")>
jira_datasets = {'custom_issues': [], 'issue_id': '208736', 'issue_key': 'AAFAIA-3228', 'issues': [['AABIS-1', '914565', 'AABIS'], ['A...', 'AABIS'], ['AABIS-4', '914568', 'AABIS'], ['AABIS-5', '914569', 'AABIS'], ['AABIS-6', '914570', 'AABIS'], ...], ...}
jira_screen_shots = None

    def test_1_selenium_zscale_view_test_case_in_issue_view(jira_webdriver, jira_datasets, jira_screen_shots):
>       extension_ui.zscale_view_test_case_in_issue_view(jira_webdriver, jira_datasets)

selenium_ui/jira_ui.py:67: 
_ _ _ _ _ _ _ _ _ _ _ _ _ _ _ _ _ _ _ _ _ _ _ _ _ _ _ _ _ _ _ _ _ _ _ _ _ _ _ _ 

webdriver = <selenium.webdriver.chrome.webdriver.WebDriver (session="cd23560879c09253cda3102213f36dda")>
datasets = {'custom_issues': [], 'issue_id': '208736', 'issue_key': 'AAFAIA-3228', 'issues': [['AABIS-1', '914565', 'AABIS'], ['A...', 'AABIS'], ['AABIS-4', '914568', 'AABIS'], ['AABIS-5', '914569', 'AABIS'], ['AABIS-6', '914570', 'AABIS'], ...], ...}

    def zscale_view_test_case_in_issue_view(webdriver, datasets):
        page = BasePage(webdriver)
>       issue_key = datasets['custom_issue_key']
    
        @print_timing("zephyr_scale_view_test_case_in_issue_view")
E       KeyError: 'custom_issue_key'

extension/jira/extension_ui.py:47: KeyError
04-27-2022, 11:30:46, 1651059046475, Action: test_1_selenium_zscale_view_test_cycle_in_issue_view, Error: jira_webdriver = <selenium.webdriver.chrome.webdriver.WebDriver (session="cd23560879c09253cda3102213f36dda")>
jira_datasets = {'custom_issues': [], 'issue_id': '208736', 'issue_key': 'AAFAIA-3228', 'issues': [['AABIS-1', '914565', 'AABIS'], ['A...', 'AABIS'], ['AABIS-4', '914568', 'AABIS'], ['AABIS-5', '914569', 'AABIS'], ['AABIS-6', '914570', 'AABIS'], ...], ...}
jira_screen_shots = None

    def test_1_selenium_zscale_view_test_cycle_in_issue_view(jira_webdriver, jira_datasets, jira_screen_shots):
>       extension_ui.zscale_view_test_cycle_in_issue_view(jira_webdriver, jira_datasets)

selenium_ui/jira_ui.py:70: 
_ _ _ _ _ _ _ _ _ _ _ _ _ _ _ _ _ _ _ _ _ _ _ _ _ _ _ _ _ _ _ _ _ _ _ _ _ _ _ _ 

webdriver = <selenium.webdriver.chrome.webdriver.WebDriver (session="cd23560879c09253cda3102213f36dda")>
datasets = {'custom_issues': [], 'issue_id': '208736', 'issue_key': 'AAFAIA-3228', 'issues': [['AABIS-1', '914565', 'AABIS'], ['A...', 'AABIS'], ['AABIS-4', '914568', 'AABIS'], ['AABIS-5', '914569', 'AABIS'], ['AABIS-6', '914570', 'AABIS'], ...], ...}

    def zscale_view_test_cycle_in_issue_view(webdriver, datasets):
        page = BasePage(webdriver)
>       issue_key = datasets['custom_issue_key']
    
        @print_timing("zephyr_scale_view_test_cycle_in_issue_view")
E       KeyError: 'custom_issue_key'

extension/jira/extension_ui.py:58: KeyError
04-27-2022, 11:30:46, 1651059046996, Action: test_1_selenium_zscale_view_test_plan_in_issue_view, Error: jira_webdriver = <selenium.webdriver.chrome.webdriver.WebDriver (session="cd23560879c09253cda3102213f36dda")>
jira_datasets = {'custom_issues': [], 'issue_id': '208736', 'issue_key': 'AAFAIA-3228', 'issues': [['AABIS-1', '914565', 'AABIS'], ['A...', 'AABIS'], ['AABIS-4', '914568', 'AABIS'], ['AABIS-5', '914569', 'AABIS'], ['AABIS-6', '914570', 'AABIS'], ...], ...}
jira_screen_shots = None

    def test_1_selenium_zscale_view_test_plan_in_issue_view(jira_webdriver, jira_datasets, jira_screen_shots):
>       extension_ui.zscale_view_test_plan_in_issue_view(jira_webdriver, jira_datasets)

selenium_ui/jira_ui.py:73: 
_ _ _ _ _ _ _ _ _ _ _ _ _ _ _ _ _ _ _ _ _ _ _ _ _ _ _ _ _ _ _ _ _ _ _ _ _ _ _ _ 

webdriver = <selenium.webdriver.chrome.webdriver.WebDriver (session="cd23560879c09253cda3102213f36dda")>
datasets = {'custom_issues': [], 'issue_id': '208736', 'issue_key': 'AAFAIA-3228', 'issues': [['AABIS-1', '914565', 'AABIS'], ['A...', 'AABIS'], ['AABIS-4', '914568', 'AABIS'], ['AABIS-5', '914569', 'AABIS'], ['AABIS-6', '914570', 'AABIS'], ...], ...}

    def zscale_view_test_plan_in_issue_view(webdriver, datasets):
        page = BasePage(webdriver)
>       issue_key = datasets['custom_issue_key']
    
        @print_timing("zephyr_scale_view_test_plan_in_issue_view")
E       KeyError: 'custom_issue_key'

extension/jira/extension_ui.py:69: KeyError
04-27-2022, 11:31:02, 1651059062100, Action: test_1_selenium_zscale_view_test_case_in_issue_view, Error: jira_webdriver = <selenium.webdriver.chrome.webdriver.WebDriver (session="cd23560879c09253cda3102213f36dda")>
jira_datasets = {'custom_issues': [], 'issue_id': '206472', 'issue_key': 'AAFAIA-964', 'issues': [['AABIS-1', '914565', 'AABIS'], ['AA...', 'AABIS'], ['AABIS-4', '914568', 'AABIS'], ['AABIS-5', '914569', 'AABIS'], ['AABIS-6', '914570', 'AABIS'], ...], ...}
jira_screen_shots = None

    def test_1_selenium_zscale_view_test_case_in_issue_view(jira_webdriver, jira_datasets, jira_screen_shots):
>       extension_ui.zscale_view_test_case_in_issue_view(jira_webdriver, jira_datasets)

selenium_ui/jira_ui.py:67: 
_ _ _ _ _ _ _ _ _ _ _ _ _ _ _ _ _ _ _ _ _ _ _ _ _ _ _ _ _ _ _ _ _ _ _ _ _ _ _ _ 

webdriver = <selenium.webdriver.chrome.webdriver.WebDriver (session="cd23560879c09253cda3102213f36dda")>
datasets = {'custom_issues': [], 'issue_id': '206472', 'issue_key': 'AAFAIA-964', 'issues': [['AABIS-1', '914565', 'AABIS'], ['AA...', 'AABIS'], ['AABIS-4', '914568', 'AABIS'], ['AABIS-5', '914569', 'AABIS'], ['AABIS-6', '914570', 'AABIS'], ...], ...}

    def zscale_view_test_case_in_issue_view(webdriver, datasets):
        page = BasePage(webdriver)
>       issue_key = datasets['custom_issue_key']
    
        @print_timing("zephyr_scale_view_test_case_in_issue_view")
E       KeyError: 'custom_issue_key'

extension/jira/extension_ui.py:47: KeyError
04-27-2022, 11:31:02, 1651059062629, Action: test_1_selenium_zscale_view_test_cycle_in_issue_view, Error: jira_webdriver = <selenium.webdriver.chrome.webdriver.WebDriver (session="cd23560879c09253cda3102213f36dda")>
jira_datasets = {'custom_issues': [], 'issue_id': '206472', 'issue_key': 'AAFAIA-964', 'issues': [['AABIS-1', '914565', 'AABIS'], ['AA...', 'AABIS'], ['AABIS-4', '914568', 'AABIS'], ['AABIS-5', '914569', 'AABIS'], ['AABIS-6', '914570', 'AABIS'], ...], ...}
jira_screen_shots = None

    def test_1_selenium_zscale_view_test_cycle_in_issue_view(jira_webdriver, jira_datasets, jira_screen_shots):
>       extension_ui.zscale_view_test_cycle_in_issue_view(jira_webdriver, jira_datasets)

selenium_ui/jira_ui.py:70: 
_ _ _ _ _ _ _ _ _ _ _ _ _ _ _ _ _ _ _ _ _ _ _ _ _ _ _ _ _ _ _ _ _ _ _ _ _ _ _ _ 

webdriver = <selenium.webdriver.chrome.webdriver.WebDriver (session="cd23560879c09253cda3102213f36dda")>
datasets = {'custom_issues': [], 'issue_id': '206472', 'issue_key': 'AAFAIA-964', 'issues': [['AABIS-1', '914565', 'AABIS'], ['AA...', 'AABIS'], ['AABIS-4', '914568', 'AABIS'], ['AABIS-5', '914569', 'AABIS'], ['AABIS-6', '914570', 'AABIS'], ...], ...}

    def zscale_view_test_cycle_in_issue_view(webdriver, datasets):
        page = BasePage(webdriver)
>       issue_key = datasets['custom_issue_key']
    
        @print_timing("zephyr_scale_view_test_cycle_in_issue_view")
E       KeyError: 'custom_issue_key'

extension/jira/extension_ui.py:58: KeyError
04-27-2022, 11:31:03, 1651059063256, Action: test_1_selenium_zscale_view_test_plan_in_issue_view, Error: jira_webdriver = <selenium.webdriver.chrome.webdriver.WebDriver (session="cd23560879c09253cda3102213f36dda")>
jira_datasets = {'custom_issues': [], 'issue_id': '206472', 'issue_key': 'AAFAIA-964', 'issues': [['AABIS-1', '914565', 'AABIS'], ['AA...', 'AABIS'], ['AABIS-4', '914568', 'AABIS'], ['AABIS-5', '914569', 'AABIS'], ['AABIS-6', '914570', 'AABIS'], ...], ...}
jira_screen_shots = None

    def test_1_selenium_zscale_view_test_plan_in_issue_view(jira_webdriver, jira_datasets, jira_screen_shots):
>       extension_ui.zscale_view_test_plan_in_issue_view(jira_webdriver, jira_datasets)

selenium_ui/jira_ui.py:73: 
_ _ _ _ _ _ _ _ _ _ _ _ _ _ _ _ _ _ _ _ _ _ _ _ _ _ _ _ _ _ _ _ _ _ _ _ _ _ _ _ 

webdriver = <selenium.webdriver.chrome.webdriver.WebDriver (session="cd23560879c09253cda3102213f36dda")>
datasets = {'custom_issues': [], 'issue_id': '206472', 'issue_key': 'AAFAIA-964', 'issues': [['AABIS-1', '914565', 'AABIS'], ['AA...', 'AABIS'], ['AABIS-4', '914568', 'AABIS'], ['AABIS-5', '914569', 'AABIS'], ['AABIS-6', '914570', 'AABIS'], ...], ...}

    def zscale_view_test_plan_in_issue_view(webdriver, datasets):
        page = BasePage(webdriver)
>       issue_key = datasets['custom_issue_key']
    
        @print_timing("zephyr_scale_view_test_plan_in_issue_view")
E       KeyError: 'custom_issue_key'

extension/jira/extension_ui.py:69: KeyError
04-27-2022, 11:31:18, 1651059078634, Action: test_1_selenium_zscale_view_test_case_in_issue_view, Error: jira_webdriver = <selenium.webdriver.chrome.webdriver.WebDriver (session="cd23560879c09253cda3102213f36dda")>
jira_datasets = {'custom_issues': [], 'issue_id': '207136', 'issue_key': 'AAFAIA-1628', 'issues': [['AABIS-1', '914565', 'AABIS'], ['A...', 'AABIS'], ['AABIS-4', '914568', 'AABIS'], ['AABIS-5', '914569', 'AABIS'], ['AABIS-6', '914570', 'AABIS'], ...], ...}
jira_screen_shots = None

    def test_1_selenium_zscale_view_test_case_in_issue_view(jira_webdriver, jira_datasets, jira_screen_shots):
>       extension_ui.zscale_view_test_case_in_issue_view(jira_webdriver, jira_datasets)

selenium_ui/jira_ui.py:67: 
_ _ _ _ _ _ _ _ _ _ _ _ _ _ _ _ _ _ _ _ _ _ _ _ _ _ _ _ _ _ _ _ _ _ _ _ _ _ _ _ 

webdriver = <selenium.webdriver.chrome.webdriver.WebDriver (session="cd23560879c09253cda3102213f36dda")>
datasets = {'custom_issues': [], 'issue_id': '207136', 'issue_key': 'AAFAIA-1628', 'issues': [['AABIS-1', '914565', 'AABIS'], ['A...', 'AABIS'], ['AABIS-4', '914568', 'AABIS'], ['AABIS-5', '914569', 'AABIS'], ['AABIS-6', '914570', 'AABIS'], ...], ...}

    def zscale_view_test_case_in_issue_view(webdriver, datasets):
        page = BasePage(webdriver)
>       issue_key = datasets['custom_issue_key']
    
        @print_timing("zephyr_scale_view_test_case_in_issue_view")
E       KeyError: 'custom_issue_key'

extension/jira/extension_ui.py:47: KeyError
04-27-2022, 11:31:19, 1651059079222, Action: test_1_selenium_zscale_view_test_cycle_in_issue_view, Error: jira_webdriver = <selenium.webdriver.chrome.webdriver.WebDriver (session="cd23560879c09253cda3102213f36dda")>
jira_datasets = {'custom_issues': [], 'issue_id': '207136', 'issue_key': 'AAFAIA-1628', 'issues': [['AABIS-1', '914565', 'AABIS'], ['A...', 'AABIS'], ['AABIS-4', '914568', 'AABIS'], ['AABIS-5', '914569', 'AABIS'], ['AABIS-6', '914570', 'AABIS'], ...], ...}
jira_screen_shots = None

    def test_1_selenium_zscale_view_test_cycle_in_issue_view(jira_webdriver, jira_datasets, jira_screen_shots):
>       extension_ui.zscale_view_test_cycle_in_issue_view(jira_webdriver, jira_datasets)

selenium_ui/jira_ui.py:70: 
_ _ _ _ _ _ _ _ _ _ _ _ _ _ _ _ _ _ _ _ _ _ _ _ _ _ _ _ _ _ _ _ _ _ _ _ _ _ _ _ 

webdriver = <selenium.webdriver.chrome.webdriver.WebDriver (session="cd23560879c09253cda3102213f36dda")>
datasets = {'custom_issues': [], 'issue_id': '207136', 'issue_key': 'AAFAIA-1628', 'issues': [['AABIS-1', '914565', 'AABIS'], ['A...', 'AABIS'], ['AABIS-4', '914568', 'AABIS'], ['AABIS-5', '914569', 'AABIS'], ['AABIS-6', '914570', 'AABIS'], ...], ...}

    def zscale_view_test_cycle_in_issue_view(webdriver, datasets):
        page = BasePage(webdriver)
>       issue_key = datasets['custom_issue_key']
    
        @print_timing("zephyr_scale_view_test_cycle_in_issue_view")
E       KeyError: 'custom_issue_key'

extension/jira/extension_ui.py:58: KeyError
04-27-2022, 11:31:19, 1651059079728, Action: test_1_selenium_zscale_view_test_plan_in_issue_view, Error: jira_webdriver = <selenium.webdriver.chrome.webdriver.WebDriver (session="cd23560879c09253cda3102213f36dda")>
jira_datasets = {'custom_issues': [], 'issue_id': '207136', 'issue_key': 'AAFAIA-1628', 'issues': [['AABIS-1', '914565', 'AABIS'], ['A...', 'AABIS'], ['AABIS-4', '914568', 'AABIS'], ['AABIS-5', '914569', 'AABIS'], ['AABIS-6', '914570', 'AABIS'], ...], ...}
jira_screen_shots = None

    def test_1_selenium_zscale_view_test_plan_in_issue_view(jira_webdriver, jira_datasets, jira_screen_shots):
>       extension_ui.zscale_view_test_plan_in_issue_view(jira_webdriver, jira_datasets)

selenium_ui/jira_ui.py:73: 
_ _ _ _ _ _ _ _ _ _ _ _ _ _ _ _ _ _ _ _ _ _ _ _ _ _ _ _ _ _ _ _ _ _ _ _ _ _ _ _ 

webdriver = <selenium.webdriver.chrome.webdriver.WebDriver (session="cd23560879c09253cda3102213f36dda")>
datasets = {'custom_issues': [], 'issue_id': '207136', 'issue_key': 'AAFAIA-1628', 'issues': [['AABIS-1', '914565', 'AABIS'], ['A...', 'AABIS'], ['AABIS-4', '914568', 'AABIS'], ['AABIS-5', '914569', 'AABIS'], ['AABIS-6', '914570', 'AABIS'], ...], ...}

    def zscale_view_test_plan_in_issue_view(webdriver, datasets):
        page = BasePage(webdriver)
>       issue_key = datasets['custom_issue_key']
    
        @print_timing("zephyr_scale_view_test_plan_in_issue_view")
E       KeyError: 'custom_issue_key'

extension/jira/extension_ui.py:69: KeyError
04-27-2022, 11:31:35, 1651059095229, Action: test_1_selenium_zscale_view_test_case_in_issue_view, Error: jira_webdriver = <selenium.webdriver.chrome.webdriver.WebDriver (session="cd23560879c09253cda3102213f36dda")>
jira_datasets = {'custom_issues': [], 'issue_id': '914807', 'issue_key': 'AABIS-243', 'issues': [['AABIS-1', '914565', 'AABIS'], ['AAB...', 'AABIS'], ['AABIS-4', '914568', 'AABIS'], ['AABIS-5', '914569', 'AABIS'], ['AABIS-6', '914570', 'AABIS'], ...], ...}
jira_screen_shots = None

    def test_1_selenium_zscale_view_test_case_in_issue_view(jira_webdriver, jira_datasets, jira_screen_shots):
>       extension_ui.zscale_view_test_case_in_issue_view(jira_webdriver, jira_datasets)

selenium_ui/jira_ui.py:67: 
_ _ _ _ _ _ _ _ _ _ _ _ _ _ _ _ _ _ _ _ _ _ _ _ _ _ _ _ _ _ _ _ _ _ _ _ _ _ _ _ 

webdriver = <selenium.webdriver.chrome.webdriver.WebDriver (session="cd23560879c09253cda3102213f36dda")>
datasets = {'custom_issues': [], 'issue_id': '914807', 'issue_key': 'AABIS-243', 'issues': [['AABIS-1', '914565', 'AABIS'], ['AAB...', 'AABIS'], ['AABIS-4', '914568', 'AABIS'], ['AABIS-5', '914569', 'AABIS'], ['AABIS-6', '914570', 'AABIS'], ...], ...}

    def zscale_view_test_case_in_issue_view(webdriver, datasets):
        page = BasePage(webdriver)
>       issue_key = datasets['custom_issue_key']
    
        @print_timing("zephyr_scale_view_test_case_in_issue_view")
E       KeyError: 'custom_issue_key'

extension/jira/extension_ui.py:47: KeyError
04-27-2022, 11:31:35, 1651059095724, Action: test_1_selenium_zscale_view_test_cycle_in_issue_view, Error: jira_webdriver = <selenium.webdriver.chrome.webdriver.WebDriver (session="cd23560879c09253cda3102213f36dda")>
jira_datasets = {'custom_issues': [], 'issue_id': '914807', 'issue_key': 'AABIS-243', 'issues': [['AABIS-1', '914565', 'AABIS'], ['AAB...', 'AABIS'], ['AABIS-4', '914568', 'AABIS'], ['AABIS-5', '914569', 'AABIS'], ['AABIS-6', '914570', 'AABIS'], ...], ...}
jira_screen_shots = None

    def test_1_selenium_zscale_view_test_cycle_in_issue_view(jira_webdriver, jira_datasets, jira_screen_shots):
>       extension_ui.zscale_view_test_cycle_in_issue_view(jira_webdriver, jira_datasets)

selenium_ui/jira_ui.py:70: 
_ _ _ _ _ _ _ _ _ _ _ _ _ _ _ _ _ _ _ _ _ _ _ _ _ _ _ _ _ _ _ _ _ _ _ _ _ _ _ _ 

webdriver = <selenium.webdriver.chrome.webdriver.WebDriver (session="cd23560879c09253cda3102213f36dda")>
datasets = {'custom_issues': [], 'issue_id': '914807', 'issue_key': 'AABIS-243', 'issues': [['AABIS-1', '914565', 'AABIS'], ['AAB...', 'AABIS'], ['AABIS-4', '914568', 'AABIS'], ['AABIS-5', '914569', 'AABIS'], ['AABIS-6', '914570', 'AABIS'], ...], ...}

    def zscale_view_test_cycle_in_issue_view(webdriver, datasets):
        page = BasePage(webdriver)
>       issue_key = datasets['custom_issue_key']
    
        @print_timing("zephyr_scale_view_test_cycle_in_issue_view")
E       KeyError: 'custom_issue_key'

extension/jira/extension_ui.py:58: KeyError
04-27-2022, 11:31:36, 1651059096263, Action: test_1_selenium_zscale_view_test_plan_in_issue_view, Error: jira_webdriver = <selenium.webdriver.chrome.webdriver.WebDriver (session="cd23560879c09253cda3102213f36dda")>
jira_datasets = {'custom_issues': [], 'issue_id': '914807', 'issue_key': 'AABIS-243', 'issues': [['AABIS-1', '914565', 'AABIS'], ['AAB...', 'AABIS'], ['AABIS-4', '914568', 'AABIS'], ['AABIS-5', '914569', 'AABIS'], ['AABIS-6', '914570', 'AABIS'], ...], ...}
jira_screen_shots = None

    def test_1_selenium_zscale_view_test_plan_in_issue_view(jira_webdriver, jira_datasets, jira_screen_shots):
>       extension_ui.zscale_view_test_plan_in_issue_view(jira_webdriver, jira_datasets)

selenium_ui/jira_ui.py:73: 
_ _ _ _ _ _ _ _ _ _ _ _ _ _ _ _ _ _ _ _ _ _ _ _ _ _ _ _ _ _ _ _ _ _ _ _ _ _ _ _ 

webdriver = <selenium.webdriver.chrome.webdriver.WebDriver (session="cd23560879c09253cda3102213f36dda")>
datasets = {'custom_issues': [], 'issue_id': '914807', 'issue_key': 'AABIS-243', 'issues': [['AABIS-1', '914565', 'AABIS'], ['AAB...', 'AABIS'], ['AABIS-4', '914568', 'AABIS'], ['AABIS-5', '914569', 'AABIS'], ['AABIS-6', '914570', 'AABIS'], ...], ...}

    def zscale_view_test_plan_in_issue_view(webdriver, datasets):
        page = BasePage(webdriver)
>       issue_key = datasets['custom_issue_key']
    
        @print_timing("zephyr_scale_view_test_plan_in_issue_view")
E       KeyError: 'custom_issue_key'

extension/jira/extension_ui.py:69: KeyError
04-27-2022, 11:31:51, 1651059111800, Action: test_1_selenium_zscale_view_test_case_in_issue_view, Error: jira_webdriver = <selenium.webdriver.chrome.webdriver.WebDriver (session="cd23560879c09253cda3102213f36dda")>
jira_datasets = {'custom_issues': [], 'issue_id': '206193', 'issue_key': 'AAFAIA-685', 'issues': [['AABIS-1', '914565', 'AABIS'], ['AA...', 'AABIS'], ['AABIS-4', '914568', 'AABIS'], ['AABIS-5', '914569', 'AABIS'], ['AABIS-6', '914570', 'AABIS'], ...], ...}
jira_screen_shots = None

    def test_1_selenium_zscale_view_test_case_in_issue_view(jira_webdriver, jira_datasets, jira_screen_shots):
>       extension_ui.zscale_view_test_case_in_issue_view(jira_webdriver, jira_datasets)

selenium_ui/jira_ui.py:67: 
_ _ _ _ _ _ _ _ _ _ _ _ _ _ _ _ _ _ _ _ _ _ _ _ _ _ _ _ _ _ _ _ _ _ _ _ _ _ _ _ 

webdriver = <selenium.webdriver.chrome.webdriver.WebDriver (session="cd23560879c09253cda3102213f36dda")>
datasets = {'custom_issues': [], 'issue_id': '206193', 'issue_key': 'AAFAIA-685', 'issues': [['AABIS-1', '914565', 'AABIS'], ['AA...', 'AABIS'], ['AABIS-4', '914568', 'AABIS'], ['AABIS-5', '914569', 'AABIS'], ['AABIS-6', '914570', 'AABIS'], ...], ...}

    def zscale_view_test_case_in_issue_view(webdriver, datasets):
        page = BasePage(webdriver)
>       issue_key = datasets['custom_issue_key']
    
        @print_timing("zephyr_scale_view_test_case_in_issue_view")
E       KeyError: 'custom_issue_key'

extension/jira/extension_ui.py:47: KeyError
04-27-2022, 11:31:52, 1651059112365, Action: test_1_selenium_zscale_view_test_cycle_in_issue_view, Error: jira_webdriver = <selenium.webdriver.chrome.webdriver.WebDriver (session="cd23560879c09253cda3102213f36dda")>
jira_datasets = {'custom_issues': [], 'issue_id': '206193', 'issue_key': 'AAFAIA-685', 'issues': [['AABIS-1', '914565', 'AABIS'], ['AA...', 'AABIS'], ['AABIS-4', '914568', 'AABIS'], ['AABIS-5', '914569', 'AABIS'], ['AABIS-6', '914570', 'AABIS'], ...], ...}
jira_screen_shots = None

    def test_1_selenium_zscale_view_test_cycle_in_issue_view(jira_webdriver, jira_datasets, jira_screen_shots):
>       extension_ui.zscale_view_test_cycle_in_issue_view(jira_webdriver, jira_datasets)

selenium_ui/jira_ui.py:70: 
_ _ _ _ _ _ _ _ _ _ _ _ _ _ _ _ _ _ _ _ _ _ _ _ _ _ _ _ _ _ _ _ _ _ _ _ _ _ _ _ 

webdriver = <selenium.webdriver.chrome.webdriver.WebDriver (session="cd23560879c09253cda3102213f36dda")>
datasets = {'custom_issues': [], 'issue_id': '206193', 'issue_key': 'AAFAIA-685', 'issues': [['AABIS-1', '914565', 'AABIS'], ['AA...', 'AABIS'], ['AABIS-4', '914568', 'AABIS'], ['AABIS-5', '914569', 'AABIS'], ['AABIS-6', '914570', 'AABIS'], ...], ...}

    def zscale_view_test_cycle_in_issue_view(webdriver, datasets):
        page = BasePage(webdriver)
>       issue_key = datasets['custom_issue_key']
    
        @print_timing("zephyr_scale_view_test_cycle_in_issue_view")
E       KeyError: 'custom_issue_key'

extension/jira/extension_ui.py:58: KeyError
04-27-2022, 11:31:52, 1651059112912, Action: test_1_selenium_zscale_view_test_plan_in_issue_view, Error: jira_webdriver = <selenium.webdriver.chrome.webdriver.WebDriver (session="cd23560879c09253cda3102213f36dda")>
jira_datasets = {'custom_issues': [], 'issue_id': '206193', 'issue_key': 'AAFAIA-685', 'issues': [['AABIS-1', '914565', 'AABIS'], ['AA...', 'AABIS'], ['AABIS-4', '914568', 'AABIS'], ['AABIS-5', '914569', 'AABIS'], ['AABIS-6', '914570', 'AABIS'], ...], ...}
jira_screen_shots = None

    def test_1_selenium_zscale_view_test_plan_in_issue_view(jira_webdriver, jira_datasets, jira_screen_shots):
>       extension_ui.zscale_view_test_plan_in_issue_view(jira_webdriver, jira_datasets)

selenium_ui/jira_ui.py:73: 
_ _ _ _ _ _ _ _ _ _ _ _ _ _ _ _ _ _ _ _ _ _ _ _ _ _ _ _ _ _ _ _ _ _ _ _ _ _ _ _ 

webdriver = <selenium.webdriver.chrome.webdriver.WebDriver (session="cd23560879c09253cda3102213f36dda")>
datasets = {'custom_issues': [], 'issue_id': '206193', 'issue_key': 'AAFAIA-685', 'issues': [['AABIS-1', '914565', 'AABIS'], ['AA...', 'AABIS'], ['AABIS-4', '914568', 'AABIS'], ['AABIS-5', '914569', 'AABIS'], ['AABIS-6', '914570', 'AABIS'], ...], ...}

    def zscale_view_test_plan_in_issue_view(webdriver, datasets):
        page = BasePage(webdriver)
>       issue_key = datasets['custom_issue_key']
    
        @print_timing("zephyr_scale_view_test_plan_in_issue_view")
E       KeyError: 'custom_issue_key'

extension/jira/extension_ui.py:69: KeyError
04-27-2022, 11:32:07, 1651059127982, Action: test_1_selenium_zscale_view_test_case_in_issue_view, Error: jira_webdriver = <selenium.webdriver.chrome.webdriver.WebDriver (session="cd23560879c09253cda3102213f36dda")>
jira_datasets = {'custom_issues': [], 'issue_id': '210316', 'issue_key': 'AAFAIA-4808', 'issues': [['AABIS-1', '914565', 'AABIS'], ['A...', 'AABIS'], ['AABIS-4', '914568', 'AABIS'], ['AABIS-5', '914569', 'AABIS'], ['AABIS-6', '914570', 'AABIS'], ...], ...}
jira_screen_shots = None

    def test_1_selenium_zscale_view_test_case_in_issue_view(jira_webdriver, jira_datasets, jira_screen_shots):
>       extension_ui.zscale_view_test_case_in_issue_view(jira_webdriver, jira_datasets)

selenium_ui/jira_ui.py:67: 
_ _ _ _ _ _ _ _ _ _ _ _ _ _ _ _ _ _ _ _ _ _ _ _ _ _ _ _ _ _ _ _ _ _ _ _ _ _ _ _ 

webdriver = <selenium.webdriver.chrome.webdriver.WebDriver (session="cd23560879c09253cda3102213f36dda")>
datasets = {'custom_issues': [], 'issue_id': '210316', 'issue_key': 'AAFAIA-4808', 'issues': [['AABIS-1', '914565', 'AABIS'], ['A...', 'AABIS'], ['AABIS-4', '914568', 'AABIS'], ['AABIS-5', '914569', 'AABIS'], ['AABIS-6', '914570', 'AABIS'], ...], ...}

    def zscale_view_test_case_in_issue_view(webdriver, datasets):
        page = BasePage(webdriver)
>       issue_key = datasets['custom_issue_key']
    
        @print_timing("zephyr_scale_view_test_case_in_issue_view")
E       KeyError: 'custom_issue_key'

extension/jira/extension_ui.py:47: KeyError
04-27-2022, 11:32:08, 1651059128468, Action: test_1_selenium_zscale_view_test_cycle_in_issue_view, Error: jira_webdriver = <selenium.webdriver.chrome.webdriver.WebDriver (session="cd23560879c09253cda3102213f36dda")>
jira_datasets = {'custom_issues': [], 'issue_id': '210316', 'issue_key': 'AAFAIA-4808', 'issues': [['AABIS-1', '914565', 'AABIS'], ['A...', 'AABIS'], ['AABIS-4', '914568', 'AABIS'], ['AABIS-5', '914569', 'AABIS'], ['AABIS-6', '914570', 'AABIS'], ...], ...}
jira_screen_shots = None

    def test_1_selenium_zscale_view_test_cycle_in_issue_view(jira_webdriver, jira_datasets, jira_screen_shots):
>       extension_ui.zscale_view_test_cycle_in_issue_view(jira_webdriver, jira_datasets)

selenium_ui/jira_ui.py:70: 
_ _ _ _ _ _ _ _ _ _ _ _ _ _ _ _ _ _ _ _ _ _ _ _ _ _ _ _ _ _ _ _ _ _ _ _ _ _ _ _ 

webdriver = <selenium.webdriver.chrome.webdriver.WebDriver (session="cd23560879c09253cda3102213f36dda")>
datasets = {'custom_issues': [], 'issue_id': '210316', 'issue_key': 'AAFAIA-4808', 'issues': [['AABIS-1', '914565', 'AABIS'], ['A...', 'AABIS'], ['AABIS-4', '914568', 'AABIS'], ['AABIS-5', '914569', 'AABIS'], ['AABIS-6', '914570', 'AABIS'], ...], ...}

    def zscale_view_test_cycle_in_issue_view(webdriver, datasets):
        page = BasePage(webdriver)
>       issue_key = datasets['custom_issue_key']
    
        @print_timing("zephyr_scale_view_test_cycle_in_issue_view")
E       KeyError: 'custom_issue_key'

extension/jira/extension_ui.py:58: KeyError
04-27-2022, 11:32:09, 1651059129046, Action: test_1_selenium_zscale_view_test_plan_in_issue_view, Error: jira_webdriver = <selenium.webdriver.chrome.webdriver.WebDriver (session="cd23560879c09253cda3102213f36dda")>
jira_datasets = {'custom_issues': [], 'issue_id': '210316', 'issue_key': 'AAFAIA-4808', 'issues': [['AABIS-1', '914565', 'AABIS'], ['A...', 'AABIS'], ['AABIS-4', '914568', 'AABIS'], ['AABIS-5', '914569', 'AABIS'], ['AABIS-6', '914570', 'AABIS'], ...], ...}
jira_screen_shots = None

    def test_1_selenium_zscale_view_test_plan_in_issue_view(jira_webdriver, jira_datasets, jira_screen_shots):
>       extension_ui.zscale_view_test_plan_in_issue_view(jira_webdriver, jira_datasets)

selenium_ui/jira_ui.py:73: 
_ _ _ _ _ _ _ _ _ _ _ _ _ _ _ _ _ _ _ _ _ _ _ _ _ _ _ _ _ _ _ _ _ _ _ _ _ _ _ _ 

webdriver = <selenium.webdriver.chrome.webdriver.WebDriver (session="cd23560879c09253cda3102213f36dda")>
datasets = {'custom_issues': [], 'issue_id': '210316', 'issue_key': 'AAFAIA-4808', 'issues': [['AABIS-1', '914565', 'AABIS'], ['A...', 'AABIS'], ['AABIS-4', '914568', 'AABIS'], ['AABIS-5', '914569', 'AABIS'], ['AABIS-6', '914570', 'AABIS'], ...], ...}

    def zscale_view_test_plan_in_issue_view(webdriver, datasets):
        page = BasePage(webdriver)
>       issue_key = datasets['custom_issue_key']
    
        @print_timing("zephyr_scale_view_test_plan_in_issue_view")
E       KeyError: 'custom_issue_key'

extension/jira/extension_ui.py:69: KeyError
04-27-2022, 11:32:23, 1651059143968, Action: test_1_selenium_zscale_view_test_case_in_issue_view, Error: jira_webdriver = <selenium.webdriver.chrome.webdriver.WebDriver (session="cd23560879c09253cda3102213f36dda")>
jira_datasets = {'custom_issues': [], 'issue_id': '208827', 'issue_key': 'AAFAIA-3319', 'issues': [['AABIS-1', '914565', 'AABIS'], ['A...', 'AABIS'], ['AABIS-4', '914568', 'AABIS'], ['AABIS-5', '914569', 'AABIS'], ['AABIS-6', '914570', 'AABIS'], ...], ...}
jira_screen_shots = None

    def test_1_selenium_zscale_view_test_case_in_issue_view(jira_webdriver, jira_datasets, jira_screen_shots):
>       extension_ui.zscale_view_test_case_in_issue_view(jira_webdriver, jira_datasets)

selenium_ui/jira_ui.py:67: 
_ _ _ _ _ _ _ _ _ _ _ _ _ _ _ _ _ _ _ _ _ _ _ _ _ _ _ _ _ _ _ _ _ _ _ _ _ _ _ _ 

webdriver = <selenium.webdriver.chrome.webdriver.WebDriver (session="cd23560879c09253cda3102213f36dda")>
datasets = {'custom_issues': [], 'issue_id': '208827', 'issue_key': 'AAFAIA-3319', 'issues': [['AABIS-1', '914565', 'AABIS'], ['A...', 'AABIS'], ['AABIS-4', '914568', 'AABIS'], ['AABIS-5', '914569', 'AABIS'], ['AABIS-6', '914570', 'AABIS'], ...], ...}

    def zscale_view_test_case_in_issue_view(webdriver, datasets):
        page = BasePage(webdriver)
>       issue_key = datasets['custom_issue_key']
    
        @print_timing("zephyr_scale_view_test_case_in_issue_view")
E       KeyError: 'custom_issue_key'

extension/jira/extension_ui.py:47: KeyError
04-27-2022, 11:32:24, 1651059144508, Action: test_1_selenium_zscale_view_test_cycle_in_issue_view, Error: jira_webdriver = <selenium.webdriver.chrome.webdriver.WebDriver (session="cd23560879c09253cda3102213f36dda")>
jira_datasets = {'custom_issues': [], 'issue_id': '208827', 'issue_key': 'AAFAIA-3319', 'issues': [['AABIS-1', '914565', 'AABIS'], ['A...', 'AABIS'], ['AABIS-4', '914568', 'AABIS'], ['AABIS-5', '914569', 'AABIS'], ['AABIS-6', '914570', 'AABIS'], ...], ...}
jira_screen_shots = None

    def test_1_selenium_zscale_view_test_cycle_in_issue_view(jira_webdriver, jira_datasets, jira_screen_shots):
>       extension_ui.zscale_view_test_cycle_in_issue_view(jira_webdriver, jira_datasets)

selenium_ui/jira_ui.py:70: 
_ _ _ _ _ _ _ _ _ _ _ _ _ _ _ _ _ _ _ _ _ _ _ _ _ _ _ _ _ _ _ _ _ _ _ _ _ _ _ _ 

webdriver = <selenium.webdriver.chrome.webdriver.WebDriver (session="cd23560879c09253cda3102213f36dda")>
datasets = {'custom_issues': [], 'issue_id': '208827', 'issue_key': 'AAFAIA-3319', 'issues': [['AABIS-1', '914565', 'AABIS'], ['A...', 'AABIS'], ['AABIS-4', '914568', 'AABIS'], ['AABIS-5', '914569', 'AABIS'], ['AABIS-6', '914570', 'AABIS'], ...], ...}

    def zscale_view_test_cycle_in_issue_view(webdriver, datasets):
        page = BasePage(webdriver)
>       issue_key = datasets['custom_issue_key']
    
        @print_timing("zephyr_scale_view_test_cycle_in_issue_view")
E       KeyError: 'custom_issue_key'

extension/jira/extension_ui.py:58: KeyError
04-27-2022, 11:32:25, 1651059145111, Action: test_1_selenium_zscale_view_test_plan_in_issue_view, Error: jira_webdriver = <selenium.webdriver.chrome.webdriver.WebDriver (session="cd23560879c09253cda3102213f36dda")>
jira_datasets = {'custom_issues': [], 'issue_id': '208827', 'issue_key': 'AAFAIA-3319', 'issues': [['AABIS-1', '914565', 'AABIS'], ['A...', 'AABIS'], ['AABIS-4', '914568', 'AABIS'], ['AABIS-5', '914569', 'AABIS'], ['AABIS-6', '914570', 'AABIS'], ...], ...}
jira_screen_shots = None

    def test_1_selenium_zscale_view_test_plan_in_issue_view(jira_webdriver, jira_datasets, jira_screen_shots):
>       extension_ui.zscale_view_test_plan_in_issue_view(jira_webdriver, jira_datasets)

selenium_ui/jira_ui.py:73: 
_ _ _ _ _ _ _ _ _ _ _ _ _ _ _ _ _ _ _ _ _ _ _ _ _ _ _ _ _ _ _ _ _ _ _ _ _ _ _ _ 

webdriver = <selenium.webdriver.chrome.webdriver.WebDriver (session="cd23560879c09253cda3102213f36dda")>
datasets = {'custom_issues': [], 'issue_id': '208827', 'issue_key': 'AAFAIA-3319', 'issues': [['AABIS-1', '914565', 'AABIS'], ['A...', 'AABIS'], ['AABIS-4', '914568', 'AABIS'], ['AABIS-5', '914569', 'AABIS'], ['AABIS-6', '914570', 'AABIS'], ...], ...}

    def zscale_view_test_plan_in_issue_view(webdriver, datasets):
        page = BasePage(webdriver)
>       issue_key = datasets['custom_issue_key']
    
        @print_timing("zephyr_scale_view_test_plan_in_issue_view")
E       KeyError: 'custom_issue_key'

extension/jira/extension_ui.py:69: KeyError
04-27-2022, 11:32:40, 1651059160212, Action: test_1_selenium_zscale_view_test_case_in_issue_view, Error: jira_webdriver = <selenium.webdriver.chrome.webdriver.WebDriver (session="cd23560879c09253cda3102213f36dda")>
jira_datasets = {'custom_issues': [], 'issue_id': '208414', 'issue_key': 'AAFAIA-2906', 'issues': [['AABIS-1', '914565', 'AABIS'], ['A...', 'AABIS'], ['AABIS-4', '914568', 'AABIS'], ['AABIS-5', '914569', 'AABIS'], ['AABIS-6', '914570', 'AABIS'], ...], ...}
jira_screen_shots = None

    def test_1_selenium_zscale_view_test_case_in_issue_view(jira_webdriver, jira_datasets, jira_screen_shots):
>       extension_ui.zscale_view_test_case_in_issue_view(jira_webdriver, jira_datasets)

selenium_ui/jira_ui.py:67: 
_ _ _ _ _ _ _ _ _ _ _ _ _ _ _ _ _ _ _ _ _ _ _ _ _ _ _ _ _ _ _ _ _ _ _ _ _ _ _ _ 

webdriver = <selenium.webdriver.chrome.webdriver.WebDriver (session="cd23560879c09253cda3102213f36dda")>
datasets = {'custom_issues': [], 'issue_id': '208414', 'issue_key': 'AAFAIA-2906', 'issues': [['AABIS-1', '914565', 'AABIS'], ['A...', 'AABIS'], ['AABIS-4', '914568', 'AABIS'], ['AABIS-5', '914569', 'AABIS'], ['AABIS-6', '914570', 'AABIS'], ...], ...}

    def zscale_view_test_case_in_issue_view(webdriver, datasets):
        page = BasePage(webdriver)
>       issue_key = datasets['custom_issue_key']
    
        @print_timing("zephyr_scale_view_test_case_in_issue_view")
E       KeyError: 'custom_issue_key'

extension/jira/extension_ui.py:47: KeyError
04-27-2022, 11:32:40, 1651059160799, Action: test_1_selenium_zscale_view_test_cycle_in_issue_view, Error: jira_webdriver = <selenium.webdriver.chrome.webdriver.WebDriver (session="cd23560879c09253cda3102213f36dda")>
jira_datasets = {'custom_issues': [], 'issue_id': '208414', 'issue_key': 'AAFAIA-2906', 'issues': [['AABIS-1', '914565', 'AABIS'], ['A...', 'AABIS'], ['AABIS-4', '914568', 'AABIS'], ['AABIS-5', '914569', 'AABIS'], ['AABIS-6', '914570', 'AABIS'], ...], ...}
jira_screen_shots = None

    def test_1_selenium_zscale_view_test_cycle_in_issue_view(jira_webdriver, jira_datasets, jira_screen_shots):
>       extension_ui.zscale_view_test_cycle_in_issue_view(jira_webdriver, jira_datasets)

selenium_ui/jira_ui.py:70: 
_ _ _ _ _ _ _ _ _ _ _ _ _ _ _ _ _ _ _ _ _ _ _ _ _ _ _ _ _ _ _ _ _ _ _ _ _ _ _ _ 

webdriver = <selenium.webdriver.chrome.webdriver.WebDriver (session="cd23560879c09253cda3102213f36dda")>
datasets = {'custom_issues': [], 'issue_id': '208414', 'issue_key': 'AAFAIA-2906', 'issues': [['AABIS-1', '914565', 'AABIS'], ['A...', 'AABIS'], ['AABIS-4', '914568', 'AABIS'], ['AABIS-5', '914569', 'AABIS'], ['AABIS-6', '914570', 'AABIS'], ...], ...}

    def zscale_view_test_cycle_in_issue_view(webdriver, datasets):
        page = BasePage(webdriver)
>       issue_key = datasets['custom_issue_key']
    
        @print_timing("zephyr_scale_view_test_cycle_in_issue_view")
E       KeyError: 'custom_issue_key'

extension/jira/extension_ui.py:58: KeyError
04-27-2022, 11:32:41, 1651059161329, Action: test_1_selenium_zscale_view_test_plan_in_issue_view, Error: jira_webdriver = <selenium.webdriver.chrome.webdriver.WebDriver (session="cd23560879c09253cda3102213f36dda")>
jira_datasets = {'custom_issues': [], 'issue_id': '208414', 'issue_key': 'AAFAIA-2906', 'issues': [['AABIS-1', '914565', 'AABIS'], ['A...', 'AABIS'], ['AABIS-4', '914568', 'AABIS'], ['AABIS-5', '914569', 'AABIS'], ['AABIS-6', '914570', 'AABIS'], ...], ...}
jira_screen_shots = None

    def test_1_selenium_zscale_view_test_plan_in_issue_view(jira_webdriver, jira_datasets, jira_screen_shots):
>       extension_ui.zscale_view_test_plan_in_issue_view(jira_webdriver, jira_datasets)

selenium_ui/jira_ui.py:73: 
_ _ _ _ _ _ _ _ _ _ _ _ _ _ _ _ _ _ _ _ _ _ _ _ _ _ _ _ _ _ _ _ _ _ _ _ _ _ _ _ 

webdriver = <selenium.webdriver.chrome.webdriver.WebDriver (session="cd23560879c09253cda3102213f36dda")>
datasets = {'custom_issues': [], 'issue_id': '208414', 'issue_key': 'AAFAIA-2906', 'issues': [['AABIS-1', '914565', 'AABIS'], ['A...', 'AABIS'], ['AABIS-4', '914568', 'AABIS'], ['AABIS-5', '914569', 'AABIS'], ['AABIS-6', '914570', 'AABIS'], ...], ...}

    def zscale_view_test_plan_in_issue_view(webdriver, datasets):
        page = BasePage(webdriver)
>       issue_key = datasets['custom_issue_key']
    
        @print_timing("zephyr_scale_view_test_plan_in_issue_view")
E       KeyError: 'custom_issue_key'

extension/jira/extension_ui.py:69: KeyError
04-27-2022, 11:32:55, 1651059175747, Action: test_1_selenium_zscale_view_test_case_in_issue_view, Error: jira_webdriver = <selenium.webdriver.chrome.webdriver.WebDriver (session="cd23560879c09253cda3102213f36dda")>
jira_datasets = {'custom_issues': [], 'issue_id': '208810', 'issue_key': 'AAFAIA-3302', 'issues': [['AABIS-1', '914565', 'AABIS'], ['A...', 'AABIS'], ['AABIS-4', '914568', 'AABIS'], ['AABIS-5', '914569', 'AABIS'], ['AABIS-6', '914570', 'AABIS'], ...], ...}
jira_screen_shots = None

    def test_1_selenium_zscale_view_test_case_in_issue_view(jira_webdriver, jira_datasets, jira_screen_shots):
>       extension_ui.zscale_view_test_case_in_issue_view(jira_webdriver, jira_datasets)

selenium_ui/jira_ui.py:67: 
_ _ _ _ _ _ _ _ _ _ _ _ _ _ _ _ _ _ _ _ _ _ _ _ _ _ _ _ _ _ _ _ _ _ _ _ _ _ _ _ 

webdriver = <selenium.webdriver.chrome.webdriver.WebDriver (session="cd23560879c09253cda3102213f36dda")>
datasets = {'custom_issues': [], 'issue_id': '208810', 'issue_key': 'AAFAIA-3302', 'issues': [['AABIS-1', '914565', 'AABIS'], ['A...', 'AABIS'], ['AABIS-4', '914568', 'AABIS'], ['AABIS-5', '914569', 'AABIS'], ['AABIS-6', '914570', 'AABIS'], ...], ...}

    def zscale_view_test_case_in_issue_view(webdriver, datasets):
        page = BasePage(webdriver)
>       issue_key = datasets['custom_issue_key']
    
        @print_timing("zephyr_scale_view_test_case_in_issue_view")
E       KeyError: 'custom_issue_key'

extension/jira/extension_ui.py:47: KeyError
04-27-2022, 11:32:56, 1651059176287, Action: test_1_selenium_zscale_view_test_cycle_in_issue_view, Error: jira_webdriver = <selenium.webdriver.chrome.webdriver.WebDriver (session="cd23560879c09253cda3102213f36dda")>
jira_datasets = {'custom_issues': [], 'issue_id': '208810', 'issue_key': 'AAFAIA-3302', 'issues': [['AABIS-1', '914565', 'AABIS'], ['A...', 'AABIS'], ['AABIS-4', '914568', 'AABIS'], ['AABIS-5', '914569', 'AABIS'], ['AABIS-6', '914570', 'AABIS'], ...], ...}
jira_screen_shots = None

    def test_1_selenium_zscale_view_test_cycle_in_issue_view(jira_webdriver, jira_datasets, jira_screen_shots):
>       extension_ui.zscale_view_test_cycle_in_issue_view(jira_webdriver, jira_datasets)

selenium_ui/jira_ui.py:70: 
_ _ _ _ _ _ _ _ _ _ _ _ _ _ _ _ _ _ _ _ _ _ _ _ _ _ _ _ _ _ _ _ _ _ _ _ _ _ _ _ 

webdriver = <selenium.webdriver.chrome.webdriver.WebDriver (session="cd23560879c09253cda3102213f36dda")>
datasets = {'custom_issues': [], 'issue_id': '208810', 'issue_key': 'AAFAIA-3302', 'issues': [['AABIS-1', '914565', 'AABIS'], ['A...', 'AABIS'], ['AABIS-4', '914568', 'AABIS'], ['AABIS-5', '914569', 'AABIS'], ['AABIS-6', '914570', 'AABIS'], ...], ...}

    def zscale_view_test_cycle_in_issue_view(webdriver, datasets):
        page = BasePage(webdriver)
>       issue_key = datasets['custom_issue_key']
    
        @print_timing("zephyr_scale_view_test_cycle_in_issue_view")
E       KeyError: 'custom_issue_key'

extension/jira/extension_ui.py:58: KeyError
04-27-2022, 11:32:56, 1651059176816, Action: test_1_selenium_zscale_view_test_plan_in_issue_view, Error: jira_webdriver = <selenium.webdriver.chrome.webdriver.WebDriver (session="cd23560879c09253cda3102213f36dda")>
jira_datasets = {'custom_issues': [], 'issue_id': '208810', 'issue_key': 'AAFAIA-3302', 'issues': [['AABIS-1', '914565', 'AABIS'], ['A...', 'AABIS'], ['AABIS-4', '914568', 'AABIS'], ['AABIS-5', '914569', 'AABIS'], ['AABIS-6', '914570', 'AABIS'], ...], ...}
jira_screen_shots = None

    def test_1_selenium_zscale_view_test_plan_in_issue_view(jira_webdriver, jira_datasets, jira_screen_shots):
>       extension_ui.zscale_view_test_plan_in_issue_view(jira_webdriver, jira_datasets)

selenium_ui/jira_ui.py:73: 
_ _ _ _ _ _ _ _ _ _ _ _ _ _ _ _ _ _ _ _ _ _ _ _ _ _ _ _ _ _ _ _ _ _ _ _ _ _ _ _ 

webdriver = <selenium.webdriver.chrome.webdriver.WebDriver (session="cd23560879c09253cda3102213f36dda")>
datasets = {'custom_issues': [], 'issue_id': '208810', 'issue_key': 'AAFAIA-3302', 'issues': [['AABIS-1', '914565', 'AABIS'], ['A...', 'AABIS'], ['AABIS-4', '914568', 'AABIS'], ['AABIS-5', '914569', 'AABIS'], ['AABIS-6', '914570', 'AABIS'], ...], ...}

    def zscale_view_test_plan_in_issue_view(webdriver, datasets):
        page = BasePage(webdriver)
>       issue_key = datasets['custom_issue_key']
    
        @print_timing("zephyr_scale_view_test_plan_in_issue_view")
E       KeyError: 'custom_issue_key'

extension/jira/extension_ui.py:69: KeyError
04-27-2022, 11:33:12, 1651059192227, Action: test_1_selenium_zscale_view_test_case_in_issue_view, Error: jira_webdriver = <selenium.webdriver.chrome.webdriver.WebDriver (session="cd23560879c09253cda3102213f36dda")>
jira_datasets = {'custom_issues': [], 'issue_id': '208860', 'issue_key': 'AAFAIA-3352', 'issues': [['AABIS-1', '914565', 'AABIS'], ['A...', 'AABIS'], ['AABIS-4', '914568', 'AABIS'], ['AABIS-5', '914569', 'AABIS'], ['AABIS-6', '914570', 'AABIS'], ...], ...}
jira_screen_shots = None

    def test_1_selenium_zscale_view_test_case_in_issue_view(jira_webdriver, jira_datasets, jira_screen_shots):
>       extension_ui.zscale_view_test_case_in_issue_view(jira_webdriver, jira_datasets)

selenium_ui/jira_ui.py:67: 
_ _ _ _ _ _ _ _ _ _ _ _ _ _ _ _ _ _ _ _ _ _ _ _ _ _ _ _ _ _ _ _ _ _ _ _ _ _ _ _ 

webdriver = <selenium.webdriver.chrome.webdriver.WebDriver (session="cd23560879c09253cda3102213f36dda")>
datasets = {'custom_issues': [], 'issue_id': '208860', 'issue_key': 'AAFAIA-3352', 'issues': [['AABIS-1', '914565', 'AABIS'], ['A...', 'AABIS'], ['AABIS-4', '914568', 'AABIS'], ['AABIS-5', '914569', 'AABIS'], ['AABIS-6', '914570', 'AABIS'], ...], ...}

    def zscale_view_test_case_in_issue_view(webdriver, datasets):
        page = BasePage(webdriver)
>       issue_key = datasets['custom_issue_key']
    
        @print_timing("zephyr_scale_view_test_case_in_issue_view")
E       KeyError: 'custom_issue_key'

extension/jira/extension_ui.py:47: KeyError
04-27-2022, 11:33:12, 1651059192727, Action: test_1_selenium_zscale_view_test_cycle_in_issue_view, Error: jira_webdriver = <selenium.webdriver.chrome.webdriver.WebDriver (session="cd23560879c09253cda3102213f36dda")>
jira_datasets = {'custom_issues': [], 'issue_id': '208860', 'issue_key': 'AAFAIA-3352', 'issues': [['AABIS-1', '914565', 'AABIS'], ['A...', 'AABIS'], ['AABIS-4', '914568', 'AABIS'], ['AABIS-5', '914569', 'AABIS'], ['AABIS-6', '914570', 'AABIS'], ...], ...}
jira_screen_shots = None

    def test_1_selenium_zscale_view_test_cycle_in_issue_view(jira_webdriver, jira_datasets, jira_screen_shots):
>       extension_ui.zscale_view_test_cycle_in_issue_view(jira_webdriver, jira_datasets)

selenium_ui/jira_ui.py:70: 
_ _ _ _ _ _ _ _ _ _ _ _ _ _ _ _ _ _ _ _ _ _ _ _ _ _ _ _ _ _ _ _ _ _ _ _ _ _ _ _ 

webdriver = <selenium.webdriver.chrome.webdriver.WebDriver (session="cd23560879c09253cda3102213f36dda")>
datasets = {'custom_issues': [], 'issue_id': '208860', 'issue_key': 'AAFAIA-3352', 'issues': [['AABIS-1', '914565', 'AABIS'], ['A...', 'AABIS'], ['AABIS-4', '914568', 'AABIS'], ['AABIS-5', '914569', 'AABIS'], ['AABIS-6', '914570', 'AABIS'], ...], ...}

    def zscale_view_test_cycle_in_issue_view(webdriver, datasets):
        page = BasePage(webdriver)
>       issue_key = datasets['custom_issue_key']
    
        @print_timing("zephyr_scale_view_test_cycle_in_issue_view")
E       KeyError: 'custom_issue_key'

extension/jira/extension_ui.py:58: KeyError
04-27-2022, 11:33:13, 1651059193264, Action: test_1_selenium_zscale_view_test_plan_in_issue_view, Error: jira_webdriver = <selenium.webdriver.chrome.webdriver.WebDriver (session="cd23560879c09253cda3102213f36dda")>
jira_datasets = {'custom_issues': [], 'issue_id': '208860', 'issue_key': 'AAFAIA-3352', 'issues': [['AABIS-1', '914565', 'AABIS'], ['A...', 'AABIS'], ['AABIS-4', '914568', 'AABIS'], ['AABIS-5', '914569', 'AABIS'], ['AABIS-6', '914570', 'AABIS'], ...], ...}
jira_screen_shots = None

    def test_1_selenium_zscale_view_test_plan_in_issue_view(jira_webdriver, jira_datasets, jira_screen_shots):
>       extension_ui.zscale_view_test_plan_in_issue_view(jira_webdriver, jira_datasets)

selenium_ui/jira_ui.py:73: 
_ _ _ _ _ _ _ _ _ _ _ _ _ _ _ _ _ _ _ _ _ _ _ _ _ _ _ _ _ _ _ _ _ _ _ _ _ _ _ _ 

webdriver = <selenium.webdriver.chrome.webdriver.WebDriver (session="cd23560879c09253cda3102213f36dda")>
datasets = {'custom_issues': [], 'issue_id': '208860', 'issue_key': 'AAFAIA-3352', 'issues': [['AABIS-1', '914565', 'AABIS'], ['A...', 'AABIS'], ['AABIS-4', '914568', 'AABIS'], ['AABIS-5', '914569', 'AABIS'], ['AABIS-6', '914570', 'AABIS'], ...], ...}

    def zscale_view_test_plan_in_issue_view(webdriver, datasets):
        page = BasePage(webdriver)
>       issue_key = datasets['custom_issue_key']
    
        @print_timing("zephyr_scale_view_test_plan_in_issue_view")
E       KeyError: 'custom_issue_key'

extension/jira/extension_ui.py:69: KeyError
04-27-2022, 11:33:28, 1651059208205, Action: test_1_selenium_zscale_view_test_case_in_issue_view, Error: jira_webdriver = <selenium.webdriver.chrome.webdriver.WebDriver (session="cd23560879c09253cda3102213f36dda")>
jira_datasets = {'custom_issues': [], 'issue_id': '210168', 'issue_key': 'AAFAIA-4660', 'issues': [['AABIS-1', '914565', 'AABIS'], ['A...', 'AABIS'], ['AABIS-4', '914568', 'AABIS'], ['AABIS-5', '914569', 'AABIS'], ['AABIS-6', '914570', 'AABIS'], ...], ...}
jira_screen_shots = None

    def test_1_selenium_zscale_view_test_case_in_issue_view(jira_webdriver, jira_datasets, jira_screen_shots):
>       extension_ui.zscale_view_test_case_in_issue_view(jira_webdriver, jira_datasets)

selenium_ui/jira_ui.py:67: 
_ _ _ _ _ _ _ _ _ _ _ _ _ _ _ _ _ _ _ _ _ _ _ _ _ _ _ _ _ _ _ _ _ _ _ _ _ _ _ _ 

webdriver = <selenium.webdriver.chrome.webdriver.WebDriver (session="cd23560879c09253cda3102213f36dda")>
datasets = {'custom_issues': [], 'issue_id': '210168', 'issue_key': 'AAFAIA-4660', 'issues': [['AABIS-1', '914565', 'AABIS'], ['A...', 'AABIS'], ['AABIS-4', '914568', 'AABIS'], ['AABIS-5', '914569', 'AABIS'], ['AABIS-6', '914570', 'AABIS'], ...], ...}

    def zscale_view_test_case_in_issue_view(webdriver, datasets):
        page = BasePage(webdriver)
>       issue_key = datasets['custom_issue_key']
    
        @print_timing("zephyr_scale_view_test_case_in_issue_view")
E       KeyError: 'custom_issue_key'

extension/jira/extension_ui.py:47: KeyError
04-27-2022, 11:33:28, 1651059208769, Action: test_1_selenium_zscale_view_test_cycle_in_issue_view, Error: jira_webdriver = <selenium.webdriver.chrome.webdriver.WebDriver (session="cd23560879c09253cda3102213f36dda")>
jira_datasets = {'custom_issues': [], 'issue_id': '210168', 'issue_key': 'AAFAIA-4660', 'issues': [['AABIS-1', '914565', 'AABIS'], ['A...', 'AABIS'], ['AABIS-4', '914568', 'AABIS'], ['AABIS-5', '914569', 'AABIS'], ['AABIS-6', '914570', 'AABIS'], ...], ...}
jira_screen_shots = None

    def test_1_selenium_zscale_view_test_cycle_in_issue_view(jira_webdriver, jira_datasets, jira_screen_shots):
>       extension_ui.zscale_view_test_cycle_in_issue_view(jira_webdriver, jira_datasets)

selenium_ui/jira_ui.py:70: 
_ _ _ _ _ _ _ _ _ _ _ _ _ _ _ _ _ _ _ _ _ _ _ _ _ _ _ _ _ _ _ _ _ _ _ _ _ _ _ _ 

webdriver = <selenium.webdriver.chrome.webdriver.WebDriver (session="cd23560879c09253cda3102213f36dda")>
datasets = {'custom_issues': [], 'issue_id': '210168', 'issue_key': 'AAFAIA-4660', 'issues': [['AABIS-1', '914565', 'AABIS'], ['A...', 'AABIS'], ['AABIS-4', '914568', 'AABIS'], ['AABIS-5', '914569', 'AABIS'], ['AABIS-6', '914570', 'AABIS'], ...], ...}

    def zscale_view_test_cycle_in_issue_view(webdriver, datasets):
        page = BasePage(webdriver)
>       issue_key = datasets['custom_issue_key']
    
        @print_timing("zephyr_scale_view_test_cycle_in_issue_view")
E       KeyError: 'custom_issue_key'

extension/jira/extension_ui.py:58: KeyError
04-27-2022, 11:33:29, 1651059209328, Action: test_1_selenium_zscale_view_test_plan_in_issue_view, Error: jira_webdriver = <selenium.webdriver.chrome.webdriver.WebDriver (session="cd23560879c09253cda3102213f36dda")>
jira_datasets = {'custom_issues': [], 'issue_id': '210168', 'issue_key': 'AAFAIA-4660', 'issues': [['AABIS-1', '914565', 'AABIS'], ['A...', 'AABIS'], ['AABIS-4', '914568', 'AABIS'], ['AABIS-5', '914569', 'AABIS'], ['AABIS-6', '914570', 'AABIS'], ...], ...}
jira_screen_shots = None

    def test_1_selenium_zscale_view_test_plan_in_issue_view(jira_webdriver, jira_datasets, jira_screen_shots):
>       extension_ui.zscale_view_test_plan_in_issue_view(jira_webdriver, jira_datasets)

selenium_ui/jira_ui.py:73: 
_ _ _ _ _ _ _ _ _ _ _ _ _ _ _ _ _ _ _ _ _ _ _ _ _ _ _ _ _ _ _ _ _ _ _ _ _ _ _ _ 

webdriver = <selenium.webdriver.chrome.webdriver.WebDriver (session="cd23560879c09253cda3102213f36dda")>
datasets = {'custom_issues': [], 'issue_id': '210168', 'issue_key': 'AAFAIA-4660', 'issues': [['AABIS-1', '914565', 'AABIS'], ['A...', 'AABIS'], ['AABIS-4', '914568', 'AABIS'], ['AABIS-5', '914569', 'AABIS'], ['AABIS-6', '914570', 'AABIS'], ...], ...}

    def zscale_view_test_plan_in_issue_view(webdriver, datasets):
        page = BasePage(webdriver)
>       issue_key = datasets['custom_issue_key']
    
        @print_timing("zephyr_scale_view_test_plan_in_issue_view")
E       KeyError: 'custom_issue_key'

extension/jira/extension_ui.py:69: KeyError
04-27-2022, 11:33:45, 1651059225016, Action: test_1_selenium_zscale_view_test_case_in_issue_view, Error: jira_webdriver = <selenium.webdriver.chrome.webdriver.WebDriver (session="cd23560879c09253cda3102213f36dda")>
jira_datasets = {'custom_issues': [], 'issue_id': '207377', 'issue_key': 'AAFAIA-1869', 'issues': [['AABIS-1', '914565', 'AABIS'], ['A...', 'AABIS'], ['AABIS-4', '914568', 'AABIS'], ['AABIS-5', '914569', 'AABIS'], ['AABIS-6', '914570', 'AABIS'], ...], ...}
jira_screen_shots = None

    def test_1_selenium_zscale_view_test_case_in_issue_view(jira_webdriver, jira_datasets, jira_screen_shots):
>       extension_ui.zscale_view_test_case_in_issue_view(jira_webdriver, jira_datasets)

selenium_ui/jira_ui.py:67: 
_ _ _ _ _ _ _ _ _ _ _ _ _ _ _ _ _ _ _ _ _ _ _ _ _ _ _ _ _ _ _ _ _ _ _ _ _ _ _ _ 

webdriver = <selenium.webdriver.chrome.webdriver.WebDriver (session="cd23560879c09253cda3102213f36dda")>
datasets = {'custom_issues': [], 'issue_id': '207377', 'issue_key': 'AAFAIA-1869', 'issues': [['AABIS-1', '914565', 'AABIS'], ['A...', 'AABIS'], ['AABIS-4', '914568', 'AABIS'], ['AABIS-5', '914569', 'AABIS'], ['AABIS-6', '914570', 'AABIS'], ...], ...}

    def zscale_view_test_case_in_issue_view(webdriver, datasets):
        page = BasePage(webdriver)
>       issue_key = datasets['custom_issue_key']
    
        @print_timing("zephyr_scale_view_test_case_in_issue_view")
E       KeyError: 'custom_issue_key'

extension/jira/extension_ui.py:47: KeyError
04-27-2022, 11:33:45, 1651059225531, Action: test_1_selenium_zscale_view_test_cycle_in_issue_view, Error: jira_webdriver = <selenium.webdriver.chrome.webdriver.WebDriver (session="cd23560879c09253cda3102213f36dda")>
jira_datasets = {'custom_issues': [], 'issue_id': '207377', 'issue_key': 'AAFAIA-1869', 'issues': [['AABIS-1', '914565', 'AABIS'], ['A...', 'AABIS'], ['AABIS-4', '914568', 'AABIS'], ['AABIS-5', '914569', 'AABIS'], ['AABIS-6', '914570', 'AABIS'], ...], ...}
jira_screen_shots = None

    def test_1_selenium_zscale_view_test_cycle_in_issue_view(jira_webdriver, jira_datasets, jira_screen_shots):
>       extension_ui.zscale_view_test_cycle_in_issue_view(jira_webdriver, jira_datasets)

selenium_ui/jira_ui.py:70: 
_ _ _ _ _ _ _ _ _ _ _ _ _ _ _ _ _ _ _ _ _ _ _ _ _ _ _ _ _ _ _ _ _ _ _ _ _ _ _ _ 

webdriver = <selenium.webdriver.chrome.webdriver.WebDriver (session="cd23560879c09253cda3102213f36dda")>
datasets = {'custom_issues': [], 'issue_id': '207377', 'issue_key': 'AAFAIA-1869', 'issues': [['AABIS-1', '914565', 'AABIS'], ['A...', 'AABIS'], ['AABIS-4', '914568', 'AABIS'], ['AABIS-5', '914569', 'AABIS'], ['AABIS-6', '914570', 'AABIS'], ...], ...}

    def zscale_view_test_cycle_in_issue_view(webdriver, datasets):
        page = BasePage(webdriver)
>       issue_key = datasets['custom_issue_key']
    
        @print_timing("zephyr_scale_view_test_cycle_in_issue_view")
E       KeyError: 'custom_issue_key'

extension/jira/extension_ui.py:58: KeyError
04-27-2022, 11:33:46, 1651059226123, Action: test_1_selenium_zscale_view_test_plan_in_issue_view, Error: jira_webdriver = <selenium.webdriver.chrome.webdriver.WebDriver (session="cd23560879c09253cda3102213f36dda")>
jira_datasets = {'custom_issues': [], 'issue_id': '207377', 'issue_key': 'AAFAIA-1869', 'issues': [['AABIS-1', '914565', 'AABIS'], ['A...', 'AABIS'], ['AABIS-4', '914568', 'AABIS'], ['AABIS-5', '914569', 'AABIS'], ['AABIS-6', '914570', 'AABIS'], ...], ...}
jira_screen_shots = None

    def test_1_selenium_zscale_view_test_plan_in_issue_view(jira_webdriver, jira_datasets, jira_screen_shots):
>       extension_ui.zscale_view_test_plan_in_issue_view(jira_webdriver, jira_datasets)

selenium_ui/jira_ui.py:73: 
_ _ _ _ _ _ _ _ _ _ _ _ _ _ _ _ _ _ _ _ _ _ _ _ _ _ _ _ _ _ _ _ _ _ _ _ _ _ _ _ 

webdriver = <selenium.webdriver.chrome.webdriver.WebDriver (session="cd23560879c09253cda3102213f36dda")>
datasets = {'custom_issues': [], 'issue_id': '207377', 'issue_key': 'AAFAIA-1869', 'issues': [['AABIS-1', '914565', 'AABIS'], ['A...', 'AABIS'], ['AABIS-4', '914568', 'AABIS'], ['AABIS-5', '914569', 'AABIS'], ['AABIS-6', '914570', 'AABIS'], ...], ...}

    def zscale_view_test_plan_in_issue_view(webdriver, datasets):
        page = BasePage(webdriver)
>       issue_key = datasets['custom_issue_key']
    
        @print_timing("zephyr_scale_view_test_plan_in_issue_view")
E       KeyError: 'custom_issue_key'

extension/jira/extension_ui.py:69: KeyError
04-27-2022, 11:34:01, 1651059241280, Action: test_1_selenium_zscale_view_test_case_in_issue_view, Error: jira_webdriver = <selenium.webdriver.chrome.webdriver.WebDriver (session="cd23560879c09253cda3102213f36dda")>
jira_datasets = {'custom_issues': [], 'issue_id': '209076', 'issue_key': 'AAFAIA-3568', 'issues': [['AABIS-1', '914565', 'AABIS'], ['A...', 'AABIS'], ['AABIS-4', '914568', 'AABIS'], ['AABIS-5', '914569', 'AABIS'], ['AABIS-6', '914570', 'AABIS'], ...], ...}
jira_screen_shots = None

    def test_1_selenium_zscale_view_test_case_in_issue_view(jira_webdriver, jira_datasets, jira_screen_shots):
>       extension_ui.zscale_view_test_case_in_issue_view(jira_webdriver, jira_datasets)

selenium_ui/jira_ui.py:67: 
_ _ _ _ _ _ _ _ _ _ _ _ _ _ _ _ _ _ _ _ _ _ _ _ _ _ _ _ _ _ _ _ _ _ _ _ _ _ _ _ 

webdriver = <selenium.webdriver.chrome.webdriver.WebDriver (session="cd23560879c09253cda3102213f36dda")>
datasets = {'custom_issues': [], 'issue_id': '209076', 'issue_key': 'AAFAIA-3568', 'issues': [['AABIS-1', '914565', 'AABIS'], ['A...', 'AABIS'], ['AABIS-4', '914568', 'AABIS'], ['AABIS-5', '914569', 'AABIS'], ['AABIS-6', '914570', 'AABIS'], ...], ...}

    def zscale_view_test_case_in_issue_view(webdriver, datasets):
        page = BasePage(webdriver)
>       issue_key = datasets['custom_issue_key']
    
        @print_timing("zephyr_scale_view_test_case_in_issue_view")
E       KeyError: 'custom_issue_key'

extension/jira/extension_ui.py:47: KeyError
04-27-2022, 11:34:01, 1651059241737, Action: test_1_selenium_zscale_view_test_cycle_in_issue_view, Error: jira_webdriver = <selenium.webdriver.chrome.webdriver.WebDriver (session="cd23560879c09253cda3102213f36dda")>
jira_datasets = {'custom_issues': [], 'issue_id': '209076', 'issue_key': 'AAFAIA-3568', 'issues': [['AABIS-1', '914565', 'AABIS'], ['A...', 'AABIS'], ['AABIS-4', '914568', 'AABIS'], ['AABIS-5', '914569', 'AABIS'], ['AABIS-6', '914570', 'AABIS'], ...], ...}
jira_screen_shots = None

    def test_1_selenium_zscale_view_test_cycle_in_issue_view(jira_webdriver, jira_datasets, jira_screen_shots):
>       extension_ui.zscale_view_test_cycle_in_issue_view(jira_webdriver, jira_datasets)

selenium_ui/jira_ui.py:70: 
_ _ _ _ _ _ _ _ _ _ _ _ _ _ _ _ _ _ _ _ _ _ _ _ _ _ _ _ _ _ _ _ _ _ _ _ _ _ _ _ 

webdriver = <selenium.webdriver.chrome.webdriver.WebDriver (session="cd23560879c09253cda3102213f36dda")>
datasets = {'custom_issues': [], 'issue_id': '209076', 'issue_key': 'AAFAIA-3568', 'issues': [['AABIS-1', '914565', 'AABIS'], ['A...', 'AABIS'], ['AABIS-4', '914568', 'AABIS'], ['AABIS-5', '914569', 'AABIS'], ['AABIS-6', '914570', 'AABIS'], ...], ...}

    def zscale_view_test_cycle_in_issue_view(webdriver, datasets):
        page = BasePage(webdriver)
>       issue_key = datasets['custom_issue_key']
    
        @print_timing("zephyr_scale_view_test_cycle_in_issue_view")
E       KeyError: 'custom_issue_key'

extension/jira/extension_ui.py:58: KeyError
04-27-2022, 11:34:02, 1651059242349, Action: test_1_selenium_zscale_view_test_plan_in_issue_view, Error: jira_webdriver = <selenium.webdriver.chrome.webdriver.WebDriver (session="cd23560879c09253cda3102213f36dda")>
jira_datasets = {'custom_issues': [], 'issue_id': '209076', 'issue_key': 'AAFAIA-3568', 'issues': [['AABIS-1', '914565', 'AABIS'], ['A...', 'AABIS'], ['AABIS-4', '914568', 'AABIS'], ['AABIS-5', '914569', 'AABIS'], ['AABIS-6', '914570', 'AABIS'], ...], ...}
jira_screen_shots = None

    def test_1_selenium_zscale_view_test_plan_in_issue_view(jira_webdriver, jira_datasets, jira_screen_shots):
>       extension_ui.zscale_view_test_plan_in_issue_view(jira_webdriver, jira_datasets)

selenium_ui/jira_ui.py:73: 
_ _ _ _ _ _ _ _ _ _ _ _ _ _ _ _ _ _ _ _ _ _ _ _ _ _ _ _ _ _ _ _ _ _ _ _ _ _ _ _ 

webdriver = <selenium.webdriver.chrome.webdriver.WebDriver (session="cd23560879c09253cda3102213f36dda")>
datasets = {'custom_issues': [], 'issue_id': '209076', 'issue_key': 'AAFAIA-3568', 'issues': [['AABIS-1', '914565', 'AABIS'], ['A...', 'AABIS'], ['AABIS-4', '914568', 'AABIS'], ['AABIS-5', '914569', 'AABIS'], ['AABIS-6', '914570', 'AABIS'], ...], ...}

    def zscale_view_test_plan_in_issue_view(webdriver, datasets):
        page = BasePage(webdriver)
>       issue_key = datasets['custom_issue_key']
    
        @print_timing("zephyr_scale_view_test_plan_in_issue_view")
E       KeyError: 'custom_issue_key'

extension/jira/extension_ui.py:69: KeyError
04-27-2022, 11:34:17, 1651059257395, Action: test_1_selenium_zscale_view_test_case_in_issue_view, Error: jira_webdriver = <selenium.webdriver.chrome.webdriver.WebDriver (session="cd23560879c09253cda3102213f36dda")>
jira_datasets = {'custom_issues': [], 'issue_id': '207318', 'issue_key': 'AAFAIA-1810', 'issues': [['AABIS-1', '914565', 'AABIS'], ['A...', 'AABIS'], ['AABIS-4', '914568', 'AABIS'], ['AABIS-5', '914569', 'AABIS'], ['AABIS-6', '914570', 'AABIS'], ...], ...}
jira_screen_shots = None

    def test_1_selenium_zscale_view_test_case_in_issue_view(jira_webdriver, jira_datasets, jira_screen_shots):
>       extension_ui.zscale_view_test_case_in_issue_view(jira_webdriver, jira_datasets)

selenium_ui/jira_ui.py:67: 
_ _ _ _ _ _ _ _ _ _ _ _ _ _ _ _ _ _ _ _ _ _ _ _ _ _ _ _ _ _ _ _ _ _ _ _ _ _ _ _ 

webdriver = <selenium.webdriver.chrome.webdriver.WebDriver (session="cd23560879c09253cda3102213f36dda")>
datasets = {'custom_issues': [], 'issue_id': '207318', 'issue_key': 'AAFAIA-1810', 'issues': [['AABIS-1', '914565', 'AABIS'], ['A...', 'AABIS'], ['AABIS-4', '914568', 'AABIS'], ['AABIS-5', '914569', 'AABIS'], ['AABIS-6', '914570', 'AABIS'], ...], ...}

    def zscale_view_test_case_in_issue_view(webdriver, datasets):
        page = BasePage(webdriver)
>       issue_key = datasets['custom_issue_key']
    
        @print_timing("zephyr_scale_view_test_case_in_issue_view")
E       KeyError: 'custom_issue_key'

extension/jira/extension_ui.py:47: KeyError
04-27-2022, 11:34:17, 1651059257982, Action: test_1_selenium_zscale_view_test_cycle_in_issue_view, Error: jira_webdriver = <selenium.webdriver.chrome.webdriver.WebDriver (session="cd23560879c09253cda3102213f36dda")>
jira_datasets = {'custom_issues': [], 'issue_id': '207318', 'issue_key': 'AAFAIA-1810', 'issues': [['AABIS-1', '914565', 'AABIS'], ['A...', 'AABIS'], ['AABIS-4', '914568', 'AABIS'], ['AABIS-5', '914569', 'AABIS'], ['AABIS-6', '914570', 'AABIS'], ...], ...}
jira_screen_shots = None

    def test_1_selenium_zscale_view_test_cycle_in_issue_view(jira_webdriver, jira_datasets, jira_screen_shots):
>       extension_ui.zscale_view_test_cycle_in_issue_view(jira_webdriver, jira_datasets)

selenium_ui/jira_ui.py:70: 
_ _ _ _ _ _ _ _ _ _ _ _ _ _ _ _ _ _ _ _ _ _ _ _ _ _ _ _ _ _ _ _ _ _ _ _ _ _ _ _ 

webdriver = <selenium.webdriver.chrome.webdriver.WebDriver (session="cd23560879c09253cda3102213f36dda")>
datasets = {'custom_issues': [], 'issue_id': '207318', 'issue_key': 'AAFAIA-1810', 'issues': [['AABIS-1', '914565', 'AABIS'], ['A...', 'AABIS'], ['AABIS-4', '914568', 'AABIS'], ['AABIS-5', '914569', 'AABIS'], ['AABIS-6', '914570', 'AABIS'], ...], ...}

    def zscale_view_test_cycle_in_issue_view(webdriver, datasets):
        page = BasePage(webdriver)
>       issue_key = datasets['custom_issue_key']
    
        @print_timing("zephyr_scale_view_test_cycle_in_issue_view")
E       KeyError: 'custom_issue_key'

extension/jira/extension_ui.py:58: KeyError
04-27-2022, 11:34:18, 1651059258579, Action: test_1_selenium_zscale_view_test_plan_in_issue_view, Error: jira_webdriver = <selenium.webdriver.chrome.webdriver.WebDriver (session="cd23560879c09253cda3102213f36dda")>
jira_datasets = {'custom_issues': [], 'issue_id': '207318', 'issue_key': 'AAFAIA-1810', 'issues': [['AABIS-1', '914565', 'AABIS'], ['A...', 'AABIS'], ['AABIS-4', '914568', 'AABIS'], ['AABIS-5', '914569', 'AABIS'], ['AABIS-6', '914570', 'AABIS'], ...], ...}
jira_screen_shots = None

    def test_1_selenium_zscale_view_test_plan_in_issue_view(jira_webdriver, jira_datasets, jira_screen_shots):
>       extension_ui.zscale_view_test_plan_in_issue_view(jira_webdriver, jira_datasets)

selenium_ui/jira_ui.py:73: 
_ _ _ _ _ _ _ _ _ _ _ _ _ _ _ _ _ _ _ _ _ _ _ _ _ _ _ _ _ _ _ _ _ _ _ _ _ _ _ _ 

webdriver = <selenium.webdriver.chrome.webdriver.WebDriver (session="cd23560879c09253cda3102213f36dda")>
datasets = {'custom_issues': [], 'issue_id': '207318', 'issue_key': 'AAFAIA-1810', 'issues': [['AABIS-1', '914565', 'AABIS'], ['A...', 'AABIS'], ['AABIS-4', '914568', 'AABIS'], ['AABIS-5', '914569', 'AABIS'], ['AABIS-6', '914570', 'AABIS'], ...], ...}

    def zscale_view_test_plan_in_issue_view(webdriver, datasets):
        page = BasePage(webdriver)
>       issue_key = datasets['custom_issue_key']
    
        @print_timing("zephyr_scale_view_test_plan_in_issue_view")
E       KeyError: 'custom_issue_key'

extension/jira/extension_ui.py:69: KeyError
04-27-2022, 11:34:34, 1651059274169, Action: test_1_selenium_zscale_view_test_case_in_issue_view, Error: jira_webdriver = <selenium.webdriver.chrome.webdriver.WebDriver (session="cd23560879c09253cda3102213f36dda")>
jira_datasets = {'custom_issues': [], 'issue_id': '208050', 'issue_key': 'AAFAIA-2542', 'issues': [['AABIS-1', '914565', 'AABIS'], ['A...', 'AABIS'], ['AABIS-4', '914568', 'AABIS'], ['AABIS-5', '914569', 'AABIS'], ['AABIS-6', '914570', 'AABIS'], ...], ...}
jira_screen_shots = None

    def test_1_selenium_zscale_view_test_case_in_issue_view(jira_webdriver, jira_datasets, jira_screen_shots):
>       extension_ui.zscale_view_test_case_in_issue_view(jira_webdriver, jira_datasets)

selenium_ui/jira_ui.py:67: 
_ _ _ _ _ _ _ _ _ _ _ _ _ _ _ _ _ _ _ _ _ _ _ _ _ _ _ _ _ _ _ _ _ _ _ _ _ _ _ _ 

webdriver = <selenium.webdriver.chrome.webdriver.WebDriver (session="cd23560879c09253cda3102213f36dda")>
datasets = {'custom_issues': [], 'issue_id': '208050', 'issue_key': 'AAFAIA-2542', 'issues': [['AABIS-1', '914565', 'AABIS'], ['A...', 'AABIS'], ['AABIS-4', '914568', 'AABIS'], ['AABIS-5', '914569', 'AABIS'], ['AABIS-6', '914570', 'AABIS'], ...], ...}

    def zscale_view_test_case_in_issue_view(webdriver, datasets):
        page = BasePage(webdriver)
>       issue_key = datasets['custom_issue_key']
    
        @print_timing("zephyr_scale_view_test_case_in_issue_view")
E       KeyError: 'custom_issue_key'

extension/jira/extension_ui.py:47: KeyError
04-27-2022, 11:34:34, 1651059274690, Action: test_1_selenium_zscale_view_test_cycle_in_issue_view, Error: jira_webdriver = <selenium.webdriver.chrome.webdriver.WebDriver (session="cd23560879c09253cda3102213f36dda")>
jira_datasets = {'custom_issues': [], 'issue_id': '208050', 'issue_key': 'AAFAIA-2542', 'issues': [['AABIS-1', '914565', 'AABIS'], ['A...', 'AABIS'], ['AABIS-4', '914568', 'AABIS'], ['AABIS-5', '914569', 'AABIS'], ['AABIS-6', '914570', 'AABIS'], ...], ...}
jira_screen_shots = None

    def test_1_selenium_zscale_view_test_cycle_in_issue_view(jira_webdriver, jira_datasets, jira_screen_shots):
>       extension_ui.zscale_view_test_cycle_in_issue_view(jira_webdriver, jira_datasets)

selenium_ui/jira_ui.py:70: 
_ _ _ _ _ _ _ _ _ _ _ _ _ _ _ _ _ _ _ _ _ _ _ _ _ _ _ _ _ _ _ _ _ _ _ _ _ _ _ _ 

webdriver = <selenium.webdriver.chrome.webdriver.WebDriver (session="cd23560879c09253cda3102213f36dda")>
datasets = {'custom_issues': [], 'issue_id': '208050', 'issue_key': 'AAFAIA-2542', 'issues': [['AABIS-1', '914565', 'AABIS'], ['A...', 'AABIS'], ['AABIS-4', '914568', 'AABIS'], ['AABIS-5', '914569', 'AABIS'], ['AABIS-6', '914570', 'AABIS'], ...], ...}

    def zscale_view_test_cycle_in_issue_view(webdriver, datasets):
        page = BasePage(webdriver)
>       issue_key = datasets['custom_issue_key']
    
        @print_timing("zephyr_scale_view_test_cycle_in_issue_view")
E       KeyError: 'custom_issue_key'

extension/jira/extension_ui.py:58: KeyError
04-27-2022, 11:34:35, 1651059275232, Action: test_1_selenium_zscale_view_test_plan_in_issue_view, Error: jira_webdriver = <selenium.webdriver.chrome.webdriver.WebDriver (session="cd23560879c09253cda3102213f36dda")>
jira_datasets = {'custom_issues': [], 'issue_id': '208050', 'issue_key': 'AAFAIA-2542', 'issues': [['AABIS-1', '914565', 'AABIS'], ['A...', 'AABIS'], ['AABIS-4', '914568', 'AABIS'], ['AABIS-5', '914569', 'AABIS'], ['AABIS-6', '914570', 'AABIS'], ...], ...}
jira_screen_shots = None

    def test_1_selenium_zscale_view_test_plan_in_issue_view(jira_webdriver, jira_datasets, jira_screen_shots):
>       extension_ui.zscale_view_test_plan_in_issue_view(jira_webdriver, jira_datasets)

selenium_ui/jira_ui.py:73: 
_ _ _ _ _ _ _ _ _ _ _ _ _ _ _ _ _ _ _ _ _ _ _ _ _ _ _ _ _ _ _ _ _ _ _ _ _ _ _ _ 

webdriver = <selenium.webdriver.chrome.webdriver.WebDriver (session="cd23560879c09253cda3102213f36dda")>
datasets = {'custom_issues': [], 'issue_id': '208050', 'issue_key': 'AAFAIA-2542', 'issues': [['AABIS-1', '914565', 'AABIS'], ['A...', 'AABIS'], ['AABIS-4', '914568', 'AABIS'], ['AABIS-5', '914569', 'AABIS'], ['AABIS-6', '914570', 'AABIS'], ...], ...}

    def zscale_view_test_plan_in_issue_view(webdriver, datasets):
        page = BasePage(webdriver)
>       issue_key = datasets['custom_issue_key']
    
        @print_timing("zephyr_scale_view_test_plan_in_issue_view")
E       KeyError: 'custom_issue_key'

extension/jira/extension_ui.py:69: KeyError
04-27-2022, 11:34:49, 1651059289702, Action: test_1_selenium_zscale_view_test_case_in_issue_view, Error: jira_webdriver = <selenium.webdriver.chrome.webdriver.WebDriver (session="cd23560879c09253cda3102213f36dda")>
jira_datasets = {'custom_issues': [], 'issue_id': '210589', 'issue_key': 'AAFAIA-5081', 'issues': [['AABIS-1', '914565', 'AABIS'], ['A...', 'AABIS'], ['AABIS-4', '914568', 'AABIS'], ['AABIS-5', '914569', 'AABIS'], ['AABIS-6', '914570', 'AABIS'], ...], ...}
jira_screen_shots = None

    def test_1_selenium_zscale_view_test_case_in_issue_view(jira_webdriver, jira_datasets, jira_screen_shots):
>       extension_ui.zscale_view_test_case_in_issue_view(jira_webdriver, jira_datasets)

selenium_ui/jira_ui.py:67: 
_ _ _ _ _ _ _ _ _ _ _ _ _ _ _ _ _ _ _ _ _ _ _ _ _ _ _ _ _ _ _ _ _ _ _ _ _ _ _ _ 

webdriver = <selenium.webdriver.chrome.webdriver.WebDriver (session="cd23560879c09253cda3102213f36dda")>
datasets = {'custom_issues': [], 'issue_id': '210589', 'issue_key': 'AAFAIA-5081', 'issues': [['AABIS-1', '914565', 'AABIS'], ['A...', 'AABIS'], ['AABIS-4', '914568', 'AABIS'], ['AABIS-5', '914569', 'AABIS'], ['AABIS-6', '914570', 'AABIS'], ...], ...}

    def zscale_view_test_case_in_issue_view(webdriver, datasets):
        page = BasePage(webdriver)
>       issue_key = datasets['custom_issue_key']
    
        @print_timing("zephyr_scale_view_test_case_in_issue_view")
E       KeyError: 'custom_issue_key'

extension/jira/extension_ui.py:47: KeyError
04-27-2022, 11:34:50, 1651059290215, Action: test_1_selenium_zscale_view_test_cycle_in_issue_view, Error: jira_webdriver = <selenium.webdriver.chrome.webdriver.WebDriver (session="cd23560879c09253cda3102213f36dda")>
jira_datasets = {'custom_issues': [], 'issue_id': '210589', 'issue_key': 'AAFAIA-5081', 'issues': [['AABIS-1', '914565', 'AABIS'], ['A...', 'AABIS'], ['AABIS-4', '914568', 'AABIS'], ['AABIS-5', '914569', 'AABIS'], ['AABIS-6', '914570', 'AABIS'], ...], ...}
jira_screen_shots = None

    def test_1_selenium_zscale_view_test_cycle_in_issue_view(jira_webdriver, jira_datasets, jira_screen_shots):
>       extension_ui.zscale_view_test_cycle_in_issue_view(jira_webdriver, jira_datasets)

selenium_ui/jira_ui.py:70: 
_ _ _ _ _ _ _ _ _ _ _ _ _ _ _ _ _ _ _ _ _ _ _ _ _ _ _ _ _ _ _ _ _ _ _ _ _ _ _ _ 

webdriver = <selenium.webdriver.chrome.webdriver.WebDriver (session="cd23560879c09253cda3102213f36dda")>
datasets = {'custom_issues': [], 'issue_id': '210589', 'issue_key': 'AAFAIA-5081', 'issues': [['AABIS-1', '914565', 'AABIS'], ['A...', 'AABIS'], ['AABIS-4', '914568', 'AABIS'], ['AABIS-5', '914569', 'AABIS'], ['AABIS-6', '914570', 'AABIS'], ...], ...}

    def zscale_view_test_cycle_in_issue_view(webdriver, datasets):
        page = BasePage(webdriver)
>       issue_key = datasets['custom_issue_key']
    
        @print_timing("zephyr_scale_view_test_cycle_in_issue_view")
E       KeyError: 'custom_issue_key'

extension/jira/extension_ui.py:58: KeyError
04-27-2022, 11:34:50, 1651059290835, Action: test_1_selenium_zscale_view_test_plan_in_issue_view, Error: jira_webdriver = <selenium.webdriver.chrome.webdriver.WebDriver (session="cd23560879c09253cda3102213f36dda")>
jira_datasets = {'custom_issues': [], 'issue_id': '210589', 'issue_key': 'AAFAIA-5081', 'issues': [['AABIS-1', '914565', 'AABIS'], ['A...', 'AABIS'], ['AABIS-4', '914568', 'AABIS'], ['AABIS-5', '914569', 'AABIS'], ['AABIS-6', '914570', 'AABIS'], ...], ...}
jira_screen_shots = None

    def test_1_selenium_zscale_view_test_plan_in_issue_view(jira_webdriver, jira_datasets, jira_screen_shots):
>       extension_ui.zscale_view_test_plan_in_issue_view(jira_webdriver, jira_datasets)

selenium_ui/jira_ui.py:73: 
_ _ _ _ _ _ _ _ _ _ _ _ _ _ _ _ _ _ _ _ _ _ _ _ _ _ _ _ _ _ _ _ _ _ _ _ _ _ _ _ 

webdriver = <selenium.webdriver.chrome.webdriver.WebDriver (session="cd23560879c09253cda3102213f36dda")>
datasets = {'custom_issues': [], 'issue_id': '210589', 'issue_key': 'AAFAIA-5081', 'issues': [['AABIS-1', '914565', 'AABIS'], ['A...', 'AABIS'], ['AABIS-4', '914568', 'AABIS'], ['AABIS-5', '914569', 'AABIS'], ['AABIS-6', '914570', 'AABIS'], ...], ...}

    def zscale_view_test_plan_in_issue_view(webdriver, datasets):
        page = BasePage(webdriver)
>       issue_key = datasets['custom_issue_key']
    
        @print_timing("zephyr_scale_view_test_plan_in_issue_view")
E       KeyError: 'custom_issue_key'

extension/jira/extension_ui.py:69: KeyError
04-27-2022, 11:35:06, 1651059306684, Action: test_1_selenium_zscale_view_test_case_in_issue_view, Error: jira_webdriver = <selenium.webdriver.chrome.webdriver.WebDriver (session="cd23560879c09253cda3102213f36dda")>
jira_datasets = {'custom_issues': [], 'issue_id': '206702', 'issue_key': 'AAFAIA-1194', 'issues': [['AABIS-1', '914565', 'AABIS'], ['A...', 'AABIS'], ['AABIS-4', '914568', 'AABIS'], ['AABIS-5', '914569', 'AABIS'], ['AABIS-6', '914570', 'AABIS'], ...], ...}
jira_screen_shots = None

    def test_1_selenium_zscale_view_test_case_in_issue_view(jira_webdriver, jira_datasets, jira_screen_shots):
>       extension_ui.zscale_view_test_case_in_issue_view(jira_webdriver, jira_datasets)

selenium_ui/jira_ui.py:67: 
_ _ _ _ _ _ _ _ _ _ _ _ _ _ _ _ _ _ _ _ _ _ _ _ _ _ _ _ _ _ _ _ _ _ _ _ _ _ _ _ 

webdriver = <selenium.webdriver.chrome.webdriver.WebDriver (session="cd23560879c09253cda3102213f36dda")>
datasets = {'custom_issues': [], 'issue_id': '206702', 'issue_key': 'AAFAIA-1194', 'issues': [['AABIS-1', '914565', 'AABIS'], ['A...', 'AABIS'], ['AABIS-4', '914568', 'AABIS'], ['AABIS-5', '914569', 'AABIS'], ['AABIS-6', '914570', 'AABIS'], ...], ...}

    def zscale_view_test_case_in_issue_view(webdriver, datasets):
        page = BasePage(webdriver)
>       issue_key = datasets['custom_issue_key']
    
        @print_timing("zephyr_scale_view_test_case_in_issue_view")
E       KeyError: 'custom_issue_key'

extension/jira/extension_ui.py:47: KeyError
04-27-2022, 11:35:07, 1651059307292, Action: test_1_selenium_zscale_view_test_cycle_in_issue_view, Error: jira_webdriver = <selenium.webdriver.chrome.webdriver.WebDriver (session="cd23560879c09253cda3102213f36dda")>
jira_datasets = {'custom_issues': [], 'issue_id': '206702', 'issue_key': 'AAFAIA-1194', 'issues': [['AABIS-1', '914565', 'AABIS'], ['A...', 'AABIS'], ['AABIS-4', '914568', 'AABIS'], ['AABIS-5', '914569', 'AABIS'], ['AABIS-6', '914570', 'AABIS'], ...], ...}
jira_screen_shots = None

    def test_1_selenium_zscale_view_test_cycle_in_issue_view(jira_webdriver, jira_datasets, jira_screen_shots):
>       extension_ui.zscale_view_test_cycle_in_issue_view(jira_webdriver, jira_datasets)

selenium_ui/jira_ui.py:70: 
_ _ _ _ _ _ _ _ _ _ _ _ _ _ _ _ _ _ _ _ _ _ _ _ _ _ _ _ _ _ _ _ _ _ _ _ _ _ _ _ 

webdriver = <selenium.webdriver.chrome.webdriver.WebDriver (session="cd23560879c09253cda3102213f36dda")>
datasets = {'custom_issues': [], 'issue_id': '206702', 'issue_key': 'AAFAIA-1194', 'issues': [['AABIS-1', '914565', 'AABIS'], ['A...', 'AABIS'], ['AABIS-4', '914568', 'AABIS'], ['AABIS-5', '914569', 'AABIS'], ['AABIS-6', '914570', 'AABIS'], ...], ...}

    def zscale_view_test_cycle_in_issue_view(webdriver, datasets):
        page = BasePage(webdriver)
>       issue_key = datasets['custom_issue_key']
    
        @print_timing("zephyr_scale_view_test_cycle_in_issue_view")
E       KeyError: 'custom_issue_key'

extension/jira/extension_ui.py:58: KeyError
04-27-2022, 11:35:07, 1651059307827, Action: test_1_selenium_zscale_view_test_plan_in_issue_view, Error: jira_webdriver = <selenium.webdriver.chrome.webdriver.WebDriver (session="cd23560879c09253cda3102213f36dda")>
jira_datasets = {'custom_issues': [], 'issue_id': '206702', 'issue_key': 'AAFAIA-1194', 'issues': [['AABIS-1', '914565', 'AABIS'], ['A...', 'AABIS'], ['AABIS-4', '914568', 'AABIS'], ['AABIS-5', '914569', 'AABIS'], ['AABIS-6', '914570', 'AABIS'], ...], ...}
jira_screen_shots = None

    def test_1_selenium_zscale_view_test_plan_in_issue_view(jira_webdriver, jira_datasets, jira_screen_shots):
>       extension_ui.zscale_view_test_plan_in_issue_view(jira_webdriver, jira_datasets)

selenium_ui/jira_ui.py:73: 
_ _ _ _ _ _ _ _ _ _ _ _ _ _ _ _ _ _ _ _ _ _ _ _ _ _ _ _ _ _ _ _ _ _ _ _ _ _ _ _ 

webdriver = <selenium.webdriver.chrome.webdriver.WebDriver (session="cd23560879c09253cda3102213f36dda")>
datasets = {'custom_issues': [], 'issue_id': '206702', 'issue_key': 'AAFAIA-1194', 'issues': [['AABIS-1', '914565', 'AABIS'], ['A...', 'AABIS'], ['AABIS-4', '914568', 'AABIS'], ['AABIS-5', '914569', 'AABIS'], ['AABIS-6', '914570', 'AABIS'], ...], ...}

    def zscale_view_test_plan_in_issue_view(webdriver, datasets):
        page = BasePage(webdriver)
>       issue_key = datasets['custom_issue_key']
    
        @print_timing("zephyr_scale_view_test_plan_in_issue_view")
E       KeyError: 'custom_issue_key'

extension/jira/extension_ui.py:69: KeyError
04-27-2022, 11:35:23, 1651059323085, Action: test_1_selenium_zscale_view_test_case_in_issue_view, Error: jira_webdriver = <selenium.webdriver.chrome.webdriver.WebDriver (session="cd23560879c09253cda3102213f36dda")>
jira_datasets = {'custom_issues': [], 'issue_id': '209538', 'issue_key': 'AAFAIA-4030', 'issues': [['AABIS-1', '914565', 'AABIS'], ['A...', 'AABIS'], ['AABIS-4', '914568', 'AABIS'], ['AABIS-5', '914569', 'AABIS'], ['AABIS-6', '914570', 'AABIS'], ...], ...}
jira_screen_shots = None

    def test_1_selenium_zscale_view_test_case_in_issue_view(jira_webdriver, jira_datasets, jira_screen_shots):
>       extension_ui.zscale_view_test_case_in_issue_view(jira_webdriver, jira_datasets)

selenium_ui/jira_ui.py:67: 
_ _ _ _ _ _ _ _ _ _ _ _ _ _ _ _ _ _ _ _ _ _ _ _ _ _ _ _ _ _ _ _ _ _ _ _ _ _ _ _ 

webdriver = <selenium.webdriver.chrome.webdriver.WebDriver (session="cd23560879c09253cda3102213f36dda")>
datasets = {'custom_issues': [], 'issue_id': '209538', 'issue_key': 'AAFAIA-4030', 'issues': [['AABIS-1', '914565', 'AABIS'], ['A...', 'AABIS'], ['AABIS-4', '914568', 'AABIS'], ['AABIS-5', '914569', 'AABIS'], ['AABIS-6', '914570', 'AABIS'], ...], ...}

    def zscale_view_test_case_in_issue_view(webdriver, datasets):
        page = BasePage(webdriver)
>       issue_key = datasets['custom_issue_key']
    
        @print_timing("zephyr_scale_view_test_case_in_issue_view")
E       KeyError: 'custom_issue_key'

extension/jira/extension_ui.py:47: KeyError
04-27-2022, 11:35:23, 1651059323602, Action: test_1_selenium_zscale_view_test_cycle_in_issue_view, Error: jira_webdriver = <selenium.webdriver.chrome.webdriver.WebDriver (session="cd23560879c09253cda3102213f36dda")>
jira_datasets = {'custom_issues': [], 'issue_id': '209538', 'issue_key': 'AAFAIA-4030', 'issues': [['AABIS-1', '914565', 'AABIS'], ['A...', 'AABIS'], ['AABIS-4', '914568', 'AABIS'], ['AABIS-5', '914569', 'AABIS'], ['AABIS-6', '914570', 'AABIS'], ...], ...}
jira_screen_shots = None

    def test_1_selenium_zscale_view_test_cycle_in_issue_view(jira_webdriver, jira_datasets, jira_screen_shots):
>       extension_ui.zscale_view_test_cycle_in_issue_view(jira_webdriver, jira_datasets)

selenium_ui/jira_ui.py:70: 
_ _ _ _ _ _ _ _ _ _ _ _ _ _ _ _ _ _ _ _ _ _ _ _ _ _ _ _ _ _ _ _ _ _ _ _ _ _ _ _ 

webdriver = <selenium.webdriver.chrome.webdriver.WebDriver (session="cd23560879c09253cda3102213f36dda")>
datasets = {'custom_issues': [], 'issue_id': '209538', 'issue_key': 'AAFAIA-4030', 'issues': [['AABIS-1', '914565', 'AABIS'], ['A...', 'AABIS'], ['AABIS-4', '914568', 'AABIS'], ['AABIS-5', '914569', 'AABIS'], ['AABIS-6', '914570', 'AABIS'], ...], ...}

    def zscale_view_test_cycle_in_issue_view(webdriver, datasets):
        page = BasePage(webdriver)
>       issue_key = datasets['custom_issue_key']
    
        @print_timing("zephyr_scale_view_test_cycle_in_issue_view")
E       KeyError: 'custom_issue_key'

extension/jira/extension_ui.py:58: KeyError
04-27-2022, 11:35:24, 1651059324135, Action: test_1_selenium_zscale_view_test_plan_in_issue_view, Error: jira_webdriver = <selenium.webdriver.chrome.webdriver.WebDriver (session="cd23560879c09253cda3102213f36dda")>
jira_datasets = {'custom_issues': [], 'issue_id': '209538', 'issue_key': 'AAFAIA-4030', 'issues': [['AABIS-1', '914565', 'AABIS'], ['A...', 'AABIS'], ['AABIS-4', '914568', 'AABIS'], ['AABIS-5', '914569', 'AABIS'], ['AABIS-6', '914570', 'AABIS'], ...], ...}
jira_screen_shots = None

    def test_1_selenium_zscale_view_test_plan_in_issue_view(jira_webdriver, jira_datasets, jira_screen_shots):
>       extension_ui.zscale_view_test_plan_in_issue_view(jira_webdriver, jira_datasets)

selenium_ui/jira_ui.py:73: 
_ _ _ _ _ _ _ _ _ _ _ _ _ _ _ _ _ _ _ _ _ _ _ _ _ _ _ _ _ _ _ _ _ _ _ _ _ _ _ _ 

webdriver = <selenium.webdriver.chrome.webdriver.WebDriver (session="cd23560879c09253cda3102213f36dda")>
datasets = {'custom_issues': [], 'issue_id': '209538', 'issue_key': 'AAFAIA-4030', 'issues': [['AABIS-1', '914565', 'AABIS'], ['A...', 'AABIS'], ['AABIS-4', '914568', 'AABIS'], ['AABIS-5', '914569', 'AABIS'], ['AABIS-6', '914570', 'AABIS'], ...], ...}

    def zscale_view_test_plan_in_issue_view(webdriver, datasets):
        page = BasePage(webdriver)
>       issue_key = datasets['custom_issue_key']
    
        @print_timing("zephyr_scale_view_test_plan_in_issue_view")
E       KeyError: 'custom_issue_key'

extension/jira/extension_ui.py:69: KeyError
04-27-2022, 11:35:39, 1651059339371, Action: test_1_selenium_zscale_view_test_case_in_issue_view, Error: jira_webdriver = <selenium.webdriver.chrome.webdriver.WebDriver (session="cd23560879c09253cda3102213f36dda")>
jira_datasets = {'custom_issues': [], 'issue_id': '914625', 'issue_key': 'AABIS-61', 'issues': [['AABIS-1', '914565', 'AABIS'], ['AABI...', 'AABIS'], ['AABIS-4', '914568', 'AABIS'], ['AABIS-5', '914569', 'AABIS'], ['AABIS-6', '914570', 'AABIS'], ...], ...}
jira_screen_shots = None

    def test_1_selenium_zscale_view_test_case_in_issue_view(jira_webdriver, jira_datasets, jira_screen_shots):
>       extension_ui.zscale_view_test_case_in_issue_view(jira_webdriver, jira_datasets)

selenium_ui/jira_ui.py:67: 
_ _ _ _ _ _ _ _ _ _ _ _ _ _ _ _ _ _ _ _ _ _ _ _ _ _ _ _ _ _ _ _ _ _ _ _ _ _ _ _ 

webdriver = <selenium.webdriver.chrome.webdriver.WebDriver (session="cd23560879c09253cda3102213f36dda")>
datasets = {'custom_issues': [], 'issue_id': '914625', 'issue_key': 'AABIS-61', 'issues': [['AABIS-1', '914565', 'AABIS'], ['AABI...', 'AABIS'], ['AABIS-4', '914568', 'AABIS'], ['AABIS-5', '914569', 'AABIS'], ['AABIS-6', '914570', 'AABIS'], ...], ...}

    def zscale_view_test_case_in_issue_view(webdriver, datasets):
        page = BasePage(webdriver)
>       issue_key = datasets['custom_issue_key']
    
        @print_timing("zephyr_scale_view_test_case_in_issue_view")
E       KeyError: 'custom_issue_key'

extension/jira/extension_ui.py:47: KeyError
04-27-2022, 11:35:39, 1651059339884, Action: test_1_selenium_zscale_view_test_cycle_in_issue_view, Error: jira_webdriver = <selenium.webdriver.chrome.webdriver.WebDriver (session="cd23560879c09253cda3102213f36dda")>
jira_datasets = {'custom_issues': [], 'issue_id': '914625', 'issue_key': 'AABIS-61', 'issues': [['AABIS-1', '914565', 'AABIS'], ['AABI...', 'AABIS'], ['AABIS-4', '914568', 'AABIS'], ['AABIS-5', '914569', 'AABIS'], ['AABIS-6', '914570', 'AABIS'], ...], ...}
jira_screen_shots = None

    def test_1_selenium_zscale_view_test_cycle_in_issue_view(jira_webdriver, jira_datasets, jira_screen_shots):
>       extension_ui.zscale_view_test_cycle_in_issue_view(jira_webdriver, jira_datasets)

selenium_ui/jira_ui.py:70: 
_ _ _ _ _ _ _ _ _ _ _ _ _ _ _ _ _ _ _ _ _ _ _ _ _ _ _ _ _ _ _ _ _ _ _ _ _ _ _ _ 

webdriver = <selenium.webdriver.chrome.webdriver.WebDriver (session="cd23560879c09253cda3102213f36dda")>
datasets = {'custom_issues': [], 'issue_id': '914625', 'issue_key': 'AABIS-61', 'issues': [['AABIS-1', '914565', 'AABIS'], ['AABI...', 'AABIS'], ['AABIS-4', '914568', 'AABIS'], ['AABIS-5', '914569', 'AABIS'], ['AABIS-6', '914570', 'AABIS'], ...], ...}

    def zscale_view_test_cycle_in_issue_view(webdriver, datasets):
        page = BasePage(webdriver)
>       issue_key = datasets['custom_issue_key']
    
        @print_timing("zephyr_scale_view_test_cycle_in_issue_view")
E       KeyError: 'custom_issue_key'

extension/jira/extension_ui.py:58: KeyError
04-27-2022, 11:35:40, 1651059340408, Action: test_1_selenium_zscale_view_test_plan_in_issue_view, Error: jira_webdriver = <selenium.webdriver.chrome.webdriver.WebDriver (session="cd23560879c09253cda3102213f36dda")>
jira_datasets = {'custom_issues': [], 'issue_id': '914625', 'issue_key': 'AABIS-61', 'issues': [['AABIS-1', '914565', 'AABIS'], ['AABI...', 'AABIS'], ['AABIS-4', '914568', 'AABIS'], ['AABIS-5', '914569', 'AABIS'], ['AABIS-6', '914570', 'AABIS'], ...], ...}
jira_screen_shots = None

    def test_1_selenium_zscale_view_test_plan_in_issue_view(jira_webdriver, jira_datasets, jira_screen_shots):
>       extension_ui.zscale_view_test_plan_in_issue_view(jira_webdriver, jira_datasets)

selenium_ui/jira_ui.py:73: 
_ _ _ _ _ _ _ _ _ _ _ _ _ _ _ _ _ _ _ _ _ _ _ _ _ _ _ _ _ _ _ _ _ _ _ _ _ _ _ _ 

webdriver = <selenium.webdriver.chrome.webdriver.WebDriver (session="cd23560879c09253cda3102213f36dda")>
datasets = {'custom_issues': [], 'issue_id': '914625', 'issue_key': 'AABIS-61', 'issues': [['AABIS-1', '914565', 'AABIS'], ['AABI...', 'AABIS'], ['AABIS-4', '914568', 'AABIS'], ['AABIS-5', '914569', 'AABIS'], ['AABIS-6', '914570', 'AABIS'], ...], ...}

    def zscale_view_test_plan_in_issue_view(webdriver, datasets):
        page = BasePage(webdriver)
>       issue_key = datasets['custom_issue_key']
    
        @print_timing("zephyr_scale_view_test_plan_in_issue_view")
E       KeyError: 'custom_issue_key'

extension/jira/extension_ui.py:69: KeyError
04-27-2022, 11:35:55, 1651059355471, Action: test_1_selenium_zscale_view_test_case_in_issue_view, Error: jira_webdriver = <selenium.webdriver.chrome.webdriver.WebDriver (session="cd23560879c09253cda3102213f36dda")>
jira_datasets = {'custom_issues': [], 'issue_id': '2080178', 'issue_key': 'AABIS-2431', 'issues': [['AABIS-1', '914565', 'AABIS'], ['A...', 'AABIS'], ['AABIS-4', '914568', 'AABIS'], ['AABIS-5', '914569', 'AABIS'], ['AABIS-6', '914570', 'AABIS'], ...], ...}
jira_screen_shots = None

    def test_1_selenium_zscale_view_test_case_in_issue_view(jira_webdriver, jira_datasets, jira_screen_shots):
>       extension_ui.zscale_view_test_case_in_issue_view(jira_webdriver, jira_datasets)

selenium_ui/jira_ui.py:67: 
_ _ _ _ _ _ _ _ _ _ _ _ _ _ _ _ _ _ _ _ _ _ _ _ _ _ _ _ _ _ _ _ _ _ _ _ _ _ _ _ 

webdriver = <selenium.webdriver.chrome.webdriver.WebDriver (session="cd23560879c09253cda3102213f36dda")>
datasets = {'custom_issues': [], 'issue_id': '2080178', 'issue_key': 'AABIS-2431', 'issues': [['AABIS-1', '914565', 'AABIS'], ['A...', 'AABIS'], ['AABIS-4', '914568', 'AABIS'], ['AABIS-5', '914569', 'AABIS'], ['AABIS-6', '914570', 'AABIS'], ...], ...}

    def zscale_view_test_case_in_issue_view(webdriver, datasets):
        page = BasePage(webdriver)
>       issue_key = datasets['custom_issue_key']
    
        @print_timing("zephyr_scale_view_test_case_in_issue_view")
E       KeyError: 'custom_issue_key'

extension/jira/extension_ui.py:47: KeyError
04-27-2022, 11:35:56, 1651059356068, Action: test_1_selenium_zscale_view_test_cycle_in_issue_view, Error: jira_webdriver = <selenium.webdriver.chrome.webdriver.WebDriver (session="cd23560879c09253cda3102213f36dda")>
jira_datasets = {'custom_issues': [], 'issue_id': '2080178', 'issue_key': 'AABIS-2431', 'issues': [['AABIS-1', '914565', 'AABIS'], ['A...', 'AABIS'], ['AABIS-4', '914568', 'AABIS'], ['AABIS-5', '914569', 'AABIS'], ['AABIS-6', '914570', 'AABIS'], ...], ...}
jira_screen_shots = None

    def test_1_selenium_zscale_view_test_cycle_in_issue_view(jira_webdriver, jira_datasets, jira_screen_shots):
>       extension_ui.zscale_view_test_cycle_in_issue_view(jira_webdriver, jira_datasets)

selenium_ui/jira_ui.py:70: 
_ _ _ _ _ _ _ _ _ _ _ _ _ _ _ _ _ _ _ _ _ _ _ _ _ _ _ _ _ _ _ _ _ _ _ _ _ _ _ _ 

webdriver = <selenium.webdriver.chrome.webdriver.WebDriver (session="cd23560879c09253cda3102213f36dda")>
datasets = {'custom_issues': [], 'issue_id': '2080178', 'issue_key': 'AABIS-2431', 'issues': [['AABIS-1', '914565', 'AABIS'], ['A...', 'AABIS'], ['AABIS-4', '914568', 'AABIS'], ['AABIS-5', '914569', 'AABIS'], ['AABIS-6', '914570', 'AABIS'], ...], ...}

    def zscale_view_test_cycle_in_issue_view(webdriver, datasets):
        page = BasePage(webdriver)
>       issue_key = datasets['custom_issue_key']
    
        @print_timing("zephyr_scale_view_test_cycle_in_issue_view")
E       KeyError: 'custom_issue_key'

extension/jira/extension_ui.py:58: KeyError
04-27-2022, 11:35:56, 1651059356607, Action: test_1_selenium_zscale_view_test_plan_in_issue_view, Error: jira_webdriver = <selenium.webdriver.chrome.webdriver.WebDriver (session="cd23560879c09253cda3102213f36dda")>
jira_datasets = {'custom_issues': [], 'issue_id': '2080178', 'issue_key': 'AABIS-2431', 'issues': [['AABIS-1', '914565', 'AABIS'], ['A...', 'AABIS'], ['AABIS-4', '914568', 'AABIS'], ['AABIS-5', '914569', 'AABIS'], ['AABIS-6', '914570', 'AABIS'], ...], ...}
jira_screen_shots = None

    def test_1_selenium_zscale_view_test_plan_in_issue_view(jira_webdriver, jira_datasets, jira_screen_shots):
>       extension_ui.zscale_view_test_plan_in_issue_view(jira_webdriver, jira_datasets)

selenium_ui/jira_ui.py:73: 
_ _ _ _ _ _ _ _ _ _ _ _ _ _ _ _ _ _ _ _ _ _ _ _ _ _ _ _ _ _ _ _ _ _ _ _ _ _ _ _ 

webdriver = <selenium.webdriver.chrome.webdriver.WebDriver (session="cd23560879c09253cda3102213f36dda")>
datasets = {'custom_issues': [], 'issue_id': '2080178', 'issue_key': 'AABIS-2431', 'issues': [['AABIS-1', '914565', 'AABIS'], ['A...', 'AABIS'], ['AABIS-4', '914568', 'AABIS'], ['AABIS-5', '914569', 'AABIS'], ['AABIS-6', '914570', 'AABIS'], ...], ...}

    def zscale_view_test_plan_in_issue_view(webdriver, datasets):
        page = BasePage(webdriver)
>       issue_key = datasets['custom_issue_key']
    
        @print_timing("zephyr_scale_view_test_plan_in_issue_view")
E       KeyError: 'custom_issue_key'

extension/jira/extension_ui.py:69: KeyError
04-27-2022, 11:36:11, 1651059371810, Action: test_1_selenium_zscale_view_test_case_in_issue_view, Error: jira_webdriver = <selenium.webdriver.chrome.webdriver.WebDriver (session="cd23560879c09253cda3102213f36dda")>
jira_datasets = {'custom_issues': [], 'issue_id': '207154', 'issue_key': 'AAFAIA-1646', 'issues': [['AABIS-1', '914565', 'AABIS'], ['A...', 'AABIS'], ['AABIS-4', '914568', 'AABIS'], ['AABIS-5', '914569', 'AABIS'], ['AABIS-6', '914570', 'AABIS'], ...], ...}
jira_screen_shots = None

    def test_1_selenium_zscale_view_test_case_in_issue_view(jira_webdriver, jira_datasets, jira_screen_shots):
>       extension_ui.zscale_view_test_case_in_issue_view(jira_webdriver, jira_datasets)

selenium_ui/jira_ui.py:67: 
_ _ _ _ _ _ _ _ _ _ _ _ _ _ _ _ _ _ _ _ _ _ _ _ _ _ _ _ _ _ _ _ _ _ _ _ _ _ _ _ 

webdriver = <selenium.webdriver.chrome.webdriver.WebDriver (session="cd23560879c09253cda3102213f36dda")>
datasets = {'custom_issues': [], 'issue_id': '207154', 'issue_key': 'AAFAIA-1646', 'issues': [['AABIS-1', '914565', 'AABIS'], ['A...', 'AABIS'], ['AABIS-4', '914568', 'AABIS'], ['AABIS-5', '914569', 'AABIS'], ['AABIS-6', '914570', 'AABIS'], ...], ...}

    def zscale_view_test_case_in_issue_view(webdriver, datasets):
        page = BasePage(webdriver)
>       issue_key = datasets['custom_issue_key']
    
        @print_timing("zephyr_scale_view_test_case_in_issue_view")
E       KeyError: 'custom_issue_key'

extension/jira/extension_ui.py:47: KeyError
04-27-2022, 11:36:12, 1651059372296, Action: test_1_selenium_zscale_view_test_cycle_in_issue_view, Error: jira_webdriver = <selenium.webdriver.chrome.webdriver.WebDriver (session="cd23560879c09253cda3102213f36dda")>
jira_datasets = {'custom_issues': [], 'issue_id': '207154', 'issue_key': 'AAFAIA-1646', 'issues': [['AABIS-1', '914565', 'AABIS'], ['A...', 'AABIS'], ['AABIS-4', '914568', 'AABIS'], ['AABIS-5', '914569', 'AABIS'], ['AABIS-6', '914570', 'AABIS'], ...], ...}
jira_screen_shots = None

    def test_1_selenium_zscale_view_test_cycle_in_issue_view(jira_webdriver, jira_datasets, jira_screen_shots):
>       extension_ui.zscale_view_test_cycle_in_issue_view(jira_webdriver, jira_datasets)

selenium_ui/jira_ui.py:70: 
_ _ _ _ _ _ _ _ _ _ _ _ _ _ _ _ _ _ _ _ _ _ _ _ _ _ _ _ _ _ _ _ _ _ _ _ _ _ _ _ 

webdriver = <selenium.webdriver.chrome.webdriver.WebDriver (session="cd23560879c09253cda3102213f36dda")>
datasets = {'custom_issues': [], 'issue_id': '207154', 'issue_key': 'AAFAIA-1646', 'issues': [['AABIS-1', '914565', 'AABIS'], ['A...', 'AABIS'], ['AABIS-4', '914568', 'AABIS'], ['AABIS-5', '914569', 'AABIS'], ['AABIS-6', '914570', 'AABIS'], ...], ...}

    def zscale_view_test_cycle_in_issue_view(webdriver, datasets):
        page = BasePage(webdriver)
>       issue_key = datasets['custom_issue_key']
    
        @print_timing("zephyr_scale_view_test_cycle_in_issue_view")
E       KeyError: 'custom_issue_key'

extension/jira/extension_ui.py:58: KeyError
04-27-2022, 11:36:12, 1651059372920, Action: test_1_selenium_zscale_view_test_plan_in_issue_view, Error: jira_webdriver = <selenium.webdriver.chrome.webdriver.WebDriver (session="cd23560879c09253cda3102213f36dda")>
jira_datasets = {'custom_issues': [], 'issue_id': '207154', 'issue_key': 'AAFAIA-1646', 'issues': [['AABIS-1', '914565', 'AABIS'], ['A...', 'AABIS'], ['AABIS-4', '914568', 'AABIS'], ['AABIS-5', '914569', 'AABIS'], ['AABIS-6', '914570', 'AABIS'], ...], ...}
jira_screen_shots = None

    def test_1_selenium_zscale_view_test_plan_in_issue_view(jira_webdriver, jira_datasets, jira_screen_shots):
>       extension_ui.zscale_view_test_plan_in_issue_view(jira_webdriver, jira_datasets)

selenium_ui/jira_ui.py:73: 
_ _ _ _ _ _ _ _ _ _ _ _ _ _ _ _ _ _ _ _ _ _ _ _ _ _ _ _ _ _ _ _ _ _ _ _ _ _ _ _ 

webdriver = <selenium.webdriver.chrome.webdriver.WebDriver (session="cd23560879c09253cda3102213f36dda")>
datasets = {'custom_issues': [], 'issue_id': '207154', 'issue_key': 'AAFAIA-1646', 'issues': [['AABIS-1', '914565', 'AABIS'], ['A...', 'AABIS'], ['AABIS-4', '914568', 'AABIS'], ['AABIS-5', '914569', 'AABIS'], ['AABIS-6', '914570', 'AABIS'], ...], ...}

    def zscale_view_test_plan_in_issue_view(webdriver, datasets):
        page = BasePage(webdriver)
>       issue_key = datasets['custom_issue_key']
    
        @print_timing("zephyr_scale_view_test_plan_in_issue_view")
E       KeyError: 'custom_issue_key'

extension/jira/extension_ui.py:69: KeyError
04-27-2022, 11:36:27, 1651059387768, Action: test_1_selenium_zscale_view_test_case_in_issue_view, Error: jira_webdriver = <selenium.webdriver.chrome.webdriver.WebDriver (session="cd23560879c09253cda3102213f36dda")>
jira_datasets = {'custom_issues': [], 'issue_id': '206086', 'issue_key': 'AAFAIA-578', 'issues': [['AABIS-1', '914565', 'AABIS'], ['AA...', 'AABIS'], ['AABIS-4', '914568', 'AABIS'], ['AABIS-5', '914569', 'AABIS'], ['AABIS-6', '914570', 'AABIS'], ...], ...}
jira_screen_shots = None

    def test_1_selenium_zscale_view_test_case_in_issue_view(jira_webdriver, jira_datasets, jira_screen_shots):
>       extension_ui.zscale_view_test_case_in_issue_view(jira_webdriver, jira_datasets)

selenium_ui/jira_ui.py:67: 
_ _ _ _ _ _ _ _ _ _ _ _ _ _ _ _ _ _ _ _ _ _ _ _ _ _ _ _ _ _ _ _ _ _ _ _ _ _ _ _ 

webdriver = <selenium.webdriver.chrome.webdriver.WebDriver (session="cd23560879c09253cda3102213f36dda")>
datasets = {'custom_issues': [], 'issue_id': '206086', 'issue_key': 'AAFAIA-578', 'issues': [['AABIS-1', '914565', 'AABIS'], ['AA...', 'AABIS'], ['AABIS-4', '914568', 'AABIS'], ['AABIS-5', '914569', 'AABIS'], ['AABIS-6', '914570', 'AABIS'], ...], ...}

    def zscale_view_test_case_in_issue_view(webdriver, datasets):
        page = BasePage(webdriver)
>       issue_key = datasets['custom_issue_key']
    
        @print_timing("zephyr_scale_view_test_case_in_issue_view")
E       KeyError: 'custom_issue_key'

extension/jira/extension_ui.py:47: KeyError
04-27-2022, 11:36:28, 1651059388274, Action: test_1_selenium_zscale_view_test_cycle_in_issue_view, Error: jira_webdriver = <selenium.webdriver.chrome.webdriver.WebDriver (session="cd23560879c09253cda3102213f36dda")>
jira_datasets = {'custom_issues': [], 'issue_id': '206086', 'issue_key': 'AAFAIA-578', 'issues': [['AABIS-1', '914565', 'AABIS'], ['AA...', 'AABIS'], ['AABIS-4', '914568', 'AABIS'], ['AABIS-5', '914569', 'AABIS'], ['AABIS-6', '914570', 'AABIS'], ...], ...}
jira_screen_shots = None

    def test_1_selenium_zscale_view_test_cycle_in_issue_view(jira_webdriver, jira_datasets, jira_screen_shots):
>       extension_ui.zscale_view_test_cycle_in_issue_view(jira_webdriver, jira_datasets)

selenium_ui/jira_ui.py:70: 
_ _ _ _ _ _ _ _ _ _ _ _ _ _ _ _ _ _ _ _ _ _ _ _ _ _ _ _ _ _ _ _ _ _ _ _ _ _ _ _ 

webdriver = <selenium.webdriver.chrome.webdriver.WebDriver (session="cd23560879c09253cda3102213f36dda")>
datasets = {'custom_issues': [], 'issue_id': '206086', 'issue_key': 'AAFAIA-578', 'issues': [['AABIS-1', '914565', 'AABIS'], ['AA...', 'AABIS'], ['AABIS-4', '914568', 'AABIS'], ['AABIS-5', '914569', 'AABIS'], ['AABIS-6', '914570', 'AABIS'], ...], ...}

    def zscale_view_test_cycle_in_issue_view(webdriver, datasets):
        page = BasePage(webdriver)
>       issue_key = datasets['custom_issue_key']
    
        @print_timing("zephyr_scale_view_test_cycle_in_issue_view")
E       KeyError: 'custom_issue_key'

extension/jira/extension_ui.py:58: KeyError
04-27-2022, 11:36:28, 1651059388806, Action: test_1_selenium_zscale_view_test_plan_in_issue_view, Error: jira_webdriver = <selenium.webdriver.chrome.webdriver.WebDriver (session="cd23560879c09253cda3102213f36dda")>
jira_datasets = {'custom_issues': [], 'issue_id': '206086', 'issue_key': 'AAFAIA-578', 'issues': [['AABIS-1', '914565', 'AABIS'], ['AA...', 'AABIS'], ['AABIS-4', '914568', 'AABIS'], ['AABIS-5', '914569', 'AABIS'], ['AABIS-6', '914570', 'AABIS'], ...], ...}
jira_screen_shots = None

    def test_1_selenium_zscale_view_test_plan_in_issue_view(jira_webdriver, jira_datasets, jira_screen_shots):
>       extension_ui.zscale_view_test_plan_in_issue_view(jira_webdriver, jira_datasets)

selenium_ui/jira_ui.py:73: 
_ _ _ _ _ _ _ _ _ _ _ _ _ _ _ _ _ _ _ _ _ _ _ _ _ _ _ _ _ _ _ _ _ _ _ _ _ _ _ _ 

webdriver = <selenium.webdriver.chrome.webdriver.WebDriver (session="cd23560879c09253cda3102213f36dda")>
datasets = {'custom_issues': [], 'issue_id': '206086', 'issue_key': 'AAFAIA-578', 'issues': [['AABIS-1', '914565', 'AABIS'], ['AA...', 'AABIS'], ['AABIS-4', '914568', 'AABIS'], ['AABIS-5', '914569', 'AABIS'], ['AABIS-6', '914570', 'AABIS'], ...], ...}

    def zscale_view_test_plan_in_issue_view(webdriver, datasets):
        page = BasePage(webdriver)
>       issue_key = datasets['custom_issue_key']
    
        @print_timing("zephyr_scale_view_test_plan_in_issue_view")
E       KeyError: 'custom_issue_key'

extension/jira/extension_ui.py:69: KeyError
04-27-2022, 11:36:44, 1651059404338, Action: test_1_selenium_zscale_view_test_case_in_issue_view, Error: jira_webdriver = <selenium.webdriver.chrome.webdriver.WebDriver (session="cd23560879c09253cda3102213f36dda")>
jira_datasets = {'custom_issues': [], 'issue_id': '209053', 'issue_key': 'AAFAIA-3545', 'issues': [['AABIS-1', '914565', 'AABIS'], ['A...', 'AABIS'], ['AABIS-4', '914568', 'AABIS'], ['AABIS-5', '914569', 'AABIS'], ['AABIS-6', '914570', 'AABIS'], ...], ...}
jira_screen_shots = None

    def test_1_selenium_zscale_view_test_case_in_issue_view(jira_webdriver, jira_datasets, jira_screen_shots):
>       extension_ui.zscale_view_test_case_in_issue_view(jira_webdriver, jira_datasets)

selenium_ui/jira_ui.py:67: 
_ _ _ _ _ _ _ _ _ _ _ _ _ _ _ _ _ _ _ _ _ _ _ _ _ _ _ _ _ _ _ _ _ _ _ _ _ _ _ _ 

webdriver = <selenium.webdriver.chrome.webdriver.WebDriver (session="cd23560879c09253cda3102213f36dda")>
datasets = {'custom_issues': [], 'issue_id': '209053', 'issue_key': 'AAFAIA-3545', 'issues': [['AABIS-1', '914565', 'AABIS'], ['A...', 'AABIS'], ['AABIS-4', '914568', 'AABIS'], ['AABIS-5', '914569', 'AABIS'], ['AABIS-6', '914570', 'AABIS'], ...], ...}

    def zscale_view_test_case_in_issue_view(webdriver, datasets):
        page = BasePage(webdriver)
>       issue_key = datasets['custom_issue_key']
    
        @print_timing("zephyr_scale_view_test_case_in_issue_view")
E       KeyError: 'custom_issue_key'

extension/jira/extension_ui.py:47: KeyError
04-27-2022, 11:36:44, 1651059404837, Action: test_1_selenium_zscale_view_test_cycle_in_issue_view, Error: jira_webdriver = <selenium.webdriver.chrome.webdriver.WebDriver (session="cd23560879c09253cda3102213f36dda")>
jira_datasets = {'custom_issues': [], 'issue_id': '209053', 'issue_key': 'AAFAIA-3545', 'issues': [['AABIS-1', '914565', 'AABIS'], ['A...', 'AABIS'], ['AABIS-4', '914568', 'AABIS'], ['AABIS-5', '914569', 'AABIS'], ['AABIS-6', '914570', 'AABIS'], ...], ...}
jira_screen_shots = None

    def test_1_selenium_zscale_view_test_cycle_in_issue_view(jira_webdriver, jira_datasets, jira_screen_shots):
>       extension_ui.zscale_view_test_cycle_in_issue_view(jira_webdriver, jira_datasets)

selenium_ui/jira_ui.py:70: 
_ _ _ _ _ _ _ _ _ _ _ _ _ _ _ _ _ _ _ _ _ _ _ _ _ _ _ _ _ _ _ _ _ _ _ _ _ _ _ _ 

webdriver = <selenium.webdriver.chrome.webdriver.WebDriver (session="cd23560879c09253cda3102213f36dda")>
datasets = {'custom_issues': [], 'issue_id': '209053', 'issue_key': 'AAFAIA-3545', 'issues': [['AABIS-1', '914565', 'AABIS'], ['A...', 'AABIS'], ['AABIS-4', '914568', 'AABIS'], ['AABIS-5', '914569', 'AABIS'], ['AABIS-6', '914570', 'AABIS'], ...], ...}

    def zscale_view_test_cycle_in_issue_view(webdriver, datasets):
        page = BasePage(webdriver)
>       issue_key = datasets['custom_issue_key']
    
        @print_timing("zephyr_scale_view_test_cycle_in_issue_view")
E       KeyError: 'custom_issue_key'

extension/jira/extension_ui.py:58: KeyError
04-27-2022, 11:36:45, 1651059405422, Action: test_1_selenium_zscale_view_test_plan_in_issue_view, Error: jira_webdriver = <selenium.webdriver.chrome.webdriver.WebDriver (session="cd23560879c09253cda3102213f36dda")>
jira_datasets = {'custom_issues': [], 'issue_id': '209053', 'issue_key': 'AAFAIA-3545', 'issues': [['AABIS-1', '914565', 'AABIS'], ['A...', 'AABIS'], ['AABIS-4', '914568', 'AABIS'], ['AABIS-5', '914569', 'AABIS'], ['AABIS-6', '914570', 'AABIS'], ...], ...}
jira_screen_shots = None

    def test_1_selenium_zscale_view_test_plan_in_issue_view(jira_webdriver, jira_datasets, jira_screen_shots):
>       extension_ui.zscale_view_test_plan_in_issue_view(jira_webdriver, jira_datasets)

selenium_ui/jira_ui.py:73: 
_ _ _ _ _ _ _ _ _ _ _ _ _ _ _ _ _ _ _ _ _ _ _ _ _ _ _ _ _ _ _ _ _ _ _ _ _ _ _ _ 

webdriver = <selenium.webdriver.chrome.webdriver.WebDriver (session="cd23560879c09253cda3102213f36dda")>
datasets = {'custom_issues': [], 'issue_id': '209053', 'issue_key': 'AAFAIA-3545', 'issues': [['AABIS-1', '914565', 'AABIS'], ['A...', 'AABIS'], ['AABIS-4', '914568', 'AABIS'], ['AABIS-5', '914569', 'AABIS'], ['AABIS-6', '914570', 'AABIS'], ...], ...}

    def zscale_view_test_plan_in_issue_view(webdriver, datasets):
        page = BasePage(webdriver)
>       issue_key = datasets['custom_issue_key']
    
        @print_timing("zephyr_scale_view_test_plan_in_issue_view")
E       KeyError: 'custom_issue_key'

extension/jira/extension_ui.py:69: KeyError
04-27-2022, 11:37:00, 1651059420620, Action: test_1_selenium_zscale_view_test_case_in_issue_view, Error: jira_webdriver = <selenium.webdriver.chrome.webdriver.WebDriver (session="cd23560879c09253cda3102213f36dda")>
jira_datasets = {'custom_issues': [], 'issue_id': '210360', 'issue_key': 'AAFAIA-4852', 'issues': [['AABIS-1', '914565', 'AABIS'], ['A...', 'AABIS'], ['AABIS-4', '914568', 'AABIS'], ['AABIS-5', '914569', 'AABIS'], ['AABIS-6', '914570', 'AABIS'], ...], ...}
jira_screen_shots = None

    def test_1_selenium_zscale_view_test_case_in_issue_view(jira_webdriver, jira_datasets, jira_screen_shots):
>       extension_ui.zscale_view_test_case_in_issue_view(jira_webdriver, jira_datasets)

selenium_ui/jira_ui.py:67: 
_ _ _ _ _ _ _ _ _ _ _ _ _ _ _ _ _ _ _ _ _ _ _ _ _ _ _ _ _ _ _ _ _ _ _ _ _ _ _ _ 

webdriver = <selenium.webdriver.chrome.webdriver.WebDriver (session="cd23560879c09253cda3102213f36dda")>
datasets = {'custom_issues': [], 'issue_id': '210360', 'issue_key': 'AAFAIA-4852', 'issues': [['AABIS-1', '914565', 'AABIS'], ['A...', 'AABIS'], ['AABIS-4', '914568', 'AABIS'], ['AABIS-5', '914569', 'AABIS'], ['AABIS-6', '914570', 'AABIS'], ...], ...}

    def zscale_view_test_case_in_issue_view(webdriver, datasets):
        page = BasePage(webdriver)
>       issue_key = datasets['custom_issue_key']
    
        @print_timing("zephyr_scale_view_test_case_in_issue_view")
E       KeyError: 'custom_issue_key'

extension/jira/extension_ui.py:47: KeyError
04-27-2022, 11:37:01, 1651059421130, Action: test_1_selenium_zscale_view_test_cycle_in_issue_view, Error: jira_webdriver = <selenium.webdriver.chrome.webdriver.WebDriver (session="cd23560879c09253cda3102213f36dda")>
jira_datasets = {'custom_issues': [], 'issue_id': '210360', 'issue_key': 'AAFAIA-4852', 'issues': [['AABIS-1', '914565', 'AABIS'], ['A...', 'AABIS'], ['AABIS-4', '914568', 'AABIS'], ['AABIS-5', '914569', 'AABIS'], ['AABIS-6', '914570', 'AABIS'], ...], ...}
jira_screen_shots = None

    def test_1_selenium_zscale_view_test_cycle_in_issue_view(jira_webdriver, jira_datasets, jira_screen_shots):
>       extension_ui.zscale_view_test_cycle_in_issue_view(jira_webdriver, jira_datasets)

selenium_ui/jira_ui.py:70: 
_ _ _ _ _ _ _ _ _ _ _ _ _ _ _ _ _ _ _ _ _ _ _ _ _ _ _ _ _ _ _ _ _ _ _ _ _ _ _ _ 

webdriver = <selenium.webdriver.chrome.webdriver.WebDriver (session="cd23560879c09253cda3102213f36dda")>
datasets = {'custom_issues': [], 'issue_id': '210360', 'issue_key': 'AAFAIA-4852', 'issues': [['AABIS-1', '914565', 'AABIS'], ['A...', 'AABIS'], ['AABIS-4', '914568', 'AABIS'], ['AABIS-5', '914569', 'AABIS'], ['AABIS-6', '914570', 'AABIS'], ...], ...}

    def zscale_view_test_cycle_in_issue_view(webdriver, datasets):
        page = BasePage(webdriver)
>       issue_key = datasets['custom_issue_key']
    
        @print_timing("zephyr_scale_view_test_cycle_in_issue_view")
E       KeyError: 'custom_issue_key'

extension/jira/extension_ui.py:58: KeyError
04-27-2022, 11:37:01, 1651059421733, Action: test_1_selenium_zscale_view_test_plan_in_issue_view, Error: jira_webdriver = <selenium.webdriver.chrome.webdriver.WebDriver (session="cd23560879c09253cda3102213f36dda")>
jira_datasets = {'custom_issues': [], 'issue_id': '210360', 'issue_key': 'AAFAIA-4852', 'issues': [['AABIS-1', '914565', 'AABIS'], ['A...', 'AABIS'], ['AABIS-4', '914568', 'AABIS'], ['AABIS-5', '914569', 'AABIS'], ['AABIS-6', '914570', 'AABIS'], ...], ...}
jira_screen_shots = None

    def test_1_selenium_zscale_view_test_plan_in_issue_view(jira_webdriver, jira_datasets, jira_screen_shots):
>       extension_ui.zscale_view_test_plan_in_issue_view(jira_webdriver, jira_datasets)

selenium_ui/jira_ui.py:73: 
_ _ _ _ _ _ _ _ _ _ _ _ _ _ _ _ _ _ _ _ _ _ _ _ _ _ _ _ _ _ _ _ _ _ _ _ _ _ _ _ 

webdriver = <selenium.webdriver.chrome.webdriver.WebDriver (session="cd23560879c09253cda3102213f36dda")>
datasets = {'custom_issues': [], 'issue_id': '210360', 'issue_key': 'AAFAIA-4852', 'issues': [['AABIS-1', '914565', 'AABIS'], ['A...', 'AABIS'], ['AABIS-4', '914568', 'AABIS'], ['AABIS-5', '914569', 'AABIS'], ['AABIS-6', '914570', 'AABIS'], ...], ...}

    def zscale_view_test_plan_in_issue_view(webdriver, datasets):
        page = BasePage(webdriver)
>       issue_key = datasets['custom_issue_key']
    
        @print_timing("zephyr_scale_view_test_plan_in_issue_view")
E       KeyError: 'custom_issue_key'

extension/jira/extension_ui.py:69: KeyError
04-27-2022, 11:37:17, 1651059437563, Action: test_1_selenium_zscale_view_test_case_in_issue_view, Error: jira_webdriver = <selenium.webdriver.chrome.webdriver.WebDriver (session="cd23560879c09253cda3102213f36dda")>
jira_datasets = {'custom_issues': [], 'issue_id': '208075', 'issue_key': 'AAFAIA-2567', 'issues': [['AABIS-1', '914565', 'AABIS'], ['A...', 'AABIS'], ['AABIS-4', '914568', 'AABIS'], ['AABIS-5', '914569', 'AABIS'], ['AABIS-6', '914570', 'AABIS'], ...], ...}
jira_screen_shots = None

    def test_1_selenium_zscale_view_test_case_in_issue_view(jira_webdriver, jira_datasets, jira_screen_shots):
>       extension_ui.zscale_view_test_case_in_issue_view(jira_webdriver, jira_datasets)

selenium_ui/jira_ui.py:67: 
_ _ _ _ _ _ _ _ _ _ _ _ _ _ _ _ _ _ _ _ _ _ _ _ _ _ _ _ _ _ _ _ _ _ _ _ _ _ _ _ 

webdriver = <selenium.webdriver.chrome.webdriver.WebDriver (session="cd23560879c09253cda3102213f36dda")>
datasets = {'custom_issues': [], 'issue_id': '208075', 'issue_key': 'AAFAIA-2567', 'issues': [['AABIS-1', '914565', 'AABIS'], ['A...', 'AABIS'], ['AABIS-4', '914568', 'AABIS'], ['AABIS-5', '914569', 'AABIS'], ['AABIS-6', '914570', 'AABIS'], ...], ...}

    def zscale_view_test_case_in_issue_view(webdriver, datasets):
        page = BasePage(webdriver)
>       issue_key = datasets['custom_issue_key']
    
        @print_timing("zephyr_scale_view_test_case_in_issue_view")
E       KeyError: 'custom_issue_key'

extension/jira/extension_ui.py:47: KeyError
04-27-2022, 11:37:18, 1651059438138, Action: test_1_selenium_zscale_view_test_cycle_in_issue_view, Error: jira_webdriver = <selenium.webdriver.chrome.webdriver.WebDriver (session="cd23560879c09253cda3102213f36dda")>
jira_datasets = {'custom_issues': [], 'issue_id': '208075', 'issue_key': 'AAFAIA-2567', 'issues': [['AABIS-1', '914565', 'AABIS'], ['A...', 'AABIS'], ['AABIS-4', '914568', 'AABIS'], ['AABIS-5', '914569', 'AABIS'], ['AABIS-6', '914570', 'AABIS'], ...], ...}
jira_screen_shots = None

    def test_1_selenium_zscale_view_test_cycle_in_issue_view(jira_webdriver, jira_datasets, jira_screen_shots):
>       extension_ui.zscale_view_test_cycle_in_issue_view(jira_webdriver, jira_datasets)

selenium_ui/jira_ui.py:70: 
_ _ _ _ _ _ _ _ _ _ _ _ _ _ _ _ _ _ _ _ _ _ _ _ _ _ _ _ _ _ _ _ _ _ _ _ _ _ _ _ 

webdriver = <selenium.webdriver.chrome.webdriver.WebDriver (session="cd23560879c09253cda3102213f36dda")>
datasets = {'custom_issues': [], 'issue_id': '208075', 'issue_key': 'AAFAIA-2567', 'issues': [['AABIS-1', '914565', 'AABIS'], ['A...', 'AABIS'], ['AABIS-4', '914568', 'AABIS'], ['AABIS-5', '914569', 'AABIS'], ['AABIS-6', '914570', 'AABIS'], ...], ...}

    def zscale_view_test_cycle_in_issue_view(webdriver, datasets):
        page = BasePage(webdriver)
>       issue_key = datasets['custom_issue_key']
    
        @print_timing("zephyr_scale_view_test_cycle_in_issue_view")
E       KeyError: 'custom_issue_key'

extension/jira/extension_ui.py:58: KeyError
04-27-2022, 11:37:18, 1651059438684, Action: test_1_selenium_zscale_view_test_plan_in_issue_view, Error: jira_webdriver = <selenium.webdriver.chrome.webdriver.WebDriver (session="cd23560879c09253cda3102213f36dda")>
jira_datasets = {'custom_issues': [], 'issue_id': '208075', 'issue_key': 'AAFAIA-2567', 'issues': [['AABIS-1', '914565', 'AABIS'], ['A...', 'AABIS'], ['AABIS-4', '914568', 'AABIS'], ['AABIS-5', '914569', 'AABIS'], ['AABIS-6', '914570', 'AABIS'], ...], ...}
jira_screen_shots = None

    def test_1_selenium_zscale_view_test_plan_in_issue_view(jira_webdriver, jira_datasets, jira_screen_shots):
>       extension_ui.zscale_view_test_plan_in_issue_view(jira_webdriver, jira_datasets)

selenium_ui/jira_ui.py:73: 
_ _ _ _ _ _ _ _ _ _ _ _ _ _ _ _ _ _ _ _ _ _ _ _ _ _ _ _ _ _ _ _ _ _ _ _ _ _ _ _ 

webdriver = <selenium.webdriver.chrome.webdriver.WebDriver (session="cd23560879c09253cda3102213f36dda")>
datasets = {'custom_issues': [], 'issue_id': '208075', 'issue_key': 'AAFAIA-2567', 'issues': [['AABIS-1', '914565', 'AABIS'], ['A...', 'AABIS'], ['AABIS-4', '914568', 'AABIS'], ['AABIS-5', '914569', 'AABIS'], ['AABIS-6', '914570', 'AABIS'], ...], ...}

    def zscale_view_test_plan_in_issue_view(webdriver, datasets):
        page = BasePage(webdriver)
>       issue_key = datasets['custom_issue_key']
    
        @print_timing("zephyr_scale_view_test_plan_in_issue_view")
E       KeyError: 'custom_issue_key'

extension/jira/extension_ui.py:69: KeyError
04-27-2022, 11:37:34, 1651059454666, Action: test_1_selenium_zscale_view_test_case_in_issue_view, Error: jira_webdriver = <selenium.webdriver.chrome.webdriver.WebDriver (session="cd23560879c09253cda3102213f36dda")>
jira_datasets = {'custom_issues': [], 'issue_id': '206030', 'issue_key': 'AAFAIA-522', 'issues': [['AABIS-1', '914565', 'AABIS'], ['AA...', 'AABIS'], ['AABIS-4', '914568', 'AABIS'], ['AABIS-5', '914569', 'AABIS'], ['AABIS-6', '914570', 'AABIS'], ...], ...}
jira_screen_shots = None

    def test_1_selenium_zscale_view_test_case_in_issue_view(jira_webdriver, jira_datasets, jira_screen_shots):
>       extension_ui.zscale_view_test_case_in_issue_view(jira_webdriver, jira_datasets)

selenium_ui/jira_ui.py:67: 
_ _ _ _ _ _ _ _ _ _ _ _ _ _ _ _ _ _ _ _ _ _ _ _ _ _ _ _ _ _ _ _ _ _ _ _ _ _ _ _ 

webdriver = <selenium.webdriver.chrome.webdriver.WebDriver (session="cd23560879c09253cda3102213f36dda")>
datasets = {'custom_issues': [], 'issue_id': '206030', 'issue_key': 'AAFAIA-522', 'issues': [['AABIS-1', '914565', 'AABIS'], ['AA...', 'AABIS'], ['AABIS-4', '914568', 'AABIS'], ['AABIS-5', '914569', 'AABIS'], ['AABIS-6', '914570', 'AABIS'], ...], ...}

    def zscale_view_test_case_in_issue_view(webdriver, datasets):
        page = BasePage(webdriver)
>       issue_key = datasets['custom_issue_key']
    
        @print_timing("zephyr_scale_view_test_case_in_issue_view")
E       KeyError: 'custom_issue_key'

extension/jira/extension_ui.py:47: KeyError
04-27-2022, 11:37:35, 1651059455173, Action: test_1_selenium_zscale_view_test_cycle_in_issue_view, Error: jira_webdriver = <selenium.webdriver.chrome.webdriver.WebDriver (session="cd23560879c09253cda3102213f36dda")>
jira_datasets = {'custom_issues': [], 'issue_id': '206030', 'issue_key': 'AAFAIA-522', 'issues': [['AABIS-1', '914565', 'AABIS'], ['AA...', 'AABIS'], ['AABIS-4', '914568', 'AABIS'], ['AABIS-5', '914569', 'AABIS'], ['AABIS-6', '914570', 'AABIS'], ...], ...}
jira_screen_shots = None

    def test_1_selenium_zscale_view_test_cycle_in_issue_view(jira_webdriver, jira_datasets, jira_screen_shots):
>       extension_ui.zscale_view_test_cycle_in_issue_view(jira_webdriver, jira_datasets)

selenium_ui/jira_ui.py:70: 
_ _ _ _ _ _ _ _ _ _ _ _ _ _ _ _ _ _ _ _ _ _ _ _ _ _ _ _ _ _ _ _ _ _ _ _ _ _ _ _ 

webdriver = <selenium.webdriver.chrome.webdriver.WebDriver (session="cd23560879c09253cda3102213f36dda")>
datasets = {'custom_issues': [], 'issue_id': '206030', 'issue_key': 'AAFAIA-522', 'issues': [['AABIS-1', '914565', 'AABIS'], ['AA...', 'AABIS'], ['AABIS-4', '914568', 'AABIS'], ['AABIS-5', '914569', 'AABIS'], ['AABIS-6', '914570', 'AABIS'], ...], ...}

    def zscale_view_test_cycle_in_issue_view(webdriver, datasets):
        page = BasePage(webdriver)
>       issue_key = datasets['custom_issue_key']
    
        @print_timing("zephyr_scale_view_test_cycle_in_issue_view")
E       KeyError: 'custom_issue_key'

extension/jira/extension_ui.py:58: KeyError
04-27-2022, 11:37:35, 1651059455716, Action: test_1_selenium_zscale_view_test_plan_in_issue_view, Error: jira_webdriver = <selenium.webdriver.chrome.webdriver.WebDriver (session="cd23560879c09253cda3102213f36dda")>
jira_datasets = {'custom_issues': [], 'issue_id': '206030', 'issue_key': 'AAFAIA-522', 'issues': [['AABIS-1', '914565', 'AABIS'], ['AA...', 'AABIS'], ['AABIS-4', '914568', 'AABIS'], ['AABIS-5', '914569', 'AABIS'], ['AABIS-6', '914570', 'AABIS'], ...], ...}
jira_screen_shots = None

    def test_1_selenium_zscale_view_test_plan_in_issue_view(jira_webdriver, jira_datasets, jira_screen_shots):
>       extension_ui.zscale_view_test_plan_in_issue_view(jira_webdriver, jira_datasets)

selenium_ui/jira_ui.py:73: 
_ _ _ _ _ _ _ _ _ _ _ _ _ _ _ _ _ _ _ _ _ _ _ _ _ _ _ _ _ _ _ _ _ _ _ _ _ _ _ _ 

webdriver = <selenium.webdriver.chrome.webdriver.WebDriver (session="cd23560879c09253cda3102213f36dda")>
datasets = {'custom_issues': [], 'issue_id': '206030', 'issue_key': 'AAFAIA-522', 'issues': [['AABIS-1', '914565', 'AABIS'], ['AA...', 'AABIS'], ['AABIS-4', '914568', 'AABIS'], ['AABIS-5', '914569', 'AABIS'], ['AABIS-6', '914570', 'AABIS'], ...], ...}

    def zscale_view_test_plan_in_issue_view(webdriver, datasets):
        page = BasePage(webdriver)
>       issue_key = datasets['custom_issue_key']
    
        @print_timing("zephyr_scale_view_test_plan_in_issue_view")
E       KeyError: 'custom_issue_key'

extension/jira/extension_ui.py:69: KeyError
04-27-2022, 11:37:50, 1651059470601, Action: test_1_selenium_zscale_view_test_case_in_issue_view, Error: jira_webdriver = <selenium.webdriver.chrome.webdriver.WebDriver (session="cd23560879c09253cda3102213f36dda")>
jira_datasets = {'custom_issues': [], 'issue_id': '2043250', 'issue_key': 'AABIS-1629', 'issues': [['AABIS-1', '914565', 'AABIS'], ['A...', 'AABIS'], ['AABIS-4', '914568', 'AABIS'], ['AABIS-5', '914569', 'AABIS'], ['AABIS-6', '914570', 'AABIS'], ...], ...}
jira_screen_shots = None

    def test_1_selenium_zscale_view_test_case_in_issue_view(jira_webdriver, jira_datasets, jira_screen_shots):
>       extension_ui.zscale_view_test_case_in_issue_view(jira_webdriver, jira_datasets)

selenium_ui/jira_ui.py:67: 
_ _ _ _ _ _ _ _ _ _ _ _ _ _ _ _ _ _ _ _ _ _ _ _ _ _ _ _ _ _ _ _ _ _ _ _ _ _ _ _ 

webdriver = <selenium.webdriver.chrome.webdriver.WebDriver (session="cd23560879c09253cda3102213f36dda")>
datasets = {'custom_issues': [], 'issue_id': '2043250', 'issue_key': 'AABIS-1629', 'issues': [['AABIS-1', '914565', 'AABIS'], ['A...', 'AABIS'], ['AABIS-4', '914568', 'AABIS'], ['AABIS-5', '914569', 'AABIS'], ['AABIS-6', '914570', 'AABIS'], ...], ...}

    def zscale_view_test_case_in_issue_view(webdriver, datasets):
        page = BasePage(webdriver)
>       issue_key = datasets['custom_issue_key']
    
        @print_timing("zephyr_scale_view_test_case_in_issue_view")
E       KeyError: 'custom_issue_key'

extension/jira/extension_ui.py:47: KeyError
04-27-2022, 11:37:51, 1651059471105, Action: test_1_selenium_zscale_view_test_cycle_in_issue_view, Error: jira_webdriver = <selenium.webdriver.chrome.webdriver.WebDriver (session="cd23560879c09253cda3102213f36dda")>
jira_datasets = {'custom_issues': [], 'issue_id': '2043250', 'issue_key': 'AABIS-1629', 'issues': [['AABIS-1', '914565', 'AABIS'], ['A...', 'AABIS'], ['AABIS-4', '914568', 'AABIS'], ['AABIS-5', '914569', 'AABIS'], ['AABIS-6', '914570', 'AABIS'], ...], ...}
jira_screen_shots = None

    def test_1_selenium_zscale_view_test_cycle_in_issue_view(jira_webdriver, jira_datasets, jira_screen_shots):
>       extension_ui.zscale_view_test_cycle_in_issue_view(jira_webdriver, jira_datasets)

selenium_ui/jira_ui.py:70: 
_ _ _ _ _ _ _ _ _ _ _ _ _ _ _ _ _ _ _ _ _ _ _ _ _ _ _ _ _ _ _ _ _ _ _ _ _ _ _ _ 

webdriver = <selenium.webdriver.chrome.webdriver.WebDriver (session="cd23560879c09253cda3102213f36dda")>
datasets = {'custom_issues': [], 'issue_id': '2043250', 'issue_key': 'AABIS-1629', 'issues': [['AABIS-1', '914565', 'AABIS'], ['A...', 'AABIS'], ['AABIS-4', '914568', 'AABIS'], ['AABIS-5', '914569', 'AABIS'], ['AABIS-6', '914570', 'AABIS'], ...], ...}

    def zscale_view_test_cycle_in_issue_view(webdriver, datasets):
        page = BasePage(webdriver)
>       issue_key = datasets['custom_issue_key']
    
        @print_timing("zephyr_scale_view_test_cycle_in_issue_view")
E       KeyError: 'custom_issue_key'

extension/jira/extension_ui.py:58: KeyError
04-27-2022, 11:37:51, 1651059471721, Action: test_1_selenium_zscale_view_test_plan_in_issue_view, Error: jira_webdriver = <selenium.webdriver.chrome.webdriver.WebDriver (session="cd23560879c09253cda3102213f36dda")>
jira_datasets = {'custom_issues': [], 'issue_id': '2043250', 'issue_key': 'AABIS-1629', 'issues': [['AABIS-1', '914565', 'AABIS'], ['A...', 'AABIS'], ['AABIS-4', '914568', 'AABIS'], ['AABIS-5', '914569', 'AABIS'], ['AABIS-6', '914570', 'AABIS'], ...], ...}
jira_screen_shots = None

    def test_1_selenium_zscale_view_test_plan_in_issue_view(jira_webdriver, jira_datasets, jira_screen_shots):
>       extension_ui.zscale_view_test_plan_in_issue_view(jira_webdriver, jira_datasets)

selenium_ui/jira_ui.py:73: 
_ _ _ _ _ _ _ _ _ _ _ _ _ _ _ _ _ _ _ _ _ _ _ _ _ _ _ _ _ _ _ _ _ _ _ _ _ _ _ _ 

webdriver = <selenium.webdriver.chrome.webdriver.WebDriver (session="cd23560879c09253cda3102213f36dda")>
datasets = {'custom_issues': [], 'issue_id': '2043250', 'issue_key': 'AABIS-1629', 'issues': [['AABIS-1', '914565', 'AABIS'], ['A...', 'AABIS'], ['AABIS-4', '914568', 'AABIS'], ['AABIS-5', '914569', 'AABIS'], ['AABIS-6', '914570', 'AABIS'], ...], ...}

    def zscale_view_test_plan_in_issue_view(webdriver, datasets):
        page = BasePage(webdriver)
>       issue_key = datasets['custom_issue_key']
    
        @print_timing("zephyr_scale_view_test_plan_in_issue_view")
E       KeyError: 'custom_issue_key'

extension/jira/extension_ui.py:69: KeyError
04-27-2022, 11:38:07, 1651059487571, Action: test_1_selenium_zscale_view_test_case_in_issue_view, Error: jira_webdriver = <selenium.webdriver.chrome.webdriver.WebDriver (session="cd23560879c09253cda3102213f36dda")>
jira_datasets = {'custom_issues': [], 'issue_id': '210368', 'issue_key': 'AAFAIA-4860', 'issues': [['AABIS-1', '914565', 'AABIS'], ['A...', 'AABIS'], ['AABIS-4', '914568', 'AABIS'], ['AABIS-5', '914569', 'AABIS'], ['AABIS-6', '914570', 'AABIS'], ...], ...}
jira_screen_shots = None

    def test_1_selenium_zscale_view_test_case_in_issue_view(jira_webdriver, jira_datasets, jira_screen_shots):
>       extension_ui.zscale_view_test_case_in_issue_view(jira_webdriver, jira_datasets)

selenium_ui/jira_ui.py:67: 
_ _ _ _ _ _ _ _ _ _ _ _ _ _ _ _ _ _ _ _ _ _ _ _ _ _ _ _ _ _ _ _ _ _ _ _ _ _ _ _ 

webdriver = <selenium.webdriver.chrome.webdriver.WebDriver (session="cd23560879c09253cda3102213f36dda")>
datasets = {'custom_issues': [], 'issue_id': '210368', 'issue_key': 'AAFAIA-4860', 'issues': [['AABIS-1', '914565', 'AABIS'], ['A...', 'AABIS'], ['AABIS-4', '914568', 'AABIS'], ['AABIS-5', '914569', 'AABIS'], ['AABIS-6', '914570', 'AABIS'], ...], ...}

    def zscale_view_test_case_in_issue_view(webdriver, datasets):
        page = BasePage(webdriver)
>       issue_key = datasets['custom_issue_key']
    
        @print_timing("zephyr_scale_view_test_case_in_issue_view")
E       KeyError: 'custom_issue_key'

extension/jira/extension_ui.py:47: KeyError
04-27-2022, 11:38:08, 1651059488036, Action: test_1_selenium_zscale_view_test_cycle_in_issue_view, Error: jira_webdriver = <selenium.webdriver.chrome.webdriver.WebDriver (session="cd23560879c09253cda3102213f36dda")>
jira_datasets = {'custom_issues': [], 'issue_id': '210368', 'issue_key': 'AAFAIA-4860', 'issues': [['AABIS-1', '914565', 'AABIS'], ['A...', 'AABIS'], ['AABIS-4', '914568', 'AABIS'], ['AABIS-5', '914569', 'AABIS'], ['AABIS-6', '914570', 'AABIS'], ...], ...}
jira_screen_shots = None

    def test_1_selenium_zscale_view_test_cycle_in_issue_view(jira_webdriver, jira_datasets, jira_screen_shots):
>       extension_ui.zscale_view_test_cycle_in_issue_view(jira_webdriver, jira_datasets)

selenium_ui/jira_ui.py:70: 
_ _ _ _ _ _ _ _ _ _ _ _ _ _ _ _ _ _ _ _ _ _ _ _ _ _ _ _ _ _ _ _ _ _ _ _ _ _ _ _ 

webdriver = <selenium.webdriver.chrome.webdriver.WebDriver (session="cd23560879c09253cda3102213f36dda")>
datasets = {'custom_issues': [], 'issue_id': '210368', 'issue_key': 'AAFAIA-4860', 'issues': [['AABIS-1', '914565', 'AABIS'], ['A...', 'AABIS'], ['AABIS-4', '914568', 'AABIS'], ['AABIS-5', '914569', 'AABIS'], ['AABIS-6', '914570', 'AABIS'], ...], ...}

    def zscale_view_test_cycle_in_issue_view(webdriver, datasets):
        page = BasePage(webdriver)
>       issue_key = datasets['custom_issue_key']
    
        @print_timing("zephyr_scale_view_test_cycle_in_issue_view")
E       KeyError: 'custom_issue_key'

extension/jira/extension_ui.py:58: KeyError
04-27-2022, 11:38:08, 1651059488613, Action: test_1_selenium_zscale_view_test_plan_in_issue_view, Error: jira_webdriver = <selenium.webdriver.chrome.webdriver.WebDriver (session="cd23560879c09253cda3102213f36dda")>
jira_datasets = {'custom_issues': [], 'issue_id': '210368', 'issue_key': 'AAFAIA-4860', 'issues': [['AABIS-1', '914565', 'AABIS'], ['A...', 'AABIS'], ['AABIS-4', '914568', 'AABIS'], ['AABIS-5', '914569', 'AABIS'], ['AABIS-6', '914570', 'AABIS'], ...], ...}
jira_screen_shots = None

    def test_1_selenium_zscale_view_test_plan_in_issue_view(jira_webdriver, jira_datasets, jira_screen_shots):
>       extension_ui.zscale_view_test_plan_in_issue_view(jira_webdriver, jira_datasets)

selenium_ui/jira_ui.py:73: 
_ _ _ _ _ _ _ _ _ _ _ _ _ _ _ _ _ _ _ _ _ _ _ _ _ _ _ _ _ _ _ _ _ _ _ _ _ _ _ _ 

webdriver = <selenium.webdriver.chrome.webdriver.WebDriver (session="cd23560879c09253cda3102213f36dda")>
datasets = {'custom_issues': [], 'issue_id': '210368', 'issue_key': 'AAFAIA-4860', 'issues': [['AABIS-1', '914565', 'AABIS'], ['A...', 'AABIS'], ['AABIS-4', '914568', 'AABIS'], ['AABIS-5', '914569', 'AABIS'], ['AABIS-6', '914570', 'AABIS'], ...], ...}

    def zscale_view_test_plan_in_issue_view(webdriver, datasets):
        page = BasePage(webdriver)
>       issue_key = datasets['custom_issue_key']
    
        @print_timing("zephyr_scale_view_test_plan_in_issue_view")
E       KeyError: 'custom_issue_key'

extension/jira/extension_ui.py:69: KeyError
04-27-2022, 11:38:23, 1651059503220, Action: test_1_selenium_zscale_view_test_case_in_issue_view, Error: jira_webdriver = <selenium.webdriver.chrome.webdriver.WebDriver (session="cd23560879c09253cda3102213f36dda")>
jira_datasets = {'custom_issues': [], 'issue_id': '2032638', 'issue_key': 'AABIS-1289', 'issues': [['AABIS-1', '914565', 'AABIS'], ['A...', 'AABIS'], ['AABIS-4', '914568', 'AABIS'], ['AABIS-5', '914569', 'AABIS'], ['AABIS-6', '914570', 'AABIS'], ...], ...}
jira_screen_shots = None

    def test_1_selenium_zscale_view_test_case_in_issue_view(jira_webdriver, jira_datasets, jira_screen_shots):
>       extension_ui.zscale_view_test_case_in_issue_view(jira_webdriver, jira_datasets)

selenium_ui/jira_ui.py:67: 
_ _ _ _ _ _ _ _ _ _ _ _ _ _ _ _ _ _ _ _ _ _ _ _ _ _ _ _ _ _ _ _ _ _ _ _ _ _ _ _ 

webdriver = <selenium.webdriver.chrome.webdriver.WebDriver (session="cd23560879c09253cda3102213f36dda")>
datasets = {'custom_issues': [], 'issue_id': '2032638', 'issue_key': 'AABIS-1289', 'issues': [['AABIS-1', '914565', 'AABIS'], ['A...', 'AABIS'], ['AABIS-4', '914568', 'AABIS'], ['AABIS-5', '914569', 'AABIS'], ['AABIS-6', '914570', 'AABIS'], ...], ...}

    def zscale_view_test_case_in_issue_view(webdriver, datasets):
        page = BasePage(webdriver)
>       issue_key = datasets['custom_issue_key']
    
        @print_timing("zephyr_scale_view_test_case_in_issue_view")
E       KeyError: 'custom_issue_key'

extension/jira/extension_ui.py:47: KeyError
04-27-2022, 11:38:23, 1651059503777, Action: test_1_selenium_zscale_view_test_cycle_in_issue_view, Error: jira_webdriver = <selenium.webdriver.chrome.webdriver.WebDriver (session="cd23560879c09253cda3102213f36dda")>
jira_datasets = {'custom_issues': [], 'issue_id': '2032638', 'issue_key': 'AABIS-1289', 'issues': [['AABIS-1', '914565', 'AABIS'], ['A...', 'AABIS'], ['AABIS-4', '914568', 'AABIS'], ['AABIS-5', '914569', 'AABIS'], ['AABIS-6', '914570', 'AABIS'], ...], ...}
jira_screen_shots = None

    def test_1_selenium_zscale_view_test_cycle_in_issue_view(jira_webdriver, jira_datasets, jira_screen_shots):
>       extension_ui.zscale_view_test_cycle_in_issue_view(jira_webdriver, jira_datasets)

selenium_ui/jira_ui.py:70: 
_ _ _ _ _ _ _ _ _ _ _ _ _ _ _ _ _ _ _ _ _ _ _ _ _ _ _ _ _ _ _ _ _ _ _ _ _ _ _ _ 

webdriver = <selenium.webdriver.chrome.webdriver.WebDriver (session="cd23560879c09253cda3102213f36dda")>
datasets = {'custom_issues': [], 'issue_id': '2032638', 'issue_key': 'AABIS-1289', 'issues': [['AABIS-1', '914565', 'AABIS'], ['A...', 'AABIS'], ['AABIS-4', '914568', 'AABIS'], ['AABIS-5', '914569', 'AABIS'], ['AABIS-6', '914570', 'AABIS'], ...], ...}

    def zscale_view_test_cycle_in_issue_view(webdriver, datasets):
        page = BasePage(webdriver)
>       issue_key = datasets['custom_issue_key']
    
        @print_timing("zephyr_scale_view_test_cycle_in_issue_view")
E       KeyError: 'custom_issue_key'

extension/jira/extension_ui.py:58: KeyError
04-27-2022, 11:38:24, 1651059504312, Action: test_1_selenium_zscale_view_test_plan_in_issue_view, Error: jira_webdriver = <selenium.webdriver.chrome.webdriver.WebDriver (session="cd23560879c09253cda3102213f36dda")>
jira_datasets = {'custom_issues': [], 'issue_id': '2032638', 'issue_key': 'AABIS-1289', 'issues': [['AABIS-1', '914565', 'AABIS'], ['A...', 'AABIS'], ['AABIS-4', '914568', 'AABIS'], ['AABIS-5', '914569', 'AABIS'], ['AABIS-6', '914570', 'AABIS'], ...], ...}
jira_screen_shots = None

    def test_1_selenium_zscale_view_test_plan_in_issue_view(jira_webdriver, jira_datasets, jira_screen_shots):
>       extension_ui.zscale_view_test_plan_in_issue_view(jira_webdriver, jira_datasets)

selenium_ui/jira_ui.py:73: 
_ _ _ _ _ _ _ _ _ _ _ _ _ _ _ _ _ _ _ _ _ _ _ _ _ _ _ _ _ _ _ _ _ _ _ _ _ _ _ _ 

webdriver = <selenium.webdriver.chrome.webdriver.WebDriver (session="cd23560879c09253cda3102213f36dda")>
datasets = {'custom_issues': [], 'issue_id': '2032638', 'issue_key': 'AABIS-1289', 'issues': [['AABIS-1', '914565', 'AABIS'], ['A...', 'AABIS'], ['AABIS-4', '914568', 'AABIS'], ['AABIS-5', '914569', 'AABIS'], ['AABIS-6', '914570', 'AABIS'], ...], ...}

    def zscale_view_test_plan_in_issue_view(webdriver, datasets):
        page = BasePage(webdriver)
>       issue_key = datasets['custom_issue_key']
    
        @print_timing("zephyr_scale_view_test_plan_in_issue_view")
E       KeyError: 'custom_issue_key'

extension/jira/extension_ui.py:69: KeyError
04-27-2022, 11:38:39, 1651059519548, Action: test_1_selenium_zscale_view_test_case_in_issue_view, Error: jira_webdriver = <selenium.webdriver.chrome.webdriver.WebDriver (session="cd23560879c09253cda3102213f36dda")>
jira_datasets = {'custom_issues': [], 'issue_id': '206856', 'issue_key': 'AAFAIA-1348', 'issues': [['AABIS-1', '914565', 'AABIS'], ['A...', 'AABIS'], ['AABIS-4', '914568', 'AABIS'], ['AABIS-5', '914569', 'AABIS'], ['AABIS-6', '914570', 'AABIS'], ...], ...}
jira_screen_shots = None

    def test_1_selenium_zscale_view_test_case_in_issue_view(jira_webdriver, jira_datasets, jira_screen_shots):
>       extension_ui.zscale_view_test_case_in_issue_view(jira_webdriver, jira_datasets)

selenium_ui/jira_ui.py:67: 
_ _ _ _ _ _ _ _ _ _ _ _ _ _ _ _ _ _ _ _ _ _ _ _ _ _ _ _ _ _ _ _ _ _ _ _ _ _ _ _ 

webdriver = <selenium.webdriver.chrome.webdriver.WebDriver (session="cd23560879c09253cda3102213f36dda")>
datasets = {'custom_issues': [], 'issue_id': '206856', 'issue_key': 'AAFAIA-1348', 'issues': [['AABIS-1', '914565', 'AABIS'], ['A...', 'AABIS'], ['AABIS-4', '914568', 'AABIS'], ['AABIS-5', '914569', 'AABIS'], ['AABIS-6', '914570', 'AABIS'], ...], ...}

    def zscale_view_test_case_in_issue_view(webdriver, datasets):
        page = BasePage(webdriver)
>       issue_key = datasets['custom_issue_key']
    
        @print_timing("zephyr_scale_view_test_case_in_issue_view")
E       KeyError: 'custom_issue_key'

extension/jira/extension_ui.py:47: KeyError
04-27-2022, 11:38:40, 1651059520091, Action: test_1_selenium_zscale_view_test_cycle_in_issue_view, Error: jira_webdriver = <selenium.webdriver.chrome.webdriver.WebDriver (session="cd23560879c09253cda3102213f36dda")>
jira_datasets = {'custom_issues': [], 'issue_id': '206856', 'issue_key': 'AAFAIA-1348', 'issues': [['AABIS-1', '914565', 'AABIS'], ['A...', 'AABIS'], ['AABIS-4', '914568', 'AABIS'], ['AABIS-5', '914569', 'AABIS'], ['AABIS-6', '914570', 'AABIS'], ...], ...}
jira_screen_shots = None

    def test_1_selenium_zscale_view_test_cycle_in_issue_view(jira_webdriver, jira_datasets, jira_screen_shots):
>       extension_ui.zscale_view_test_cycle_in_issue_view(jira_webdriver, jira_datasets)

selenium_ui/jira_ui.py:70: 
_ _ _ _ _ _ _ _ _ _ _ _ _ _ _ _ _ _ _ _ _ _ _ _ _ _ _ _ _ _ _ _ _ _ _ _ _ _ _ _ 

webdriver = <selenium.webdriver.chrome.webdriver.WebDriver (session="cd23560879c09253cda3102213f36dda")>
datasets = {'custom_issues': [], 'issue_id': '206856', 'issue_key': 'AAFAIA-1348', 'issues': [['AABIS-1', '914565', 'AABIS'], ['A...', 'AABIS'], ['AABIS-4', '914568', 'AABIS'], ['AABIS-5', '914569', 'AABIS'], ['AABIS-6', '914570', 'AABIS'], ...], ...}

    def zscale_view_test_cycle_in_issue_view(webdriver, datasets):
        page = BasePage(webdriver)
>       issue_key = datasets['custom_issue_key']
    
        @print_timing("zephyr_scale_view_test_cycle_in_issue_view")
E       KeyError: 'custom_issue_key'

extension/jira/extension_ui.py:58: KeyError
04-27-2022, 11:38:40, 1651059520621, Action: test_1_selenium_zscale_view_test_plan_in_issue_view, Error: jira_webdriver = <selenium.webdriver.chrome.webdriver.WebDriver (session="cd23560879c09253cda3102213f36dda")>
jira_datasets = {'custom_issues': [], 'issue_id': '206856', 'issue_key': 'AAFAIA-1348', 'issues': [['AABIS-1', '914565', 'AABIS'], ['A...', 'AABIS'], ['AABIS-4', '914568', 'AABIS'], ['AABIS-5', '914569', 'AABIS'], ['AABIS-6', '914570', 'AABIS'], ...], ...}
jira_screen_shots = None

    def test_1_selenium_zscale_view_test_plan_in_issue_view(jira_webdriver, jira_datasets, jira_screen_shots):
>       extension_ui.zscale_view_test_plan_in_issue_view(jira_webdriver, jira_datasets)

selenium_ui/jira_ui.py:73: 
_ _ _ _ _ _ _ _ _ _ _ _ _ _ _ _ _ _ _ _ _ _ _ _ _ _ _ _ _ _ _ _ _ _ _ _ _ _ _ _ 

webdriver = <selenium.webdriver.chrome.webdriver.WebDriver (session="cd23560879c09253cda3102213f36dda")>
datasets = {'custom_issues': [], 'issue_id': '206856', 'issue_key': 'AAFAIA-1348', 'issues': [['AABIS-1', '914565', 'AABIS'], ['A...', 'AABIS'], ['AABIS-4', '914568', 'AABIS'], ['AABIS-5', '914569', 'AABIS'], ['AABIS-6', '914570', 'AABIS'], ...], ...}

    def zscale_view_test_plan_in_issue_view(webdriver, datasets):
        page = BasePage(webdriver)
>       issue_key = datasets['custom_issue_key']
    
        @print_timing("zephyr_scale_view_test_plan_in_issue_view")
E       KeyError: 'custom_issue_key'

extension/jira/extension_ui.py:69: KeyError
04-27-2022, 11:38:55, 1651059535706, Action: test_1_selenium_zscale_view_test_case_in_issue_view, Error: jira_webdriver = <selenium.webdriver.chrome.webdriver.WebDriver (session="cd23560879c09253cda3102213f36dda")>
jira_datasets = {'custom_issues': [], 'issue_id': '209099', 'issue_key': 'AAFAIA-3591', 'issues': [['AABIS-1', '914565', 'AABIS'], ['A...', 'AABIS'], ['AABIS-4', '914568', 'AABIS'], ['AABIS-5', '914569', 'AABIS'], ['AABIS-6', '914570', 'AABIS'], ...], ...}
jira_screen_shots = None

    def test_1_selenium_zscale_view_test_case_in_issue_view(jira_webdriver, jira_datasets, jira_screen_shots):
>       extension_ui.zscale_view_test_case_in_issue_view(jira_webdriver, jira_datasets)

selenium_ui/jira_ui.py:67: 
_ _ _ _ _ _ _ _ _ _ _ _ _ _ _ _ _ _ _ _ _ _ _ _ _ _ _ _ _ _ _ _ _ _ _ _ _ _ _ _ 

webdriver = <selenium.webdriver.chrome.webdriver.WebDriver (session="cd23560879c09253cda3102213f36dda")>
datasets = {'custom_issues': [], 'issue_id': '209099', 'issue_key': 'AAFAIA-3591', 'issues': [['AABIS-1', '914565', 'AABIS'], ['A...', 'AABIS'], ['AABIS-4', '914568', 'AABIS'], ['AABIS-5', '914569', 'AABIS'], ['AABIS-6', '914570', 'AABIS'], ...], ...}

    def zscale_view_test_case_in_issue_view(webdriver, datasets):
        page = BasePage(webdriver)
>       issue_key = datasets['custom_issue_key']
    
        @print_timing("zephyr_scale_view_test_case_in_issue_view")
E       KeyError: 'custom_issue_key'

extension/jira/extension_ui.py:47: KeyError
04-27-2022, 11:38:56, 1651059536221, Action: test_1_selenium_zscale_view_test_cycle_in_issue_view, Error: jira_webdriver = <selenium.webdriver.chrome.webdriver.WebDriver (session="cd23560879c09253cda3102213f36dda")>
jira_datasets = {'custom_issues': [], 'issue_id': '209099', 'issue_key': 'AAFAIA-3591', 'issues': [['AABIS-1', '914565', 'AABIS'], ['A...', 'AABIS'], ['AABIS-4', '914568', 'AABIS'], ['AABIS-5', '914569', 'AABIS'], ['AABIS-6', '914570', 'AABIS'], ...], ...}
jira_screen_shots = None

    def test_1_selenium_zscale_view_test_cycle_in_issue_view(jira_webdriver, jira_datasets, jira_screen_shots):
>       extension_ui.zscale_view_test_cycle_in_issue_view(jira_webdriver, jira_datasets)

selenium_ui/jira_ui.py:70: 
_ _ _ _ _ _ _ _ _ _ _ _ _ _ _ _ _ _ _ _ _ _ _ _ _ _ _ _ _ _ _ _ _ _ _ _ _ _ _ _ 

webdriver = <selenium.webdriver.chrome.webdriver.WebDriver (session="cd23560879c09253cda3102213f36dda")>
datasets = {'custom_issues': [], 'issue_id': '209099', 'issue_key': 'AAFAIA-3591', 'issues': [['AABIS-1', '914565', 'AABIS'], ['A...', 'AABIS'], ['AABIS-4', '914568', 'AABIS'], ['AABIS-5', '914569', 'AABIS'], ['AABIS-6', '914570', 'AABIS'], ...], ...}

    def zscale_view_test_cycle_in_issue_view(webdriver, datasets):
        page = BasePage(webdriver)
>       issue_key = datasets['custom_issue_key']
    
        @print_timing("zephyr_scale_view_test_cycle_in_issue_view")
E       KeyError: 'custom_issue_key'

extension/jira/extension_ui.py:58: KeyError
04-27-2022, 11:38:56, 1651059536751, Action: test_1_selenium_zscale_view_test_plan_in_issue_view, Error: jira_webdriver = <selenium.webdriver.chrome.webdriver.WebDriver (session="cd23560879c09253cda3102213f36dda")>
jira_datasets = {'custom_issues': [], 'issue_id': '209099', 'issue_key': 'AAFAIA-3591', 'issues': [['AABIS-1', '914565', 'AABIS'], ['A...', 'AABIS'], ['AABIS-4', '914568', 'AABIS'], ['AABIS-5', '914569', 'AABIS'], ['AABIS-6', '914570', 'AABIS'], ...], ...}
jira_screen_shots = None

    def test_1_selenium_zscale_view_test_plan_in_issue_view(jira_webdriver, jira_datasets, jira_screen_shots):
>       extension_ui.zscale_view_test_plan_in_issue_view(jira_webdriver, jira_datasets)

selenium_ui/jira_ui.py:73: 
_ _ _ _ _ _ _ _ _ _ _ _ _ _ _ _ _ _ _ _ _ _ _ _ _ _ _ _ _ _ _ _ _ _ _ _ _ _ _ _ 

webdriver = <selenium.webdriver.chrome.webdriver.WebDriver (session="cd23560879c09253cda3102213f36dda")>
datasets = {'custom_issues': [], 'issue_id': '209099', 'issue_key': 'AAFAIA-3591', 'issues': [['AABIS-1', '914565', 'AABIS'], ['A...', 'AABIS'], ['AABIS-4', '914568', 'AABIS'], ['AABIS-5', '914569', 'AABIS'], ['AABIS-6', '914570', 'AABIS'], ...], ...}

    def zscale_view_test_plan_in_issue_view(webdriver, datasets):
        page = BasePage(webdriver)
>       issue_key = datasets['custom_issue_key']
    
        @print_timing("zephyr_scale_view_test_plan_in_issue_view")
E       KeyError: 'custom_issue_key'

extension/jira/extension_ui.py:69: KeyError
04-27-2022, 11:39:11, 1651059551752, Action: test_1_selenium_zscale_view_test_case_in_issue_view, Error: jira_webdriver = <selenium.webdriver.chrome.webdriver.WebDriver (session="cd23560879c09253cda3102213f36dda")>
jira_datasets = {'custom_issues': [], 'issue_id': '210271', 'issue_key': 'AAFAIA-4763', 'issues': [['AABIS-1', '914565', 'AABIS'], ['A...', 'AABIS'], ['AABIS-4', '914568', 'AABIS'], ['AABIS-5', '914569', 'AABIS'], ['AABIS-6', '914570', 'AABIS'], ...], ...}
jira_screen_shots = None

    def test_1_selenium_zscale_view_test_case_in_issue_view(jira_webdriver, jira_datasets, jira_screen_shots):
>       extension_ui.zscale_view_test_case_in_issue_view(jira_webdriver, jira_datasets)

selenium_ui/jira_ui.py:67: 
_ _ _ _ _ _ _ _ _ _ _ _ _ _ _ _ _ _ _ _ _ _ _ _ _ _ _ _ _ _ _ _ _ _ _ _ _ _ _ _ 

webdriver = <selenium.webdriver.chrome.webdriver.WebDriver (session="cd23560879c09253cda3102213f36dda")>
datasets = {'custom_issues': [], 'issue_id': '210271', 'issue_key': 'AAFAIA-4763', 'issues': [['AABIS-1', '914565', 'AABIS'], ['A...', 'AABIS'], ['AABIS-4', '914568', 'AABIS'], ['AABIS-5', '914569', 'AABIS'], ['AABIS-6', '914570', 'AABIS'], ...], ...}

    def zscale_view_test_case_in_issue_view(webdriver, datasets):
        page = BasePage(webdriver)
>       issue_key = datasets['custom_issue_key']
    
        @print_timing("zephyr_scale_view_test_case_in_issue_view")
E       KeyError: 'custom_issue_key'

extension/jira/extension_ui.py:47: KeyError
04-27-2022, 11:39:12, 1651059552278, Action: test_1_selenium_zscale_view_test_cycle_in_issue_view, Error: jira_webdriver = <selenium.webdriver.chrome.webdriver.WebDriver (session="cd23560879c09253cda3102213f36dda")>
jira_datasets = {'custom_issues': [], 'issue_id': '210271', 'issue_key': 'AAFAIA-4763', 'issues': [['AABIS-1', '914565', 'AABIS'], ['A...', 'AABIS'], ['AABIS-4', '914568', 'AABIS'], ['AABIS-5', '914569', 'AABIS'], ['AABIS-6', '914570', 'AABIS'], ...], ...}
jira_screen_shots = None

    def test_1_selenium_zscale_view_test_cycle_in_issue_view(jira_webdriver, jira_datasets, jira_screen_shots):
>       extension_ui.zscale_view_test_cycle_in_issue_view(jira_webdriver, jira_datasets)

selenium_ui/jira_ui.py:70: 
_ _ _ _ _ _ _ _ _ _ _ _ _ _ _ _ _ _ _ _ _ _ _ _ _ _ _ _ _ _ _ _ _ _ _ _ _ _ _ _ 

webdriver = <selenium.webdriver.chrome.webdriver.WebDriver (session="cd23560879c09253cda3102213f36dda")>
datasets = {'custom_issues': [], 'issue_id': '210271', 'issue_key': 'AAFAIA-4763', 'issues': [['AABIS-1', '914565', 'AABIS'], ['A...', 'AABIS'], ['AABIS-4', '914568', 'AABIS'], ['AABIS-5', '914569', 'AABIS'], ['AABIS-6', '914570', 'AABIS'], ...], ...}

    def zscale_view_test_cycle_in_issue_view(webdriver, datasets):
        page = BasePage(webdriver)
>       issue_key = datasets['custom_issue_key']
    
        @print_timing("zephyr_scale_view_test_cycle_in_issue_view")
E       KeyError: 'custom_issue_key'

extension/jira/extension_ui.py:58: KeyError
04-27-2022, 11:39:12, 1651059552831, Action: test_1_selenium_zscale_view_test_plan_in_issue_view, Error: jira_webdriver = <selenium.webdriver.chrome.webdriver.WebDriver (session="cd23560879c09253cda3102213f36dda")>
jira_datasets = {'custom_issues': [], 'issue_id': '210271', 'issue_key': 'AAFAIA-4763', 'issues': [['AABIS-1', '914565', 'AABIS'], ['A...', 'AABIS'], ['AABIS-4', '914568', 'AABIS'], ['AABIS-5', '914569', 'AABIS'], ['AABIS-6', '914570', 'AABIS'], ...], ...}
jira_screen_shots = None

    def test_1_selenium_zscale_view_test_plan_in_issue_view(jira_webdriver, jira_datasets, jira_screen_shots):
>       extension_ui.zscale_view_test_plan_in_issue_view(jira_webdriver, jira_datasets)

selenium_ui/jira_ui.py:73: 
_ _ _ _ _ _ _ _ _ _ _ _ _ _ _ _ _ _ _ _ _ _ _ _ _ _ _ _ _ _ _ _ _ _ _ _ _ _ _ _ 

webdriver = <selenium.webdriver.chrome.webdriver.WebDriver (session="cd23560879c09253cda3102213f36dda")>
datasets = {'custom_issues': [], 'issue_id': '210271', 'issue_key': 'AAFAIA-4763', 'issues': [['AABIS-1', '914565', 'AABIS'], ['A...', 'AABIS'], ['AABIS-4', '914568', 'AABIS'], ['AABIS-5', '914569', 'AABIS'], ['AABIS-6', '914570', 'AABIS'], ...], ...}

    def zscale_view_test_plan_in_issue_view(webdriver, datasets):
        page = BasePage(webdriver)
>       issue_key = datasets['custom_issue_key']
    
        @print_timing("zephyr_scale_view_test_plan_in_issue_view")
E       KeyError: 'custom_issue_key'

extension/jira/extension_ui.py:69: KeyError
04-27-2022, 11:39:28, 1651059568581, Action: test_1_selenium_zscale_view_test_case_in_issue_view, Error: jira_webdriver = <selenium.webdriver.chrome.webdriver.WebDriver (session="cd23560879c09253cda3102213f36dda")>
jira_datasets = {'custom_issues': [], 'issue_id': '208633', 'issue_key': 'AAFAIA-3125', 'issues': [['AABIS-1', '914565', 'AABIS'], ['A...', 'AABIS'], ['AABIS-4', '914568', 'AABIS'], ['AABIS-5', '914569', 'AABIS'], ['AABIS-6', '914570', 'AABIS'], ...], ...}
jira_screen_shots = None

    def test_1_selenium_zscale_view_test_case_in_issue_view(jira_webdriver, jira_datasets, jira_screen_shots):
>       extension_ui.zscale_view_test_case_in_issue_view(jira_webdriver, jira_datasets)

selenium_ui/jira_ui.py:67: 
_ _ _ _ _ _ _ _ _ _ _ _ _ _ _ _ _ _ _ _ _ _ _ _ _ _ _ _ _ _ _ _ _ _ _ _ _ _ _ _ 

webdriver = <selenium.webdriver.chrome.webdriver.WebDriver (session="cd23560879c09253cda3102213f36dda")>
datasets = {'custom_issues': [], 'issue_id': '208633', 'issue_key': 'AAFAIA-3125', 'issues': [['AABIS-1', '914565', 'AABIS'], ['A...', 'AABIS'], ['AABIS-4', '914568', 'AABIS'], ['AABIS-5', '914569', 'AABIS'], ['AABIS-6', '914570', 'AABIS'], ...], ...}

    def zscale_view_test_case_in_issue_view(webdriver, datasets):
        page = BasePage(webdriver)
>       issue_key = datasets['custom_issue_key']
    
        @print_timing("zephyr_scale_view_test_case_in_issue_view")
E       KeyError: 'custom_issue_key'

extension/jira/extension_ui.py:47: KeyError
04-27-2022, 11:39:29, 1651059569192, Action: test_1_selenium_zscale_view_test_cycle_in_issue_view, Error: jira_webdriver = <selenium.webdriver.chrome.webdriver.WebDriver (session="cd23560879c09253cda3102213f36dda")>
jira_datasets = {'custom_issues': [], 'issue_id': '208633', 'issue_key': 'AAFAIA-3125', 'issues': [['AABIS-1', '914565', 'AABIS'], ['A...', 'AABIS'], ['AABIS-4', '914568', 'AABIS'], ['AABIS-5', '914569', 'AABIS'], ['AABIS-6', '914570', 'AABIS'], ...], ...}
jira_screen_shots = None

    def test_1_selenium_zscale_view_test_cycle_in_issue_view(jira_webdriver, jira_datasets, jira_screen_shots):
>       extension_ui.zscale_view_test_cycle_in_issue_view(jira_webdriver, jira_datasets)

selenium_ui/jira_ui.py:70: 
_ _ _ _ _ _ _ _ _ _ _ _ _ _ _ _ _ _ _ _ _ _ _ _ _ _ _ _ _ _ _ _ _ _ _ _ _ _ _ _ 

webdriver = <selenium.webdriver.chrome.webdriver.WebDriver (session="cd23560879c09253cda3102213f36dda")>
datasets = {'custom_issues': [], 'issue_id': '208633', 'issue_key': 'AAFAIA-3125', 'issues': [['AABIS-1', '914565', 'AABIS'], ['A...', 'AABIS'], ['AABIS-4', '914568', 'AABIS'], ['AABIS-5', '914569', 'AABIS'], ['AABIS-6', '914570', 'AABIS'], ...], ...}

    def zscale_view_test_cycle_in_issue_view(webdriver, datasets):
        page = BasePage(webdriver)
>       issue_key = datasets['custom_issue_key']
    
        @print_timing("zephyr_scale_view_test_cycle_in_issue_view")
E       KeyError: 'custom_issue_key'

extension/jira/extension_ui.py:58: KeyError
04-27-2022, 11:39:29, 1651059569746, Action: test_1_selenium_zscale_view_test_plan_in_issue_view, Error: jira_webdriver = <selenium.webdriver.chrome.webdriver.WebDriver (session="cd23560879c09253cda3102213f36dda")>
jira_datasets = {'custom_issues': [], 'issue_id': '208633', 'issue_key': 'AAFAIA-3125', 'issues': [['AABIS-1', '914565', 'AABIS'], ['A...', 'AABIS'], ['AABIS-4', '914568', 'AABIS'], ['AABIS-5', '914569', 'AABIS'], ['AABIS-6', '914570', 'AABIS'], ...], ...}
jira_screen_shots = None

    def test_1_selenium_zscale_view_test_plan_in_issue_view(jira_webdriver, jira_datasets, jira_screen_shots):
>       extension_ui.zscale_view_test_plan_in_issue_view(jira_webdriver, jira_datasets)

selenium_ui/jira_ui.py:73: 
_ _ _ _ _ _ _ _ _ _ _ _ _ _ _ _ _ _ _ _ _ _ _ _ _ _ _ _ _ _ _ _ _ _ _ _ _ _ _ _ 

webdriver = <selenium.webdriver.chrome.webdriver.WebDriver (session="cd23560879c09253cda3102213f36dda")>
datasets = {'custom_issues': [], 'issue_id': '208633', 'issue_key': 'AAFAIA-3125', 'issues': [['AABIS-1', '914565', 'AABIS'], ['A...', 'AABIS'], ['AABIS-4', '914568', 'AABIS'], ['AABIS-5', '914569', 'AABIS'], ['AABIS-6', '914570', 'AABIS'], ...], ...}

    def zscale_view_test_plan_in_issue_view(webdriver, datasets):
        page = BasePage(webdriver)
>       issue_key = datasets['custom_issue_key']
    
        @print_timing("zephyr_scale_view_test_plan_in_issue_view")
E       KeyError: 'custom_issue_key'

extension/jira/extension_ui.py:69: KeyError
04-27-2022, 11:39:45, 1651059585148, Action: test_1_selenium_zscale_view_test_case_in_issue_view, Error: jira_webdriver = <selenium.webdriver.chrome.webdriver.WebDriver (session="cd23560879c09253cda3102213f36dda")>
jira_datasets = {'custom_issues': [], 'issue_id': '207426', 'issue_key': 'AAFAIA-1918', 'issues': [['AABIS-1', '914565', 'AABIS'], ['A...', 'AABIS'], ['AABIS-4', '914568', 'AABIS'], ['AABIS-5', '914569', 'AABIS'], ['AABIS-6', '914570', 'AABIS'], ...], ...}
jira_screen_shots = None

    def test_1_selenium_zscale_view_test_case_in_issue_view(jira_webdriver, jira_datasets, jira_screen_shots):
>       extension_ui.zscale_view_test_case_in_issue_view(jira_webdriver, jira_datasets)

selenium_ui/jira_ui.py:67: 
_ _ _ _ _ _ _ _ _ _ _ _ _ _ _ _ _ _ _ _ _ _ _ _ _ _ _ _ _ _ _ _ _ _ _ _ _ _ _ _ 

webdriver = <selenium.webdriver.chrome.webdriver.WebDriver (session="cd23560879c09253cda3102213f36dda")>
datasets = {'custom_issues': [], 'issue_id': '207426', 'issue_key': 'AAFAIA-1918', 'issues': [['AABIS-1', '914565', 'AABIS'], ['A...', 'AABIS'], ['AABIS-4', '914568', 'AABIS'], ['AABIS-5', '914569', 'AABIS'], ['AABIS-6', '914570', 'AABIS'], ...], ...}

    def zscale_view_test_case_in_issue_view(webdriver, datasets):
        page = BasePage(webdriver)
>       issue_key = datasets['custom_issue_key']
    
        @print_timing("zephyr_scale_view_test_case_in_issue_view")
E       KeyError: 'custom_issue_key'

extension/jira/extension_ui.py:47: KeyError
04-27-2022, 11:39:45, 1651059585669, Action: test_1_selenium_zscale_view_test_cycle_in_issue_view, Error: jira_webdriver = <selenium.webdriver.chrome.webdriver.WebDriver (session="cd23560879c09253cda3102213f36dda")>
jira_datasets = {'custom_issues': [], 'issue_id': '207426', 'issue_key': 'AAFAIA-1918', 'issues': [['AABIS-1', '914565', 'AABIS'], ['A...', 'AABIS'], ['AABIS-4', '914568', 'AABIS'], ['AABIS-5', '914569', 'AABIS'], ['AABIS-6', '914570', 'AABIS'], ...], ...}
jira_screen_shots = None

    def test_1_selenium_zscale_view_test_cycle_in_issue_view(jira_webdriver, jira_datasets, jira_screen_shots):
>       extension_ui.zscale_view_test_cycle_in_issue_view(jira_webdriver, jira_datasets)

selenium_ui/jira_ui.py:70: 
_ _ _ _ _ _ _ _ _ _ _ _ _ _ _ _ _ _ _ _ _ _ _ _ _ _ _ _ _ _ _ _ _ _ _ _ _ _ _ _ 

webdriver = <selenium.webdriver.chrome.webdriver.WebDriver (session="cd23560879c09253cda3102213f36dda")>
datasets = {'custom_issues': [], 'issue_id': '207426', 'issue_key': 'AAFAIA-1918', 'issues': [['AABIS-1', '914565', 'AABIS'], ['A...', 'AABIS'], ['AABIS-4', '914568', 'AABIS'], ['AABIS-5', '914569', 'AABIS'], ['AABIS-6', '914570', 'AABIS'], ...], ...}

    def zscale_view_test_cycle_in_issue_view(webdriver, datasets):
        page = BasePage(webdriver)
>       issue_key = datasets['custom_issue_key']
    
        @print_timing("zephyr_scale_view_test_cycle_in_issue_view")
E       KeyError: 'custom_issue_key'

extension/jira/extension_ui.py:58: KeyError
04-27-2022, 11:39:46, 1651059586215, Action: test_1_selenium_zscale_view_test_plan_in_issue_view, Error: jira_webdriver = <selenium.webdriver.chrome.webdriver.WebDriver (session="cd23560879c09253cda3102213f36dda")>
jira_datasets = {'custom_issues': [], 'issue_id': '207426', 'issue_key': 'AAFAIA-1918', 'issues': [['AABIS-1', '914565', 'AABIS'], ['A...', 'AABIS'], ['AABIS-4', '914568', 'AABIS'], ['AABIS-5', '914569', 'AABIS'], ['AABIS-6', '914570', 'AABIS'], ...], ...}
jira_screen_shots = None

    def test_1_selenium_zscale_view_test_plan_in_issue_view(jira_webdriver, jira_datasets, jira_screen_shots):
>       extension_ui.zscale_view_test_plan_in_issue_view(jira_webdriver, jira_datasets)

selenium_ui/jira_ui.py:73: 
_ _ _ _ _ _ _ _ _ _ _ _ _ _ _ _ _ _ _ _ _ _ _ _ _ _ _ _ _ _ _ _ _ _ _ _ _ _ _ _ 

webdriver = <selenium.webdriver.chrome.webdriver.WebDriver (session="cd23560879c09253cda3102213f36dda")>
datasets = {'custom_issues': [], 'issue_id': '207426', 'issue_key': 'AAFAIA-1918', 'issues': [['AABIS-1', '914565', 'AABIS'], ['A...', 'AABIS'], ['AABIS-4', '914568', 'AABIS'], ['AABIS-5', '914569', 'AABIS'], ['AABIS-6', '914570', 'AABIS'], ...], ...}

    def zscale_view_test_plan_in_issue_view(webdriver, datasets):
        page = BasePage(webdriver)
>       issue_key = datasets['custom_issue_key']
    
        @print_timing("zephyr_scale_view_test_plan_in_issue_view")
E       KeyError: 'custom_issue_key'

extension/jira/extension_ui.py:69: KeyError
04-27-2022, 11:40:01, 1651059601338, Action: test_1_selenium_zscale_view_test_case_in_issue_view, Error: jira_webdriver = <selenium.webdriver.chrome.webdriver.WebDriver (session="cd23560879c09253cda3102213f36dda")>
jira_datasets = {'custom_issues': [], 'issue_id': '205776', 'issue_key': 'AAFAIA-268', 'issues': [['AABIS-1', '914565', 'AABIS'], ['AA...', 'AABIS'], ['AABIS-4', '914568', 'AABIS'], ['AABIS-5', '914569', 'AABIS'], ['AABIS-6', '914570', 'AABIS'], ...], ...}
jira_screen_shots = None

    def test_1_selenium_zscale_view_test_case_in_issue_view(jira_webdriver, jira_datasets, jira_screen_shots):
>       extension_ui.zscale_view_test_case_in_issue_view(jira_webdriver, jira_datasets)

selenium_ui/jira_ui.py:67: 
_ _ _ _ _ _ _ _ _ _ _ _ _ _ _ _ _ _ _ _ _ _ _ _ _ _ _ _ _ _ _ _ _ _ _ _ _ _ _ _ 

webdriver = <selenium.webdriver.chrome.webdriver.WebDriver (session="cd23560879c09253cda3102213f36dda")>
datasets = {'custom_issues': [], 'issue_id': '205776', 'issue_key': 'AAFAIA-268', 'issues': [['AABIS-1', '914565', 'AABIS'], ['AA...', 'AABIS'], ['AABIS-4', '914568', 'AABIS'], ['AABIS-5', '914569', 'AABIS'], ['AABIS-6', '914570', 'AABIS'], ...], ...}

    def zscale_view_test_case_in_issue_view(webdriver, datasets):
        page = BasePage(webdriver)
>       issue_key = datasets['custom_issue_key']
    
        @print_timing("zephyr_scale_view_test_case_in_issue_view")
E       KeyError: 'custom_issue_key'

extension/jira/extension_ui.py:47: KeyError
04-27-2022, 11:40:01, 1651059601853, Action: test_1_selenium_zscale_view_test_cycle_in_issue_view, Error: jira_webdriver = <selenium.webdriver.chrome.webdriver.WebDriver (session="cd23560879c09253cda3102213f36dda")>
jira_datasets = {'custom_issues': [], 'issue_id': '205776', 'issue_key': 'AAFAIA-268', 'issues': [['AABIS-1', '914565', 'AABIS'], ['AA...', 'AABIS'], ['AABIS-4', '914568', 'AABIS'], ['AABIS-5', '914569', 'AABIS'], ['AABIS-6', '914570', 'AABIS'], ...], ...}
jira_screen_shots = None

    def test_1_selenium_zscale_view_test_cycle_in_issue_view(jira_webdriver, jira_datasets, jira_screen_shots):
>       extension_ui.zscale_view_test_cycle_in_issue_view(jira_webdriver, jira_datasets)

selenium_ui/jira_ui.py:70: 
_ _ _ _ _ _ _ _ _ _ _ _ _ _ _ _ _ _ _ _ _ _ _ _ _ _ _ _ _ _ _ _ _ _ _ _ _ _ _ _ 

webdriver = <selenium.webdriver.chrome.webdriver.WebDriver (session="cd23560879c09253cda3102213f36dda")>
datasets = {'custom_issues': [], 'issue_id': '205776', 'issue_key': 'AAFAIA-268', 'issues': [['AABIS-1', '914565', 'AABIS'], ['AA...', 'AABIS'], ['AABIS-4', '914568', 'AABIS'], ['AABIS-5', '914569', 'AABIS'], ['AABIS-6', '914570', 'AABIS'], ...], ...}

    def zscale_view_test_cycle_in_issue_view(webdriver, datasets):
        page = BasePage(webdriver)
>       issue_key = datasets['custom_issue_key']
    
        @print_timing("zephyr_scale_view_test_cycle_in_issue_view")
E       KeyError: 'custom_issue_key'

extension/jira/extension_ui.py:58: KeyError
04-27-2022, 11:40:02, 1651059602425, Action: test_1_selenium_zscale_view_test_plan_in_issue_view, Error: jira_webdriver = <selenium.webdriver.chrome.webdriver.WebDriver (session="cd23560879c09253cda3102213f36dda")>
jira_datasets = {'custom_issues': [], 'issue_id': '205776', 'issue_key': 'AAFAIA-268', 'issues': [['AABIS-1', '914565', 'AABIS'], ['AA...', 'AABIS'], ['AABIS-4', '914568', 'AABIS'], ['AABIS-5', '914569', 'AABIS'], ['AABIS-6', '914570', 'AABIS'], ...], ...}
jira_screen_shots = None

    def test_1_selenium_zscale_view_test_plan_in_issue_view(jira_webdriver, jira_datasets, jira_screen_shots):
>       extension_ui.zscale_view_test_plan_in_issue_view(jira_webdriver, jira_datasets)

selenium_ui/jira_ui.py:73: 
_ _ _ _ _ _ _ _ _ _ _ _ _ _ _ _ _ _ _ _ _ _ _ _ _ _ _ _ _ _ _ _ _ _ _ _ _ _ _ _ 

webdriver = <selenium.webdriver.chrome.webdriver.WebDriver (session="cd23560879c09253cda3102213f36dda")>
datasets = {'custom_issues': [], 'issue_id': '205776', 'issue_key': 'AAFAIA-268', 'issues': [['AABIS-1', '914565', 'AABIS'], ['AA...', 'AABIS'], ['AABIS-4', '914568', 'AABIS'], ['AABIS-5', '914569', 'AABIS'], ['AABIS-6', '914570', 'AABIS'], ...], ...}

    def zscale_view_test_plan_in_issue_view(webdriver, datasets):
        page = BasePage(webdriver)
>       issue_key = datasets['custom_issue_key']
    
        @print_timing("zephyr_scale_view_test_plan_in_issue_view")
E       KeyError: 'custom_issue_key'

extension/jira/extension_ui.py:69: KeyError
04-27-2022, 11:40:18, 1651059618127, Action: test_1_selenium_zscale_view_test_case_in_issue_view, Error: jira_webdriver = <selenium.webdriver.chrome.webdriver.WebDriver (session="cd23560879c09253cda3102213f36dda")>
jira_datasets = {'custom_issues': [], 'issue_id': '915027', 'issue_key': 'AABIS-463', 'issues': [['AABIS-1', '914565', 'AABIS'], ['AAB...', 'AABIS'], ['AABIS-4', '914568', 'AABIS'], ['AABIS-5', '914569', 'AABIS'], ['AABIS-6', '914570', 'AABIS'], ...], ...}
jira_screen_shots = None

    def test_1_selenium_zscale_view_test_case_in_issue_view(jira_webdriver, jira_datasets, jira_screen_shots):
>       extension_ui.zscale_view_test_case_in_issue_view(jira_webdriver, jira_datasets)

selenium_ui/jira_ui.py:67: 
_ _ _ _ _ _ _ _ _ _ _ _ _ _ _ _ _ _ _ _ _ _ _ _ _ _ _ _ _ _ _ _ _ _ _ _ _ _ _ _ 

webdriver = <selenium.webdriver.chrome.webdriver.WebDriver (session="cd23560879c09253cda3102213f36dda")>
datasets = {'custom_issues': [], 'issue_id': '915027', 'issue_key': 'AABIS-463', 'issues': [['AABIS-1', '914565', 'AABIS'], ['AAB...', 'AABIS'], ['AABIS-4', '914568', 'AABIS'], ['AABIS-5', '914569', 'AABIS'], ['AABIS-6', '914570', 'AABIS'], ...], ...}

    def zscale_view_test_case_in_issue_view(webdriver, datasets):
        page = BasePage(webdriver)
>       issue_key = datasets['custom_issue_key']
    
        @print_timing("zephyr_scale_view_test_case_in_issue_view")
E       KeyError: 'custom_issue_key'

extension/jira/extension_ui.py:47: KeyError
04-27-2022, 11:40:18, 1651059618714, Action: test_1_selenium_zscale_view_test_cycle_in_issue_view, Error: jira_webdriver = <selenium.webdriver.chrome.webdriver.WebDriver (session="cd23560879c09253cda3102213f36dda")>
jira_datasets = {'custom_issues': [], 'issue_id': '915027', 'issue_key': 'AABIS-463', 'issues': [['AABIS-1', '914565', 'AABIS'], ['AAB...', 'AABIS'], ['AABIS-4', '914568', 'AABIS'], ['AABIS-5', '914569', 'AABIS'], ['AABIS-6', '914570', 'AABIS'], ...], ...}
jira_screen_shots = None

    def test_1_selenium_zscale_view_test_cycle_in_issue_view(jira_webdriver, jira_datasets, jira_screen_shots):
>       extension_ui.zscale_view_test_cycle_in_issue_view(jira_webdriver, jira_datasets)

selenium_ui/jira_ui.py:70: 
_ _ _ _ _ _ _ _ _ _ _ _ _ _ _ _ _ _ _ _ _ _ _ _ _ _ _ _ _ _ _ _ _ _ _ _ _ _ _ _ 

webdriver = <selenium.webdriver.chrome.webdriver.WebDriver (session="cd23560879c09253cda3102213f36dda")>
datasets = {'custom_issues': [], 'issue_id': '915027', 'issue_key': 'AABIS-463', 'issues': [['AABIS-1', '914565', 'AABIS'], ['AAB...', 'AABIS'], ['AABIS-4', '914568', 'AABIS'], ['AABIS-5', '914569', 'AABIS'], ['AABIS-6', '914570', 'AABIS'], ...], ...}

    def zscale_view_test_cycle_in_issue_view(webdriver, datasets):
        page = BasePage(webdriver)
>       issue_key = datasets['custom_issue_key']
    
        @print_timing("zephyr_scale_view_test_cycle_in_issue_view")
E       KeyError: 'custom_issue_key'

extension/jira/extension_ui.py:58: KeyError
04-27-2022, 11:40:19, 1651059619274, Action: test_1_selenium_zscale_view_test_plan_in_issue_view, Error: jira_webdriver = <selenium.webdriver.chrome.webdriver.WebDriver (session="cd23560879c09253cda3102213f36dda")>
jira_datasets = {'custom_issues': [], 'issue_id': '915027', 'issue_key': 'AABIS-463', 'issues': [['AABIS-1', '914565', 'AABIS'], ['AAB...', 'AABIS'], ['AABIS-4', '914568', 'AABIS'], ['AABIS-5', '914569', 'AABIS'], ['AABIS-6', '914570', 'AABIS'], ...], ...}
jira_screen_shots = None

    def test_1_selenium_zscale_view_test_plan_in_issue_view(jira_webdriver, jira_datasets, jira_screen_shots):
>       extension_ui.zscale_view_test_plan_in_issue_view(jira_webdriver, jira_datasets)

selenium_ui/jira_ui.py:73: 
_ _ _ _ _ _ _ _ _ _ _ _ _ _ _ _ _ _ _ _ _ _ _ _ _ _ _ _ _ _ _ _ _ _ _ _ _ _ _ _ 

webdriver = <selenium.webdriver.chrome.webdriver.WebDriver (session="cd23560879c09253cda3102213f36dda")>
datasets = {'custom_issues': [], 'issue_id': '915027', 'issue_key': 'AABIS-463', 'issues': [['AABIS-1', '914565', 'AABIS'], ['AAB...', 'AABIS'], ['AABIS-4', '914568', 'AABIS'], ['AABIS-5', '914569', 'AABIS'], ['AABIS-6', '914570', 'AABIS'], ...], ...}

    def zscale_view_test_plan_in_issue_view(webdriver, datasets):
        page = BasePage(webdriver)
>       issue_key = datasets['custom_issue_key']
    
        @print_timing("zephyr_scale_view_test_plan_in_issue_view")
E       KeyError: 'custom_issue_key'

extension/jira/extension_ui.py:69: KeyError
04-27-2022, 11:40:34, 1651059634679, Action: test_1_selenium_zscale_view_test_case_in_issue_view, Error: jira_webdriver = <selenium.webdriver.chrome.webdriver.WebDriver (session="cd23560879c09253cda3102213f36dda")>
jira_datasets = {'custom_issues': [], 'issue_id': '2049937', 'issue_key': 'AABIS-1820', 'issues': [['AABIS-1', '914565', 'AABIS'], ['A...', 'AABIS'], ['AABIS-4', '914568', 'AABIS'], ['AABIS-5', '914569', 'AABIS'], ['AABIS-6', '914570', 'AABIS'], ...], ...}
jira_screen_shots = None

    def test_1_selenium_zscale_view_test_case_in_issue_view(jira_webdriver, jira_datasets, jira_screen_shots):
>       extension_ui.zscale_view_test_case_in_issue_view(jira_webdriver, jira_datasets)

selenium_ui/jira_ui.py:67: 
_ _ _ _ _ _ _ _ _ _ _ _ _ _ _ _ _ _ _ _ _ _ _ _ _ _ _ _ _ _ _ _ _ _ _ _ _ _ _ _ 

webdriver = <selenium.webdriver.chrome.webdriver.WebDriver (session="cd23560879c09253cda3102213f36dda")>
datasets = {'custom_issues': [], 'issue_id': '2049937', 'issue_key': 'AABIS-1820', 'issues': [['AABIS-1', '914565', 'AABIS'], ['A...', 'AABIS'], ['AABIS-4', '914568', 'AABIS'], ['AABIS-5', '914569', 'AABIS'], ['AABIS-6', '914570', 'AABIS'], ...], ...}

    def zscale_view_test_case_in_issue_view(webdriver, datasets):
        page = BasePage(webdriver)
>       issue_key = datasets['custom_issue_key']
    
        @print_timing("zephyr_scale_view_test_case_in_issue_view")
E       KeyError: 'custom_issue_key'

extension/jira/extension_ui.py:47: KeyError
04-27-2022, 11:40:35, 1651059635205, Action: test_1_selenium_zscale_view_test_cycle_in_issue_view, Error: jira_webdriver = <selenium.webdriver.chrome.webdriver.WebDriver (session="cd23560879c09253cda3102213f36dda")>
jira_datasets = {'custom_issues': [], 'issue_id': '2049937', 'issue_key': 'AABIS-1820', 'issues': [['AABIS-1', '914565', 'AABIS'], ['A...', 'AABIS'], ['AABIS-4', '914568', 'AABIS'], ['AABIS-5', '914569', 'AABIS'], ['AABIS-6', '914570', 'AABIS'], ...], ...}
jira_screen_shots = None

    def test_1_selenium_zscale_view_test_cycle_in_issue_view(jira_webdriver, jira_datasets, jira_screen_shots):
>       extension_ui.zscale_view_test_cycle_in_issue_view(jira_webdriver, jira_datasets)

selenium_ui/jira_ui.py:70: 
_ _ _ _ _ _ _ _ _ _ _ _ _ _ _ _ _ _ _ _ _ _ _ _ _ _ _ _ _ _ _ _ _ _ _ _ _ _ _ _ 

webdriver = <selenium.webdriver.chrome.webdriver.WebDriver (session="cd23560879c09253cda3102213f36dda")>
datasets = {'custom_issues': [], 'issue_id': '2049937', 'issue_key': 'AABIS-1820', 'issues': [['AABIS-1', '914565', 'AABIS'], ['A...', 'AABIS'], ['AABIS-4', '914568', 'AABIS'], ['AABIS-5', '914569', 'AABIS'], ['AABIS-6', '914570', 'AABIS'], ...], ...}

    def zscale_view_test_cycle_in_issue_view(webdriver, datasets):
        page = BasePage(webdriver)
>       issue_key = datasets['custom_issue_key']
    
        @print_timing("zephyr_scale_view_test_cycle_in_issue_view")
E       KeyError: 'custom_issue_key'

extension/jira/extension_ui.py:58: KeyError
04-27-2022, 11:40:35, 1651059635781, Action: test_1_selenium_zscale_view_test_plan_in_issue_view, Error: jira_webdriver = <selenium.webdriver.chrome.webdriver.WebDriver (session="cd23560879c09253cda3102213f36dda")>
jira_datasets = {'custom_issues': [], 'issue_id': '2049937', 'issue_key': 'AABIS-1820', 'issues': [['AABIS-1', '914565', 'AABIS'], ['A...', 'AABIS'], ['AABIS-4', '914568', 'AABIS'], ['AABIS-5', '914569', 'AABIS'], ['AABIS-6', '914570', 'AABIS'], ...], ...}
jira_screen_shots = None

    def test_1_selenium_zscale_view_test_plan_in_issue_view(jira_webdriver, jira_datasets, jira_screen_shots):
>       extension_ui.zscale_view_test_plan_in_issue_view(jira_webdriver, jira_datasets)

selenium_ui/jira_ui.py:73: 
_ _ _ _ _ _ _ _ _ _ _ _ _ _ _ _ _ _ _ _ _ _ _ _ _ _ _ _ _ _ _ _ _ _ _ _ _ _ _ _ 

webdriver = <selenium.webdriver.chrome.webdriver.WebDriver (session="cd23560879c09253cda3102213f36dda")>
datasets = {'custom_issues': [], 'issue_id': '2049937', 'issue_key': 'AABIS-1820', 'issues': [['AABIS-1', '914565', 'AABIS'], ['A...', 'AABIS'], ['AABIS-4', '914568', 'AABIS'], ['AABIS-5', '914569', 'AABIS'], ['AABIS-6', '914570', 'AABIS'], ...], ...}

    def zscale_view_test_plan_in_issue_view(webdriver, datasets):
        page = BasePage(webdriver)
>       issue_key = datasets['custom_issue_key']
    
        @print_timing("zephyr_scale_view_test_plan_in_issue_view")
E       KeyError: 'custom_issue_key'

extension/jira/extension_ui.py:69: KeyError
04-27-2022, 11:40:51, 1651059651338, Action: test_1_selenium_zscale_view_test_case_in_issue_view, Error: jira_webdriver = <selenium.webdriver.chrome.webdriver.WebDriver (session="cd23560879c09253cda3102213f36dda")>
jira_datasets = {'custom_issues': [], 'issue_id': '207238', 'issue_key': 'AAFAIA-1730', 'issues': [['AABIS-1', '914565', 'AABIS'], ['A...', 'AABIS'], ['AABIS-4', '914568', 'AABIS'], ['AABIS-5', '914569', 'AABIS'], ['AABIS-6', '914570', 'AABIS'], ...], ...}
jira_screen_shots = None

    def test_1_selenium_zscale_view_test_case_in_issue_view(jira_webdriver, jira_datasets, jira_screen_shots):
>       extension_ui.zscale_view_test_case_in_issue_view(jira_webdriver, jira_datasets)

selenium_ui/jira_ui.py:67: 
_ _ _ _ _ _ _ _ _ _ _ _ _ _ _ _ _ _ _ _ _ _ _ _ _ _ _ _ _ _ _ _ _ _ _ _ _ _ _ _ 

webdriver = <selenium.webdriver.chrome.webdriver.WebDriver (session="cd23560879c09253cda3102213f36dda")>
datasets = {'custom_issues': [], 'issue_id': '207238', 'issue_key': 'AAFAIA-1730', 'issues': [['AABIS-1', '914565', 'AABIS'], ['A...', 'AABIS'], ['AABIS-4', '914568', 'AABIS'], ['AABIS-5', '914569', 'AABIS'], ['AABIS-6', '914570', 'AABIS'], ...], ...}

    def zscale_view_test_case_in_issue_view(webdriver, datasets):
        page = BasePage(webdriver)
>       issue_key = datasets['custom_issue_key']
    
        @print_timing("zephyr_scale_view_test_case_in_issue_view")
E       KeyError: 'custom_issue_key'

extension/jira/extension_ui.py:47: KeyError
04-27-2022, 11:40:51, 1651059651878, Action: test_1_selenium_zscale_view_test_cycle_in_issue_view, Error: jira_webdriver = <selenium.webdriver.chrome.webdriver.WebDriver (session="cd23560879c09253cda3102213f36dda")>
jira_datasets = {'custom_issues': [], 'issue_id': '207238', 'issue_key': 'AAFAIA-1730', 'issues': [['AABIS-1', '914565', 'AABIS'], ['A...', 'AABIS'], ['AABIS-4', '914568', 'AABIS'], ['AABIS-5', '914569', 'AABIS'], ['AABIS-6', '914570', 'AABIS'], ...], ...}
jira_screen_shots = None

    def test_1_selenium_zscale_view_test_cycle_in_issue_view(jira_webdriver, jira_datasets, jira_screen_shots):
>       extension_ui.zscale_view_test_cycle_in_issue_view(jira_webdriver, jira_datasets)

selenium_ui/jira_ui.py:70: 
_ _ _ _ _ _ _ _ _ _ _ _ _ _ _ _ _ _ _ _ _ _ _ _ _ _ _ _ _ _ _ _ _ _ _ _ _ _ _ _ 

webdriver = <selenium.webdriver.chrome.webdriver.WebDriver (session="cd23560879c09253cda3102213f36dda")>
datasets = {'custom_issues': [], 'issue_id': '207238', 'issue_key': 'AAFAIA-1730', 'issues': [['AABIS-1', '914565', 'AABIS'], ['A...', 'AABIS'], ['AABIS-4', '914568', 'AABIS'], ['AABIS-5', '914569', 'AABIS'], ['AABIS-6', '914570', 'AABIS'], ...], ...}

    def zscale_view_test_cycle_in_issue_view(webdriver, datasets):
        page = BasePage(webdriver)
>       issue_key = datasets['custom_issue_key']
    
        @print_timing("zephyr_scale_view_test_cycle_in_issue_view")
E       KeyError: 'custom_issue_key'

extension/jira/extension_ui.py:58: KeyError
04-27-2022, 11:40:52, 1651059652520, Action: test_1_selenium_zscale_view_test_plan_in_issue_view, Error: jira_webdriver = <selenium.webdriver.chrome.webdriver.WebDriver (session="cd23560879c09253cda3102213f36dda")>
jira_datasets = {'custom_issues': [], 'issue_id': '207238', 'issue_key': 'AAFAIA-1730', 'issues': [['AABIS-1', '914565', 'AABIS'], ['A...', 'AABIS'], ['AABIS-4', '914568', 'AABIS'], ['AABIS-5', '914569', 'AABIS'], ['AABIS-6', '914570', 'AABIS'], ...], ...}
jira_screen_shots = None

    def test_1_selenium_zscale_view_test_plan_in_issue_view(jira_webdriver, jira_datasets, jira_screen_shots):
>       extension_ui.zscale_view_test_plan_in_issue_view(jira_webdriver, jira_datasets)

selenium_ui/jira_ui.py:73: 
_ _ _ _ _ _ _ _ _ _ _ _ _ _ _ _ _ _ _ _ _ _ _ _ _ _ _ _ _ _ _ _ _ _ _ _ _ _ _ _ 

webdriver = <selenium.webdriver.chrome.webdriver.WebDriver (session="cd23560879c09253cda3102213f36dda")>
datasets = {'custom_issues': [], 'issue_id': '207238', 'issue_key': 'AAFAIA-1730', 'issues': [['AABIS-1', '914565', 'AABIS'], ['A...', 'AABIS'], ['AABIS-4', '914568', 'AABIS'], ['AABIS-5', '914569', 'AABIS'], ['AABIS-6', '914570', 'AABIS'], ...], ...}

    def zscale_view_test_plan_in_issue_view(webdriver, datasets):
        page = BasePage(webdriver)
>       issue_key = datasets['custom_issue_key']
    
        @print_timing("zephyr_scale_view_test_plan_in_issue_view")
E       KeyError: 'custom_issue_key'

extension/jira/extension_ui.py:69: KeyError
04-27-2022, 11:41:08, 1651059668165, Action: test_1_selenium_zscale_view_test_case_in_issue_view, Error: jira_webdriver = <selenium.webdriver.chrome.webdriver.WebDriver (session="cd23560879c09253cda3102213f36dda")>
jira_datasets = {'custom_issues': [], 'issue_id': '206755', 'issue_key': 'AAFAIA-1247', 'issues': [['AABIS-1', '914565', 'AABIS'], ['A...', 'AABIS'], ['AABIS-4', '914568', 'AABIS'], ['AABIS-5', '914569', 'AABIS'], ['AABIS-6', '914570', 'AABIS'], ...], ...}
jira_screen_shots = None

    def test_1_selenium_zscale_view_test_case_in_issue_view(jira_webdriver, jira_datasets, jira_screen_shots):
>       extension_ui.zscale_view_test_case_in_issue_view(jira_webdriver, jira_datasets)

selenium_ui/jira_ui.py:67: 
_ _ _ _ _ _ _ _ _ _ _ _ _ _ _ _ _ _ _ _ _ _ _ _ _ _ _ _ _ _ _ _ _ _ _ _ _ _ _ _ 

webdriver = <selenium.webdriver.chrome.webdriver.WebDriver (session="cd23560879c09253cda3102213f36dda")>
datasets = {'custom_issues': [], 'issue_id': '206755', 'issue_key': 'AAFAIA-1247', 'issues': [['AABIS-1', '914565', 'AABIS'], ['A...', 'AABIS'], ['AABIS-4', '914568', 'AABIS'], ['AABIS-5', '914569', 'AABIS'], ['AABIS-6', '914570', 'AABIS'], ...], ...}

    def zscale_view_test_case_in_issue_view(webdriver, datasets):
        page = BasePage(webdriver)
>       issue_key = datasets['custom_issue_key']
    
        @print_timing("zephyr_scale_view_test_case_in_issue_view")
E       KeyError: 'custom_issue_key'

extension/jira/extension_ui.py:47: KeyError
04-27-2022, 11:41:08, 1651059668704, Action: test_1_selenium_zscale_view_test_cycle_in_issue_view, Error: jira_webdriver = <selenium.webdriver.chrome.webdriver.WebDriver (session="cd23560879c09253cda3102213f36dda")>
jira_datasets = {'custom_issues': [], 'issue_id': '206755', 'issue_key': 'AAFAIA-1247', 'issues': [['AABIS-1', '914565', 'AABIS'], ['A...', 'AABIS'], ['AABIS-4', '914568', 'AABIS'], ['AABIS-5', '914569', 'AABIS'], ['AABIS-6', '914570', 'AABIS'], ...], ...}
jira_screen_shots = None

    def test_1_selenium_zscale_view_test_cycle_in_issue_view(jira_webdriver, jira_datasets, jira_screen_shots):
>       extension_ui.zscale_view_test_cycle_in_issue_view(jira_webdriver, jira_datasets)

selenium_ui/jira_ui.py:70: 
_ _ _ _ _ _ _ _ _ _ _ _ _ _ _ _ _ _ _ _ _ _ _ _ _ _ _ _ _ _ _ _ _ _ _ _ _ _ _ _ 

webdriver = <selenium.webdriver.chrome.webdriver.WebDriver (session="cd23560879c09253cda3102213f36dda")>
datasets = {'custom_issues': [], 'issue_id': '206755', 'issue_key': 'AAFAIA-1247', 'issues': [['AABIS-1', '914565', 'AABIS'], ['A...', 'AABIS'], ['AABIS-4', '914568', 'AABIS'], ['AABIS-5', '914569', 'AABIS'], ['AABIS-6', '914570', 'AABIS'], ...], ...}

    def zscale_view_test_cycle_in_issue_view(webdriver, datasets):
        page = BasePage(webdriver)
>       issue_key = datasets['custom_issue_key']
    
        @print_timing("zephyr_scale_view_test_cycle_in_issue_view")
E       KeyError: 'custom_issue_key'

extension/jira/extension_ui.py:58: KeyError
04-27-2022, 11:41:09, 1651059669279, Action: test_1_selenium_zscale_view_test_plan_in_issue_view, Error: jira_webdriver = <selenium.webdriver.chrome.webdriver.WebDriver (session="cd23560879c09253cda3102213f36dda")>
jira_datasets = {'custom_issues': [], 'issue_id': '206755', 'issue_key': 'AAFAIA-1247', 'issues': [['AABIS-1', '914565', 'AABIS'], ['A...', 'AABIS'], ['AABIS-4', '914568', 'AABIS'], ['AABIS-5', '914569', 'AABIS'], ['AABIS-6', '914570', 'AABIS'], ...], ...}
jira_screen_shots = None

    def test_1_selenium_zscale_view_test_plan_in_issue_view(jira_webdriver, jira_datasets, jira_screen_shots):
>       extension_ui.zscale_view_test_plan_in_issue_view(jira_webdriver, jira_datasets)

selenium_ui/jira_ui.py:73: 
_ _ _ _ _ _ _ _ _ _ _ _ _ _ _ _ _ _ _ _ _ _ _ _ _ _ _ _ _ _ _ _ _ _ _ _ _ _ _ _ 

webdriver = <selenium.webdriver.chrome.webdriver.WebDriver (session="cd23560879c09253cda3102213f36dda")>
datasets = {'custom_issues': [], 'issue_id': '206755', 'issue_key': 'AAFAIA-1247', 'issues': [['AABIS-1', '914565', 'AABIS'], ['A...', 'AABIS'], ['AABIS-4', '914568', 'AABIS'], ['AABIS-5', '914569', 'AABIS'], ['AABIS-6', '914570', 'AABIS'], ...], ...}

    def zscale_view_test_plan_in_issue_view(webdriver, datasets):
        page = BasePage(webdriver)
>       issue_key = datasets['custom_issue_key']
    
        @print_timing("zephyr_scale_view_test_plan_in_issue_view")
E       KeyError: 'custom_issue_key'

extension/jira/extension_ui.py:69: KeyError
04-27-2022, 11:41:24, 1651059684275, Action: test_1_selenium_zscale_view_test_case_in_issue_view, Error: jira_webdriver = <selenium.webdriver.chrome.webdriver.WebDriver (session="cd23560879c09253cda3102213f36dda")>
jira_datasets = {'custom_issues': [], 'issue_id': '914796', 'issue_key': 'AABIS-232', 'issues': [['AABIS-1', '914565', 'AABIS'], ['AAB...', 'AABIS'], ['AABIS-4', '914568', 'AABIS'], ['AABIS-5', '914569', 'AABIS'], ['AABIS-6', '914570', 'AABIS'], ...], ...}
jira_screen_shots = None

    def test_1_selenium_zscale_view_test_case_in_issue_view(jira_webdriver, jira_datasets, jira_screen_shots):
>       extension_ui.zscale_view_test_case_in_issue_view(jira_webdriver, jira_datasets)

selenium_ui/jira_ui.py:67: 
_ _ _ _ _ _ _ _ _ _ _ _ _ _ _ _ _ _ _ _ _ _ _ _ _ _ _ _ _ _ _ _ _ _ _ _ _ _ _ _ 

webdriver = <selenium.webdriver.chrome.webdriver.WebDriver (session="cd23560879c09253cda3102213f36dda")>
datasets = {'custom_issues': [], 'issue_id': '914796', 'issue_key': 'AABIS-232', 'issues': [['AABIS-1', '914565', 'AABIS'], ['AAB...', 'AABIS'], ['AABIS-4', '914568', 'AABIS'], ['AABIS-5', '914569', 'AABIS'], ['AABIS-6', '914570', 'AABIS'], ...], ...}

    def zscale_view_test_case_in_issue_view(webdriver, datasets):
        page = BasePage(webdriver)
>       issue_key = datasets['custom_issue_key']
    
        @print_timing("zephyr_scale_view_test_case_in_issue_view")
E       KeyError: 'custom_issue_key'

extension/jira/extension_ui.py:47: KeyError
04-27-2022, 11:41:24, 1651059684778, Action: test_1_selenium_zscale_view_test_cycle_in_issue_view, Error: jira_webdriver = <selenium.webdriver.chrome.webdriver.WebDriver (session="cd23560879c09253cda3102213f36dda")>
jira_datasets = {'custom_issues': [], 'issue_id': '914796', 'issue_key': 'AABIS-232', 'issues': [['AABIS-1', '914565', 'AABIS'], ['AAB...', 'AABIS'], ['AABIS-4', '914568', 'AABIS'], ['AABIS-5', '914569', 'AABIS'], ['AABIS-6', '914570', 'AABIS'], ...], ...}
jira_screen_shots = None

    def test_1_selenium_zscale_view_test_cycle_in_issue_view(jira_webdriver, jira_datasets, jira_screen_shots):
>       extension_ui.zscale_view_test_cycle_in_issue_view(jira_webdriver, jira_datasets)

selenium_ui/jira_ui.py:70: 
_ _ _ _ _ _ _ _ _ _ _ _ _ _ _ _ _ _ _ _ _ _ _ _ _ _ _ _ _ _ _ _ _ _ _ _ _ _ _ _ 

webdriver = <selenium.webdriver.chrome.webdriver.WebDriver (session="cd23560879c09253cda3102213f36dda")>
datasets = {'custom_issues': [], 'issue_id': '914796', 'issue_key': 'AABIS-232', 'issues': [['AABIS-1', '914565', 'AABIS'], ['AAB...', 'AABIS'], ['AABIS-4', '914568', 'AABIS'], ['AABIS-5', '914569', 'AABIS'], ['AABIS-6', '914570', 'AABIS'], ...], ...}

    def zscale_view_test_cycle_in_issue_view(webdriver, datasets):
        page = BasePage(webdriver)
>       issue_key = datasets['custom_issue_key']
    
        @print_timing("zephyr_scale_view_test_cycle_in_issue_view")
E       KeyError: 'custom_issue_key'

extension/jira/extension_ui.py:58: KeyError
04-27-2022, 11:41:25, 1651059685291, Action: test_1_selenium_zscale_view_test_plan_in_issue_view, Error: jira_webdriver = <selenium.webdriver.chrome.webdriver.WebDriver (session="cd23560879c09253cda3102213f36dda")>
jira_datasets = {'custom_issues': [], 'issue_id': '914796', 'issue_key': 'AABIS-232', 'issues': [['AABIS-1', '914565', 'AABIS'], ['AAB...', 'AABIS'], ['AABIS-4', '914568', 'AABIS'], ['AABIS-5', '914569', 'AABIS'], ['AABIS-6', '914570', 'AABIS'], ...], ...}
jira_screen_shots = None

    def test_1_selenium_zscale_view_test_plan_in_issue_view(jira_webdriver, jira_datasets, jira_screen_shots):
>       extension_ui.zscale_view_test_plan_in_issue_view(jira_webdriver, jira_datasets)

selenium_ui/jira_ui.py:73: 
_ _ _ _ _ _ _ _ _ _ _ _ _ _ _ _ _ _ _ _ _ _ _ _ _ _ _ _ _ _ _ _ _ _ _ _ _ _ _ _ 

webdriver = <selenium.webdriver.chrome.webdriver.WebDriver (session="cd23560879c09253cda3102213f36dda")>
datasets = {'custom_issues': [], 'issue_id': '914796', 'issue_key': 'AABIS-232', 'issues': [['AABIS-1', '914565', 'AABIS'], ['AAB...', 'AABIS'], ['AABIS-4', '914568', 'AABIS'], ['AABIS-5', '914569', 'AABIS'], ['AABIS-6', '914570', 'AABIS'], ...], ...}

    def zscale_view_test_plan_in_issue_view(webdriver, datasets):
        page = BasePage(webdriver)
>       issue_key = datasets['custom_issue_key']
    
        @print_timing("zephyr_scale_view_test_plan_in_issue_view")
E       KeyError: 'custom_issue_key'

extension/jira/extension_ui.py:69: KeyError
04-27-2022, 11:41:40, 1651059700787, Action: test_1_selenium_zscale_view_test_case_in_issue_view, Error: jira_webdriver = <selenium.webdriver.chrome.webdriver.WebDriver (session="cd23560879c09253cda3102213f36dda")>
jira_datasets = {'custom_issues': [], 'issue_id': '206511', 'issue_key': 'AAFAIA-1003', 'issues': [['AABIS-1', '914565', 'AABIS'], ['A...', 'AABIS'], ['AABIS-4', '914568', 'AABIS'], ['AABIS-5', '914569', 'AABIS'], ['AABIS-6', '914570', 'AABIS'], ...], ...}
jira_screen_shots = None

    def test_1_selenium_zscale_view_test_case_in_issue_view(jira_webdriver, jira_datasets, jira_screen_shots):
>       extension_ui.zscale_view_test_case_in_issue_view(jira_webdriver, jira_datasets)

selenium_ui/jira_ui.py:67: 
_ _ _ _ _ _ _ _ _ _ _ _ _ _ _ _ _ _ _ _ _ _ _ _ _ _ _ _ _ _ _ _ _ _ _ _ _ _ _ _ 

webdriver = <selenium.webdriver.chrome.webdriver.WebDriver (session="cd23560879c09253cda3102213f36dda")>
datasets = {'custom_issues': [], 'issue_id': '206511', 'issue_key': 'AAFAIA-1003', 'issues': [['AABIS-1', '914565', 'AABIS'], ['A...', 'AABIS'], ['AABIS-4', '914568', 'AABIS'], ['AABIS-5', '914569', 'AABIS'], ['AABIS-6', '914570', 'AABIS'], ...], ...}

    def zscale_view_test_case_in_issue_view(webdriver, datasets):
        page = BasePage(webdriver)
>       issue_key = datasets['custom_issue_key']
    
        @print_timing("zephyr_scale_view_test_case_in_issue_view")
E       KeyError: 'custom_issue_key'

extension/jira/extension_ui.py:47: KeyError
04-27-2022, 11:41:41, 1651059701304, Action: test_1_selenium_zscale_view_test_cycle_in_issue_view, Error: jira_webdriver = <selenium.webdriver.chrome.webdriver.WebDriver (session="cd23560879c09253cda3102213f36dda")>
jira_datasets = {'custom_issues': [], 'issue_id': '206511', 'issue_key': 'AAFAIA-1003', 'issues': [['AABIS-1', '914565', 'AABIS'], ['A...', 'AABIS'], ['AABIS-4', '914568', 'AABIS'], ['AABIS-5', '914569', 'AABIS'], ['AABIS-6', '914570', 'AABIS'], ...], ...}
jira_screen_shots = None

    def test_1_selenium_zscale_view_test_cycle_in_issue_view(jira_webdriver, jira_datasets, jira_screen_shots):
>       extension_ui.zscale_view_test_cycle_in_issue_view(jira_webdriver, jira_datasets)

selenium_ui/jira_ui.py:70: 
_ _ _ _ _ _ _ _ _ _ _ _ _ _ _ _ _ _ _ _ _ _ _ _ _ _ _ _ _ _ _ _ _ _ _ _ _ _ _ _ 

webdriver = <selenium.webdriver.chrome.webdriver.WebDriver (session="cd23560879c09253cda3102213f36dda")>
datasets = {'custom_issues': [], 'issue_id': '206511', 'issue_key': 'AAFAIA-1003', 'issues': [['AABIS-1', '914565', 'AABIS'], ['A...', 'AABIS'], ['AABIS-4', '914568', 'AABIS'], ['AABIS-5', '914569', 'AABIS'], ['AABIS-6', '914570', 'AABIS'], ...], ...}

    def zscale_view_test_cycle_in_issue_view(webdriver, datasets):
        page = BasePage(webdriver)
>       issue_key = datasets['custom_issue_key']
    
        @print_timing("zephyr_scale_view_test_cycle_in_issue_view")
E       KeyError: 'custom_issue_key'

extension/jira/extension_ui.py:58: KeyError
04-27-2022, 11:41:41, 1651059701905, Action: test_1_selenium_zscale_view_test_plan_in_issue_view, Error: jira_webdriver = <selenium.webdriver.chrome.webdriver.WebDriver (session="cd23560879c09253cda3102213f36dda")>
jira_datasets = {'custom_issues': [], 'issue_id': '206511', 'issue_key': 'AAFAIA-1003', 'issues': [['AABIS-1', '914565', 'AABIS'], ['A...', 'AABIS'], ['AABIS-4', '914568', 'AABIS'], ['AABIS-5', '914569', 'AABIS'], ['AABIS-6', '914570', 'AABIS'], ...], ...}
jira_screen_shots = None

    def test_1_selenium_zscale_view_test_plan_in_issue_view(jira_webdriver, jira_datasets, jira_screen_shots):
>       extension_ui.zscale_view_test_plan_in_issue_view(jira_webdriver, jira_datasets)

selenium_ui/jira_ui.py:73: 
_ _ _ _ _ _ _ _ _ _ _ _ _ _ _ _ _ _ _ _ _ _ _ _ _ _ _ _ _ _ _ _ _ _ _ _ _ _ _ _ 

webdriver = <selenium.webdriver.chrome.webdriver.WebDriver (session="cd23560879c09253cda3102213f36dda")>
datasets = {'custom_issues': [], 'issue_id': '206511', 'issue_key': 'AAFAIA-1003', 'issues': [['AABIS-1', '914565', 'AABIS'], ['A...', 'AABIS'], ['AABIS-4', '914568', 'AABIS'], ['AABIS-5', '914569', 'AABIS'], ['AABIS-6', '914570', 'AABIS'], ...], ...}

    def zscale_view_test_plan_in_issue_view(webdriver, datasets):
        page = BasePage(webdriver)
>       issue_key = datasets['custom_issue_key']
    
        @print_timing("zephyr_scale_view_test_plan_in_issue_view")
E       KeyError: 'custom_issue_key'

extension/jira/extension_ui.py:69: KeyError
04-27-2022, 11:41:57, 1651059717271, Action: test_1_selenium_zscale_view_test_case_in_issue_view, Error: jira_webdriver = <selenium.webdriver.chrome.webdriver.WebDriver (session="cd23560879c09253cda3102213f36dda")>
jira_datasets = {'custom_issues': [], 'issue_id': '207880', 'issue_key': 'AAFAIA-2372', 'issues': [['AABIS-1', '914565', 'AABIS'], ['A...', 'AABIS'], ['AABIS-4', '914568', 'AABIS'], ['AABIS-5', '914569', 'AABIS'], ['AABIS-6', '914570', 'AABIS'], ...], ...}
jira_screen_shots = None

    def test_1_selenium_zscale_view_test_case_in_issue_view(jira_webdriver, jira_datasets, jira_screen_shots):
>       extension_ui.zscale_view_test_case_in_issue_view(jira_webdriver, jira_datasets)

selenium_ui/jira_ui.py:67: 
_ _ _ _ _ _ _ _ _ _ _ _ _ _ _ _ _ _ _ _ _ _ _ _ _ _ _ _ _ _ _ _ _ _ _ _ _ _ _ _ 

webdriver = <selenium.webdriver.chrome.webdriver.WebDriver (session="cd23560879c09253cda3102213f36dda")>
datasets = {'custom_issues': [], 'issue_id': '207880', 'issue_key': 'AAFAIA-2372', 'issues': [['AABIS-1', '914565', 'AABIS'], ['A...', 'AABIS'], ['AABIS-4', '914568', 'AABIS'], ['AABIS-5', '914569', 'AABIS'], ['AABIS-6', '914570', 'AABIS'], ...], ...}

    def zscale_view_test_case_in_issue_view(webdriver, datasets):
        page = BasePage(webdriver)
>       issue_key = datasets['custom_issue_key']
    
        @print_timing("zephyr_scale_view_test_case_in_issue_view")
E       KeyError: 'custom_issue_key'

extension/jira/extension_ui.py:47: KeyError
04-27-2022, 11:41:57, 1651059717886, Action: test_1_selenium_zscale_view_test_cycle_in_issue_view, Error: jira_webdriver = <selenium.webdriver.chrome.webdriver.WebDriver (session="cd23560879c09253cda3102213f36dda")>
jira_datasets = {'custom_issues': [], 'issue_id': '207880', 'issue_key': 'AAFAIA-2372', 'issues': [['AABIS-1', '914565', 'AABIS'], ['A...', 'AABIS'], ['AABIS-4', '914568', 'AABIS'], ['AABIS-5', '914569', 'AABIS'], ['AABIS-6', '914570', 'AABIS'], ...], ...}
jira_screen_shots = None

    def test_1_selenium_zscale_view_test_cycle_in_issue_view(jira_webdriver, jira_datasets, jira_screen_shots):
>       extension_ui.zscale_view_test_cycle_in_issue_view(jira_webdriver, jira_datasets)

selenium_ui/jira_ui.py:70: 
_ _ _ _ _ _ _ _ _ _ _ _ _ _ _ _ _ _ _ _ _ _ _ _ _ _ _ _ _ _ _ _ _ _ _ _ _ _ _ _ 

webdriver = <selenium.webdriver.chrome.webdriver.WebDriver (session="cd23560879c09253cda3102213f36dda")>
datasets = {'custom_issues': [], 'issue_id': '207880', 'issue_key': 'AAFAIA-2372', 'issues': [['AABIS-1', '914565', 'AABIS'], ['A...', 'AABIS'], ['AABIS-4', '914568', 'AABIS'], ['AABIS-5', '914569', 'AABIS'], ['AABIS-6', '914570', 'AABIS'], ...], ...}

    def zscale_view_test_cycle_in_issue_view(webdriver, datasets):
        page = BasePage(webdriver)
>       issue_key = datasets['custom_issue_key']
    
        @print_timing("zephyr_scale_view_test_cycle_in_issue_view")
E       KeyError: 'custom_issue_key'

extension/jira/extension_ui.py:58: KeyError
04-27-2022, 11:41:58, 1651059718456, Action: test_1_selenium_zscale_view_test_plan_in_issue_view, Error: jira_webdriver = <selenium.webdriver.chrome.webdriver.WebDriver (session="cd23560879c09253cda3102213f36dda")>
jira_datasets = {'custom_issues': [], 'issue_id': '207880', 'issue_key': 'AAFAIA-2372', 'issues': [['AABIS-1', '914565', 'AABIS'], ['A...', 'AABIS'], ['AABIS-4', '914568', 'AABIS'], ['AABIS-5', '914569', 'AABIS'], ['AABIS-6', '914570', 'AABIS'], ...], ...}
jira_screen_shots = None

    def test_1_selenium_zscale_view_test_plan_in_issue_view(jira_webdriver, jira_datasets, jira_screen_shots):
>       extension_ui.zscale_view_test_plan_in_issue_view(jira_webdriver, jira_datasets)

selenium_ui/jira_ui.py:73: 
_ _ _ _ _ _ _ _ _ _ _ _ _ _ _ _ _ _ _ _ _ _ _ _ _ _ _ _ _ _ _ _ _ _ _ _ _ _ _ _ 

webdriver = <selenium.webdriver.chrome.webdriver.WebDriver (session="cd23560879c09253cda3102213f36dda")>
datasets = {'custom_issues': [], 'issue_id': '207880', 'issue_key': 'AAFAIA-2372', 'issues': [['AABIS-1', '914565', 'AABIS'], ['A...', 'AABIS'], ['AABIS-4', '914568', 'AABIS'], ['AABIS-5', '914569', 'AABIS'], ['AABIS-6', '914570', 'AABIS'], ...], ...}

    def zscale_view_test_plan_in_issue_view(webdriver, datasets):
        page = BasePage(webdriver)
>       issue_key = datasets['custom_issue_key']
    
        @print_timing("zephyr_scale_view_test_plan_in_issue_view")
E       KeyError: 'custom_issue_key'

extension/jira/extension_ui.py:69: KeyError
04-27-2022, 11:42:13, 1651059733660, Action: test_1_selenium_zscale_view_test_case_in_issue_view, Error: jira_webdriver = <selenium.webdriver.chrome.webdriver.WebDriver (session="cd23560879c09253cda3102213f36dda")>
jira_datasets = {'custom_issues': [], 'issue_id': '915156', 'issue_key': 'AABIS-592', 'issues': [['AABIS-1', '914565', 'AABIS'], ['AAB...', 'AABIS'], ['AABIS-4', '914568', 'AABIS'], ['AABIS-5', '914569', 'AABIS'], ['AABIS-6', '914570', 'AABIS'], ...], ...}
jira_screen_shots = None

    def test_1_selenium_zscale_view_test_case_in_issue_view(jira_webdriver, jira_datasets, jira_screen_shots):
>       extension_ui.zscale_view_test_case_in_issue_view(jira_webdriver, jira_datasets)

selenium_ui/jira_ui.py:67: 
_ _ _ _ _ _ _ _ _ _ _ _ _ _ _ _ _ _ _ _ _ _ _ _ _ _ _ _ _ _ _ _ _ _ _ _ _ _ _ _ 

webdriver = <selenium.webdriver.chrome.webdriver.WebDriver (session="cd23560879c09253cda3102213f36dda")>
datasets = {'custom_issues': [], 'issue_id': '915156', 'issue_key': 'AABIS-592', 'issues': [['AABIS-1', '914565', 'AABIS'], ['AAB...', 'AABIS'], ['AABIS-4', '914568', 'AABIS'], ['AABIS-5', '914569', 'AABIS'], ['AABIS-6', '914570', 'AABIS'], ...], ...}

    def zscale_view_test_case_in_issue_view(webdriver, datasets):
        page = BasePage(webdriver)
>       issue_key = datasets['custom_issue_key']
    
        @print_timing("zephyr_scale_view_test_case_in_issue_view")
E       KeyError: 'custom_issue_key'

extension/jira/extension_ui.py:47: KeyError
04-27-2022, 11:42:14, 1651059734203, Action: test_1_selenium_zscale_view_test_cycle_in_issue_view, Error: jira_webdriver = <selenium.webdriver.chrome.webdriver.WebDriver (session="cd23560879c09253cda3102213f36dda")>
jira_datasets = {'custom_issues': [], 'issue_id': '915156', 'issue_key': 'AABIS-592', 'issues': [['AABIS-1', '914565', 'AABIS'], ['AAB...', 'AABIS'], ['AABIS-4', '914568', 'AABIS'], ['AABIS-5', '914569', 'AABIS'], ['AABIS-6', '914570', 'AABIS'], ...], ...}
jira_screen_shots = None

    def test_1_selenium_zscale_view_test_cycle_in_issue_view(jira_webdriver, jira_datasets, jira_screen_shots):
>       extension_ui.zscale_view_test_cycle_in_issue_view(jira_webdriver, jira_datasets)

selenium_ui/jira_ui.py:70: 
_ _ _ _ _ _ _ _ _ _ _ _ _ _ _ _ _ _ _ _ _ _ _ _ _ _ _ _ _ _ _ _ _ _ _ _ _ _ _ _ 

webdriver = <selenium.webdriver.chrome.webdriver.WebDriver (session="cd23560879c09253cda3102213f36dda")>
datasets = {'custom_issues': [], 'issue_id': '915156', 'issue_key': 'AABIS-592', 'issues': [['AABIS-1', '914565', 'AABIS'], ['AAB...', 'AABIS'], ['AABIS-4', '914568', 'AABIS'], ['AABIS-5', '914569', 'AABIS'], ['AABIS-6', '914570', 'AABIS'], ...], ...}

    def zscale_view_test_cycle_in_issue_view(webdriver, datasets):
        page = BasePage(webdriver)
>       issue_key = datasets['custom_issue_key']
    
        @print_timing("zephyr_scale_view_test_cycle_in_issue_view")
E       KeyError: 'custom_issue_key'

extension/jira/extension_ui.py:58: KeyError
04-27-2022, 11:42:14, 1651059734804, Action: test_1_selenium_zscale_view_test_plan_in_issue_view, Error: jira_webdriver = <selenium.webdriver.chrome.webdriver.WebDriver (session="cd23560879c09253cda3102213f36dda")>
jira_datasets = {'custom_issues': [], 'issue_id': '915156', 'issue_key': 'AABIS-592', 'issues': [['AABIS-1', '914565', 'AABIS'], ['AAB...', 'AABIS'], ['AABIS-4', '914568', 'AABIS'], ['AABIS-5', '914569', 'AABIS'], ['AABIS-6', '914570', 'AABIS'], ...], ...}
jira_screen_shots = None

    def test_1_selenium_zscale_view_test_plan_in_issue_view(jira_webdriver, jira_datasets, jira_screen_shots):
>       extension_ui.zscale_view_test_plan_in_issue_view(jira_webdriver, jira_datasets)

selenium_ui/jira_ui.py:73: 
_ _ _ _ _ _ _ _ _ _ _ _ _ _ _ _ _ _ _ _ _ _ _ _ _ _ _ _ _ _ _ _ _ _ _ _ _ _ _ _ 

webdriver = <selenium.webdriver.chrome.webdriver.WebDriver (session="cd23560879c09253cda3102213f36dda")>
datasets = {'custom_issues': [], 'issue_id': '915156', 'issue_key': 'AABIS-592', 'issues': [['AABIS-1', '914565', 'AABIS'], ['AAB...', 'AABIS'], ['AABIS-4', '914568', 'AABIS'], ['AABIS-5', '914569', 'AABIS'], ['AABIS-6', '914570', 'AABIS'], ...], ...}

    def zscale_view_test_plan_in_issue_view(webdriver, datasets):
        page = BasePage(webdriver)
>       issue_key = datasets['custom_issue_key']
    
        @print_timing("zephyr_scale_view_test_plan_in_issue_view")
E       KeyError: 'custom_issue_key'

extension/jira/extension_ui.py:69: KeyError
04-27-2022, 11:42:31, 1651059751010, Action: test_1_selenium_zscale_view_test_case_in_issue_view, Error: jira_webdriver = <selenium.webdriver.chrome.webdriver.WebDriver (session="cd23560879c09253cda3102213f36dda")>
jira_datasets = {'custom_issues': [], 'issue_id': '205994', 'issue_key': 'AAFAIA-486', 'issues': [['AABIS-1', '914565', 'AABIS'], ['AA...', 'AABIS'], ['AABIS-4', '914568', 'AABIS'], ['AABIS-5', '914569', 'AABIS'], ['AABIS-6', '914570', 'AABIS'], ...], ...}
jira_screen_shots = None

    def test_1_selenium_zscale_view_test_case_in_issue_view(jira_webdriver, jira_datasets, jira_screen_shots):
>       extension_ui.zscale_view_test_case_in_issue_view(jira_webdriver, jira_datasets)

selenium_ui/jira_ui.py:67: 
_ _ _ _ _ _ _ _ _ _ _ _ _ _ _ _ _ _ _ _ _ _ _ _ _ _ _ _ _ _ _ _ _ _ _ _ _ _ _ _ 

webdriver = <selenium.webdriver.chrome.webdriver.WebDriver (session="cd23560879c09253cda3102213f36dda")>
datasets = {'custom_issues': [], 'issue_id': '205994', 'issue_key': 'AAFAIA-486', 'issues': [['AABIS-1', '914565', 'AABIS'], ['AA...', 'AABIS'], ['AABIS-4', '914568', 'AABIS'], ['AABIS-5', '914569', 'AABIS'], ['AABIS-6', '914570', 'AABIS'], ...], ...}

    def zscale_view_test_case_in_issue_view(webdriver, datasets):
        page = BasePage(webdriver)
>       issue_key = datasets['custom_issue_key']
    
        @print_timing("zephyr_scale_view_test_case_in_issue_view")
E       KeyError: 'custom_issue_key'

extension/jira/extension_ui.py:47: KeyError
04-27-2022, 11:42:31, 1651059751496, Action: test_1_selenium_zscale_view_test_cycle_in_issue_view, Error: jira_webdriver = <selenium.webdriver.chrome.webdriver.WebDriver (session="cd23560879c09253cda3102213f36dda")>
jira_datasets = {'custom_issues': [], 'issue_id': '205994', 'issue_key': 'AAFAIA-486', 'issues': [['AABIS-1', '914565', 'AABIS'], ['AA...', 'AABIS'], ['AABIS-4', '914568', 'AABIS'], ['AABIS-5', '914569', 'AABIS'], ['AABIS-6', '914570', 'AABIS'], ...], ...}
jira_screen_shots = None

    def test_1_selenium_zscale_view_test_cycle_in_issue_view(jira_webdriver, jira_datasets, jira_screen_shots):
>       extension_ui.zscale_view_test_cycle_in_issue_view(jira_webdriver, jira_datasets)

selenium_ui/jira_ui.py:70: 
_ _ _ _ _ _ _ _ _ _ _ _ _ _ _ _ _ _ _ _ _ _ _ _ _ _ _ _ _ _ _ _ _ _ _ _ _ _ _ _ 

webdriver = <selenium.webdriver.chrome.webdriver.WebDriver (session="cd23560879c09253cda3102213f36dda")>
datasets = {'custom_issues': [], 'issue_id': '205994', 'issue_key': 'AAFAIA-486', 'issues': [['AABIS-1', '914565', 'AABIS'], ['AA...', 'AABIS'], ['AABIS-4', '914568', 'AABIS'], ['AABIS-5', '914569', 'AABIS'], ['AABIS-6', '914570', 'AABIS'], ...], ...}

    def zscale_view_test_cycle_in_issue_view(webdriver, datasets):
        page = BasePage(webdriver)
>       issue_key = datasets['custom_issue_key']
    
        @print_timing("zephyr_scale_view_test_cycle_in_issue_view")
E       KeyError: 'custom_issue_key'

extension/jira/extension_ui.py:58: KeyError
04-27-2022, 11:42:32, 1651059752110, Action: test_1_selenium_zscale_view_test_plan_in_issue_view, Error: jira_webdriver = <selenium.webdriver.chrome.webdriver.WebDriver (session="cd23560879c09253cda3102213f36dda")>
jira_datasets = {'custom_issues': [], 'issue_id': '205994', 'issue_key': 'AAFAIA-486', 'issues': [['AABIS-1', '914565', 'AABIS'], ['AA...', 'AABIS'], ['AABIS-4', '914568', 'AABIS'], ['AABIS-5', '914569', 'AABIS'], ['AABIS-6', '914570', 'AABIS'], ...], ...}
jira_screen_shots = None

    def test_1_selenium_zscale_view_test_plan_in_issue_view(jira_webdriver, jira_datasets, jira_screen_shots):
>       extension_ui.zscale_view_test_plan_in_issue_view(jira_webdriver, jira_datasets)

selenium_ui/jira_ui.py:73: 
_ _ _ _ _ _ _ _ _ _ _ _ _ _ _ _ _ _ _ _ _ _ _ _ _ _ _ _ _ _ _ _ _ _ _ _ _ _ _ _ 

webdriver = <selenium.webdriver.chrome.webdriver.WebDriver (session="cd23560879c09253cda3102213f36dda")>
datasets = {'custom_issues': [], 'issue_id': '205994', 'issue_key': 'AAFAIA-486', 'issues': [['AABIS-1', '914565', 'AABIS'], ['AA...', 'AABIS'], ['AABIS-4', '914568', 'AABIS'], ['AABIS-5', '914569', 'AABIS'], ['AABIS-6', '914570', 'AABIS'], ...], ...}

    def zscale_view_test_plan_in_issue_view(webdriver, datasets):
        page = BasePage(webdriver)
>       issue_key = datasets['custom_issue_key']
    
        @print_timing("zephyr_scale_view_test_plan_in_issue_view")
E       KeyError: 'custom_issue_key'

extension/jira/extension_ui.py:69: KeyError
04-27-2022, 11:42:47, 1651059767525, Action: test_1_selenium_zscale_view_test_case_in_issue_view, Error: jira_webdriver = <selenium.webdriver.chrome.webdriver.WebDriver (session="cd23560879c09253cda3102213f36dda")>
jira_datasets = {'custom_issues': [], 'issue_id': '206756', 'issue_key': 'AAFAIA-1248', 'issues': [['AABIS-1', '914565', 'AABIS'], ['A...', 'AABIS'], ['AABIS-4', '914568', 'AABIS'], ['AABIS-5', '914569', 'AABIS'], ['AABIS-6', '914570', 'AABIS'], ...], ...}
jira_screen_shots = None

    def test_1_selenium_zscale_view_test_case_in_issue_view(jira_webdriver, jira_datasets, jira_screen_shots):
>       extension_ui.zscale_view_test_case_in_issue_view(jira_webdriver, jira_datasets)

selenium_ui/jira_ui.py:67: 
_ _ _ _ _ _ _ _ _ _ _ _ _ _ _ _ _ _ _ _ _ _ _ _ _ _ _ _ _ _ _ _ _ _ _ _ _ _ _ _ 

webdriver = <selenium.webdriver.chrome.webdriver.WebDriver (session="cd23560879c09253cda3102213f36dda")>
datasets = {'custom_issues': [], 'issue_id': '206756', 'issue_key': 'AAFAIA-1248', 'issues': [['AABIS-1', '914565', 'AABIS'], ['A...', 'AABIS'], ['AABIS-4', '914568', 'AABIS'], ['AABIS-5', '914569', 'AABIS'], ['AABIS-6', '914570', 'AABIS'], ...], ...}

    def zscale_view_test_case_in_issue_view(webdriver, datasets):
        page = BasePage(webdriver)
>       issue_key = datasets['custom_issue_key']
    
        @print_timing("zephyr_scale_view_test_case_in_issue_view")
E       KeyError: 'custom_issue_key'

extension/jira/extension_ui.py:47: KeyError
04-27-2022, 11:42:48, 1651059768020, Action: test_1_selenium_zscale_view_test_cycle_in_issue_view, Error: jira_webdriver = <selenium.webdriver.chrome.webdriver.WebDriver (session="cd23560879c09253cda3102213f36dda")>
jira_datasets = {'custom_issues': [], 'issue_id': '206756', 'issue_key': 'AAFAIA-1248', 'issues': [['AABIS-1', '914565', 'AABIS'], ['A...', 'AABIS'], ['AABIS-4', '914568', 'AABIS'], ['AABIS-5', '914569', 'AABIS'], ['AABIS-6', '914570', 'AABIS'], ...], ...}
jira_screen_shots = None

    def test_1_selenium_zscale_view_test_cycle_in_issue_view(jira_webdriver, jira_datasets, jira_screen_shots):
>       extension_ui.zscale_view_test_cycle_in_issue_view(jira_webdriver, jira_datasets)

selenium_ui/jira_ui.py:70: 
_ _ _ _ _ _ _ _ _ _ _ _ _ _ _ _ _ _ _ _ _ _ _ _ _ _ _ _ _ _ _ _ _ _ _ _ _ _ _ _ 

webdriver = <selenium.webdriver.chrome.webdriver.WebDriver (session="cd23560879c09253cda3102213f36dda")>
datasets = {'custom_issues': [], 'issue_id': '206756', 'issue_key': 'AAFAIA-1248', 'issues': [['AABIS-1', '914565', 'AABIS'], ['A...', 'AABIS'], ['AABIS-4', '914568', 'AABIS'], ['AABIS-5', '914569', 'AABIS'], ['AABIS-6', '914570', 'AABIS'], ...], ...}

    def zscale_view_test_cycle_in_issue_view(webdriver, datasets):
        page = BasePage(webdriver)
>       issue_key = datasets['custom_issue_key']
    
        @print_timing("zephyr_scale_view_test_cycle_in_issue_view")
E       KeyError: 'custom_issue_key'

extension/jira/extension_ui.py:58: KeyError
04-27-2022, 11:42:48, 1651059768636, Action: test_1_selenium_zscale_view_test_plan_in_issue_view, Error: jira_webdriver = <selenium.webdriver.chrome.webdriver.WebDriver (session="cd23560879c09253cda3102213f36dda")>
jira_datasets = {'custom_issues': [], 'issue_id': '206756', 'issue_key': 'AAFAIA-1248', 'issues': [['AABIS-1', '914565', 'AABIS'], ['A...', 'AABIS'], ['AABIS-4', '914568', 'AABIS'], ['AABIS-5', '914569', 'AABIS'], ['AABIS-6', '914570', 'AABIS'], ...], ...}
jira_screen_shots = None

    def test_1_selenium_zscale_view_test_plan_in_issue_view(jira_webdriver, jira_datasets, jira_screen_shots):
>       extension_ui.zscale_view_test_plan_in_issue_view(jira_webdriver, jira_datasets)

selenium_ui/jira_ui.py:73: 
_ _ _ _ _ _ _ _ _ _ _ _ _ _ _ _ _ _ _ _ _ _ _ _ _ _ _ _ _ _ _ _ _ _ _ _ _ _ _ _ 

webdriver = <selenium.webdriver.chrome.webdriver.WebDriver (session="cd23560879c09253cda3102213f36dda")>
datasets = {'custom_issues': [], 'issue_id': '206756', 'issue_key': 'AAFAIA-1248', 'issues': [['AABIS-1', '914565', 'AABIS'], ['A...', 'AABIS'], ['AABIS-4', '914568', 'AABIS'], ['AABIS-5', '914569', 'AABIS'], ['AABIS-6', '914570', 'AABIS'], ...], ...}

    def zscale_view_test_plan_in_issue_view(webdriver, datasets):
        page = BasePage(webdriver)
>       issue_key = datasets['custom_issue_key']
    
        @print_timing("zephyr_scale_view_test_plan_in_issue_view")
E       KeyError: 'custom_issue_key'

extension/jira/extension_ui.py:69: KeyError
04-27-2022, 11:43:03, 1651059783821, Action: test_1_selenium_zscale_view_test_case_in_issue_view, Error: jira_webdriver = <selenium.webdriver.chrome.webdriver.WebDriver (session="cd23560879c09253cda3102213f36dda")>
jira_datasets = {'custom_issues': [], 'issue_id': '2083800', 'issue_key': 'AABIS-2535', 'issues': [['AABIS-1', '914565', 'AABIS'], ['A...', 'AABIS'], ['AABIS-4', '914568', 'AABIS'], ['AABIS-5', '914569', 'AABIS'], ['AABIS-6', '914570', 'AABIS'], ...], ...}
jira_screen_shots = None

    def test_1_selenium_zscale_view_test_case_in_issue_view(jira_webdriver, jira_datasets, jira_screen_shots):
>       extension_ui.zscale_view_test_case_in_issue_view(jira_webdriver, jira_datasets)

selenium_ui/jira_ui.py:67: 
_ _ _ _ _ _ _ _ _ _ _ _ _ _ _ _ _ _ _ _ _ _ _ _ _ _ _ _ _ _ _ _ _ _ _ _ _ _ _ _ 

webdriver = <selenium.webdriver.chrome.webdriver.WebDriver (session="cd23560879c09253cda3102213f36dda")>
datasets = {'custom_issues': [], 'issue_id': '2083800', 'issue_key': 'AABIS-2535', 'issues': [['AABIS-1', '914565', 'AABIS'], ['A...', 'AABIS'], ['AABIS-4', '914568', 'AABIS'], ['AABIS-5', '914569', 'AABIS'], ['AABIS-6', '914570', 'AABIS'], ...], ...}

    def zscale_view_test_case_in_issue_view(webdriver, datasets):
        page = BasePage(webdriver)
>       issue_key = datasets['custom_issue_key']
    
        @print_timing("zephyr_scale_view_test_case_in_issue_view")
E       KeyError: 'custom_issue_key'

extension/jira/extension_ui.py:47: KeyError
04-27-2022, 11:43:04, 1651059784309, Action: test_1_selenium_zscale_view_test_cycle_in_issue_view, Error: jira_webdriver = <selenium.webdriver.chrome.webdriver.WebDriver (session="cd23560879c09253cda3102213f36dda")>
jira_datasets = {'custom_issues': [], 'issue_id': '2083800', 'issue_key': 'AABIS-2535', 'issues': [['AABIS-1', '914565', 'AABIS'], ['A...', 'AABIS'], ['AABIS-4', '914568', 'AABIS'], ['AABIS-5', '914569', 'AABIS'], ['AABIS-6', '914570', 'AABIS'], ...], ...}
jira_screen_shots = None

    def test_1_selenium_zscale_view_test_cycle_in_issue_view(jira_webdriver, jira_datasets, jira_screen_shots):
>       extension_ui.zscale_view_test_cycle_in_issue_view(jira_webdriver, jira_datasets)

selenium_ui/jira_ui.py:70: 
_ _ _ _ _ _ _ _ _ _ _ _ _ _ _ _ _ _ _ _ _ _ _ _ _ _ _ _ _ _ _ _ _ _ _ _ _ _ _ _ 

webdriver = <selenium.webdriver.chrome.webdriver.WebDriver (session="cd23560879c09253cda3102213f36dda")>
datasets = {'custom_issues': [], 'issue_id': '2083800', 'issue_key': 'AABIS-2535', 'issues': [['AABIS-1', '914565', 'AABIS'], ['A...', 'AABIS'], ['AABIS-4', '914568', 'AABIS'], ['AABIS-5', '914569', 'AABIS'], ['AABIS-6', '914570', 'AABIS'], ...], ...}

    def zscale_view_test_cycle_in_issue_view(webdriver, datasets):
        page = BasePage(webdriver)
>       issue_key = datasets['custom_issue_key']
    
        @print_timing("zephyr_scale_view_test_cycle_in_issue_view")
E       KeyError: 'custom_issue_key'

extension/jira/extension_ui.py:58: KeyError
04-27-2022, 11:43:04, 1651059784861, Action: test_1_selenium_zscale_view_test_plan_in_issue_view, Error: jira_webdriver = <selenium.webdriver.chrome.webdriver.WebDriver (session="cd23560879c09253cda3102213f36dda")>
jira_datasets = {'custom_issues': [], 'issue_id': '2083800', 'issue_key': 'AABIS-2535', 'issues': [['AABIS-1', '914565', 'AABIS'], ['A...', 'AABIS'], ['AABIS-4', '914568', 'AABIS'], ['AABIS-5', '914569', 'AABIS'], ['AABIS-6', '914570', 'AABIS'], ...], ...}
jira_screen_shots = None

    def test_1_selenium_zscale_view_test_plan_in_issue_view(jira_webdriver, jira_datasets, jira_screen_shots):
>       extension_ui.zscale_view_test_plan_in_issue_view(jira_webdriver, jira_datasets)

selenium_ui/jira_ui.py:73: 
_ _ _ _ _ _ _ _ _ _ _ _ _ _ _ _ _ _ _ _ _ _ _ _ _ _ _ _ _ _ _ _ _ _ _ _ _ _ _ _ 

webdriver = <selenium.webdriver.chrome.webdriver.WebDriver (session="cd23560879c09253cda3102213f36dda")>
datasets = {'custom_issues': [], 'issue_id': '2083800', 'issue_key': 'AABIS-2535', 'issues': [['AABIS-1', '914565', 'AABIS'], ['A...', 'AABIS'], ['AABIS-4', '914568', 'AABIS'], ['AABIS-5', '914569', 'AABIS'], ['AABIS-6', '914570', 'AABIS'], ...], ...}

    def zscale_view_test_plan_in_issue_view(webdriver, datasets):
        page = BasePage(webdriver)
>       issue_key = datasets['custom_issue_key']
    
        @print_timing("zephyr_scale_view_test_plan_in_issue_view")
E       KeyError: 'custom_issue_key'

extension/jira/extension_ui.py:69: KeyError
04-27-2022, 11:43:20, 1651059800554, Action: test_1_selenium_zscale_view_test_case_in_issue_view, Error: jira_webdriver = <selenium.webdriver.chrome.webdriver.WebDriver (session="cd23560879c09253cda3102213f36dda")>
jira_datasets = {'custom_issues': [], 'issue_id': '915441', 'issue_key': 'AABIS-877', 'issues': [['AABIS-1', '914565', 'AABIS'], ['AAB...', 'AABIS'], ['AABIS-4', '914568', 'AABIS'], ['AABIS-5', '914569', 'AABIS'], ['AABIS-6', '914570', 'AABIS'], ...], ...}
jira_screen_shots = None

    def test_1_selenium_zscale_view_test_case_in_issue_view(jira_webdriver, jira_datasets, jira_screen_shots):
>       extension_ui.zscale_view_test_case_in_issue_view(jira_webdriver, jira_datasets)

selenium_ui/jira_ui.py:67: 
_ _ _ _ _ _ _ _ _ _ _ _ _ _ _ _ _ _ _ _ _ _ _ _ _ _ _ _ _ _ _ _ _ _ _ _ _ _ _ _ 

webdriver = <selenium.webdriver.chrome.webdriver.WebDriver (session="cd23560879c09253cda3102213f36dda")>
datasets = {'custom_issues': [], 'issue_id': '915441', 'issue_key': 'AABIS-877', 'issues': [['AABIS-1', '914565', 'AABIS'], ['AAB...', 'AABIS'], ['AABIS-4', '914568', 'AABIS'], ['AABIS-5', '914569', 'AABIS'], ['AABIS-6', '914570', 'AABIS'], ...], ...}

    def zscale_view_test_case_in_issue_view(webdriver, datasets):
        page = BasePage(webdriver)
>       issue_key = datasets['custom_issue_key']
    
        @print_timing("zephyr_scale_view_test_case_in_issue_view")
E       KeyError: 'custom_issue_key'

extension/jira/extension_ui.py:47: KeyError
04-27-2022, 11:43:21, 1651059801132, Action: test_1_selenium_zscale_view_test_cycle_in_issue_view, Error: jira_webdriver = <selenium.webdriver.chrome.webdriver.WebDriver (session="cd23560879c09253cda3102213f36dda")>
jira_datasets = {'custom_issues': [], 'issue_id': '915441', 'issue_key': 'AABIS-877', 'issues': [['AABIS-1', '914565', 'AABIS'], ['AAB...', 'AABIS'], ['AABIS-4', '914568', 'AABIS'], ['AABIS-5', '914569', 'AABIS'], ['AABIS-6', '914570', 'AABIS'], ...], ...}
jira_screen_shots = None

    def test_1_selenium_zscale_view_test_cycle_in_issue_view(jira_webdriver, jira_datasets, jira_screen_shots):
>       extension_ui.zscale_view_test_cycle_in_issue_view(jira_webdriver, jira_datasets)

selenium_ui/jira_ui.py:70: 
_ _ _ _ _ _ _ _ _ _ _ _ _ _ _ _ _ _ _ _ _ _ _ _ _ _ _ _ _ _ _ _ _ _ _ _ _ _ _ _ 

webdriver = <selenium.webdriver.chrome.webdriver.WebDriver (session="cd23560879c09253cda3102213f36dda")>
datasets = {'custom_issues': [], 'issue_id': '915441', 'issue_key': 'AABIS-877', 'issues': [['AABIS-1', '914565', 'AABIS'], ['AAB...', 'AABIS'], ['AABIS-4', '914568', 'AABIS'], ['AABIS-5', '914569', 'AABIS'], ['AABIS-6', '914570', 'AABIS'], ...], ...}

    def zscale_view_test_cycle_in_issue_view(webdriver, datasets):
        page = BasePage(webdriver)
>       issue_key = datasets['custom_issue_key']
    
        @print_timing("zephyr_scale_view_test_cycle_in_issue_view")
E       KeyError: 'custom_issue_key'

extension/jira/extension_ui.py:58: KeyError
04-27-2022, 11:43:21, 1651059801703, Action: test_1_selenium_zscale_view_test_plan_in_issue_view, Error: jira_webdriver = <selenium.webdriver.chrome.webdriver.WebDriver (session="cd23560879c09253cda3102213f36dda")>
jira_datasets = {'custom_issues': [], 'issue_id': '915441', 'issue_key': 'AABIS-877', 'issues': [['AABIS-1', '914565', 'AABIS'], ['AAB...', 'AABIS'], ['AABIS-4', '914568', 'AABIS'], ['AABIS-5', '914569', 'AABIS'], ['AABIS-6', '914570', 'AABIS'], ...], ...}
jira_screen_shots = None

    def test_1_selenium_zscale_view_test_plan_in_issue_view(jira_webdriver, jira_datasets, jira_screen_shots):
>       extension_ui.zscale_view_test_plan_in_issue_view(jira_webdriver, jira_datasets)

selenium_ui/jira_ui.py:73: 
_ _ _ _ _ _ _ _ _ _ _ _ _ _ _ _ _ _ _ _ _ _ _ _ _ _ _ _ _ _ _ _ _ _ _ _ _ _ _ _ 

webdriver = <selenium.webdriver.chrome.webdriver.WebDriver (session="cd23560879c09253cda3102213f36dda")>
datasets = {'custom_issues': [], 'issue_id': '915441', 'issue_key': 'AABIS-877', 'issues': [['AABIS-1', '914565', 'AABIS'], ['AAB...', 'AABIS'], ['AABIS-4', '914568', 'AABIS'], ['AABIS-5', '914569', 'AABIS'], ['AABIS-6', '914570', 'AABIS'], ...], ...}

    def zscale_view_test_plan_in_issue_view(webdriver, datasets):
        page = BasePage(webdriver)
>       issue_key = datasets['custom_issue_key']
    
        @print_timing("zephyr_scale_view_test_plan_in_issue_view")
E       KeyError: 'custom_issue_key'

extension/jira/extension_ui.py:69: KeyError
04-27-2022, 11:43:37, 1651059817267, Action: test_1_selenium_zscale_view_test_case_in_issue_view, Error: jira_webdriver = <selenium.webdriver.chrome.webdriver.WebDriver (session="cd23560879c09253cda3102213f36dda")>
jira_datasets = {'custom_issues': [], 'issue_id': '207993', 'issue_key': 'AAFAIA-2485', 'issues': [['AABIS-1', '914565', 'AABIS'], ['A...', 'AABIS'], ['AABIS-4', '914568', 'AABIS'], ['AABIS-5', '914569', 'AABIS'], ['AABIS-6', '914570', 'AABIS'], ...], ...}
jira_screen_shots = None

    def test_1_selenium_zscale_view_test_case_in_issue_view(jira_webdriver, jira_datasets, jira_screen_shots):
>       extension_ui.zscale_view_test_case_in_issue_view(jira_webdriver, jira_datasets)

selenium_ui/jira_ui.py:67: 
_ _ _ _ _ _ _ _ _ _ _ _ _ _ _ _ _ _ _ _ _ _ _ _ _ _ _ _ _ _ _ _ _ _ _ _ _ _ _ _ 

webdriver = <selenium.webdriver.chrome.webdriver.WebDriver (session="cd23560879c09253cda3102213f36dda")>
datasets = {'custom_issues': [], 'issue_id': '207993', 'issue_key': 'AAFAIA-2485', 'issues': [['AABIS-1', '914565', 'AABIS'], ['A...', 'AABIS'], ['AABIS-4', '914568', 'AABIS'], ['AABIS-5', '914569', 'AABIS'], ['AABIS-6', '914570', 'AABIS'], ...], ...}

    def zscale_view_test_case_in_issue_view(webdriver, datasets):
        page = BasePage(webdriver)
>       issue_key = datasets['custom_issue_key']
    
        @print_timing("zephyr_scale_view_test_case_in_issue_view")
E       KeyError: 'custom_issue_key'

extension/jira/extension_ui.py:47: KeyError
04-27-2022, 11:43:37, 1651059817787, Action: test_1_selenium_zscale_view_test_cycle_in_issue_view, Error: jira_webdriver = <selenium.webdriver.chrome.webdriver.WebDriver (session="cd23560879c09253cda3102213f36dda")>
jira_datasets = {'custom_issues': [], 'issue_id': '207993', 'issue_key': 'AAFAIA-2485', 'issues': [['AABIS-1', '914565', 'AABIS'], ['A...', 'AABIS'], ['AABIS-4', '914568', 'AABIS'], ['AABIS-5', '914569', 'AABIS'], ['AABIS-6', '914570', 'AABIS'], ...], ...}
jira_screen_shots = None

    def test_1_selenium_zscale_view_test_cycle_in_issue_view(jira_webdriver, jira_datasets, jira_screen_shots):
>       extension_ui.zscale_view_test_cycle_in_issue_view(jira_webdriver, jira_datasets)

selenium_ui/jira_ui.py:70: 
_ _ _ _ _ _ _ _ _ _ _ _ _ _ _ _ _ _ _ _ _ _ _ _ _ _ _ _ _ _ _ _ _ _ _ _ _ _ _ _ 

webdriver = <selenium.webdriver.chrome.webdriver.WebDriver (session="cd23560879c09253cda3102213f36dda")>
datasets = {'custom_issues': [], 'issue_id': '207993', 'issue_key': 'AAFAIA-2485', 'issues': [['AABIS-1', '914565', 'AABIS'], ['A...', 'AABIS'], ['AABIS-4', '914568', 'AABIS'], ['AABIS-5', '914569', 'AABIS'], ['AABIS-6', '914570', 'AABIS'], ...], ...}

    def zscale_view_test_cycle_in_issue_view(webdriver, datasets):
        page = BasePage(webdriver)
>       issue_key = datasets['custom_issue_key']
    
        @print_timing("zephyr_scale_view_test_cycle_in_issue_view")
E       KeyError: 'custom_issue_key'

extension/jira/extension_ui.py:58: KeyError
04-27-2022, 11:43:38, 1651059818331, Action: test_1_selenium_zscale_view_test_plan_in_issue_view, Error: jira_webdriver = <selenium.webdriver.chrome.webdriver.WebDriver (session="cd23560879c09253cda3102213f36dda")>
jira_datasets = {'custom_issues': [], 'issue_id': '207993', 'issue_key': 'AAFAIA-2485', 'issues': [['AABIS-1', '914565', 'AABIS'], ['A...', 'AABIS'], ['AABIS-4', '914568', 'AABIS'], ['AABIS-5', '914569', 'AABIS'], ['AABIS-6', '914570', 'AABIS'], ...], ...}
jira_screen_shots = None

    def test_1_selenium_zscale_view_test_plan_in_issue_view(jira_webdriver, jira_datasets, jira_screen_shots):
>       extension_ui.zscale_view_test_plan_in_issue_view(jira_webdriver, jira_datasets)

selenium_ui/jira_ui.py:73: 
_ _ _ _ _ _ _ _ _ _ _ _ _ _ _ _ _ _ _ _ _ _ _ _ _ _ _ _ _ _ _ _ _ _ _ _ _ _ _ _ 

webdriver = <selenium.webdriver.chrome.webdriver.WebDriver (session="cd23560879c09253cda3102213f36dda")>
datasets = {'custom_issues': [], 'issue_id': '207993', 'issue_key': 'AAFAIA-2485', 'issues': [['AABIS-1', '914565', 'AABIS'], ['A...', 'AABIS'], ['AABIS-4', '914568', 'AABIS'], ['AABIS-5', '914569', 'AABIS'], ['AABIS-6', '914570', 'AABIS'], ...], ...}

    def zscale_view_test_plan_in_issue_view(webdriver, datasets):
        page = BasePage(webdriver)
>       issue_key = datasets['custom_issue_key']
    
        @print_timing("zephyr_scale_view_test_plan_in_issue_view")
E       KeyError: 'custom_issue_key'

extension/jira/extension_ui.py:69: KeyError
04-27-2022, 11:43:54, 1651059834363, Action: test_1_selenium_zscale_view_test_case_in_issue_view, Error: jira_webdriver = <selenium.webdriver.chrome.webdriver.WebDriver (session="cd23560879c09253cda3102213f36dda")>
jira_datasets = {'custom_issues': [], 'issue_id': '208072', 'issue_key': 'AAFAIA-2564', 'issues': [['AABIS-1', '914565', 'AABIS'], ['A...', 'AABIS'], ['AABIS-4', '914568', 'AABIS'], ['AABIS-5', '914569', 'AABIS'], ['AABIS-6', '914570', 'AABIS'], ...], ...}
jira_screen_shots = None

    def test_1_selenium_zscale_view_test_case_in_issue_view(jira_webdriver, jira_datasets, jira_screen_shots):
>       extension_ui.zscale_view_test_case_in_issue_view(jira_webdriver, jira_datasets)

selenium_ui/jira_ui.py:67: 
_ _ _ _ _ _ _ _ _ _ _ _ _ _ _ _ _ _ _ _ _ _ _ _ _ _ _ _ _ _ _ _ _ _ _ _ _ _ _ _ 

webdriver = <selenium.webdriver.chrome.webdriver.WebDriver (session="cd23560879c09253cda3102213f36dda")>
datasets = {'custom_issues': [], 'issue_id': '208072', 'issue_key': 'AAFAIA-2564', 'issues': [['AABIS-1', '914565', 'AABIS'], ['A...', 'AABIS'], ['AABIS-4', '914568', 'AABIS'], ['AABIS-5', '914569', 'AABIS'], ['AABIS-6', '914570', 'AABIS'], ...], ...}

    def zscale_view_test_case_in_issue_view(webdriver, datasets):
        page = BasePage(webdriver)
>       issue_key = datasets['custom_issue_key']
    
        @print_timing("zephyr_scale_view_test_case_in_issue_view")
E       KeyError: 'custom_issue_key'

extension/jira/extension_ui.py:47: KeyError
04-27-2022, 11:43:54, 1651059834952, Action: test_1_selenium_zscale_view_test_cycle_in_issue_view, Error: jira_webdriver = <selenium.webdriver.chrome.webdriver.WebDriver (session="cd23560879c09253cda3102213f36dda")>
jira_datasets = {'custom_issues': [], 'issue_id': '208072', 'issue_key': 'AAFAIA-2564', 'issues': [['AABIS-1', '914565', 'AABIS'], ['A...', 'AABIS'], ['AABIS-4', '914568', 'AABIS'], ['AABIS-5', '914569', 'AABIS'], ['AABIS-6', '914570', 'AABIS'], ...], ...}
jira_screen_shots = None

    def test_1_selenium_zscale_view_test_cycle_in_issue_view(jira_webdriver, jira_datasets, jira_screen_shots):
>       extension_ui.zscale_view_test_cycle_in_issue_view(jira_webdriver, jira_datasets)

selenium_ui/jira_ui.py:70: 
_ _ _ _ _ _ _ _ _ _ _ _ _ _ _ _ _ _ _ _ _ _ _ _ _ _ _ _ _ _ _ _ _ _ _ _ _ _ _ _ 

webdriver = <selenium.webdriver.chrome.webdriver.WebDriver (session="cd23560879c09253cda3102213f36dda")>
datasets = {'custom_issues': [], 'issue_id': '208072', 'issue_key': 'AAFAIA-2564', 'issues': [['AABIS-1', '914565', 'AABIS'], ['A...', 'AABIS'], ['AABIS-4', '914568', 'AABIS'], ['AABIS-5', '914569', 'AABIS'], ['AABIS-6', '914570', 'AABIS'], ...], ...}

    def zscale_view_test_cycle_in_issue_view(webdriver, datasets):
        page = BasePage(webdriver)
>       issue_key = datasets['custom_issue_key']
    
        @print_timing("zephyr_scale_view_test_cycle_in_issue_view")
E       KeyError: 'custom_issue_key'

extension/jira/extension_ui.py:58: KeyError
04-27-2022, 11:43:55, 1651059835491, Action: test_1_selenium_zscale_view_test_plan_in_issue_view, Error: jira_webdriver = <selenium.webdriver.chrome.webdriver.WebDriver (session="cd23560879c09253cda3102213f36dda")>
jira_datasets = {'custom_issues': [], 'issue_id': '208072', 'issue_key': 'AAFAIA-2564', 'issues': [['AABIS-1', '914565', 'AABIS'], ['A...', 'AABIS'], ['AABIS-4', '914568', 'AABIS'], ['AABIS-5', '914569', 'AABIS'], ['AABIS-6', '914570', 'AABIS'], ...], ...}
jira_screen_shots = None

    def test_1_selenium_zscale_view_test_plan_in_issue_view(jira_webdriver, jira_datasets, jira_screen_shots):
>       extension_ui.zscale_view_test_plan_in_issue_view(jira_webdriver, jira_datasets)

selenium_ui/jira_ui.py:73: 
_ _ _ _ _ _ _ _ _ _ _ _ _ _ _ _ _ _ _ _ _ _ _ _ _ _ _ _ _ _ _ _ _ _ _ _ _ _ _ _ 

webdriver = <selenium.webdriver.chrome.webdriver.WebDriver (session="cd23560879c09253cda3102213f36dda")>
datasets = {'custom_issues': [], 'issue_id': '208072', 'issue_key': 'AAFAIA-2564', 'issues': [['AABIS-1', '914565', 'AABIS'], ['A...', 'AABIS'], ['AABIS-4', '914568', 'AABIS'], ['AABIS-5', '914569', 'AABIS'], ['AABIS-6', '914570', 'AABIS'], ...], ...}

    def zscale_view_test_plan_in_issue_view(webdriver, datasets):
        page = BasePage(webdriver)
>       issue_key = datasets['custom_issue_key']
    
        @print_timing("zephyr_scale_view_test_plan_in_issue_view")
E       KeyError: 'custom_issue_key'

extension/jira/extension_ui.py:69: KeyError
04-27-2022, 11:44:11, 1651059851396, Action: test_1_selenium_zscale_view_test_case_in_issue_view, Error: jira_webdriver = <selenium.webdriver.chrome.webdriver.WebDriver (session="cd23560879c09253cda3102213f36dda")>
jira_datasets = {'custom_issues': [], 'issue_id': '209143', 'issue_key': 'AAFAIA-3635', 'issues': [['AABIS-1', '914565', 'AABIS'], ['A...', 'AABIS'], ['AABIS-4', '914568', 'AABIS'], ['AABIS-5', '914569', 'AABIS'], ['AABIS-6', '914570', 'AABIS'], ...], ...}
jira_screen_shots = None

    def test_1_selenium_zscale_view_test_case_in_issue_view(jira_webdriver, jira_datasets, jira_screen_shots):
>       extension_ui.zscale_view_test_case_in_issue_view(jira_webdriver, jira_datasets)

selenium_ui/jira_ui.py:67: 
_ _ _ _ _ _ _ _ _ _ _ _ _ _ _ _ _ _ _ _ _ _ _ _ _ _ _ _ _ _ _ _ _ _ _ _ _ _ _ _ 

webdriver = <selenium.webdriver.chrome.webdriver.WebDriver (session="cd23560879c09253cda3102213f36dda")>
datasets = {'custom_issues': [], 'issue_id': '209143', 'issue_key': 'AAFAIA-3635', 'issues': [['AABIS-1', '914565', 'AABIS'], ['A...', 'AABIS'], ['AABIS-4', '914568', 'AABIS'], ['AABIS-5', '914569', 'AABIS'], ['AABIS-6', '914570', 'AABIS'], ...], ...}

    def zscale_view_test_case_in_issue_view(webdriver, datasets):
        page = BasePage(webdriver)
>       issue_key = datasets['custom_issue_key']
    
        @print_timing("zephyr_scale_view_test_case_in_issue_view")
E       KeyError: 'custom_issue_key'

extension/jira/extension_ui.py:47: KeyError
04-27-2022, 11:44:11, 1651059851935, Action: test_1_selenium_zscale_view_test_cycle_in_issue_view, Error: jira_webdriver = <selenium.webdriver.chrome.webdriver.WebDriver (session="cd23560879c09253cda3102213f36dda")>
jira_datasets = {'custom_issues': [], 'issue_id': '209143', 'issue_key': 'AAFAIA-3635', 'issues': [['AABIS-1', '914565', 'AABIS'], ['A...', 'AABIS'], ['AABIS-4', '914568', 'AABIS'], ['AABIS-5', '914569', 'AABIS'], ['AABIS-6', '914570', 'AABIS'], ...], ...}
jira_screen_shots = None

    def test_1_selenium_zscale_view_test_cycle_in_issue_view(jira_webdriver, jira_datasets, jira_screen_shots):
>       extension_ui.zscale_view_test_cycle_in_issue_view(jira_webdriver, jira_datasets)

selenium_ui/jira_ui.py:70: 
_ _ _ _ _ _ _ _ _ _ _ _ _ _ _ _ _ _ _ _ _ _ _ _ _ _ _ _ _ _ _ _ _ _ _ _ _ _ _ _ 

webdriver = <selenium.webdriver.chrome.webdriver.WebDriver (session="cd23560879c09253cda3102213f36dda")>
datasets = {'custom_issues': [], 'issue_id': '209143', 'issue_key': 'AAFAIA-3635', 'issues': [['AABIS-1', '914565', 'AABIS'], ['A...', 'AABIS'], ['AABIS-4', '914568', 'AABIS'], ['AABIS-5', '914569', 'AABIS'], ['AABIS-6', '914570', 'AABIS'], ...], ...}

    def zscale_view_test_cycle_in_issue_view(webdriver, datasets):
        page = BasePage(webdriver)
>       issue_key = datasets['custom_issue_key']
    
        @print_timing("zephyr_scale_view_test_cycle_in_issue_view")
E       KeyError: 'custom_issue_key'

extension/jira/extension_ui.py:58: KeyError
04-27-2022, 11:44:12, 1651059852454, Action: test_1_selenium_zscale_view_test_plan_in_issue_view, Error: jira_webdriver = <selenium.webdriver.chrome.webdriver.WebDriver (session="cd23560879c09253cda3102213f36dda")>
jira_datasets = {'custom_issues': [], 'issue_id': '209143', 'issue_key': 'AAFAIA-3635', 'issues': [['AABIS-1', '914565', 'AABIS'], ['A...', 'AABIS'], ['AABIS-4', '914568', 'AABIS'], ['AABIS-5', '914569', 'AABIS'], ['AABIS-6', '914570', 'AABIS'], ...], ...}
jira_screen_shots = None

    def test_1_selenium_zscale_view_test_plan_in_issue_view(jira_webdriver, jira_datasets, jira_screen_shots):
>       extension_ui.zscale_view_test_plan_in_issue_view(jira_webdriver, jira_datasets)

selenium_ui/jira_ui.py:73: 
_ _ _ _ _ _ _ _ _ _ _ _ _ _ _ _ _ _ _ _ _ _ _ _ _ _ _ _ _ _ _ _ _ _ _ _ _ _ _ _ 

webdriver = <selenium.webdriver.chrome.webdriver.WebDriver (session="cd23560879c09253cda3102213f36dda")>
datasets = {'custom_issues': [], 'issue_id': '209143', 'issue_key': 'AAFAIA-3635', 'issues': [['AABIS-1', '914565', 'AABIS'], ['A...', 'AABIS'], ['AABIS-4', '914568', 'AABIS'], ['AABIS-5', '914569', 'AABIS'], ['AABIS-6', '914570', 'AABIS'], ...], ...}

    def zscale_view_test_plan_in_issue_view(webdriver, datasets):
        page = BasePage(webdriver)
>       issue_key = datasets['custom_issue_key']
    
        @print_timing("zephyr_scale_view_test_plan_in_issue_view")
E       KeyError: 'custom_issue_key'

extension/jira/extension_ui.py:69: KeyError
04-27-2022, 11:44:28, 1651059868189, Action: test_1_selenium_zscale_view_test_case_in_issue_view, Error: jira_webdriver = <selenium.webdriver.chrome.webdriver.WebDriver (session="cd23560879c09253cda3102213f36dda")>
jira_datasets = {'custom_issues': [], 'issue_id': '206894', 'issue_key': 'AAFAIA-1386', 'issues': [['AABIS-1', '914565', 'AABIS'], ['A...', 'AABIS'], ['AABIS-4', '914568', 'AABIS'], ['AABIS-5', '914569', 'AABIS'], ['AABIS-6', '914570', 'AABIS'], ...], ...}
jira_screen_shots = None

    def test_1_selenium_zscale_view_test_case_in_issue_view(jira_webdriver, jira_datasets, jira_screen_shots):
>       extension_ui.zscale_view_test_case_in_issue_view(jira_webdriver, jira_datasets)

selenium_ui/jira_ui.py:67: 
_ _ _ _ _ _ _ _ _ _ _ _ _ _ _ _ _ _ _ _ _ _ _ _ _ _ _ _ _ _ _ _ _ _ _ _ _ _ _ _ 

webdriver = <selenium.webdriver.chrome.webdriver.WebDriver (session="cd23560879c09253cda3102213f36dda")>
datasets = {'custom_issues': [], 'issue_id': '206894', 'issue_key': 'AAFAIA-1386', 'issues': [['AABIS-1', '914565', 'AABIS'], ['A...', 'AABIS'], ['AABIS-4', '914568', 'AABIS'], ['AABIS-5', '914569', 'AABIS'], ['AABIS-6', '914570', 'AABIS'], ...], ...}

    def zscale_view_test_case_in_issue_view(webdriver, datasets):
        page = BasePage(webdriver)
>       issue_key = datasets['custom_issue_key']
    
        @print_timing("zephyr_scale_view_test_case_in_issue_view")
E       KeyError: 'custom_issue_key'

extension/jira/extension_ui.py:47: KeyError
04-27-2022, 11:44:28, 1651059868759, Action: test_1_selenium_zscale_view_test_cycle_in_issue_view, Error: jira_webdriver = <selenium.webdriver.chrome.webdriver.WebDriver (session="cd23560879c09253cda3102213f36dda")>
jira_datasets = {'custom_issues': [], 'issue_id': '206894', 'issue_key': 'AAFAIA-1386', 'issues': [['AABIS-1', '914565', 'AABIS'], ['A...', 'AABIS'], ['AABIS-4', '914568', 'AABIS'], ['AABIS-5', '914569', 'AABIS'], ['AABIS-6', '914570', 'AABIS'], ...], ...}
jira_screen_shots = None

    def test_1_selenium_zscale_view_test_cycle_in_issue_view(jira_webdriver, jira_datasets, jira_screen_shots):
>       extension_ui.zscale_view_test_cycle_in_issue_view(jira_webdriver, jira_datasets)

selenium_ui/jira_ui.py:70: 
_ _ _ _ _ _ _ _ _ _ _ _ _ _ _ _ _ _ _ _ _ _ _ _ _ _ _ _ _ _ _ _ _ _ _ _ _ _ _ _ 

webdriver = <selenium.webdriver.chrome.webdriver.WebDriver (session="cd23560879c09253cda3102213f36dda")>
datasets = {'custom_issues': [], 'issue_id': '206894', 'issue_key': 'AAFAIA-1386', 'issues': [['AABIS-1', '914565', 'AABIS'], ['A...', 'AABIS'], ['AABIS-4', '914568', 'AABIS'], ['AABIS-5', '914569', 'AABIS'], ['AABIS-6', '914570', 'AABIS'], ...], ...}

    def zscale_view_test_cycle_in_issue_view(webdriver, datasets):
        page = BasePage(webdriver)
>       issue_key = datasets['custom_issue_key']
    
        @print_timing("zephyr_scale_view_test_cycle_in_issue_view")
E       KeyError: 'custom_issue_key'

extension/jira/extension_ui.py:58: KeyError
04-27-2022, 11:44:29, 1651059869370, Action: test_1_selenium_zscale_view_test_plan_in_issue_view, Error: jira_webdriver = <selenium.webdriver.chrome.webdriver.WebDriver (session="cd23560879c09253cda3102213f36dda")>
jira_datasets = {'custom_issues': [], 'issue_id': '206894', 'issue_key': 'AAFAIA-1386', 'issues': [['AABIS-1', '914565', 'AABIS'], ['A...', 'AABIS'], ['AABIS-4', '914568', 'AABIS'], ['AABIS-5', '914569', 'AABIS'], ['AABIS-6', '914570', 'AABIS'], ...], ...}
jira_screen_shots = None

    def test_1_selenium_zscale_view_test_plan_in_issue_view(jira_webdriver, jira_datasets, jira_screen_shots):
>       extension_ui.zscale_view_test_plan_in_issue_view(jira_webdriver, jira_datasets)

selenium_ui/jira_ui.py:73: 
_ _ _ _ _ _ _ _ _ _ _ _ _ _ _ _ _ _ _ _ _ _ _ _ _ _ _ _ _ _ _ _ _ _ _ _ _ _ _ _ 

webdriver = <selenium.webdriver.chrome.webdriver.WebDriver (session="cd23560879c09253cda3102213f36dda")>
datasets = {'custom_issues': [], 'issue_id': '206894', 'issue_key': 'AAFAIA-1386', 'issues': [['AABIS-1', '914565', 'AABIS'], ['A...', 'AABIS'], ['AABIS-4', '914568', 'AABIS'], ['AABIS-5', '914569', 'AABIS'], ['AABIS-6', '914570', 'AABIS'], ...], ...}

    def zscale_view_test_plan_in_issue_view(webdriver, datasets):
        page = BasePage(webdriver)
>       issue_key = datasets['custom_issue_key']
    
        @print_timing("zephyr_scale_view_test_plan_in_issue_view")
E       KeyError: 'custom_issue_key'

extension/jira/extension_ui.py:69: KeyError
04-27-2022, 11:44:45, 1651059885830, Action: test_1_selenium_zscale_view_test_case_in_issue_view, Error: jira_webdriver = <selenium.webdriver.chrome.webdriver.WebDriver (session="cd23560879c09253cda3102213f36dda")>
jira_datasets = {'custom_issues': [], 'issue_id': '2060896', 'issue_key': 'AABIS-2036', 'issues': [['AABIS-1', '914565', 'AABIS'], ['A...', 'AABIS'], ['AABIS-4', '914568', 'AABIS'], ['AABIS-5', '914569', 'AABIS'], ['AABIS-6', '914570', 'AABIS'], ...], ...}
jira_screen_shots = None

    def test_1_selenium_zscale_view_test_case_in_issue_view(jira_webdriver, jira_datasets, jira_screen_shots):
>       extension_ui.zscale_view_test_case_in_issue_view(jira_webdriver, jira_datasets)

selenium_ui/jira_ui.py:67: 
_ _ _ _ _ _ _ _ _ _ _ _ _ _ _ _ _ _ _ _ _ _ _ _ _ _ _ _ _ _ _ _ _ _ _ _ _ _ _ _ 

webdriver = <selenium.webdriver.chrome.webdriver.WebDriver (session="cd23560879c09253cda3102213f36dda")>
datasets = {'custom_issues': [], 'issue_id': '2060896', 'issue_key': 'AABIS-2036', 'issues': [['AABIS-1', '914565', 'AABIS'], ['A...', 'AABIS'], ['AABIS-4', '914568', 'AABIS'], ['AABIS-5', '914569', 'AABIS'], ['AABIS-6', '914570', 'AABIS'], ...], ...}

    def zscale_view_test_case_in_issue_view(webdriver, datasets):
        page = BasePage(webdriver)
>       issue_key = datasets['custom_issue_key']
    
        @print_timing("zephyr_scale_view_test_case_in_issue_view")
E       KeyError: 'custom_issue_key'

extension/jira/extension_ui.py:47: KeyError
04-27-2022, 11:44:46, 1651059886336, Action: test_1_selenium_zscale_view_test_cycle_in_issue_view, Error: jira_webdriver = <selenium.webdriver.chrome.webdriver.WebDriver (session="cd23560879c09253cda3102213f36dda")>
jira_datasets = {'custom_issues': [], 'issue_id': '2060896', 'issue_key': 'AABIS-2036', 'issues': [['AABIS-1', '914565', 'AABIS'], ['A...', 'AABIS'], ['AABIS-4', '914568', 'AABIS'], ['AABIS-5', '914569', 'AABIS'], ['AABIS-6', '914570', 'AABIS'], ...], ...}
jira_screen_shots = None

    def test_1_selenium_zscale_view_test_cycle_in_issue_view(jira_webdriver, jira_datasets, jira_screen_shots):
>       extension_ui.zscale_view_test_cycle_in_issue_view(jira_webdriver, jira_datasets)

selenium_ui/jira_ui.py:70: 
_ _ _ _ _ _ _ _ _ _ _ _ _ _ _ _ _ _ _ _ _ _ _ _ _ _ _ _ _ _ _ _ _ _ _ _ _ _ _ _ 

webdriver = <selenium.webdriver.chrome.webdriver.WebDriver (session="cd23560879c09253cda3102213f36dda")>
datasets = {'custom_issues': [], 'issue_id': '2060896', 'issue_key': 'AABIS-2036', 'issues': [['AABIS-1', '914565', 'AABIS'], ['A...', 'AABIS'], ['AABIS-4', '914568', 'AABIS'], ['AABIS-5', '914569', 'AABIS'], ['AABIS-6', '914570', 'AABIS'], ...], ...}

    def zscale_view_test_cycle_in_issue_view(webdriver, datasets):
        page = BasePage(webdriver)
>       issue_key = datasets['custom_issue_key']
    
        @print_timing("zephyr_scale_view_test_cycle_in_issue_view")
E       KeyError: 'custom_issue_key'

extension/jira/extension_ui.py:58: KeyError
04-27-2022, 11:44:46, 1651059886863, Action: test_1_selenium_zscale_view_test_plan_in_issue_view, Error: jira_webdriver = <selenium.webdriver.chrome.webdriver.WebDriver (session="cd23560879c09253cda3102213f36dda")>
jira_datasets = {'custom_issues': [], 'issue_id': '2060896', 'issue_key': 'AABIS-2036', 'issues': [['AABIS-1', '914565', 'AABIS'], ['A...', 'AABIS'], ['AABIS-4', '914568', 'AABIS'], ['AABIS-5', '914569', 'AABIS'], ['AABIS-6', '914570', 'AABIS'], ...], ...}
jira_screen_shots = None

    def test_1_selenium_zscale_view_test_plan_in_issue_view(jira_webdriver, jira_datasets, jira_screen_shots):
>       extension_ui.zscale_view_test_plan_in_issue_view(jira_webdriver, jira_datasets)

selenium_ui/jira_ui.py:73: 
_ _ _ _ _ _ _ _ _ _ _ _ _ _ _ _ _ _ _ _ _ _ _ _ _ _ _ _ _ _ _ _ _ _ _ _ _ _ _ _ 

webdriver = <selenium.webdriver.chrome.webdriver.WebDriver (session="cd23560879c09253cda3102213f36dda")>
datasets = {'custom_issues': [], 'issue_id': '2060896', 'issue_key': 'AABIS-2036', 'issues': [['AABIS-1', '914565', 'AABIS'], ['A...', 'AABIS'], ['AABIS-4', '914568', 'AABIS'], ['AABIS-5', '914569', 'AABIS'], ['AABIS-6', '914570', 'AABIS'], ...], ...}

    def zscale_view_test_plan_in_issue_view(webdriver, datasets):
        page = BasePage(webdriver)
>       issue_key = datasets['custom_issue_key']
    
        @print_timing("zephyr_scale_view_test_plan_in_issue_view")
E       KeyError: 'custom_issue_key'

extension/jira/extension_ui.py:69: KeyError
04-27-2022, 11:45:02, 1651059902336, Action: test_1_selenium_zscale_view_test_case_in_issue_view, Error: jira_webdriver = <selenium.webdriver.chrome.webdriver.WebDriver (session="cd23560879c09253cda3102213f36dda")>
jira_datasets = {'custom_issues': [], 'issue_id': '206620', 'issue_key': 'AAFAIA-1112', 'issues': [['AABIS-1', '914565', 'AABIS'], ['A...', 'AABIS'], ['AABIS-4', '914568', 'AABIS'], ['AABIS-5', '914569', 'AABIS'], ['AABIS-6', '914570', 'AABIS'], ...], ...}
jira_screen_shots = None

    def test_1_selenium_zscale_view_test_case_in_issue_view(jira_webdriver, jira_datasets, jira_screen_shots):
>       extension_ui.zscale_view_test_case_in_issue_view(jira_webdriver, jira_datasets)

selenium_ui/jira_ui.py:67: 
_ _ _ _ _ _ _ _ _ _ _ _ _ _ _ _ _ _ _ _ _ _ _ _ _ _ _ _ _ _ _ _ _ _ _ _ _ _ _ _ 

webdriver = <selenium.webdriver.chrome.webdriver.WebDriver (session="cd23560879c09253cda3102213f36dda")>
datasets = {'custom_issues': [], 'issue_id': '206620', 'issue_key': 'AAFAIA-1112', 'issues': [['AABIS-1', '914565', 'AABIS'], ['A...', 'AABIS'], ['AABIS-4', '914568', 'AABIS'], ['AABIS-5', '914569', 'AABIS'], ['AABIS-6', '914570', 'AABIS'], ...], ...}

    def zscale_view_test_case_in_issue_view(webdriver, datasets):
        page = BasePage(webdriver)
>       issue_key = datasets['custom_issue_key']
    
        @print_timing("zephyr_scale_view_test_case_in_issue_view")
E       KeyError: 'custom_issue_key'

extension/jira/extension_ui.py:47: KeyError
04-27-2022, 11:45:02, 1651059902875, Action: test_1_selenium_zscale_view_test_cycle_in_issue_view, Error: jira_webdriver = <selenium.webdriver.chrome.webdriver.WebDriver (session="cd23560879c09253cda3102213f36dda")>
jira_datasets = {'custom_issues': [], 'issue_id': '206620', 'issue_key': 'AAFAIA-1112', 'issues': [['AABIS-1', '914565', 'AABIS'], ['A...', 'AABIS'], ['AABIS-4', '914568', 'AABIS'], ['AABIS-5', '914569', 'AABIS'], ['AABIS-6', '914570', 'AABIS'], ...], ...}
jira_screen_shots = None

    def test_1_selenium_zscale_view_test_cycle_in_issue_view(jira_webdriver, jira_datasets, jira_screen_shots):
>       extension_ui.zscale_view_test_cycle_in_issue_view(jira_webdriver, jira_datasets)

selenium_ui/jira_ui.py:70: 
_ _ _ _ _ _ _ _ _ _ _ _ _ _ _ _ _ _ _ _ _ _ _ _ _ _ _ _ _ _ _ _ _ _ _ _ _ _ _ _ 

webdriver = <selenium.webdriver.chrome.webdriver.WebDriver (session="cd23560879c09253cda3102213f36dda")>
datasets = {'custom_issues': [], 'issue_id': '206620', 'issue_key': 'AAFAIA-1112', 'issues': [['AABIS-1', '914565', 'AABIS'], ['A...', 'AABIS'], ['AABIS-4', '914568', 'AABIS'], ['AABIS-5', '914569', 'AABIS'], ['AABIS-6', '914570', 'AABIS'], ...], ...}

    def zscale_view_test_cycle_in_issue_view(webdriver, datasets):
        page = BasePage(webdriver)
>       issue_key = datasets['custom_issue_key']
    
        @print_timing("zephyr_scale_view_test_cycle_in_issue_view")
E       KeyError: 'custom_issue_key'

extension/jira/extension_ui.py:58: KeyError
04-27-2022, 11:45:03, 1651059903416, Action: test_1_selenium_zscale_view_test_plan_in_issue_view, Error: jira_webdriver = <selenium.webdriver.chrome.webdriver.WebDriver (session="cd23560879c09253cda3102213f36dda")>
jira_datasets = {'custom_issues': [], 'issue_id': '206620', 'issue_key': 'AAFAIA-1112', 'issues': [['AABIS-1', '914565', 'AABIS'], ['A...', 'AABIS'], ['AABIS-4', '914568', 'AABIS'], ['AABIS-5', '914569', 'AABIS'], ['AABIS-6', '914570', 'AABIS'], ...], ...}
jira_screen_shots = None

    def test_1_selenium_zscale_view_test_plan_in_issue_view(jira_webdriver, jira_datasets, jira_screen_shots):
>       extension_ui.zscale_view_test_plan_in_issue_view(jira_webdriver, jira_datasets)

selenium_ui/jira_ui.py:73: 
_ _ _ _ _ _ _ _ _ _ _ _ _ _ _ _ _ _ _ _ _ _ _ _ _ _ _ _ _ _ _ _ _ _ _ _ _ _ _ _ 

webdriver = <selenium.webdriver.chrome.webdriver.WebDriver (session="cd23560879c09253cda3102213f36dda")>
datasets = {'custom_issues': [], 'issue_id': '206620', 'issue_key': 'AAFAIA-1112', 'issues': [['AABIS-1', '914565', 'AABIS'], ['A...', 'AABIS'], ['AABIS-4', '914568', 'AABIS'], ['AABIS-5', '914569', 'AABIS'], ['AABIS-6', '914570', 'AABIS'], ...], ...}

    def zscale_view_test_plan_in_issue_view(webdriver, datasets):
        page = BasePage(webdriver)
>       issue_key = datasets['custom_issue_key']
    
        @print_timing("zephyr_scale_view_test_plan_in_issue_view")
E       KeyError: 'custom_issue_key'

extension/jira/extension_ui.py:69: KeyError
04-27-2022, 11:45:19, 1651059919147, Action: test_1_selenium_zscale_view_test_case_in_issue_view, Error: jira_webdriver = <selenium.webdriver.chrome.webdriver.WebDriver (session="cd23560879c09253cda3102213f36dda")>
jira_datasets = {'custom_issues': [], 'issue_id': '2028736', 'issue_key': 'AABIS-1196', 'issues': [['AABIS-1', '914565', 'AABIS'], ['A...', 'AABIS'], ['AABIS-4', '914568', 'AABIS'], ['AABIS-5', '914569', 'AABIS'], ['AABIS-6', '914570', 'AABIS'], ...], ...}
jira_screen_shots = None

    def test_1_selenium_zscale_view_test_case_in_issue_view(jira_webdriver, jira_datasets, jira_screen_shots):
>       extension_ui.zscale_view_test_case_in_issue_view(jira_webdriver, jira_datasets)

selenium_ui/jira_ui.py:67: 
_ _ _ _ _ _ _ _ _ _ _ _ _ _ _ _ _ _ _ _ _ _ _ _ _ _ _ _ _ _ _ _ _ _ _ _ _ _ _ _ 

webdriver = <selenium.webdriver.chrome.webdriver.WebDriver (session="cd23560879c09253cda3102213f36dda")>
datasets = {'custom_issues': [], 'issue_id': '2028736', 'issue_key': 'AABIS-1196', 'issues': [['AABIS-1', '914565', 'AABIS'], ['A...', 'AABIS'], ['AABIS-4', '914568', 'AABIS'], ['AABIS-5', '914569', 'AABIS'], ['AABIS-6', '914570', 'AABIS'], ...], ...}

    def zscale_view_test_case_in_issue_view(webdriver, datasets):
        page = BasePage(webdriver)
>       issue_key = datasets['custom_issue_key']
    
        @print_timing("zephyr_scale_view_test_case_in_issue_view")
E       KeyError: 'custom_issue_key'

extension/jira/extension_ui.py:47: KeyError
04-27-2022, 11:45:19, 1651059919823, Action: test_1_selenium_zscale_view_test_cycle_in_issue_view, Error: jira_webdriver = <selenium.webdriver.chrome.webdriver.WebDriver (session="cd23560879c09253cda3102213f36dda")>
jira_datasets = {'custom_issues': [], 'issue_id': '2028736', 'issue_key': 'AABIS-1196', 'issues': [['AABIS-1', '914565', 'AABIS'], ['A...', 'AABIS'], ['AABIS-4', '914568', 'AABIS'], ['AABIS-5', '914569', 'AABIS'], ['AABIS-6', '914570', 'AABIS'], ...], ...}
jira_screen_shots = None

    def test_1_selenium_zscale_view_test_cycle_in_issue_view(jira_webdriver, jira_datasets, jira_screen_shots):
>       extension_ui.zscale_view_test_cycle_in_issue_view(jira_webdriver, jira_datasets)

selenium_ui/jira_ui.py:70: 
_ _ _ _ _ _ _ _ _ _ _ _ _ _ _ _ _ _ _ _ _ _ _ _ _ _ _ _ _ _ _ _ _ _ _ _ _ _ _ _ 

webdriver = <selenium.webdriver.chrome.webdriver.WebDriver (session="cd23560879c09253cda3102213f36dda")>
datasets = {'custom_issues': [], 'issue_id': '2028736', 'issue_key': 'AABIS-1196', 'issues': [['AABIS-1', '914565', 'AABIS'], ['A...', 'AABIS'], ['AABIS-4', '914568', 'AABIS'], ['AABIS-5', '914569', 'AABIS'], ['AABIS-6', '914570', 'AABIS'], ...], ...}

    def zscale_view_test_cycle_in_issue_view(webdriver, datasets):
        page = BasePage(webdriver)
>       issue_key = datasets['custom_issue_key']
    
        @print_timing("zephyr_scale_view_test_cycle_in_issue_view")
E       KeyError: 'custom_issue_key'

extension/jira/extension_ui.py:58: KeyError
04-27-2022, 11:45:20, 1651059920335, Action: test_1_selenium_zscale_view_test_plan_in_issue_view, Error: jira_webdriver = <selenium.webdriver.chrome.webdriver.WebDriver (session="cd23560879c09253cda3102213f36dda")>
jira_datasets = {'custom_issues': [], 'issue_id': '2028736', 'issue_key': 'AABIS-1196', 'issues': [['AABIS-1', '914565', 'AABIS'], ['A...', 'AABIS'], ['AABIS-4', '914568', 'AABIS'], ['AABIS-5', '914569', 'AABIS'], ['AABIS-6', '914570', 'AABIS'], ...], ...}
jira_screen_shots = None

    def test_1_selenium_zscale_view_test_plan_in_issue_view(jira_webdriver, jira_datasets, jira_screen_shots):
>       extension_ui.zscale_view_test_plan_in_issue_view(jira_webdriver, jira_datasets)

selenium_ui/jira_ui.py:73: 
_ _ _ _ _ _ _ _ _ _ _ _ _ _ _ _ _ _ _ _ _ _ _ _ _ _ _ _ _ _ _ _ _ _ _ _ _ _ _ _ 

webdriver = <selenium.webdriver.chrome.webdriver.WebDriver (session="cd23560879c09253cda3102213f36dda")>
datasets = {'custom_issues': [], 'issue_id': '2028736', 'issue_key': 'AABIS-1196', 'issues': [['AABIS-1', '914565', 'AABIS'], ['A...', 'AABIS'], ['AABIS-4', '914568', 'AABIS'], ['AABIS-5', '914569', 'AABIS'], ['AABIS-6', '914570', 'AABIS'], ...], ...}

    def zscale_view_test_plan_in_issue_view(webdriver, datasets):
        page = BasePage(webdriver)
>       issue_key = datasets['custom_issue_key']
    
        @print_timing("zephyr_scale_view_test_plan_in_issue_view")
E       KeyError: 'custom_issue_key'

extension/jira/extension_ui.py:69: KeyError
04-27-2022, 11:45:35, 1651059935101, Action: test_1_selenium_zscale_view_test_case_in_issue_view, Error: jira_webdriver = <selenium.webdriver.chrome.webdriver.WebDriver (session="cd23560879c09253cda3102213f36dda")>
jira_datasets = {'custom_issues': [], 'issue_id': '2060608', 'issue_key': 'AABIS-2006', 'issues': [['AABIS-1', '914565', 'AABIS'], ['A...', 'AABIS'], ['AABIS-4', '914568', 'AABIS'], ['AABIS-5', '914569', 'AABIS'], ['AABIS-6', '914570', 'AABIS'], ...], ...}
jira_screen_shots = None

    def test_1_selenium_zscale_view_test_case_in_issue_view(jira_webdriver, jira_datasets, jira_screen_shots):
>       extension_ui.zscale_view_test_case_in_issue_view(jira_webdriver, jira_datasets)

selenium_ui/jira_ui.py:67: 
_ _ _ _ _ _ _ _ _ _ _ _ _ _ _ _ _ _ _ _ _ _ _ _ _ _ _ _ _ _ _ _ _ _ _ _ _ _ _ _ 

webdriver = <selenium.webdriver.chrome.webdriver.WebDriver (session="cd23560879c09253cda3102213f36dda")>
datasets = {'custom_issues': [], 'issue_id': '2060608', 'issue_key': 'AABIS-2006', 'issues': [['AABIS-1', '914565', 'AABIS'], ['A...', 'AABIS'], ['AABIS-4', '914568', 'AABIS'], ['AABIS-5', '914569', 'AABIS'], ['AABIS-6', '914570', 'AABIS'], ...], ...}

    def zscale_view_test_case_in_issue_view(webdriver, datasets):
        page = BasePage(webdriver)
>       issue_key = datasets['custom_issue_key']
    
        @print_timing("zephyr_scale_view_test_case_in_issue_view")
E       KeyError: 'custom_issue_key'

extension/jira/extension_ui.py:47: KeyError
04-27-2022, 11:45:35, 1651059935613, Action: test_1_selenium_zscale_view_test_cycle_in_issue_view, Error: jira_webdriver = <selenium.webdriver.chrome.webdriver.WebDriver (session="cd23560879c09253cda3102213f36dda")>
jira_datasets = {'custom_issues': [], 'issue_id': '2060608', 'issue_key': 'AABIS-2006', 'issues': [['AABIS-1', '914565', 'AABIS'], ['A...', 'AABIS'], ['AABIS-4', '914568', 'AABIS'], ['AABIS-5', '914569', 'AABIS'], ['AABIS-6', '914570', 'AABIS'], ...], ...}
jira_screen_shots = None

    def test_1_selenium_zscale_view_test_cycle_in_issue_view(jira_webdriver, jira_datasets, jira_screen_shots):
>       extension_ui.zscale_view_test_cycle_in_issue_view(jira_webdriver, jira_datasets)

selenium_ui/jira_ui.py:70: 
_ _ _ _ _ _ _ _ _ _ _ _ _ _ _ _ _ _ _ _ _ _ _ _ _ _ _ _ _ _ _ _ _ _ _ _ _ _ _ _ 

webdriver = <selenium.webdriver.chrome.webdriver.WebDriver (session="cd23560879c09253cda3102213f36dda")>
datasets = {'custom_issues': [], 'issue_id': '2060608', 'issue_key': 'AABIS-2006', 'issues': [['AABIS-1', '914565', 'AABIS'], ['A...', 'AABIS'], ['AABIS-4', '914568', 'AABIS'], ['AABIS-5', '914569', 'AABIS'], ['AABIS-6', '914570', 'AABIS'], ...], ...}

    def zscale_view_test_cycle_in_issue_view(webdriver, datasets):
        page = BasePage(webdriver)
>       issue_key = datasets['custom_issue_key']
    
        @print_timing("zephyr_scale_view_test_cycle_in_issue_view")
E       KeyError: 'custom_issue_key'

extension/jira/extension_ui.py:58: KeyError
04-27-2022, 11:45:36, 1651059936153, Action: test_1_selenium_zscale_view_test_plan_in_issue_view, Error: jira_webdriver = <selenium.webdriver.chrome.webdriver.WebDriver (session="cd23560879c09253cda3102213f36dda")>
jira_datasets = {'custom_issues': [], 'issue_id': '2060608', 'issue_key': 'AABIS-2006', 'issues': [['AABIS-1', '914565', 'AABIS'], ['A...', 'AABIS'], ['AABIS-4', '914568', 'AABIS'], ['AABIS-5', '914569', 'AABIS'], ['AABIS-6', '914570', 'AABIS'], ...], ...}
jira_screen_shots = None

    def test_1_selenium_zscale_view_test_plan_in_issue_view(jira_webdriver, jira_datasets, jira_screen_shots):
>       extension_ui.zscale_view_test_plan_in_issue_view(jira_webdriver, jira_datasets)

selenium_ui/jira_ui.py:73: 
_ _ _ _ _ _ _ _ _ _ _ _ _ _ _ _ _ _ _ _ _ _ _ _ _ _ _ _ _ _ _ _ _ _ _ _ _ _ _ _ 

webdriver = <selenium.webdriver.chrome.webdriver.WebDriver (session="cd23560879c09253cda3102213f36dda")>
datasets = {'custom_issues': [], 'issue_id': '2060608', 'issue_key': 'AABIS-2006', 'issues': [['AABIS-1', '914565', 'AABIS'], ['A...', 'AABIS'], ['AABIS-4', '914568', 'AABIS'], ['AABIS-5', '914569', 'AABIS'], ['AABIS-6', '914570', 'AABIS'], ...], ...}

    def zscale_view_test_plan_in_issue_view(webdriver, datasets):
        page = BasePage(webdriver)
>       issue_key = datasets['custom_issue_key']
    
        @print_timing("zephyr_scale_view_test_plan_in_issue_view")
E       KeyError: 'custom_issue_key'

extension/jira/extension_ui.py:69: KeyError
04-27-2022, 11:45:51, 1651059951468, Action: test_1_selenium_zscale_view_test_case_in_issue_view, Error: jira_webdriver = <selenium.webdriver.chrome.webdriver.WebDriver (session="cd23560879c09253cda3102213f36dda")>
jira_datasets = {'custom_issues': [], 'issue_id': '2013649', 'issue_key': 'AABIS-1004', 'issues': [['AABIS-1', '914565', 'AABIS'], ['A...', 'AABIS'], ['AABIS-4', '914568', 'AABIS'], ['AABIS-5', '914569', 'AABIS'], ['AABIS-6', '914570', 'AABIS'], ...], ...}
jira_screen_shots = None

    def test_1_selenium_zscale_view_test_case_in_issue_view(jira_webdriver, jira_datasets, jira_screen_shots):
>       extension_ui.zscale_view_test_case_in_issue_view(jira_webdriver, jira_datasets)

selenium_ui/jira_ui.py:67: 
_ _ _ _ _ _ _ _ _ _ _ _ _ _ _ _ _ _ _ _ _ _ _ _ _ _ _ _ _ _ _ _ _ _ _ _ _ _ _ _ 

webdriver = <selenium.webdriver.chrome.webdriver.WebDriver (session="cd23560879c09253cda3102213f36dda")>
datasets = {'custom_issues': [], 'issue_id': '2013649', 'issue_key': 'AABIS-1004', 'issues': [['AABIS-1', '914565', 'AABIS'], ['A...', 'AABIS'], ['AABIS-4', '914568', 'AABIS'], ['AABIS-5', '914569', 'AABIS'], ['AABIS-6', '914570', 'AABIS'], ...], ...}

    def zscale_view_test_case_in_issue_view(webdriver, datasets):
        page = BasePage(webdriver)
>       issue_key = datasets['custom_issue_key']
    
        @print_timing("zephyr_scale_view_test_case_in_issue_view")
E       KeyError: 'custom_issue_key'

extension/jira/extension_ui.py:47: KeyError
04-27-2022, 11:45:51, 1651059951975, Action: test_1_selenium_zscale_view_test_cycle_in_issue_view, Error: jira_webdriver = <selenium.webdriver.chrome.webdriver.WebDriver (session="cd23560879c09253cda3102213f36dda")>
jira_datasets = {'custom_issues': [], 'issue_id': '2013649', 'issue_key': 'AABIS-1004', 'issues': [['AABIS-1', '914565', 'AABIS'], ['A...', 'AABIS'], ['AABIS-4', '914568', 'AABIS'], ['AABIS-5', '914569', 'AABIS'], ['AABIS-6', '914570', 'AABIS'], ...], ...}
jira_screen_shots = None

    def test_1_selenium_zscale_view_test_cycle_in_issue_view(jira_webdriver, jira_datasets, jira_screen_shots):
>       extension_ui.zscale_view_test_cycle_in_issue_view(jira_webdriver, jira_datasets)

selenium_ui/jira_ui.py:70: 
_ _ _ _ _ _ _ _ _ _ _ _ _ _ _ _ _ _ _ _ _ _ _ _ _ _ _ _ _ _ _ _ _ _ _ _ _ _ _ _ 

webdriver = <selenium.webdriver.chrome.webdriver.WebDriver (session="cd23560879c09253cda3102213f36dda")>
datasets = {'custom_issues': [], 'issue_id': '2013649', 'issue_key': 'AABIS-1004', 'issues': [['AABIS-1', '914565', 'AABIS'], ['A...', 'AABIS'], ['AABIS-4', '914568', 'AABIS'], ['AABIS-5', '914569', 'AABIS'], ['AABIS-6', '914570', 'AABIS'], ...], ...}

    def zscale_view_test_cycle_in_issue_view(webdriver, datasets):
        page = BasePage(webdriver)
>       issue_key = datasets['custom_issue_key']
    
        @print_timing("zephyr_scale_view_test_cycle_in_issue_view")
E       KeyError: 'custom_issue_key'

extension/jira/extension_ui.py:58: KeyError
04-27-2022, 11:45:52, 1651059952565, Action: test_1_selenium_zscale_view_test_plan_in_issue_view, Error: jira_webdriver = <selenium.webdriver.chrome.webdriver.WebDriver (session="cd23560879c09253cda3102213f36dda")>
jira_datasets = {'custom_issues': [], 'issue_id': '2013649', 'issue_key': 'AABIS-1004', 'issues': [['AABIS-1', '914565', 'AABIS'], ['A...', 'AABIS'], ['AABIS-4', '914568', 'AABIS'], ['AABIS-5', '914569', 'AABIS'], ['AABIS-6', '914570', 'AABIS'], ...], ...}
jira_screen_shots = None

    def test_1_selenium_zscale_view_test_plan_in_issue_view(jira_webdriver, jira_datasets, jira_screen_shots):
>       extension_ui.zscale_view_test_plan_in_issue_view(jira_webdriver, jira_datasets)

selenium_ui/jira_ui.py:73: 
_ _ _ _ _ _ _ _ _ _ _ _ _ _ _ _ _ _ _ _ _ _ _ _ _ _ _ _ _ _ _ _ _ _ _ _ _ _ _ _ 

webdriver = <selenium.webdriver.chrome.webdriver.WebDriver (session="cd23560879c09253cda3102213f36dda")>
datasets = {'custom_issues': [], 'issue_id': '2013649', 'issue_key': 'AABIS-1004', 'issues': [['AABIS-1', '914565', 'AABIS'], ['A...', 'AABIS'], ['AABIS-4', '914568', 'AABIS'], ['AABIS-5', '914569', 'AABIS'], ['AABIS-6', '914570', 'AABIS'], ...], ...}

    def zscale_view_test_plan_in_issue_view(webdriver, datasets):
        page = BasePage(webdriver)
>       issue_key = datasets['custom_issue_key']
    
        @print_timing("zephyr_scale_view_test_plan_in_issue_view")
E       KeyError: 'custom_issue_key'

extension/jira/extension_ui.py:69: KeyError
04-27-2022, 11:46:07, 1651059967818, Action: test_1_selenium_zscale_view_test_case_in_issue_view, Error: jira_webdriver = <selenium.webdriver.chrome.webdriver.WebDriver (session="cd23560879c09253cda3102213f36dda")>
jira_datasets = {'custom_issues': [], 'issue_id': '2043252', 'issue_key': 'AABIS-1630', 'issues': [['AABIS-1', '914565', 'AABIS'], ['A...', 'AABIS'], ['AABIS-4', '914568', 'AABIS'], ['AABIS-5', '914569', 'AABIS'], ['AABIS-6', '914570', 'AABIS'], ...], ...}
jira_screen_shots = None

    def test_1_selenium_zscale_view_test_case_in_issue_view(jira_webdriver, jira_datasets, jira_screen_shots):
>       extension_ui.zscale_view_test_case_in_issue_view(jira_webdriver, jira_datasets)

selenium_ui/jira_ui.py:67: 
_ _ _ _ _ _ _ _ _ _ _ _ _ _ _ _ _ _ _ _ _ _ _ _ _ _ _ _ _ _ _ _ _ _ _ _ _ _ _ _ 

webdriver = <selenium.webdriver.chrome.webdriver.WebDriver (session="cd23560879c09253cda3102213f36dda")>
datasets = {'custom_issues': [], 'issue_id': '2043252', 'issue_key': 'AABIS-1630', 'issues': [['AABIS-1', '914565', 'AABIS'], ['A...', 'AABIS'], ['AABIS-4', '914568', 'AABIS'], ['AABIS-5', '914569', 'AABIS'], ['AABIS-6', '914570', 'AABIS'], ...], ...}

    def zscale_view_test_case_in_issue_view(webdriver, datasets):
        page = BasePage(webdriver)
>       issue_key = datasets['custom_issue_key']
    
        @print_timing("zephyr_scale_view_test_case_in_issue_view")
E       KeyError: 'custom_issue_key'

extension/jira/extension_ui.py:47: KeyError
04-27-2022, 11:46:08, 1651059968415, Action: test_1_selenium_zscale_view_test_cycle_in_issue_view, Error: jira_webdriver = <selenium.webdriver.chrome.webdriver.WebDriver (session="cd23560879c09253cda3102213f36dda")>
jira_datasets = {'custom_issues': [], 'issue_id': '2043252', 'issue_key': 'AABIS-1630', 'issues': [['AABIS-1', '914565', 'AABIS'], ['A...', 'AABIS'], ['AABIS-4', '914568', 'AABIS'], ['AABIS-5', '914569', 'AABIS'], ['AABIS-6', '914570', 'AABIS'], ...], ...}
jira_screen_shots = None

    def test_1_selenium_zscale_view_test_cycle_in_issue_view(jira_webdriver, jira_datasets, jira_screen_shots):
>       extension_ui.zscale_view_test_cycle_in_issue_view(jira_webdriver, jira_datasets)

selenium_ui/jira_ui.py:70: 
_ _ _ _ _ _ _ _ _ _ _ _ _ _ _ _ _ _ _ _ _ _ _ _ _ _ _ _ _ _ _ _ _ _ _ _ _ _ _ _ 

webdriver = <selenium.webdriver.chrome.webdriver.WebDriver (session="cd23560879c09253cda3102213f36dda")>
datasets = {'custom_issues': [], 'issue_id': '2043252', 'issue_key': 'AABIS-1630', 'issues': [['AABIS-1', '914565', 'AABIS'], ['A...', 'AABIS'], ['AABIS-4', '914568', 'AABIS'], ['AABIS-5', '914569', 'AABIS'], ['AABIS-6', '914570', 'AABIS'], ...], ...}

    def zscale_view_test_cycle_in_issue_view(webdriver, datasets):
        page = BasePage(webdriver)
>       issue_key = datasets['custom_issue_key']
    
        @print_timing("zephyr_scale_view_test_cycle_in_issue_view")
E       KeyError: 'custom_issue_key'

extension/jira/extension_ui.py:58: KeyError
04-27-2022, 11:46:08, 1651059968951, Action: test_1_selenium_zscale_view_test_plan_in_issue_view, Error: jira_webdriver = <selenium.webdriver.chrome.webdriver.WebDriver (session="cd23560879c09253cda3102213f36dda")>
jira_datasets = {'custom_issues': [], 'issue_id': '2043252', 'issue_key': 'AABIS-1630', 'issues': [['AABIS-1', '914565', 'AABIS'], ['A...', 'AABIS'], ['AABIS-4', '914568', 'AABIS'], ['AABIS-5', '914569', 'AABIS'], ['AABIS-6', '914570', 'AABIS'], ...], ...}
jira_screen_shots = None

    def test_1_selenium_zscale_view_test_plan_in_issue_view(jira_webdriver, jira_datasets, jira_screen_shots):
>       extension_ui.zscale_view_test_plan_in_issue_view(jira_webdriver, jira_datasets)

selenium_ui/jira_ui.py:73: 
_ _ _ _ _ _ _ _ _ _ _ _ _ _ _ _ _ _ _ _ _ _ _ _ _ _ _ _ _ _ _ _ _ _ _ _ _ _ _ _ 

webdriver = <selenium.webdriver.chrome.webdriver.WebDriver (session="cd23560879c09253cda3102213f36dda")>
datasets = {'custom_issues': [], 'issue_id': '2043252', 'issue_key': 'AABIS-1630', 'issues': [['AABIS-1', '914565', 'AABIS'], ['A...', 'AABIS'], ['AABIS-4', '914568', 'AABIS'], ['AABIS-5', '914569', 'AABIS'], ['AABIS-6', '914570', 'AABIS'], ...], ...}

    def zscale_view_test_plan_in_issue_view(webdriver, datasets):
        page = BasePage(webdriver)
>       issue_key = datasets['custom_issue_key']
    
        @print_timing("zephyr_scale_view_test_plan_in_issue_view")
E       KeyError: 'custom_issue_key'

extension/jira/extension_ui.py:69: KeyError
04-27-2022, 11:46:24, 1651059984049, Action: test_1_selenium_zscale_view_test_case_in_issue_view, Error: jira_webdriver = <selenium.webdriver.chrome.webdriver.WebDriver (session="cd23560879c09253cda3102213f36dda")>
jira_datasets = {'custom_issues': [], 'issue_id': '2072889', 'issue_key': 'AABIS-2288', 'issues': [['AABIS-1', '914565', 'AABIS'], ['A...', 'AABIS'], ['AABIS-4', '914568', 'AABIS'], ['AABIS-5', '914569', 'AABIS'], ['AABIS-6', '914570', 'AABIS'], ...], ...}
jira_screen_shots = None

    def test_1_selenium_zscale_view_test_case_in_issue_view(jira_webdriver, jira_datasets, jira_screen_shots):
>       extension_ui.zscale_view_test_case_in_issue_view(jira_webdriver, jira_datasets)

selenium_ui/jira_ui.py:67: 
_ _ _ _ _ _ _ _ _ _ _ _ _ _ _ _ _ _ _ _ _ _ _ _ _ _ _ _ _ _ _ _ _ _ _ _ _ _ _ _ 

webdriver = <selenium.webdriver.chrome.webdriver.WebDriver (session="cd23560879c09253cda3102213f36dda")>
datasets = {'custom_issues': [], 'issue_id': '2072889', 'issue_key': 'AABIS-2288', 'issues': [['AABIS-1', '914565', 'AABIS'], ['A...', 'AABIS'], ['AABIS-4', '914568', 'AABIS'], ['AABIS-5', '914569', 'AABIS'], ['AABIS-6', '914570', 'AABIS'], ...], ...}

    def zscale_view_test_case_in_issue_view(webdriver, datasets):
        page = BasePage(webdriver)
>       issue_key = datasets['custom_issue_key']
    
        @print_timing("zephyr_scale_view_test_case_in_issue_view")
E       KeyError: 'custom_issue_key'

extension/jira/extension_ui.py:47: KeyError
04-27-2022, 11:46:24, 1651059984648, Action: test_1_selenium_zscale_view_test_cycle_in_issue_view, Error: jira_webdriver = <selenium.webdriver.chrome.webdriver.WebDriver (session="cd23560879c09253cda3102213f36dda")>
jira_datasets = {'custom_issues': [], 'issue_id': '2072889', 'issue_key': 'AABIS-2288', 'issues': [['AABIS-1', '914565', 'AABIS'], ['A...', 'AABIS'], ['AABIS-4', '914568', 'AABIS'], ['AABIS-5', '914569', 'AABIS'], ['AABIS-6', '914570', 'AABIS'], ...], ...}
jira_screen_shots = None

    def test_1_selenium_zscale_view_test_cycle_in_issue_view(jira_webdriver, jira_datasets, jira_screen_shots):
>       extension_ui.zscale_view_test_cycle_in_issue_view(jira_webdriver, jira_datasets)

selenium_ui/jira_ui.py:70: 
_ _ _ _ _ _ _ _ _ _ _ _ _ _ _ _ _ _ _ _ _ _ _ _ _ _ _ _ _ _ _ _ _ _ _ _ _ _ _ _ 

webdriver = <selenium.webdriver.chrome.webdriver.WebDriver (session="cd23560879c09253cda3102213f36dda")>
datasets = {'custom_issues': [], 'issue_id': '2072889', 'issue_key': 'AABIS-2288', 'issues': [['AABIS-1', '914565', 'AABIS'], ['A...', 'AABIS'], ['AABIS-4', '914568', 'AABIS'], ['AABIS-5', '914569', 'AABIS'], ['AABIS-6', '914570', 'AABIS'], ...], ...}

    def zscale_view_test_cycle_in_issue_view(webdriver, datasets):
        page = BasePage(webdriver)
>       issue_key = datasets['custom_issue_key']
    
        @print_timing("zephyr_scale_view_test_cycle_in_issue_view")
E       KeyError: 'custom_issue_key'

extension/jira/extension_ui.py:58: KeyError
04-27-2022, 11:46:25, 1651059985140, Action: test_1_selenium_zscale_view_test_plan_in_issue_view, Error: jira_webdriver = <selenium.webdriver.chrome.webdriver.WebDriver (session="cd23560879c09253cda3102213f36dda")>
jira_datasets = {'custom_issues': [], 'issue_id': '2072889', 'issue_key': 'AABIS-2288', 'issues': [['AABIS-1', '914565', 'AABIS'], ['A...', 'AABIS'], ['AABIS-4', '914568', 'AABIS'], ['AABIS-5', '914569', 'AABIS'], ['AABIS-6', '914570', 'AABIS'], ...], ...}
jira_screen_shots = None

    def test_1_selenium_zscale_view_test_plan_in_issue_view(jira_webdriver, jira_datasets, jira_screen_shots):
>       extension_ui.zscale_view_test_plan_in_issue_view(jira_webdriver, jira_datasets)

selenium_ui/jira_ui.py:73: 
_ _ _ _ _ _ _ _ _ _ _ _ _ _ _ _ _ _ _ _ _ _ _ _ _ _ _ _ _ _ _ _ _ _ _ _ _ _ _ _ 

webdriver = <selenium.webdriver.chrome.webdriver.WebDriver (session="cd23560879c09253cda3102213f36dda")>
datasets = {'custom_issues': [], 'issue_id': '2072889', 'issue_key': 'AABIS-2288', 'issues': [['AABIS-1', '914565', 'AABIS'], ['A...', 'AABIS'], ['AABIS-4', '914568', 'AABIS'], ['AABIS-5', '914569', 'AABIS'], ['AABIS-6', '914570', 'AABIS'], ...], ...}

    def zscale_view_test_plan_in_issue_view(webdriver, datasets):
        page = BasePage(webdriver)
>       issue_key = datasets['custom_issue_key']
    
        @print_timing("zephyr_scale_view_test_plan_in_issue_view")
E       KeyError: 'custom_issue_key'

extension/jira/extension_ui.py:69: KeyError
04-27-2022, 11:46:40, 1651060000699, Action: test_1_selenium_zscale_view_test_case_in_issue_view, Error: jira_webdriver = <selenium.webdriver.chrome.webdriver.WebDriver (session="cd23560879c09253cda3102213f36dda")>
jira_datasets = {'custom_issues': [], 'issue_id': '210758', 'issue_key': 'AAFAIA-5250', 'issues': [['AABIS-1', '914565', 'AABIS'], ['A...', 'AABIS'], ['AABIS-4', '914568', 'AABIS'], ['AABIS-5', '914569', 'AABIS'], ['AABIS-6', '914570', 'AABIS'], ...], ...}
jira_screen_shots = None

    def test_1_selenium_zscale_view_test_case_in_issue_view(jira_webdriver, jira_datasets, jira_screen_shots):
>       extension_ui.zscale_view_test_case_in_issue_view(jira_webdriver, jira_datasets)

selenium_ui/jira_ui.py:67: 
_ _ _ _ _ _ _ _ _ _ _ _ _ _ _ _ _ _ _ _ _ _ _ _ _ _ _ _ _ _ _ _ _ _ _ _ _ _ _ _ 

webdriver = <selenium.webdriver.chrome.webdriver.WebDriver (session="cd23560879c09253cda3102213f36dda")>
datasets = {'custom_issues': [], 'issue_id': '210758', 'issue_key': 'AAFAIA-5250', 'issues': [['AABIS-1', '914565', 'AABIS'], ['A...', 'AABIS'], ['AABIS-4', '914568', 'AABIS'], ['AABIS-5', '914569', 'AABIS'], ['AABIS-6', '914570', 'AABIS'], ...], ...}

    def zscale_view_test_case_in_issue_view(webdriver, datasets):
        page = BasePage(webdriver)
>       issue_key = datasets['custom_issue_key']
    
        @print_timing("zephyr_scale_view_test_case_in_issue_view")
E       KeyError: 'custom_issue_key'

extension/jira/extension_ui.py:47: KeyError
04-27-2022, 11:46:41, 1651060001193, Action: test_1_selenium_zscale_view_test_cycle_in_issue_view, Error: jira_webdriver = <selenium.webdriver.chrome.webdriver.WebDriver (session="cd23560879c09253cda3102213f36dda")>
jira_datasets = {'custom_issues': [], 'issue_id': '210758', 'issue_key': 'AAFAIA-5250', 'issues': [['AABIS-1', '914565', 'AABIS'], ['A...', 'AABIS'], ['AABIS-4', '914568', 'AABIS'], ['AABIS-5', '914569', 'AABIS'], ['AABIS-6', '914570', 'AABIS'], ...], ...}
jira_screen_shots = None

    def test_1_selenium_zscale_view_test_cycle_in_issue_view(jira_webdriver, jira_datasets, jira_screen_shots):
>       extension_ui.zscale_view_test_cycle_in_issue_view(jira_webdriver, jira_datasets)

selenium_ui/jira_ui.py:70: 
_ _ _ _ _ _ _ _ _ _ _ _ _ _ _ _ _ _ _ _ _ _ _ _ _ _ _ _ _ _ _ _ _ _ _ _ _ _ _ _ 

webdriver = <selenium.webdriver.chrome.webdriver.WebDriver (session="cd23560879c09253cda3102213f36dda")>
datasets = {'custom_issues': [], 'issue_id': '210758', 'issue_key': 'AAFAIA-5250', 'issues': [['AABIS-1', '914565', 'AABIS'], ['A...', 'AABIS'], ['AABIS-4', '914568', 'AABIS'], ['AABIS-5', '914569', 'AABIS'], ['AABIS-6', '914570', 'AABIS'], ...], ...}

    def zscale_view_test_cycle_in_issue_view(webdriver, datasets):
        page = BasePage(webdriver)
>       issue_key = datasets['custom_issue_key']
    
        @print_timing("zephyr_scale_view_test_cycle_in_issue_view")
E       KeyError: 'custom_issue_key'

extension/jira/extension_ui.py:58: KeyError
04-27-2022, 11:46:41, 1651060001728, Action: test_1_selenium_zscale_view_test_plan_in_issue_view, Error: jira_webdriver = <selenium.webdriver.chrome.webdriver.WebDriver (session="cd23560879c09253cda3102213f36dda")>
jira_datasets = {'custom_issues': [], 'issue_id': '210758', 'issue_key': 'AAFAIA-5250', 'issues': [['AABIS-1', '914565', 'AABIS'], ['A...', 'AABIS'], ['AABIS-4', '914568', 'AABIS'], ['AABIS-5', '914569', 'AABIS'], ['AABIS-6', '914570', 'AABIS'], ...], ...}
jira_screen_shots = None

    def test_1_selenium_zscale_view_test_plan_in_issue_view(jira_webdriver, jira_datasets, jira_screen_shots):
>       extension_ui.zscale_view_test_plan_in_issue_view(jira_webdriver, jira_datasets)

selenium_ui/jira_ui.py:73: 
_ _ _ _ _ _ _ _ _ _ _ _ _ _ _ _ _ _ _ _ _ _ _ _ _ _ _ _ _ _ _ _ _ _ _ _ _ _ _ _ 

webdriver = <selenium.webdriver.chrome.webdriver.WebDriver (session="cd23560879c09253cda3102213f36dda")>
datasets = {'custom_issues': [], 'issue_id': '210758', 'issue_key': 'AAFAIA-5250', 'issues': [['AABIS-1', '914565', 'AABIS'], ['A...', 'AABIS'], ['AABIS-4', '914568', 'AABIS'], ['AABIS-5', '914569', 'AABIS'], ['AABIS-6', '914570', 'AABIS'], ...], ...}

    def zscale_view_test_plan_in_issue_view(webdriver, datasets):
        page = BasePage(webdriver)
>       issue_key = datasets['custom_issue_key']
    
        @print_timing("zephyr_scale_view_test_plan_in_issue_view")
E       KeyError: 'custom_issue_key'

extension/jira/extension_ui.py:69: KeyError
04-27-2022, 11:46:57, 1651060017254, Action: test_1_selenium_zscale_view_test_case_in_issue_view, Error: jira_webdriver = <selenium.webdriver.chrome.webdriver.WebDriver (session="cd23560879c09253cda3102213f36dda")>
jira_datasets = {'custom_issues': [], 'issue_id': '208803', 'issue_key': 'AAFAIA-3295', 'issues': [['AABIS-1', '914565', 'AABIS'], ['A...', 'AABIS'], ['AABIS-4', '914568', 'AABIS'], ['AABIS-5', '914569', 'AABIS'], ['AABIS-6', '914570', 'AABIS'], ...], ...}
jira_screen_shots = None

    def test_1_selenium_zscale_view_test_case_in_issue_view(jira_webdriver, jira_datasets, jira_screen_shots):
>       extension_ui.zscale_view_test_case_in_issue_view(jira_webdriver, jira_datasets)

selenium_ui/jira_ui.py:67: 
_ _ _ _ _ _ _ _ _ _ _ _ _ _ _ _ _ _ _ _ _ _ _ _ _ _ _ _ _ _ _ _ _ _ _ _ _ _ _ _ 

webdriver = <selenium.webdriver.chrome.webdriver.WebDriver (session="cd23560879c09253cda3102213f36dda")>
datasets = {'custom_issues': [], 'issue_id': '208803', 'issue_key': 'AAFAIA-3295', 'issues': [['AABIS-1', '914565', 'AABIS'], ['A...', 'AABIS'], ['AABIS-4', '914568', 'AABIS'], ['AABIS-5', '914569', 'AABIS'], ['AABIS-6', '914570', 'AABIS'], ...], ...}

    def zscale_view_test_case_in_issue_view(webdriver, datasets):
        page = BasePage(webdriver)
>       issue_key = datasets['custom_issue_key']
    
        @print_timing("zephyr_scale_view_test_case_in_issue_view")
E       KeyError: 'custom_issue_key'

extension/jira/extension_ui.py:47: KeyError
04-27-2022, 11:46:57, 1651060017788, Action: test_1_selenium_zscale_view_test_cycle_in_issue_view, Error: jira_webdriver = <selenium.webdriver.chrome.webdriver.WebDriver (session="cd23560879c09253cda3102213f36dda")>
jira_datasets = {'custom_issues': [], 'issue_id': '208803', 'issue_key': 'AAFAIA-3295', 'issues': [['AABIS-1', '914565', 'AABIS'], ['A...', 'AABIS'], ['AABIS-4', '914568', 'AABIS'], ['AABIS-5', '914569', 'AABIS'], ['AABIS-6', '914570', 'AABIS'], ...], ...}
jira_screen_shots = None

    def test_1_selenium_zscale_view_test_cycle_in_issue_view(jira_webdriver, jira_datasets, jira_screen_shots):
>       extension_ui.zscale_view_test_cycle_in_issue_view(jira_webdriver, jira_datasets)

selenium_ui/jira_ui.py:70: 
_ _ _ _ _ _ _ _ _ _ _ _ _ _ _ _ _ _ _ _ _ _ _ _ _ _ _ _ _ _ _ _ _ _ _ _ _ _ _ _ 

webdriver = <selenium.webdriver.chrome.webdriver.WebDriver (session="cd23560879c09253cda3102213f36dda")>
datasets = {'custom_issues': [], 'issue_id': '208803', 'issue_key': 'AAFAIA-3295', 'issues': [['AABIS-1', '914565', 'AABIS'], ['A...', 'AABIS'], ['AABIS-4', '914568', 'AABIS'], ['AABIS-5', '914569', 'AABIS'], ['AABIS-6', '914570', 'AABIS'], ...], ...}

    def zscale_view_test_cycle_in_issue_view(webdriver, datasets):
        page = BasePage(webdriver)
>       issue_key = datasets['custom_issue_key']
    
        @print_timing("zephyr_scale_view_test_cycle_in_issue_view")
E       KeyError: 'custom_issue_key'

extension/jira/extension_ui.py:58: KeyError
04-27-2022, 11:46:58, 1651060018325, Action: test_1_selenium_zscale_view_test_plan_in_issue_view, Error: jira_webdriver = <selenium.webdriver.chrome.webdriver.WebDriver (session="cd23560879c09253cda3102213f36dda")>
jira_datasets = {'custom_issues': [], 'issue_id': '208803', 'issue_key': 'AAFAIA-3295', 'issues': [['AABIS-1', '914565', 'AABIS'], ['A...', 'AABIS'], ['AABIS-4', '914568', 'AABIS'], ['AABIS-5', '914569', 'AABIS'], ['AABIS-6', '914570', 'AABIS'], ...], ...}
jira_screen_shots = None

    def test_1_selenium_zscale_view_test_plan_in_issue_view(jira_webdriver, jira_datasets, jira_screen_shots):
>       extension_ui.zscale_view_test_plan_in_issue_view(jira_webdriver, jira_datasets)

selenium_ui/jira_ui.py:73: 
_ _ _ _ _ _ _ _ _ _ _ _ _ _ _ _ _ _ _ _ _ _ _ _ _ _ _ _ _ _ _ _ _ _ _ _ _ _ _ _ 

webdriver = <selenium.webdriver.chrome.webdriver.WebDriver (session="cd23560879c09253cda3102213f36dda")>
datasets = {'custom_issues': [], 'issue_id': '208803', 'issue_key': 'AAFAIA-3295', 'issues': [['AABIS-1', '914565', 'AABIS'], ['A...', 'AABIS'], ['AABIS-4', '914568', 'AABIS'], ['AABIS-5', '914569', 'AABIS'], ['AABIS-6', '914570', 'AABIS'], ...], ...}

    def zscale_view_test_plan_in_issue_view(webdriver, datasets):
        page = BasePage(webdriver)
>       issue_key = datasets['custom_issue_key']
    
        @print_timing("zephyr_scale_view_test_plan_in_issue_view")
E       KeyError: 'custom_issue_key'

extension/jira/extension_ui.py:69: KeyError
04-27-2022, 11:47:14, 1651060034126, Action: test_1_selenium_zscale_view_test_case_in_issue_view, Error: jira_webdriver = <selenium.webdriver.chrome.webdriver.WebDriver (session="cd23560879c09253cda3102213f36dda")>
jira_datasets = {'custom_issues': [], 'issue_id': '210012', 'issue_key': 'AAFAIA-4504', 'issues': [['AABIS-1', '914565', 'AABIS'], ['A...', 'AABIS'], ['AABIS-4', '914568', 'AABIS'], ['AABIS-5', '914569', 'AABIS'], ['AABIS-6', '914570', 'AABIS'], ...], ...}
jira_screen_shots = None

    def test_1_selenium_zscale_view_test_case_in_issue_view(jira_webdriver, jira_datasets, jira_screen_shots):
>       extension_ui.zscale_view_test_case_in_issue_view(jira_webdriver, jira_datasets)

selenium_ui/jira_ui.py:67: 
_ _ _ _ _ _ _ _ _ _ _ _ _ _ _ _ _ _ _ _ _ _ _ _ _ _ _ _ _ _ _ _ _ _ _ _ _ _ _ _ 

webdriver = <selenium.webdriver.chrome.webdriver.WebDriver (session="cd23560879c09253cda3102213f36dda")>
datasets = {'custom_issues': [], 'issue_id': '210012', 'issue_key': 'AAFAIA-4504', 'issues': [['AABIS-1', '914565', 'AABIS'], ['A...', 'AABIS'], ['AABIS-4', '914568', 'AABIS'], ['AABIS-5', '914569', 'AABIS'], ['AABIS-6', '914570', 'AABIS'], ...], ...}

    def zscale_view_test_case_in_issue_view(webdriver, datasets):
        page = BasePage(webdriver)
>       issue_key = datasets['custom_issue_key']
    
        @print_timing("zephyr_scale_view_test_case_in_issue_view")
E       KeyError: 'custom_issue_key'

extension/jira/extension_ui.py:47: KeyError
04-27-2022, 11:47:14, 1651060034733, Action: test_1_selenium_zscale_view_test_cycle_in_issue_view, Error: jira_webdriver = <selenium.webdriver.chrome.webdriver.WebDriver (session="cd23560879c09253cda3102213f36dda")>
jira_datasets = {'custom_issues': [], 'issue_id': '210012', 'issue_key': 'AAFAIA-4504', 'issues': [['AABIS-1', '914565', 'AABIS'], ['A...', 'AABIS'], ['AABIS-4', '914568', 'AABIS'], ['AABIS-5', '914569', 'AABIS'], ['AABIS-6', '914570', 'AABIS'], ...], ...}
jira_screen_shots = None

    def test_1_selenium_zscale_view_test_cycle_in_issue_view(jira_webdriver, jira_datasets, jira_screen_shots):
>       extension_ui.zscale_view_test_cycle_in_issue_view(jira_webdriver, jira_datasets)

selenium_ui/jira_ui.py:70: 
_ _ _ _ _ _ _ _ _ _ _ _ _ _ _ _ _ _ _ _ _ _ _ _ _ _ _ _ _ _ _ _ _ _ _ _ _ _ _ _ 

webdriver = <selenium.webdriver.chrome.webdriver.WebDriver (session="cd23560879c09253cda3102213f36dda")>
datasets = {'custom_issues': [], 'issue_id': '210012', 'issue_key': 'AAFAIA-4504', 'issues': [['AABIS-1', '914565', 'AABIS'], ['A...', 'AABIS'], ['AABIS-4', '914568', 'AABIS'], ['AABIS-5', '914569', 'AABIS'], ['AABIS-6', '914570', 'AABIS'], ...], ...}

    def zscale_view_test_cycle_in_issue_view(webdriver, datasets):
        page = BasePage(webdriver)
>       issue_key = datasets['custom_issue_key']
    
        @print_timing("zephyr_scale_view_test_cycle_in_issue_view")
E       KeyError: 'custom_issue_key'

extension/jira/extension_ui.py:58: KeyError
04-27-2022, 11:47:15, 1651060035253, Action: test_1_selenium_zscale_view_test_plan_in_issue_view, Error: jira_webdriver = <selenium.webdriver.chrome.webdriver.WebDriver (session="cd23560879c09253cda3102213f36dda")>
jira_datasets = {'custom_issues': [], 'issue_id': '210012', 'issue_key': 'AAFAIA-4504', 'issues': [['AABIS-1', '914565', 'AABIS'], ['A...', 'AABIS'], ['AABIS-4', '914568', 'AABIS'], ['AABIS-5', '914569', 'AABIS'], ['AABIS-6', '914570', 'AABIS'], ...], ...}
jira_screen_shots = None

    def test_1_selenium_zscale_view_test_plan_in_issue_view(jira_webdriver, jira_datasets, jira_screen_shots):
>       extension_ui.zscale_view_test_plan_in_issue_view(jira_webdriver, jira_datasets)

selenium_ui/jira_ui.py:73: 
_ _ _ _ _ _ _ _ _ _ _ _ _ _ _ _ _ _ _ _ _ _ _ _ _ _ _ _ _ _ _ _ _ _ _ _ _ _ _ _ 

webdriver = <selenium.webdriver.chrome.webdriver.WebDriver (session="cd23560879c09253cda3102213f36dda")>
datasets = {'custom_issues': [], 'issue_id': '210012', 'issue_key': 'AAFAIA-4504', 'issues': [['AABIS-1', '914565', 'AABIS'], ['A...', 'AABIS'], ['AABIS-4', '914568', 'AABIS'], ['AABIS-5', '914569', 'AABIS'], ['AABIS-6', '914570', 'AABIS'], ...], ...}

    def zscale_view_test_plan_in_issue_view(webdriver, datasets):
        page = BasePage(webdriver)
>       issue_key = datasets['custom_issue_key']
    
        @print_timing("zephyr_scale_view_test_plan_in_issue_view")
E       KeyError: 'custom_issue_key'

extension/jira/extension_ui.py:69: KeyError
04-27-2022, 11:47:31, 1651060051199, Action: test_1_selenium_zscale_view_test_case_in_issue_view, Error: jira_webdriver = <selenium.webdriver.chrome.webdriver.WebDriver (session="cd23560879c09253cda3102213f36dda")>
jira_datasets = {'custom_issues': [], 'issue_id': '2082568', 'issue_key': 'AABIS-2503', 'issues': [['AABIS-1', '914565', 'AABIS'], ['A...', 'AABIS'], ['AABIS-4', '914568', 'AABIS'], ['AABIS-5', '914569', 'AABIS'], ['AABIS-6', '914570', 'AABIS'], ...], ...}
jira_screen_shots = None

    def test_1_selenium_zscale_view_test_case_in_issue_view(jira_webdriver, jira_datasets, jira_screen_shots):
>       extension_ui.zscale_view_test_case_in_issue_view(jira_webdriver, jira_datasets)

selenium_ui/jira_ui.py:67: 
_ _ _ _ _ _ _ _ _ _ _ _ _ _ _ _ _ _ _ _ _ _ _ _ _ _ _ _ _ _ _ _ _ _ _ _ _ _ _ _ 

webdriver = <selenium.webdriver.chrome.webdriver.WebDriver (session="cd23560879c09253cda3102213f36dda")>
datasets = {'custom_issues': [], 'issue_id': '2082568', 'issue_key': 'AABIS-2503', 'issues': [['AABIS-1', '914565', 'AABIS'], ['A...', 'AABIS'], ['AABIS-4', '914568', 'AABIS'], ['AABIS-5', '914569', 'AABIS'], ['AABIS-6', '914570', 'AABIS'], ...], ...}

    def zscale_view_test_case_in_issue_view(webdriver, datasets):
        page = BasePage(webdriver)
>       issue_key = datasets['custom_issue_key']
    
        @print_timing("zephyr_scale_view_test_case_in_issue_view")
E       KeyError: 'custom_issue_key'

extension/jira/extension_ui.py:47: KeyError
04-27-2022, 11:47:31, 1651060051775, Action: test_1_selenium_zscale_view_test_cycle_in_issue_view, Error: jira_webdriver = <selenium.webdriver.chrome.webdriver.WebDriver (session="cd23560879c09253cda3102213f36dda")>
jira_datasets = {'custom_issues': [], 'issue_id': '2082568', 'issue_key': 'AABIS-2503', 'issues': [['AABIS-1', '914565', 'AABIS'], ['A...', 'AABIS'], ['AABIS-4', '914568', 'AABIS'], ['AABIS-5', '914569', 'AABIS'], ['AABIS-6', '914570', 'AABIS'], ...], ...}
jira_screen_shots = None

    def test_1_selenium_zscale_view_test_cycle_in_issue_view(jira_webdriver, jira_datasets, jira_screen_shots):
>       extension_ui.zscale_view_test_cycle_in_issue_view(jira_webdriver, jira_datasets)

selenium_ui/jira_ui.py:70: 
_ _ _ _ _ _ _ _ _ _ _ _ _ _ _ _ _ _ _ _ _ _ _ _ _ _ _ _ _ _ _ _ _ _ _ _ _ _ _ _ 

webdriver = <selenium.webdriver.chrome.webdriver.WebDriver (session="cd23560879c09253cda3102213f36dda")>
datasets = {'custom_issues': [], 'issue_id': '2082568', 'issue_key': 'AABIS-2503', 'issues': [['AABIS-1', '914565', 'AABIS'], ['A...', 'AABIS'], ['AABIS-4', '914568', 'AABIS'], ['AABIS-5', '914569', 'AABIS'], ['AABIS-6', '914570', 'AABIS'], ...], ...}

    def zscale_view_test_cycle_in_issue_view(webdriver, datasets):
        page = BasePage(webdriver)
>       issue_key = datasets['custom_issue_key']
    
        @print_timing("zephyr_scale_view_test_cycle_in_issue_view")
E       KeyError: 'custom_issue_key'

extension/jira/extension_ui.py:58: KeyError
04-27-2022, 11:47:32, 1651060052324, Action: test_1_selenium_zscale_view_test_plan_in_issue_view, Error: jira_webdriver = <selenium.webdriver.chrome.webdriver.WebDriver (session="cd23560879c09253cda3102213f36dda")>
jira_datasets = {'custom_issues': [], 'issue_id': '2082568', 'issue_key': 'AABIS-2503', 'issues': [['AABIS-1', '914565', 'AABIS'], ['A...', 'AABIS'], ['AABIS-4', '914568', 'AABIS'], ['AABIS-5', '914569', 'AABIS'], ['AABIS-6', '914570', 'AABIS'], ...], ...}
jira_screen_shots = None

    def test_1_selenium_zscale_view_test_plan_in_issue_view(jira_webdriver, jira_datasets, jira_screen_shots):
>       extension_ui.zscale_view_test_plan_in_issue_view(jira_webdriver, jira_datasets)

selenium_ui/jira_ui.py:73: 
_ _ _ _ _ _ _ _ _ _ _ _ _ _ _ _ _ _ _ _ _ _ _ _ _ _ _ _ _ _ _ _ _ _ _ _ _ _ _ _ 

webdriver = <selenium.webdriver.chrome.webdriver.WebDriver (session="cd23560879c09253cda3102213f36dda")>
datasets = {'custom_issues': [], 'issue_id': '2082568', 'issue_key': 'AABIS-2503', 'issues': [['AABIS-1', '914565', 'AABIS'], ['A...', 'AABIS'], ['AABIS-4', '914568', 'AABIS'], ['AABIS-5', '914569', 'AABIS'], ['AABIS-6', '914570', 'AABIS'], ...], ...}

    def zscale_view_test_plan_in_issue_view(webdriver, datasets):
        page = BasePage(webdriver)
>       issue_key = datasets['custom_issue_key']
    
        @print_timing("zephyr_scale_view_test_plan_in_issue_view")
E       KeyError: 'custom_issue_key'

extension/jira/extension_ui.py:69: KeyError
04-27-2022, 11:47:47, 1651060067580, Action: test_1_selenium_zscale_view_test_case_in_issue_view, Error: jira_webdriver = <selenium.webdriver.chrome.webdriver.WebDriver (session="cd23560879c09253cda3102213f36dda")>
jira_datasets = {'custom_issues': [], 'issue_id': '209520', 'issue_key': 'AAFAIA-4012', 'issues': [['AABIS-1', '914565', 'AABIS'], ['A...', 'AABIS'], ['AABIS-4', '914568', 'AABIS'], ['AABIS-5', '914569', 'AABIS'], ['AABIS-6', '914570', 'AABIS'], ...], ...}
jira_screen_shots = None

    def test_1_selenium_zscale_view_test_case_in_issue_view(jira_webdriver, jira_datasets, jira_screen_shots):
>       extension_ui.zscale_view_test_case_in_issue_view(jira_webdriver, jira_datasets)

selenium_ui/jira_ui.py:67: 
_ _ _ _ _ _ _ _ _ _ _ _ _ _ _ _ _ _ _ _ _ _ _ _ _ _ _ _ _ _ _ _ _ _ _ _ _ _ _ _ 

webdriver = <selenium.webdriver.chrome.webdriver.WebDriver (session="cd23560879c09253cda3102213f36dda")>
datasets = {'custom_issues': [], 'issue_id': '209520', 'issue_key': 'AAFAIA-4012', 'issues': [['AABIS-1', '914565', 'AABIS'], ['A...', 'AABIS'], ['AABIS-4', '914568', 'AABIS'], ['AABIS-5', '914569', 'AABIS'], ['AABIS-6', '914570', 'AABIS'], ...], ...}

    def zscale_view_test_case_in_issue_view(webdriver, datasets):
        page = BasePage(webdriver)
>       issue_key = datasets['custom_issue_key']
    
        @print_timing("zephyr_scale_view_test_case_in_issue_view")
E       KeyError: 'custom_issue_key'

extension/jira/extension_ui.py:47: KeyError
04-27-2022, 11:47:48, 1651060068074, Action: test_1_selenium_zscale_view_test_cycle_in_issue_view, Error: jira_webdriver = <selenium.webdriver.chrome.webdriver.WebDriver (session="cd23560879c09253cda3102213f36dda")>
jira_datasets = {'custom_issues': [], 'issue_id': '209520', 'issue_key': 'AAFAIA-4012', 'issues': [['AABIS-1', '914565', 'AABIS'], ['A...', 'AABIS'], ['AABIS-4', '914568', 'AABIS'], ['AABIS-5', '914569', 'AABIS'], ['AABIS-6', '914570', 'AABIS'], ...], ...}
jira_screen_shots = None

    def test_1_selenium_zscale_view_test_cycle_in_issue_view(jira_webdriver, jira_datasets, jira_screen_shots):
>       extension_ui.zscale_view_test_cycle_in_issue_view(jira_webdriver, jira_datasets)

selenium_ui/jira_ui.py:70: 
_ _ _ _ _ _ _ _ _ _ _ _ _ _ _ _ _ _ _ _ _ _ _ _ _ _ _ _ _ _ _ _ _ _ _ _ _ _ _ _ 

webdriver = <selenium.webdriver.chrome.webdriver.WebDriver (session="cd23560879c09253cda3102213f36dda")>
datasets = {'custom_issues': [], 'issue_id': '209520', 'issue_key': 'AAFAIA-4012', 'issues': [['AABIS-1', '914565', 'AABIS'], ['A...', 'AABIS'], ['AABIS-4', '914568', 'AABIS'], ['AABIS-5', '914569', 'AABIS'], ['AABIS-6', '914570', 'AABIS'], ...], ...}

    def zscale_view_test_cycle_in_issue_view(webdriver, datasets):
        page = BasePage(webdriver)
>       issue_key = datasets['custom_issue_key']
    
        @print_timing("zephyr_scale_view_test_cycle_in_issue_view")
E       KeyError: 'custom_issue_key'

extension/jira/extension_ui.py:58: KeyError
04-27-2022, 11:47:48, 1651060068592, Action: test_1_selenium_zscale_view_test_plan_in_issue_view, Error: jira_webdriver = <selenium.webdriver.chrome.webdriver.WebDriver (session="cd23560879c09253cda3102213f36dda")>
jira_datasets = {'custom_issues': [], 'issue_id': '209520', 'issue_key': 'AAFAIA-4012', 'issues': [['AABIS-1', '914565', 'AABIS'], ['A...', 'AABIS'], ['AABIS-4', '914568', 'AABIS'], ['AABIS-5', '914569', 'AABIS'], ['AABIS-6', '914570', 'AABIS'], ...], ...}
jira_screen_shots = None

    def test_1_selenium_zscale_view_test_plan_in_issue_view(jira_webdriver, jira_datasets, jira_screen_shots):
>       extension_ui.zscale_view_test_plan_in_issue_view(jira_webdriver, jira_datasets)

selenium_ui/jira_ui.py:73: 
_ _ _ _ _ _ _ _ _ _ _ _ _ _ _ _ _ _ _ _ _ _ _ _ _ _ _ _ _ _ _ _ _ _ _ _ _ _ _ _ 

webdriver = <selenium.webdriver.chrome.webdriver.WebDriver (session="cd23560879c09253cda3102213f36dda")>
datasets = {'custom_issues': [], 'issue_id': '209520', 'issue_key': 'AAFAIA-4012', 'issues': [['AABIS-1', '914565', 'AABIS'], ['A...', 'AABIS'], ['AABIS-4', '914568', 'AABIS'], ['AABIS-5', '914569', 'AABIS'], ['AABIS-6', '914570', 'AABIS'], ...], ...}

    def zscale_view_test_plan_in_issue_view(webdriver, datasets):
        page = BasePage(webdriver)
>       issue_key = datasets['custom_issue_key']
    
        @print_timing("zephyr_scale_view_test_plan_in_issue_view")
E       KeyError: 'custom_issue_key'

extension/jira/extension_ui.py:69: KeyError
