05-25-2022, 09:59:12, 1653472752892, Action: test_1_selenium_zscale_view_test_cases_by_status_macro_in_page, Error: confluence_webdriver = <selenium.webdriver.chrome.webdriver.WebDriver (session="eba48be2e4f9ba2c4aae7c280f5907f5")>
confluence_datasets = {'blog_id': '25829924', 'blogs': [['25717138', 'OMM'], ['25715212', 'BTVF'], ['25717200', 'FLVT'], ['25715242', 'JSDTC...716062', 'CCMB'], ['25715953', 'GHT'], ...], 'custom_page_id': '40140995', 'custom_pages': [['40140995', 'TEST']], ...}
confluence_screen_shots = None

    def test_1_selenium_zscale_view_test_cases_by_status_macro_in_page(confluence_webdriver, confluence_datasets, confluence_screen_shots):
>       extension_ui.zscale_view_test_cases_by_status_macro_in_page(confluence_webdriver, confluence_datasets)

selenium_ui/confluence_ui.py:43: 
_ _ _ _ _ _ _ _ _ _ _ _ _ _ _ _ _ _ _ _ _ _ _ _ _ _ _ _ _ _ _ _ _ _ _ _ _ _ _ _ 
extension/confluence/extension_ui.py:69: in zscale_view_test_cases_by_status_macro_in_page
    measure()
_ _ _ _ _ _ _ _ _ _ _ _ _ _ _ _ _ _ _ _ _ _ _ _ _ _ _ _ _ _ _ _ _ _ _ _ _ _ _ _ 

    @functools.wraps(func)
    def wrapper():
        if LOGIN_ACTION_NAME in interaction:
            globals.login_failed = False
        if globals.login_failed:
            pytest.skip(f"login is failed")
        start = time.time()
        error_msg = 'Success'
        full_exception = ''
        try:
            func()
            success = True
        except Exception:
            success = False
            # https://docs.python.org/2/library/sys.html#sys.exc_info
            exc_type, full_exception = sys.exc_info()[:2]
            error_msg = f"Failed measure: {interaction} - {exc_type.__name__}"
        end = time.time()
        timing = str(int((end - start) * 1000))
    
        lockfile = f'{selenium_results_file}.lock'
    
        with filelock.SoftFileLock(lockfile):
            with open(selenium_results_file, "a+") as jtl_file:
                timestamp = round(time.time() * 1000)
                jtl_file.write(f"{timestamp},{timing},{interaction},,{error_msg},,{success},0,0,0,0,,0\n")
    
        print(f"{timestamp},{timing},{interaction},{error_msg},{success}")
    
        if not success:
            if LOGIN_ACTION_NAME in interaction:
                globals.login_failed = True
>           raise Exception(error_msg, full_exception)
E           Exception: ('Failed measure: view_test_cases_by_status_action - TimeoutException', TimeoutException("Error in wait_until: Timed out after 20 sec waiting for <selenium.webdriver.support.expected_conditions.visibility_of_element_located object at 0x7f40b850e2b0>. \nLocator: ('tag name', 'macro-view')", None, None))

selenium_ui/conftest.py:155: Exception
05-25-2022, 09:59:34, 1653472774253, Action: test_1_selenium_zscale_view_test_cases_by_project_macro_in_page, Error: confluence_webdriver = <selenium.webdriver.chrome.webdriver.WebDriver (session="eba48be2e4f9ba2c4aae7c280f5907f5")>
confluence_datasets = {'blog_id': '25829924', 'blogs': [['25717138', 'OMM'], ['25715212', 'BTVF'], ['25717200', 'FLVT'], ['25715242', 'JSDTC...716062', 'CCMB'], ['25715953', 'GHT'], ...], 'custom_page_id': '40140995', 'custom_pages': [['40140995', 'TEST']], ...}
confluence_screen_shots = None

    def test_1_selenium_zscale_view_test_cases_by_project_macro_in_page(confluence_webdriver, confluence_datasets, confluence_screen_shots):
>       extension_ui.zscale_view_test_cases_by_project_macro_in_page(confluence_webdriver, confluence_datasets)

selenium_ui/confluence_ui.py:46: 
_ _ _ _ _ _ _ _ _ _ _ _ _ _ _ _ _ _ _ _ _ _ _ _ _ _ _ _ _ _ _ _ _ _ _ _ _ _ _ _ 
extension/confluence/extension_ui.py:94: in zscale_view_test_cases_by_project_macro_in_page
    measure()
_ _ _ _ _ _ _ _ _ _ _ _ _ _ _ _ _ _ _ _ _ _ _ _ _ _ _ _ _ _ _ _ _ _ _ _ _ _ _ _ 

    @functools.wraps(func)
    def wrapper():
        if LOGIN_ACTION_NAME in interaction:
            globals.login_failed = False
        if globals.login_failed:
            pytest.skip(f"login is failed")
        start = time.time()
        error_msg = 'Success'
        full_exception = ''
        try:
            func()
            success = True
        except Exception:
            success = False
            # https://docs.python.org/2/library/sys.html#sys.exc_info
            exc_type, full_exception = sys.exc_info()[:2]
            error_msg = f"Failed measure: {interaction} - {exc_type.__name__}"
        end = time.time()
        timing = str(int((end - start) * 1000))
    
        lockfile = f'{selenium_results_file}.lock'
    
        with filelock.SoftFileLock(lockfile):
            with open(selenium_results_file, "a+") as jtl_file:
                timestamp = round(time.time() * 1000)
                jtl_file.write(f"{timestamp},{timing},{interaction},,{error_msg},,{success},0,0,0,0,,0\n")
    
        print(f"{timestamp},{timing},{interaction},{error_msg},{success}")
    
        if not success:
            if LOGIN_ACTION_NAME in interaction:
                globals.login_failed = True
>           raise Exception(error_msg, full_exception)
E           Exception: ('Failed measure: view_test_cases_by_project_action - TimeoutException', TimeoutException("Error in wait_until: Timed out after 20 sec waiting for <selenium.webdriver.support.expected_conditions.visibility_of_element_located object at 0x7f40b8499a00>. \nLocator: ('tag name', 'macro-view')", None, None))

selenium_ui/conftest.py:155: Exception
05-25-2022, 09:59:55, 1653472795633, Action: test_1_selenium_zscale_view_test_cases_by_folder_macro_in_page, Error: confluence_webdriver = <selenium.webdriver.chrome.webdriver.WebDriver (session="eba48be2e4f9ba2c4aae7c280f5907f5")>
confluence_datasets = {'blog_id': '25829924', 'blogs': [['25717138', 'OMM'], ['25715212', 'BTVF'], ['25717200', 'FLVT'], ['25715242', 'JSDTC...716062', 'CCMB'], ['25715953', 'GHT'], ...], 'custom_page_id': '40140995', 'custom_pages': [['40140995', 'TEST']], ...}
confluence_screen_shots = None

    def test_1_selenium_zscale_view_test_cases_by_folder_macro_in_page(confluence_webdriver, confluence_datasets, confluence_screen_shots):
>       extension_ui.zscale_view_test_cases_by_folder_macro_in_page(confluence_webdriver, confluence_datasets)

selenium_ui/confluence_ui.py:49: 
_ _ _ _ _ _ _ _ _ _ _ _ _ _ _ _ _ _ _ _ _ _ _ _ _ _ _ _ _ _ _ _ _ _ _ _ _ _ _ _ 
extension/confluence/extension_ui.py:119: in zscale_view_test_cases_by_folder_macro_in_page
    measure()
_ _ _ _ _ _ _ _ _ _ _ _ _ _ _ _ _ _ _ _ _ _ _ _ _ _ _ _ _ _ _ _ _ _ _ _ _ _ _ _ 

    @functools.wraps(func)
    def wrapper():
        if LOGIN_ACTION_NAME in interaction:
            globals.login_failed = False
        if globals.login_failed:
            pytest.skip(f"login is failed")
        start = time.time()
        error_msg = 'Success'
        full_exception = ''
        try:
            func()
            success = True
        except Exception:
            success = False
            # https://docs.python.org/2/library/sys.html#sys.exc_info
            exc_type, full_exception = sys.exc_info()[:2]
            error_msg = f"Failed measure: {interaction} - {exc_type.__name__}"
        end = time.time()
        timing = str(int((end - start) * 1000))
    
        lockfile = f'{selenium_results_file}.lock'
    
        with filelock.SoftFileLock(lockfile):
            with open(selenium_results_file, "a+") as jtl_file:
                timestamp = round(time.time() * 1000)
                jtl_file.write(f"{timestamp},{timing},{interaction},,{error_msg},,{success},0,0,0,0,,0\n")
    
        print(f"{timestamp},{timing},{interaction},{error_msg},{success}")
    
        if not success:
            if LOGIN_ACTION_NAME in interaction:
                globals.login_failed = True
>           raise Exception(error_msg, full_exception)
E           Exception: ('Failed measure: view_test_cases_by_folder_action - TimeoutException', TimeoutException("Error in wait_until: Timed out after 20 sec waiting for <selenium.webdriver.support.expected_conditions.visibility_of_element_located object at 0x7f40b850e370>. \nLocator: ('tag name', 'macro-view')", None, None))

selenium_ui/conftest.py:155: Exception
05-25-2022, 10:00:24, 1653472824747, Action: test_1_selenium_zscale_view_test_cases_by_status_macro_in_page, Error: confluence_webdriver = <selenium.webdriver.chrome.webdriver.WebDriver (session="eba48be2e4f9ba2c4aae7c280f5907f5")>
confluence_datasets = {'blog_id': '8138448', 'blogs': [['25717138', 'OMM'], ['25715212', 'BTVF'], ['25717200', 'FLVT'], ['25715242', 'JSDTC'...716062', 'CCMB'], ['25715953', 'GHT'], ...], 'custom_page_id': '40140995', 'custom_pages': [['40140995', 'TEST']], ...}
confluence_screen_shots = None

    def test_1_selenium_zscale_view_test_cases_by_status_macro_in_page(confluence_webdriver, confluence_datasets, confluence_screen_shots):
>       extension_ui.zscale_view_test_cases_by_status_macro_in_page(confluence_webdriver, confluence_datasets)

selenium_ui/confluence_ui.py:43: 
_ _ _ _ _ _ _ _ _ _ _ _ _ _ _ _ _ _ _ _ _ _ _ _ _ _ _ _ _ _ _ _ _ _ _ _ _ _ _ _ 
extension/confluence/extension_ui.py:69: in zscale_view_test_cases_by_status_macro_in_page
    measure()
_ _ _ _ _ _ _ _ _ _ _ _ _ _ _ _ _ _ _ _ _ _ _ _ _ _ _ _ _ _ _ _ _ _ _ _ _ _ _ _ 

    @functools.wraps(func)
    def wrapper():
        if LOGIN_ACTION_NAME in interaction:
            globals.login_failed = False
        if globals.login_failed:
            pytest.skip(f"login is failed")
        start = time.time()
        error_msg = 'Success'
        full_exception = ''
        try:
            func()
            success = True
        except Exception:
            success = False
            # https://docs.python.org/2/library/sys.html#sys.exc_info
            exc_type, full_exception = sys.exc_info()[:2]
            error_msg = f"Failed measure: {interaction} - {exc_type.__name__}"
        end = time.time()
        timing = str(int((end - start) * 1000))
    
        lockfile = f'{selenium_results_file}.lock'
    
        with filelock.SoftFileLock(lockfile):
            with open(selenium_results_file, "a+") as jtl_file:
                timestamp = round(time.time() * 1000)
                jtl_file.write(f"{timestamp},{timing},{interaction},,{error_msg},,{success},0,0,0,0,,0\n")
    
        print(f"{timestamp},{timing},{interaction},{error_msg},{success}")
    
        if not success:
            if LOGIN_ACTION_NAME in interaction:
                globals.login_failed = True
>           raise Exception(error_msg, full_exception)
E           Exception: ('Failed measure: view_test_cases_by_status_action - TimeoutException', TimeoutException("Error in wait_until: Timed out after 20 sec waiting for <selenium.webdriver.support.expected_conditions.visibility_of_element_located object at 0x7f40b845df10>. \nLocator: ('tag name', 'macro-view')", None, None))

selenium_ui/conftest.py:155: Exception
05-25-2022, 10:00:46, 1653472846107, Action: test_1_selenium_zscale_view_test_cases_by_project_macro_in_page, Error: confluence_webdriver = <selenium.webdriver.chrome.webdriver.WebDriver (session="eba48be2e4f9ba2c4aae7c280f5907f5")>
confluence_datasets = {'blog_id': '8138448', 'blogs': [['25717138', 'OMM'], ['25715212', 'BTVF'], ['25717200', 'FLVT'], ['25715242', 'JSDTC'...716062', 'CCMB'], ['25715953', 'GHT'], ...], 'custom_page_id': '40140995', 'custom_pages': [['40140995', 'TEST']], ...}
confluence_screen_shots = None

    def test_1_selenium_zscale_view_test_cases_by_project_macro_in_page(confluence_webdriver, confluence_datasets, confluence_screen_shots):
>       extension_ui.zscale_view_test_cases_by_project_macro_in_page(confluence_webdriver, confluence_datasets)

selenium_ui/confluence_ui.py:46: 
_ _ _ _ _ _ _ _ _ _ _ _ _ _ _ _ _ _ _ _ _ _ _ _ _ _ _ _ _ _ _ _ _ _ _ _ _ _ _ _ 
extension/confluence/extension_ui.py:94: in zscale_view_test_cases_by_project_macro_in_page
    measure()
_ _ _ _ _ _ _ _ _ _ _ _ _ _ _ _ _ _ _ _ _ _ _ _ _ _ _ _ _ _ _ _ _ _ _ _ _ _ _ _ 

    @functools.wraps(func)
    def wrapper():
        if LOGIN_ACTION_NAME in interaction:
            globals.login_failed = False
        if globals.login_failed:
            pytest.skip(f"login is failed")
        start = time.time()
        error_msg = 'Success'
        full_exception = ''
        try:
            func()
            success = True
        except Exception:
            success = False
            # https://docs.python.org/2/library/sys.html#sys.exc_info
            exc_type, full_exception = sys.exc_info()[:2]
            error_msg = f"Failed measure: {interaction} - {exc_type.__name__}"
        end = time.time()
        timing = str(int((end - start) * 1000))
    
        lockfile = f'{selenium_results_file}.lock'
    
        with filelock.SoftFileLock(lockfile):
            with open(selenium_results_file, "a+") as jtl_file:
                timestamp = round(time.time() * 1000)
                jtl_file.write(f"{timestamp},{timing},{interaction},,{error_msg},,{success},0,0,0,0,,0\n")
    
        print(f"{timestamp},{timing},{interaction},{error_msg},{success}")
    
        if not success:
            if LOGIN_ACTION_NAME in interaction:
                globals.login_failed = True
>           raise Exception(error_msg, full_exception)
E           Exception: ('Failed measure: view_test_cases_by_project_action - TimeoutException', TimeoutException("Error in wait_until: Timed out after 20 sec waiting for <selenium.webdriver.support.expected_conditions.visibility_of_element_located object at 0x7f40b83f1b50>. \nLocator: ('tag name', 'macro-view')", None, None))

selenium_ui/conftest.py:155: Exception
05-25-2022, 10:01:07, 1653472867489, Action: test_1_selenium_zscale_view_test_cases_by_folder_macro_in_page, Error: confluence_webdriver = <selenium.webdriver.chrome.webdriver.WebDriver (session="eba48be2e4f9ba2c4aae7c280f5907f5")>
confluence_datasets = {'blog_id': '8138448', 'blogs': [['25717138', 'OMM'], ['25715212', 'BTVF'], ['25717200', 'FLVT'], ['25715242', 'JSDTC'...716062', 'CCMB'], ['25715953', 'GHT'], ...], 'custom_page_id': '40140995', 'custom_pages': [['40140995', 'TEST']], ...}
confluence_screen_shots = None

    def test_1_selenium_zscale_view_test_cases_by_folder_macro_in_page(confluence_webdriver, confluence_datasets, confluence_screen_shots):
>       extension_ui.zscale_view_test_cases_by_folder_macro_in_page(confluence_webdriver, confluence_datasets)

selenium_ui/confluence_ui.py:49: 
_ _ _ _ _ _ _ _ _ _ _ _ _ _ _ _ _ _ _ _ _ _ _ _ _ _ _ _ _ _ _ _ _ _ _ _ _ _ _ _ 
extension/confluence/extension_ui.py:119: in zscale_view_test_cases_by_folder_macro_in_page
    measure()
_ _ _ _ _ _ _ _ _ _ _ _ _ _ _ _ _ _ _ _ _ _ _ _ _ _ _ _ _ _ _ _ _ _ _ _ _ _ _ _ 

    @functools.wraps(func)
    def wrapper():
        if LOGIN_ACTION_NAME in interaction:
            globals.login_failed = False
        if globals.login_failed:
            pytest.skip(f"login is failed")
        start = time.time()
        error_msg = 'Success'
        full_exception = ''
        try:
            func()
            success = True
        except Exception:
            success = False
            # https://docs.python.org/2/library/sys.html#sys.exc_info
            exc_type, full_exception = sys.exc_info()[:2]
            error_msg = f"Failed measure: {interaction} - {exc_type.__name__}"
        end = time.time()
        timing = str(int((end - start) * 1000))
    
        lockfile = f'{selenium_results_file}.lock'
    
        with filelock.SoftFileLock(lockfile):
            with open(selenium_results_file, "a+") as jtl_file:
                timestamp = round(time.time() * 1000)
                jtl_file.write(f"{timestamp},{timing},{interaction},,{error_msg},,{success},0,0,0,0,,0\n")
    
        print(f"{timestamp},{timing},{interaction},{error_msg},{success}")
    
        if not success:
            if LOGIN_ACTION_NAME in interaction:
                globals.login_failed = True
>           raise Exception(error_msg, full_exception)
E           Exception: ('Failed measure: view_test_cases_by_folder_action - TimeoutException', TimeoutException("Error in wait_until: Timed out after 20 sec waiting for <selenium.webdriver.support.expected_conditions.visibility_of_element_located object at 0x7f40b83c7760>. \nLocator: ('tag name', 'macro-view')", None, None))

selenium_ui/conftest.py:155: Exception
05-25-2022, 10:01:36, 1653472896184, Action: test_1_selenium_zscale_view_test_cases_by_status_macro_in_page, Error: confluence_webdriver = <selenium.webdriver.chrome.webdriver.WebDriver (session="eba48be2e4f9ba2c4aae7c280f5907f5")>
confluence_datasets = {'blog_id': '3703804', 'blogs': [['25717138', 'OMM'], ['25715212', 'BTVF'], ['25717200', 'FLVT'], ['25715242', 'JSDTC'...716062', 'CCMB'], ['25715953', 'GHT'], ...], 'custom_page_id': '40140995', 'custom_pages': [['40140995', 'TEST']], ...}
confluence_screen_shots = None

    def test_1_selenium_zscale_view_test_cases_by_status_macro_in_page(confluence_webdriver, confluence_datasets, confluence_screen_shots):
>       extension_ui.zscale_view_test_cases_by_status_macro_in_page(confluence_webdriver, confluence_datasets)

selenium_ui/confluence_ui.py:43: 
_ _ _ _ _ _ _ _ _ _ _ _ _ _ _ _ _ _ _ _ _ _ _ _ _ _ _ _ _ _ _ _ _ _ _ _ _ _ _ _ 
extension/confluence/extension_ui.py:69: in zscale_view_test_cases_by_status_macro_in_page
    measure()
_ _ _ _ _ _ _ _ _ _ _ _ _ _ _ _ _ _ _ _ _ _ _ _ _ _ _ _ _ _ _ _ _ _ _ _ _ _ _ _ 

    @functools.wraps(func)
    def wrapper():
        if LOGIN_ACTION_NAME in interaction:
            globals.login_failed = False
        if globals.login_failed:
            pytest.skip(f"login is failed")
        start = time.time()
        error_msg = 'Success'
        full_exception = ''
        try:
            func()
            success = True
        except Exception:
            success = False
            # https://docs.python.org/2/library/sys.html#sys.exc_info
            exc_type, full_exception = sys.exc_info()[:2]
            error_msg = f"Failed measure: {interaction} - {exc_type.__name__}"
        end = time.time()
        timing = str(int((end - start) * 1000))
    
        lockfile = f'{selenium_results_file}.lock'
    
        with filelock.SoftFileLock(lockfile):
            with open(selenium_results_file, "a+") as jtl_file:
                timestamp = round(time.time() * 1000)
                jtl_file.write(f"{timestamp},{timing},{interaction},,{error_msg},,{success},0,0,0,0,,0\n")
    
        print(f"{timestamp},{timing},{interaction},{error_msg},{success}")
    
        if not success:
            if LOGIN_ACTION_NAME in interaction:
                globals.login_failed = True
>           raise Exception(error_msg, full_exception)
E           Exception: ('Failed measure: view_test_cases_by_status_action - TimeoutException', TimeoutException("Error in wait_until: Timed out after 20 sec waiting for <selenium.webdriver.support.expected_conditions.visibility_of_element_located object at 0x7f40b83c82b0>. \nLocator: ('tag name', 'macro-view')", None, None))

selenium_ui/conftest.py:155: Exception
05-25-2022, 10:01:57, 1653472917554, Action: test_1_selenium_zscale_view_test_cases_by_project_macro_in_page, Error: confluence_webdriver = <selenium.webdriver.chrome.webdriver.WebDriver (session="eba48be2e4f9ba2c4aae7c280f5907f5")>
confluence_datasets = {'blog_id': '3703804', 'blogs': [['25717138', 'OMM'], ['25715212', 'BTVF'], ['25717200', 'FLVT'], ['25715242', 'JSDTC'...716062', 'CCMB'], ['25715953', 'GHT'], ...], 'custom_page_id': '40140995', 'custom_pages': [['40140995', 'TEST']], ...}
confluence_screen_shots = None

    def test_1_selenium_zscale_view_test_cases_by_project_macro_in_page(confluence_webdriver, confluence_datasets, confluence_screen_shots):
>       extension_ui.zscale_view_test_cases_by_project_macro_in_page(confluence_webdriver, confluence_datasets)

selenium_ui/confluence_ui.py:46: 
_ _ _ _ _ _ _ _ _ _ _ _ _ _ _ _ _ _ _ _ _ _ _ _ _ _ _ _ _ _ _ _ _ _ _ _ _ _ _ _ 
extension/confluence/extension_ui.py:94: in zscale_view_test_cases_by_project_macro_in_page
    measure()
_ _ _ _ _ _ _ _ _ _ _ _ _ _ _ _ _ _ _ _ _ _ _ _ _ _ _ _ _ _ _ _ _ _ _ _ _ _ _ _ 

    @functools.wraps(func)
    def wrapper():
        if LOGIN_ACTION_NAME in interaction:
            globals.login_failed = False
        if globals.login_failed:
            pytest.skip(f"login is failed")
        start = time.time()
        error_msg = 'Success'
        full_exception = ''
        try:
            func()
            success = True
        except Exception:
            success = False
            # https://docs.python.org/2/library/sys.html#sys.exc_info
            exc_type, full_exception = sys.exc_info()[:2]
            error_msg = f"Failed measure: {interaction} - {exc_type.__name__}"
        end = time.time()
        timing = str(int((end - start) * 1000))
    
        lockfile = f'{selenium_results_file}.lock'
    
        with filelock.SoftFileLock(lockfile):
            with open(selenium_results_file, "a+") as jtl_file:
                timestamp = round(time.time() * 1000)
                jtl_file.write(f"{timestamp},{timing},{interaction},,{error_msg},,{success},0,0,0,0,,0\n")
    
        print(f"{timestamp},{timing},{interaction},{error_msg},{success}")
    
        if not success:
            if LOGIN_ACTION_NAME in interaction:
                globals.login_failed = True
>           raise Exception(error_msg, full_exception)
E           Exception: ('Failed measure: view_test_cases_by_project_action - TimeoutException', TimeoutException("Error in wait_until: Timed out after 20 sec waiting for <selenium.webdriver.support.expected_conditions.visibility_of_element_located object at 0x7f40b83ffb80>. \nLocator: ('tag name', 'macro-view')", None, None))

selenium_ui/conftest.py:155: Exception
05-25-2022, 10:02:18, 1653472938918, Action: test_1_selenium_zscale_view_test_cases_by_folder_macro_in_page, Error: confluence_webdriver = <selenium.webdriver.chrome.webdriver.WebDriver (session="eba48be2e4f9ba2c4aae7c280f5907f5")>
confluence_datasets = {'blog_id': '3703804', 'blogs': [['25717138', 'OMM'], ['25715212', 'BTVF'], ['25717200', 'FLVT'], ['25715242', 'JSDTC'...716062', 'CCMB'], ['25715953', 'GHT'], ...], 'custom_page_id': '40140995', 'custom_pages': [['40140995', 'TEST']], ...}
confluence_screen_shots = None

    def test_1_selenium_zscale_view_test_cases_by_folder_macro_in_page(confluence_webdriver, confluence_datasets, confluence_screen_shots):
>       extension_ui.zscale_view_test_cases_by_folder_macro_in_page(confluence_webdriver, confluence_datasets)

selenium_ui/confluence_ui.py:49: 
_ _ _ _ _ _ _ _ _ _ _ _ _ _ _ _ _ _ _ _ _ _ _ _ _ _ _ _ _ _ _ _ _ _ _ _ _ _ _ _ 
extension/confluence/extension_ui.py:119: in zscale_view_test_cases_by_folder_macro_in_page
    measure()
_ _ _ _ _ _ _ _ _ _ _ _ _ _ _ _ _ _ _ _ _ _ _ _ _ _ _ _ _ _ _ _ _ _ _ _ _ _ _ _ 

    @functools.wraps(func)
    def wrapper():
        if LOGIN_ACTION_NAME in interaction:
            globals.login_failed = False
        if globals.login_failed:
            pytest.skip(f"login is failed")
        start = time.time()
        error_msg = 'Success'
        full_exception = ''
        try:
            func()
            success = True
        except Exception:
            success = False
            # https://docs.python.org/2/library/sys.html#sys.exc_info
            exc_type, full_exception = sys.exc_info()[:2]
            error_msg = f"Failed measure: {interaction} - {exc_type.__name__}"
        end = time.time()
        timing = str(int((end - start) * 1000))
    
        lockfile = f'{selenium_results_file}.lock'
    
        with filelock.SoftFileLock(lockfile):
            with open(selenium_results_file, "a+") as jtl_file:
                timestamp = round(time.time() * 1000)
                jtl_file.write(f"{timestamp},{timing},{interaction},,{error_msg},,{success},0,0,0,0,,0\n")
    
        print(f"{timestamp},{timing},{interaction},{error_msg},{success}")
    
        if not success:
            if LOGIN_ACTION_NAME in interaction:
                globals.login_failed = True
>           raise Exception(error_msg, full_exception)
E           Exception: ('Failed measure: view_test_cases_by_folder_action - TimeoutException', TimeoutException("Error in wait_until: Timed out after 20 sec waiting for <selenium.webdriver.support.expected_conditions.visibility_of_element_located object at 0x7f40b836d040>. \nLocator: ('tag name', 'macro-view')", None, None))

selenium_ui/conftest.py:155: Exception
05-25-2022, 10:02:47, 1653472967534, Action: test_1_selenium_zscale_view_test_cases_by_status_macro_in_page, Error: confluence_webdriver = <selenium.webdriver.chrome.webdriver.WebDriver (session="eba48be2e4f9ba2c4aae7c280f5907f5")>
confluence_datasets = {'blog_id': '25842223', 'blogs': [['25717138', 'OMM'], ['25715212', 'BTVF'], ['25717200', 'FLVT'], ['25715242', 'JSDTC...716062', 'CCMB'], ['25715953', 'GHT'], ...], 'custom_page_id': '40140995', 'custom_pages': [['40140995', 'TEST']], ...}
confluence_screen_shots = None

    def test_1_selenium_zscale_view_test_cases_by_status_macro_in_page(confluence_webdriver, confluence_datasets, confluence_screen_shots):
>       extension_ui.zscale_view_test_cases_by_status_macro_in_page(confluence_webdriver, confluence_datasets)

selenium_ui/confluence_ui.py:43: 
_ _ _ _ _ _ _ _ _ _ _ _ _ _ _ _ _ _ _ _ _ _ _ _ _ _ _ _ _ _ _ _ _ _ _ _ _ _ _ _ 
extension/confluence/extension_ui.py:69: in zscale_view_test_cases_by_status_macro_in_page
    measure()
_ _ _ _ _ _ _ _ _ _ _ _ _ _ _ _ _ _ _ _ _ _ _ _ _ _ _ _ _ _ _ _ _ _ _ _ _ _ _ _ 

    @functools.wraps(func)
    def wrapper():
        if LOGIN_ACTION_NAME in interaction:
            globals.login_failed = False
        if globals.login_failed:
            pytest.skip(f"login is failed")
        start = time.time()
        error_msg = 'Success'
        full_exception = ''
        try:
            func()
            success = True
        except Exception:
            success = False
            # https://docs.python.org/2/library/sys.html#sys.exc_info
            exc_type, full_exception = sys.exc_info()[:2]
            error_msg = f"Failed measure: {interaction} - {exc_type.__name__}"
        end = time.time()
        timing = str(int((end - start) * 1000))
    
        lockfile = f'{selenium_results_file}.lock'
    
        with filelock.SoftFileLock(lockfile):
            with open(selenium_results_file, "a+") as jtl_file:
                timestamp = round(time.time() * 1000)
                jtl_file.write(f"{timestamp},{timing},{interaction},,{error_msg},,{success},0,0,0,0,,0\n")
    
        print(f"{timestamp},{timing},{interaction},{error_msg},{success}")
    
        if not success:
            if LOGIN_ACTION_NAME in interaction:
                globals.login_failed = True
>           raise Exception(error_msg, full_exception)
E           Exception: ('Failed measure: view_test_cases_by_status_action - TimeoutException', TimeoutException("Error in wait_until: Timed out after 20 sec waiting for <selenium.webdriver.support.expected_conditions.visibility_of_element_located object at 0x7f40b8399100>. \nLocator: ('tag name', 'macro-view')", None, None))

selenium_ui/conftest.py:155: Exception
05-25-2022, 10:03:08, 1653472988969, Action: test_1_selenium_zscale_view_test_cases_by_project_macro_in_page, Error: confluence_webdriver = <selenium.webdriver.chrome.webdriver.WebDriver (session="eba48be2e4f9ba2c4aae7c280f5907f5")>
confluence_datasets = {'blog_id': '25842223', 'blogs': [['25717138', 'OMM'], ['25715212', 'BTVF'], ['25717200', 'FLVT'], ['25715242', 'JSDTC...716062', 'CCMB'], ['25715953', 'GHT'], ...], 'custom_page_id': '40140995', 'custom_pages': [['40140995', 'TEST']], ...}
confluence_screen_shots = None

    def test_1_selenium_zscale_view_test_cases_by_project_macro_in_page(confluence_webdriver, confluence_datasets, confluence_screen_shots):
>       extension_ui.zscale_view_test_cases_by_project_macro_in_page(confluence_webdriver, confluence_datasets)

selenium_ui/confluence_ui.py:46: 
_ _ _ _ _ _ _ _ _ _ _ _ _ _ _ _ _ _ _ _ _ _ _ _ _ _ _ _ _ _ _ _ _ _ _ _ _ _ _ _ 
extension/confluence/extension_ui.py:94: in zscale_view_test_cases_by_project_macro_in_page
    measure()
_ _ _ _ _ _ _ _ _ _ _ _ _ _ _ _ _ _ _ _ _ _ _ _ _ _ _ _ _ _ _ _ _ _ _ _ _ _ _ _ 

    @functools.wraps(func)
    def wrapper():
        if LOGIN_ACTION_NAME in interaction:
            globals.login_failed = False
        if globals.login_failed:
            pytest.skip(f"login is failed")
        start = time.time()
        error_msg = 'Success'
        full_exception = ''
        try:
            func()
            success = True
        except Exception:
            success = False
            # https://docs.python.org/2/library/sys.html#sys.exc_info
            exc_type, full_exception = sys.exc_info()[:2]
            error_msg = f"Failed measure: {interaction} - {exc_type.__name__}"
        end = time.time()
        timing = str(int((end - start) * 1000))
    
        lockfile = f'{selenium_results_file}.lock'
    
        with filelock.SoftFileLock(lockfile):
            with open(selenium_results_file, "a+") as jtl_file:
                timestamp = round(time.time() * 1000)
                jtl_file.write(f"{timestamp},{timing},{interaction},,{error_msg},,{success},0,0,0,0,,0\n")
    
        print(f"{timestamp},{timing},{interaction},{error_msg},{success}")
    
        if not success:
            if LOGIN_ACTION_NAME in interaction:
                globals.login_failed = True
>           raise Exception(error_msg, full_exception)
E           Exception: ('Failed measure: view_test_cases_by_project_action - TimeoutException', TimeoutException("Error in wait_until: Timed out after 20 sec waiting for <selenium.webdriver.support.expected_conditions.visibility_of_element_located object at 0x7f40b8336ca0>. \nLocator: ('tag name', 'macro-view')", None, None))

selenium_ui/conftest.py:155: Exception
05-25-2022, 10:03:30, 1653473010378, Action: test_1_selenium_zscale_view_test_cases_by_folder_macro_in_page, Error: confluence_webdriver = <selenium.webdriver.chrome.webdriver.WebDriver (session="eba48be2e4f9ba2c4aae7c280f5907f5")>
confluence_datasets = {'blog_id': '25842223', 'blogs': [['25717138', 'OMM'], ['25715212', 'BTVF'], ['25717200', 'FLVT'], ['25715242', 'JSDTC...716062', 'CCMB'], ['25715953', 'GHT'], ...], 'custom_page_id': '40140995', 'custom_pages': [['40140995', 'TEST']], ...}
confluence_screen_shots = None

    def test_1_selenium_zscale_view_test_cases_by_folder_macro_in_page(confluence_webdriver, confluence_datasets, confluence_screen_shots):
>       extension_ui.zscale_view_test_cases_by_folder_macro_in_page(confluence_webdriver, confluence_datasets)

selenium_ui/confluence_ui.py:49: 
_ _ _ _ _ _ _ _ _ _ _ _ _ _ _ _ _ _ _ _ _ _ _ _ _ _ _ _ _ _ _ _ _ _ _ _ _ _ _ _ 
extension/confluence/extension_ui.py:119: in zscale_view_test_cases_by_folder_macro_in_page
    measure()
_ _ _ _ _ _ _ _ _ _ _ _ _ _ _ _ _ _ _ _ _ _ _ _ _ _ _ _ _ _ _ _ _ _ _ _ _ _ _ _ 

    @functools.wraps(func)
    def wrapper():
        if LOGIN_ACTION_NAME in interaction:
            globals.login_failed = False
        if globals.login_failed:
            pytest.skip(f"login is failed")
        start = time.time()
        error_msg = 'Success'
        full_exception = ''
        try:
            func()
            success = True
        except Exception:
            success = False
            # https://docs.python.org/2/library/sys.html#sys.exc_info
            exc_type, full_exception = sys.exc_info()[:2]
            error_msg = f"Failed measure: {interaction} - {exc_type.__name__}"
        end = time.time()
        timing = str(int((end - start) * 1000))
    
        lockfile = f'{selenium_results_file}.lock'
    
        with filelock.SoftFileLock(lockfile):
            with open(selenium_results_file, "a+") as jtl_file:
                timestamp = round(time.time() * 1000)
                jtl_file.write(f"{timestamp},{timing},{interaction},,{error_msg},,{success},0,0,0,0,,0\n")
    
        print(f"{timestamp},{timing},{interaction},{error_msg},{success}")
    
        if not success:
            if LOGIN_ACTION_NAME in interaction:
                globals.login_failed = True
>           raise Exception(error_msg, full_exception)
E           Exception: ('Failed measure: view_test_cases_by_folder_action - TimeoutException', TimeoutException("Error in wait_until: Timed out after 20 sec waiting for <selenium.webdriver.support.expected_conditions.visibility_of_element_located object at 0x7f40b834aa90>. \nLocator: ('tag name', 'macro-view')", None, None))

selenium_ui/conftest.py:155: Exception
05-25-2022, 10:03:58, 1653473038007, Action: test_1_selenium_zscale_view_test_cases_by_status_macro_in_page, Error: confluence_webdriver = <selenium.webdriver.chrome.webdriver.WebDriver (session="eba48be2e4f9ba2c4aae7c280f5907f5")>
confluence_datasets = {'blog_id': '25824452', 'blogs': [['25717138', 'OMM'], ['25715212', 'BTVF'], ['25717200', 'FLVT'], ['25715242', 'JSDTC...716062', 'CCMB'], ['25715953', 'GHT'], ...], 'custom_page_id': '40140995', 'custom_pages': [['40140995', 'TEST']], ...}
confluence_screen_shots = None

    def test_1_selenium_zscale_view_test_cases_by_status_macro_in_page(confluence_webdriver, confluence_datasets, confluence_screen_shots):
>       extension_ui.zscale_view_test_cases_by_status_macro_in_page(confluence_webdriver, confluence_datasets)

selenium_ui/confluence_ui.py:43: 
_ _ _ _ _ _ _ _ _ _ _ _ _ _ _ _ _ _ _ _ _ _ _ _ _ _ _ _ _ _ _ _ _ _ _ _ _ _ _ _ 
extension/confluence/extension_ui.py:69: in zscale_view_test_cases_by_status_macro_in_page
    measure()
_ _ _ _ _ _ _ _ _ _ _ _ _ _ _ _ _ _ _ _ _ _ _ _ _ _ _ _ _ _ _ _ _ _ _ _ _ _ _ _ 

    @functools.wraps(func)
    def wrapper():
        if LOGIN_ACTION_NAME in interaction:
            globals.login_failed = False
        if globals.login_failed:
            pytest.skip(f"login is failed")
        start = time.time()
        error_msg = 'Success'
        full_exception = ''
        try:
            func()
            success = True
        except Exception:
            success = False
            # https://docs.python.org/2/library/sys.html#sys.exc_info
            exc_type, full_exception = sys.exc_info()[:2]
            error_msg = f"Failed measure: {interaction} - {exc_type.__name__}"
        end = time.time()
        timing = str(int((end - start) * 1000))
    
        lockfile = f'{selenium_results_file}.lock'
    
        with filelock.SoftFileLock(lockfile):
            with open(selenium_results_file, "a+") as jtl_file:
                timestamp = round(time.time() * 1000)
                jtl_file.write(f"{timestamp},{timing},{interaction},,{error_msg},,{success},0,0,0,0,,0\n")
    
        print(f"{timestamp},{timing},{interaction},{error_msg},{success}")
    
        if not success:
            if LOGIN_ACTION_NAME in interaction:
                globals.login_failed = True
>           raise Exception(error_msg, full_exception)
E           Exception: ('Failed measure: view_test_cases_by_status_action - TimeoutException', TimeoutException("Error in wait_until: Timed out after 20 sec waiting for <selenium.webdriver.support.expected_conditions.visibility_of_element_located object at 0x7f40b831fb80>. \nLocator: ('tag name', 'macro-view')", None, None))

selenium_ui/conftest.py:155: Exception
05-25-2022, 10:04:19, 1653473059430, Action: test_1_selenium_zscale_view_test_cases_by_project_macro_in_page, Error: confluence_webdriver = <selenium.webdriver.chrome.webdriver.WebDriver (session="eba48be2e4f9ba2c4aae7c280f5907f5")>
confluence_datasets = {'blog_id': '25824452', 'blogs': [['25717138', 'OMM'], ['25715212', 'BTVF'], ['25717200', 'FLVT'], ['25715242', 'JSDTC...716062', 'CCMB'], ['25715953', 'GHT'], ...], 'custom_page_id': '40140995', 'custom_pages': [['40140995', 'TEST']], ...}
confluence_screen_shots = None

    def test_1_selenium_zscale_view_test_cases_by_project_macro_in_page(confluence_webdriver, confluence_datasets, confluence_screen_shots):
>       extension_ui.zscale_view_test_cases_by_project_macro_in_page(confluence_webdriver, confluence_datasets)

selenium_ui/confluence_ui.py:46: 
_ _ _ _ _ _ _ _ _ _ _ _ _ _ _ _ _ _ _ _ _ _ _ _ _ _ _ _ _ _ _ _ _ _ _ _ _ _ _ _ 
extension/confluence/extension_ui.py:94: in zscale_view_test_cases_by_project_macro_in_page
    measure()
_ _ _ _ _ _ _ _ _ _ _ _ _ _ _ _ _ _ _ _ _ _ _ _ _ _ _ _ _ _ _ _ _ _ _ _ _ _ _ _ 

    @functools.wraps(func)
    def wrapper():
        if LOGIN_ACTION_NAME in interaction:
            globals.login_failed = False
        if globals.login_failed:
            pytest.skip(f"login is failed")
        start = time.time()
        error_msg = 'Success'
        full_exception = ''
        try:
            func()
            success = True
        except Exception:
            success = False
            # https://docs.python.org/2/library/sys.html#sys.exc_info
            exc_type, full_exception = sys.exc_info()[:2]
            error_msg = f"Failed measure: {interaction} - {exc_type.__name__}"
        end = time.time()
        timing = str(int((end - start) * 1000))
    
        lockfile = f'{selenium_results_file}.lock'
    
        with filelock.SoftFileLock(lockfile):
            with open(selenium_results_file, "a+") as jtl_file:
                timestamp = round(time.time() * 1000)
                jtl_file.write(f"{timestamp},{timing},{interaction},,{error_msg},,{success},0,0,0,0,,0\n")
    
        print(f"{timestamp},{timing},{interaction},{error_msg},{success}")
    
        if not success:
            if LOGIN_ACTION_NAME in interaction:
                globals.login_failed = True
>           raise Exception(error_msg, full_exception)
E           Exception: ('Failed measure: view_test_cases_by_project_action - TimeoutException', TimeoutException("Error in wait_until: Timed out after 20 sec waiting for <selenium.webdriver.support.expected_conditions.visibility_of_element_located object at 0x7f40b82aec40>. \nLocator: ('tag name', 'macro-view')", None, None))

selenium_ui/conftest.py:155: Exception
05-25-2022, 10:04:40, 1653473080800, Action: test_1_selenium_zscale_view_test_cases_by_folder_macro_in_page, Error: confluence_webdriver = <selenium.webdriver.chrome.webdriver.WebDriver (session="eba48be2e4f9ba2c4aae7c280f5907f5")>
confluence_datasets = {'blog_id': '25824452', 'blogs': [['25717138', 'OMM'], ['25715212', 'BTVF'], ['25717200', 'FLVT'], ['25715242', 'JSDTC...716062', 'CCMB'], ['25715953', 'GHT'], ...], 'custom_page_id': '40140995', 'custom_pages': [['40140995', 'TEST']], ...}
confluence_screen_shots = None

    def test_1_selenium_zscale_view_test_cases_by_folder_macro_in_page(confluence_webdriver, confluence_datasets, confluence_screen_shots):
>       extension_ui.zscale_view_test_cases_by_folder_macro_in_page(confluence_webdriver, confluence_datasets)

selenium_ui/confluence_ui.py:49: 
_ _ _ _ _ _ _ _ _ _ _ _ _ _ _ _ _ _ _ _ _ _ _ _ _ _ _ _ _ _ _ _ _ _ _ _ _ _ _ _ 
extension/confluence/extension_ui.py:119: in zscale_view_test_cases_by_folder_macro_in_page
    measure()
_ _ _ _ _ _ _ _ _ _ _ _ _ _ _ _ _ _ _ _ _ _ _ _ _ _ _ _ _ _ _ _ _ _ _ _ _ _ _ _ 

    @functools.wraps(func)
    def wrapper():
        if LOGIN_ACTION_NAME in interaction:
            globals.login_failed = False
        if globals.login_failed:
            pytest.skip(f"login is failed")
        start = time.time()
        error_msg = 'Success'
        full_exception = ''
        try:
            func()
            success = True
        except Exception:
            success = False
            # https://docs.python.org/2/library/sys.html#sys.exc_info
            exc_type, full_exception = sys.exc_info()[:2]
            error_msg = f"Failed measure: {interaction} - {exc_type.__name__}"
        end = time.time()
        timing = str(int((end - start) * 1000))
    
        lockfile = f'{selenium_results_file}.lock'
    
        with filelock.SoftFileLock(lockfile):
            with open(selenium_results_file, "a+") as jtl_file:
                timestamp = round(time.time() * 1000)
                jtl_file.write(f"{timestamp},{timing},{interaction},,{error_msg},,{success},0,0,0,0,,0\n")
    
        print(f"{timestamp},{timing},{interaction},{error_msg},{success}")
    
        if not success:
            if LOGIN_ACTION_NAME in interaction:
                globals.login_failed = True
>           raise Exception(error_msg, full_exception)
E           Exception: ('Failed measure: view_test_cases_by_folder_action - TimeoutException', TimeoutException("Error in wait_until: Timed out after 20 sec waiting for <selenium.webdriver.support.expected_conditions.visibility_of_element_located object at 0x7f40b82cfeb0>. \nLocator: ('tag name', 'macro-view')", None, None))

selenium_ui/conftest.py:155: Exception
05-25-2022, 10:05:08, 1653473108848, Action: test_1_selenium_zscale_view_test_cases_by_status_macro_in_page, Error: confluence_webdriver = <selenium.webdriver.chrome.webdriver.WebDriver (session="eba48be2e4f9ba2c4aae7c280f5907f5")>
confluence_datasets = {'blog_id': '25832304', 'blogs': [['25717138', 'OMM'], ['25715212', 'BTVF'], ['25717200', 'FLVT'], ['25715242', 'JSDTC...716062', 'CCMB'], ['25715953', 'GHT'], ...], 'custom_page_id': '40140995', 'custom_pages': [['40140995', 'TEST']], ...}
confluence_screen_shots = None

    def test_1_selenium_zscale_view_test_cases_by_status_macro_in_page(confluence_webdriver, confluence_datasets, confluence_screen_shots):
>       extension_ui.zscale_view_test_cases_by_status_macro_in_page(confluence_webdriver, confluence_datasets)

selenium_ui/confluence_ui.py:43: 
_ _ _ _ _ _ _ _ _ _ _ _ _ _ _ _ _ _ _ _ _ _ _ _ _ _ _ _ _ _ _ _ _ _ _ _ _ _ _ _ 
extension/confluence/extension_ui.py:69: in zscale_view_test_cases_by_status_macro_in_page
    measure()
_ _ _ _ _ _ _ _ _ _ _ _ _ _ _ _ _ _ _ _ _ _ _ _ _ _ _ _ _ _ _ _ _ _ _ _ _ _ _ _ 

    @functools.wraps(func)
    def wrapper():
        if LOGIN_ACTION_NAME in interaction:
            globals.login_failed = False
        if globals.login_failed:
            pytest.skip(f"login is failed")
        start = time.time()
        error_msg = 'Success'
        full_exception = ''
        try:
            func()
            success = True
        except Exception:
            success = False
            # https://docs.python.org/2/library/sys.html#sys.exc_info
            exc_type, full_exception = sys.exc_info()[:2]
            error_msg = f"Failed measure: {interaction} - {exc_type.__name__}"
        end = time.time()
        timing = str(int((end - start) * 1000))
    
        lockfile = f'{selenium_results_file}.lock'
    
        with filelock.SoftFileLock(lockfile):
            with open(selenium_results_file, "a+") as jtl_file:
                timestamp = round(time.time() * 1000)
                jtl_file.write(f"{timestamp},{timing},{interaction},,{error_msg},,{success},0,0,0,0,,0\n")
    
        print(f"{timestamp},{timing},{interaction},{error_msg},{success}")
    
        if not success:
            if LOGIN_ACTION_NAME in interaction:
                globals.login_failed = True
>           raise Exception(error_msg, full_exception)
E           Exception: ('Failed measure: view_test_cases_by_status_action - TimeoutException', TimeoutException("Error in wait_until: Timed out after 20 sec waiting for <selenium.webdriver.support.expected_conditions.visibility_of_element_located object at 0x7f40b82534f0>. \nLocator: ('tag name', 'macro-view')", None, None))

selenium_ui/conftest.py:155: Exception
05-25-2022, 10:05:30, 1653473130236, Action: test_1_selenium_zscale_view_test_cases_by_project_macro_in_page, Error: confluence_webdriver = <selenium.webdriver.chrome.webdriver.WebDriver (session="eba48be2e4f9ba2c4aae7c280f5907f5")>
confluence_datasets = {'blog_id': '25832304', 'blogs': [['25717138', 'OMM'], ['25715212', 'BTVF'], ['25717200', 'FLVT'], ['25715242', 'JSDTC...716062', 'CCMB'], ['25715953', 'GHT'], ...], 'custom_page_id': '40140995', 'custom_pages': [['40140995', 'TEST']], ...}
confluence_screen_shots = None

    def test_1_selenium_zscale_view_test_cases_by_project_macro_in_page(confluence_webdriver, confluence_datasets, confluence_screen_shots):
>       extension_ui.zscale_view_test_cases_by_project_macro_in_page(confluence_webdriver, confluence_datasets)

selenium_ui/confluence_ui.py:46: 
_ _ _ _ _ _ _ _ _ _ _ _ _ _ _ _ _ _ _ _ _ _ _ _ _ _ _ _ _ _ _ _ _ _ _ _ _ _ _ _ 
extension/confluence/extension_ui.py:94: in zscale_view_test_cases_by_project_macro_in_page
    measure()
_ _ _ _ _ _ _ _ _ _ _ _ _ _ _ _ _ _ _ _ _ _ _ _ _ _ _ _ _ _ _ _ _ _ _ _ _ _ _ _ 

    @functools.wraps(func)
    def wrapper():
        if LOGIN_ACTION_NAME in interaction:
            globals.login_failed = False
        if globals.login_failed:
            pytest.skip(f"login is failed")
        start = time.time()
        error_msg = 'Success'
        full_exception = ''
        try:
            func()
            success = True
        except Exception:
            success = False
            # https://docs.python.org/2/library/sys.html#sys.exc_info
            exc_type, full_exception = sys.exc_info()[:2]
            error_msg = f"Failed measure: {interaction} - {exc_type.__name__}"
        end = time.time()
        timing = str(int((end - start) * 1000))
    
        lockfile = f'{selenium_results_file}.lock'
    
        with filelock.SoftFileLock(lockfile):
            with open(selenium_results_file, "a+") as jtl_file:
                timestamp = round(time.time() * 1000)
                jtl_file.write(f"{timestamp},{timing},{interaction},,{error_msg},,{success},0,0,0,0,,0\n")
    
        print(f"{timestamp},{timing},{interaction},{error_msg},{success}")
    
        if not success:
            if LOGIN_ACTION_NAME in interaction:
                globals.login_failed = True
>           raise Exception(error_msg, full_exception)
E           Exception: ('Failed measure: view_test_cases_by_project_action - TimeoutException', TimeoutException("Error in wait_until: Timed out after 20 sec waiting for <selenium.webdriver.support.expected_conditions.visibility_of_element_located object at 0x7f40b825fdc0>. \nLocator: ('tag name', 'macro-view')", None, None))

selenium_ui/conftest.py:155: Exception
05-25-2022, 10:05:51, 1653473151643, Action: test_1_selenium_zscale_view_test_cases_by_folder_macro_in_page, Error: confluence_webdriver = <selenium.webdriver.chrome.webdriver.WebDriver (session="eba48be2e4f9ba2c4aae7c280f5907f5")>
confluence_datasets = {'blog_id': '25832304', 'blogs': [['25717138', 'OMM'], ['25715212', 'BTVF'], ['25717200', 'FLVT'], ['25715242', 'JSDTC...716062', 'CCMB'], ['25715953', 'GHT'], ...], 'custom_page_id': '40140995', 'custom_pages': [['40140995', 'TEST']], ...}
confluence_screen_shots = None

    def test_1_selenium_zscale_view_test_cases_by_folder_macro_in_page(confluence_webdriver, confluence_datasets, confluence_screen_shots):
>       extension_ui.zscale_view_test_cases_by_folder_macro_in_page(confluence_webdriver, confluence_datasets)

selenium_ui/confluence_ui.py:49: 
_ _ _ _ _ _ _ _ _ _ _ _ _ _ _ _ _ _ _ _ _ _ _ _ _ _ _ _ _ _ _ _ _ _ _ _ _ _ _ _ 
extension/confluence/extension_ui.py:119: in zscale_view_test_cases_by_folder_macro_in_page
    measure()
_ _ _ _ _ _ _ _ _ _ _ _ _ _ _ _ _ _ _ _ _ _ _ _ _ _ _ _ _ _ _ _ _ _ _ _ _ _ _ _ 

    @functools.wraps(func)
    def wrapper():
        if LOGIN_ACTION_NAME in interaction:
            globals.login_failed = False
        if globals.login_failed:
            pytest.skip(f"login is failed")
        start = time.time()
        error_msg = 'Success'
        full_exception = ''
        try:
            func()
            success = True
        except Exception:
            success = False
            # https://docs.python.org/2/library/sys.html#sys.exc_info
            exc_type, full_exception = sys.exc_info()[:2]
            error_msg = f"Failed measure: {interaction} - {exc_type.__name__}"
        end = time.time()
        timing = str(int((end - start) * 1000))
    
        lockfile = f'{selenium_results_file}.lock'
    
        with filelock.SoftFileLock(lockfile):
            with open(selenium_results_file, "a+") as jtl_file:
                timestamp = round(time.time() * 1000)
                jtl_file.write(f"{timestamp},{timing},{interaction},,{error_msg},,{success},0,0,0,0,,0\n")
    
        print(f"{timestamp},{timing},{interaction},{error_msg},{success}")
    
        if not success:
            if LOGIN_ACTION_NAME in interaction:
                globals.login_failed = True
>           raise Exception(error_msg, full_exception)
E           Exception: ('Failed measure: view_test_cases_by_folder_action - TimeoutException', TimeoutException("Error in wait_until: Timed out after 20 sec waiting for <selenium.webdriver.support.expected_conditions.visibility_of_element_located object at 0x7f40b825efd0>. \nLocator: ('tag name', 'macro-view')", None, None))

selenium_ui/conftest.py:155: Exception
05-25-2022, 10:06:20, 1653473180156, Action: test_1_selenium_zscale_view_test_cases_by_status_macro_in_page, Error: confluence_webdriver = <selenium.webdriver.chrome.webdriver.WebDriver (session="eba48be2e4f9ba2c4aae7c280f5907f5")>
confluence_datasets = {'blog_id': '8158575', 'blogs': [['25717138', 'OMM'], ['25715212', 'BTVF'], ['25717200', 'FLVT'], ['25715242', 'JSDTC'...716062', 'CCMB'], ['25715953', 'GHT'], ...], 'custom_page_id': '40140995', 'custom_pages': [['40140995', 'TEST']], ...}
confluence_screen_shots = None

    def test_1_selenium_zscale_view_test_cases_by_status_macro_in_page(confluence_webdriver, confluence_datasets, confluence_screen_shots):
>       extension_ui.zscale_view_test_cases_by_status_macro_in_page(confluence_webdriver, confluence_datasets)

selenium_ui/confluence_ui.py:43: 
_ _ _ _ _ _ _ _ _ _ _ _ _ _ _ _ _ _ _ _ _ _ _ _ _ _ _ _ _ _ _ _ _ _ _ _ _ _ _ _ 
extension/confluence/extension_ui.py:69: in zscale_view_test_cases_by_status_macro_in_page
    measure()
_ _ _ _ _ _ _ _ _ _ _ _ _ _ _ _ _ _ _ _ _ _ _ _ _ _ _ _ _ _ _ _ _ _ _ _ _ _ _ _ 

    @functools.wraps(func)
    def wrapper():
        if LOGIN_ACTION_NAME in interaction:
            globals.login_failed = False
        if globals.login_failed:
            pytest.skip(f"login is failed")
        start = time.time()
        error_msg = 'Success'
        full_exception = ''
        try:
            func()
            success = True
        except Exception:
            success = False
            # https://docs.python.org/2/library/sys.html#sys.exc_info
            exc_type, full_exception = sys.exc_info()[:2]
            error_msg = f"Failed measure: {interaction} - {exc_type.__name__}"
        end = time.time()
        timing = str(int((end - start) * 1000))
    
        lockfile = f'{selenium_results_file}.lock'
    
        with filelock.SoftFileLock(lockfile):
            with open(selenium_results_file, "a+") as jtl_file:
                timestamp = round(time.time() * 1000)
                jtl_file.write(f"{timestamp},{timing},{interaction},,{error_msg},,{success},0,0,0,0,,0\n")
    
        print(f"{timestamp},{timing},{interaction},{error_msg},{success}")
    
        if not success:
            if LOGIN_ACTION_NAME in interaction:
                globals.login_failed = True
>           raise Exception(error_msg, full_exception)
E           Exception: ('Failed measure: view_test_cases_by_status_action - TimeoutException', TimeoutException("Error in wait_until: Timed out after 20 sec waiting for <selenium.webdriver.support.expected_conditions.visibility_of_element_located object at 0x7f40b836d430>. \nLocator: ('tag name', 'macro-view')", None, None))

selenium_ui/conftest.py:155: Exception
05-25-2022, 10:06:41, 1653473201530, Action: test_1_selenium_zscale_view_test_cases_by_project_macro_in_page, Error: confluence_webdriver = <selenium.webdriver.chrome.webdriver.WebDriver (session="eba48be2e4f9ba2c4aae7c280f5907f5")>
confluence_datasets = {'blog_id': '8158575', 'blogs': [['25717138', 'OMM'], ['25715212', 'BTVF'], ['25717200', 'FLVT'], ['25715242', 'JSDTC'...716062', 'CCMB'], ['25715953', 'GHT'], ...], 'custom_page_id': '40140995', 'custom_pages': [['40140995', 'TEST']], ...}
confluence_screen_shots = None

    def test_1_selenium_zscale_view_test_cases_by_project_macro_in_page(confluence_webdriver, confluence_datasets, confluence_screen_shots):
>       extension_ui.zscale_view_test_cases_by_project_macro_in_page(confluence_webdriver, confluence_datasets)

selenium_ui/confluence_ui.py:46: 
_ _ _ _ _ _ _ _ _ _ _ _ _ _ _ _ _ _ _ _ _ _ _ _ _ _ _ _ _ _ _ _ _ _ _ _ _ _ _ _ 
extension/confluence/extension_ui.py:94: in zscale_view_test_cases_by_project_macro_in_page
    measure()
_ _ _ _ _ _ _ _ _ _ _ _ _ _ _ _ _ _ _ _ _ _ _ _ _ _ _ _ _ _ _ _ _ _ _ _ _ _ _ _ 

    @functools.wraps(func)
    def wrapper():
        if LOGIN_ACTION_NAME in interaction:
            globals.login_failed = False
        if globals.login_failed:
            pytest.skip(f"login is failed")
        start = time.time()
        error_msg = 'Success'
        full_exception = ''
        try:
            func()
            success = True
        except Exception:
            success = False
            # https://docs.python.org/2/library/sys.html#sys.exc_info
            exc_type, full_exception = sys.exc_info()[:2]
            error_msg = f"Failed measure: {interaction} - {exc_type.__name__}"
        end = time.time()
        timing = str(int((end - start) * 1000))
    
        lockfile = f'{selenium_results_file}.lock'
    
        with filelock.SoftFileLock(lockfile):
            with open(selenium_results_file, "a+") as jtl_file:
                timestamp = round(time.time() * 1000)
                jtl_file.write(f"{timestamp},{timing},{interaction},,{error_msg},,{success},0,0,0,0,,0\n")
    
        print(f"{timestamp},{timing},{interaction},{error_msg},{success}")
    
        if not success:
            if LOGIN_ACTION_NAME in interaction:
                globals.login_failed = True
>           raise Exception(error_msg, full_exception)
E           Exception: ('Failed measure: view_test_cases_by_project_action - TimeoutException', TimeoutException("Error in wait_until: Timed out after 20 sec waiting for <selenium.webdriver.support.expected_conditions.visibility_of_element_located object at 0x7f40b8204ac0>. \nLocator: ('tag name', 'macro-view')", None, None))

selenium_ui/conftest.py:155: Exception
05-25-2022, 10:07:02, 1653473222909, Action: test_1_selenium_zscale_view_test_cases_by_folder_macro_in_page, Error: confluence_webdriver = <selenium.webdriver.chrome.webdriver.WebDriver (session="eba48be2e4f9ba2c4aae7c280f5907f5")>
confluence_datasets = {'blog_id': '8158575', 'blogs': [['25717138', 'OMM'], ['25715212', 'BTVF'], ['25717200', 'FLVT'], ['25715242', 'JSDTC'...716062', 'CCMB'], ['25715953', 'GHT'], ...], 'custom_page_id': '40140995', 'custom_pages': [['40140995', 'TEST']], ...}
confluence_screen_shots = None

    def test_1_selenium_zscale_view_test_cases_by_folder_macro_in_page(confluence_webdriver, confluence_datasets, confluence_screen_shots):
>       extension_ui.zscale_view_test_cases_by_folder_macro_in_page(confluence_webdriver, confluence_datasets)

selenium_ui/confluence_ui.py:49: 
_ _ _ _ _ _ _ _ _ _ _ _ _ _ _ _ _ _ _ _ _ _ _ _ _ _ _ _ _ _ _ _ _ _ _ _ _ _ _ _ 
extension/confluence/extension_ui.py:119: in zscale_view_test_cases_by_folder_macro_in_page
    measure()
_ _ _ _ _ _ _ _ _ _ _ _ _ _ _ _ _ _ _ _ _ _ _ _ _ _ _ _ _ _ _ _ _ _ _ _ _ _ _ _ 

    @functools.wraps(func)
    def wrapper():
        if LOGIN_ACTION_NAME in interaction:
            globals.login_failed = False
        if globals.login_failed:
            pytest.skip(f"login is failed")
        start = time.time()
        error_msg = 'Success'
        full_exception = ''
        try:
            func()
            success = True
        except Exception:
            success = False
            # https://docs.python.org/2/library/sys.html#sys.exc_info
            exc_type, full_exception = sys.exc_info()[:2]
            error_msg = f"Failed measure: {interaction} - {exc_type.__name__}"
        end = time.time()
        timing = str(int((end - start) * 1000))
    
        lockfile = f'{selenium_results_file}.lock'
    
        with filelock.SoftFileLock(lockfile):
            with open(selenium_results_file, "a+") as jtl_file:
                timestamp = round(time.time() * 1000)
                jtl_file.write(f"{timestamp},{timing},{interaction},,{error_msg},,{success},0,0,0,0,,0\n")
    
        print(f"{timestamp},{timing},{interaction},{error_msg},{success}")
    
        if not success:
            if LOGIN_ACTION_NAME in interaction:
                globals.login_failed = True
>           raise Exception(error_msg, full_exception)
E           Exception: ('Failed measure: view_test_cases_by_folder_action - TimeoutException', TimeoutException("Error in wait_until: Timed out after 20 sec waiting for <selenium.webdriver.support.expected_conditions.visibility_of_element_located object at 0x7f40b81e3910>. \nLocator: ('tag name', 'macro-view')", None, None))

selenium_ui/conftest.py:155: Exception
05-25-2022, 10:07:31, 1653473251258, Action: test_1_selenium_zscale_view_test_cases_by_status_macro_in_page, Error: confluence_webdriver = <selenium.webdriver.chrome.webdriver.WebDriver (session="eba48be2e4f9ba2c4aae7c280f5907f5")>
confluence_datasets = {'blog_id': '25827817', 'blogs': [['25717138', 'OMM'], ['25715212', 'BTVF'], ['25717200', 'FLVT'], ['25715242', 'JSDTC...716062', 'CCMB'], ['25715953', 'GHT'], ...], 'custom_page_id': '40140995', 'custom_pages': [['40140995', 'TEST']], ...}
confluence_screen_shots = None

    def test_1_selenium_zscale_view_test_cases_by_status_macro_in_page(confluence_webdriver, confluence_datasets, confluence_screen_shots):
>       extension_ui.zscale_view_test_cases_by_status_macro_in_page(confluence_webdriver, confluence_datasets)

selenium_ui/confluence_ui.py:43: 
_ _ _ _ _ _ _ _ _ _ _ _ _ _ _ _ _ _ _ _ _ _ _ _ _ _ _ _ _ _ _ _ _ _ _ _ _ _ _ _ 
extension/confluence/extension_ui.py:69: in zscale_view_test_cases_by_status_macro_in_page
    measure()
_ _ _ _ _ _ _ _ _ _ _ _ _ _ _ _ _ _ _ _ _ _ _ _ _ _ _ _ _ _ _ _ _ _ _ _ _ _ _ _ 

    @functools.wraps(func)
    def wrapper():
        if LOGIN_ACTION_NAME in interaction:
            globals.login_failed = False
        if globals.login_failed:
            pytest.skip(f"login is failed")
        start = time.time()
        error_msg = 'Success'
        full_exception = ''
        try:
            func()
            success = True
        except Exception:
            success = False
            # https://docs.python.org/2/library/sys.html#sys.exc_info
            exc_type, full_exception = sys.exc_info()[:2]
            error_msg = f"Failed measure: {interaction} - {exc_type.__name__}"
        end = time.time()
        timing = str(int((end - start) * 1000))
    
        lockfile = f'{selenium_results_file}.lock'
    
        with filelock.SoftFileLock(lockfile):
            with open(selenium_results_file, "a+") as jtl_file:
                timestamp = round(time.time() * 1000)
                jtl_file.write(f"{timestamp},{timing},{interaction},,{error_msg},,{success},0,0,0,0,,0\n")
    
        print(f"{timestamp},{timing},{interaction},{error_msg},{success}")
    
        if not success:
            if LOGIN_ACTION_NAME in interaction:
                globals.login_failed = True
>           raise Exception(error_msg, full_exception)
E           Exception: ('Failed measure: view_test_cases_by_status_action - TimeoutException', TimeoutException("Error in wait_until: Timed out after 20 sec waiting for <selenium.webdriver.support.expected_conditions.visibility_of_element_located object at 0x7f40b81e77c0>. \nLocator: ('tag name', 'macro-view')", None, None))

selenium_ui/conftest.py:155: Exception
05-25-2022, 10:07:52, 1653473272617, Action: test_1_selenium_zscale_view_test_cases_by_project_macro_in_page, Error: confluence_webdriver = <selenium.webdriver.chrome.webdriver.WebDriver (session="eba48be2e4f9ba2c4aae7c280f5907f5")>
confluence_datasets = {'blog_id': '25827817', 'blogs': [['25717138', 'OMM'], ['25715212', 'BTVF'], ['25717200', 'FLVT'], ['25715242', 'JSDTC...716062', 'CCMB'], ['25715953', 'GHT'], ...], 'custom_page_id': '40140995', 'custom_pages': [['40140995', 'TEST']], ...}
confluence_screen_shots = None

    def test_1_selenium_zscale_view_test_cases_by_project_macro_in_page(confluence_webdriver, confluence_datasets, confluence_screen_shots):
>       extension_ui.zscale_view_test_cases_by_project_macro_in_page(confluence_webdriver, confluence_datasets)

selenium_ui/confluence_ui.py:46: 
_ _ _ _ _ _ _ _ _ _ _ _ _ _ _ _ _ _ _ _ _ _ _ _ _ _ _ _ _ _ _ _ _ _ _ _ _ _ _ _ 
extension/confluence/extension_ui.py:94: in zscale_view_test_cases_by_project_macro_in_page
    measure()
_ _ _ _ _ _ _ _ _ _ _ _ _ _ _ _ _ _ _ _ _ _ _ _ _ _ _ _ _ _ _ _ _ _ _ _ _ _ _ _ 

    @functools.wraps(func)
    def wrapper():
        if LOGIN_ACTION_NAME in interaction:
            globals.login_failed = False
        if globals.login_failed:
            pytest.skip(f"login is failed")
        start = time.time()
        error_msg = 'Success'
        full_exception = ''
        try:
            func()
            success = True
        except Exception:
            success = False
            # https://docs.python.org/2/library/sys.html#sys.exc_info
            exc_type, full_exception = sys.exc_info()[:2]
            error_msg = f"Failed measure: {interaction} - {exc_type.__name__}"
        end = time.time()
        timing = str(int((end - start) * 1000))
    
        lockfile = f'{selenium_results_file}.lock'
    
        with filelock.SoftFileLock(lockfile):
            with open(selenium_results_file, "a+") as jtl_file:
                timestamp = round(time.time() * 1000)
                jtl_file.write(f"{timestamp},{timing},{interaction},,{error_msg},,{success},0,0,0,0,,0\n")
    
        print(f"{timestamp},{timing},{interaction},{error_msg},{success}")
    
        if not success:
            if LOGIN_ACTION_NAME in interaction:
                globals.login_failed = True
>           raise Exception(error_msg, full_exception)
E           Exception: ('Failed measure: view_test_cases_by_project_action - TimeoutException', TimeoutException("Error in wait_until: Timed out after 20 sec waiting for <selenium.webdriver.support.expected_conditions.visibility_of_element_located object at 0x7f40b8208760>. \nLocator: ('tag name', 'macro-view')", None, None))

selenium_ui/conftest.py:155: Exception
05-25-2022, 10:08:13, 1653473293995, Action: test_1_selenium_zscale_view_test_cases_by_folder_macro_in_page, Error: confluence_webdriver = <selenium.webdriver.chrome.webdriver.WebDriver (session="eba48be2e4f9ba2c4aae7c280f5907f5")>
confluence_datasets = {'blog_id': '25827817', 'blogs': [['25717138', 'OMM'], ['25715212', 'BTVF'], ['25717200', 'FLVT'], ['25715242', 'JSDTC...716062', 'CCMB'], ['25715953', 'GHT'], ...], 'custom_page_id': '40140995', 'custom_pages': [['40140995', 'TEST']], ...}
confluence_screen_shots = None

    def test_1_selenium_zscale_view_test_cases_by_folder_macro_in_page(confluence_webdriver, confluence_datasets, confluence_screen_shots):
>       extension_ui.zscale_view_test_cases_by_folder_macro_in_page(confluence_webdriver, confluence_datasets)

selenium_ui/confluence_ui.py:49: 
_ _ _ _ _ _ _ _ _ _ _ _ _ _ _ _ _ _ _ _ _ _ _ _ _ _ _ _ _ _ _ _ _ _ _ _ _ _ _ _ 
extension/confluence/extension_ui.py:119: in zscale_view_test_cases_by_folder_macro_in_page
    measure()
_ _ _ _ _ _ _ _ _ _ _ _ _ _ _ _ _ _ _ _ _ _ _ _ _ _ _ _ _ _ _ _ _ _ _ _ _ _ _ _ 

    @functools.wraps(func)
    def wrapper():
        if LOGIN_ACTION_NAME in interaction:
            globals.login_failed = False
        if globals.login_failed:
            pytest.skip(f"login is failed")
        start = time.time()
        error_msg = 'Success'
        full_exception = ''
        try:
            func()
            success = True
        except Exception:
            success = False
            # https://docs.python.org/2/library/sys.html#sys.exc_info
            exc_type, full_exception = sys.exc_info()[:2]
            error_msg = f"Failed measure: {interaction} - {exc_type.__name__}"
        end = time.time()
        timing = str(int((end - start) * 1000))
    
        lockfile = f'{selenium_results_file}.lock'
    
        with filelock.SoftFileLock(lockfile):
            with open(selenium_results_file, "a+") as jtl_file:
                timestamp = round(time.time() * 1000)
                jtl_file.write(f"{timestamp},{timing},{interaction},,{error_msg},,{success},0,0,0,0,,0\n")
    
        print(f"{timestamp},{timing},{interaction},{error_msg},{success}")
    
        if not success:
            if LOGIN_ACTION_NAME in interaction:
                globals.login_failed = True
>           raise Exception(error_msg, full_exception)
E           Exception: ('Failed measure: view_test_cases_by_folder_action - TimeoutException', TimeoutException("Error in wait_until: Timed out after 20 sec waiting for <selenium.webdriver.support.expected_conditions.visibility_of_element_located object at 0x7f40b81a2250>. \nLocator: ('tag name', 'macro-view')", None, None))

selenium_ui/conftest.py:155: Exception
05-25-2022, 10:08:41, 1653473321956, Action: test_1_selenium_zscale_view_test_cases_by_status_macro_in_page, Error: confluence_webdriver = <selenium.webdriver.chrome.webdriver.WebDriver (session="eba48be2e4f9ba2c4aae7c280f5907f5")>
confluence_datasets = {'blog_id': '8150924', 'blogs': [['25717138', 'OMM'], ['25715212', 'BTVF'], ['25717200', 'FLVT'], ['25715242', 'JSDTC'...716062', 'CCMB'], ['25715953', 'GHT'], ...], 'custom_page_id': '40140995', 'custom_pages': [['40140995', 'TEST']], ...}
confluence_screen_shots = None

    def test_1_selenium_zscale_view_test_cases_by_status_macro_in_page(confluence_webdriver, confluence_datasets, confluence_screen_shots):
>       extension_ui.zscale_view_test_cases_by_status_macro_in_page(confluence_webdriver, confluence_datasets)

selenium_ui/confluence_ui.py:43: 
_ _ _ _ _ _ _ _ _ _ _ _ _ _ _ _ _ _ _ _ _ _ _ _ _ _ _ _ _ _ _ _ _ _ _ _ _ _ _ _ 
extension/confluence/extension_ui.py:69: in zscale_view_test_cases_by_status_macro_in_page
    measure()
_ _ _ _ _ _ _ _ _ _ _ _ _ _ _ _ _ _ _ _ _ _ _ _ _ _ _ _ _ _ _ _ _ _ _ _ _ _ _ _ 

    @functools.wraps(func)
    def wrapper():
        if LOGIN_ACTION_NAME in interaction:
            globals.login_failed = False
        if globals.login_failed:
            pytest.skip(f"login is failed")
        start = time.time()
        error_msg = 'Success'
        full_exception = ''
        try:
            func()
            success = True
        except Exception:
            success = False
            # https://docs.python.org/2/library/sys.html#sys.exc_info
            exc_type, full_exception = sys.exc_info()[:2]
            error_msg = f"Failed measure: {interaction} - {exc_type.__name__}"
        end = time.time()
        timing = str(int((end - start) * 1000))
    
        lockfile = f'{selenium_results_file}.lock'
    
        with filelock.SoftFileLock(lockfile):
            with open(selenium_results_file, "a+") as jtl_file:
                timestamp = round(time.time() * 1000)
                jtl_file.write(f"{timestamp},{timing},{interaction},,{error_msg},,{success},0,0,0,0,,0\n")
    
        print(f"{timestamp},{timing},{interaction},{error_msg},{success}")
    
        if not success:
            if LOGIN_ACTION_NAME in interaction:
                globals.login_failed = True
>           raise Exception(error_msg, full_exception)
E           Exception: ('Failed measure: view_test_cases_by_status_action - TimeoutException', TimeoutException("Error in wait_until: Timed out after 20 sec waiting for <selenium.webdriver.support.expected_conditions.visibility_of_element_located object at 0x7f40b81b7580>. \nLocator: ('tag name', 'macro-view')", None, None))

selenium_ui/conftest.py:155: Exception
05-25-2022, 10:09:03, 1653473343333, Action: test_1_selenium_zscale_view_test_cases_by_project_macro_in_page, Error: confluence_webdriver = <selenium.webdriver.chrome.webdriver.WebDriver (session="eba48be2e4f9ba2c4aae7c280f5907f5")>
confluence_datasets = {'blog_id': '8150924', 'blogs': [['25717138', 'OMM'], ['25715212', 'BTVF'], ['25717200', 'FLVT'], ['25715242', 'JSDTC'...716062', 'CCMB'], ['25715953', 'GHT'], ...], 'custom_page_id': '40140995', 'custom_pages': [['40140995', 'TEST']], ...}
confluence_screen_shots = None

    def test_1_selenium_zscale_view_test_cases_by_project_macro_in_page(confluence_webdriver, confluence_datasets, confluence_screen_shots):
>       extension_ui.zscale_view_test_cases_by_project_macro_in_page(confluence_webdriver, confluence_datasets)

selenium_ui/confluence_ui.py:46: 
_ _ _ _ _ _ _ _ _ _ _ _ _ _ _ _ _ _ _ _ _ _ _ _ _ _ _ _ _ _ _ _ _ _ _ _ _ _ _ _ 
extension/confluence/extension_ui.py:94: in zscale_view_test_cases_by_project_macro_in_page
    measure()
_ _ _ _ _ _ _ _ _ _ _ _ _ _ _ _ _ _ _ _ _ _ _ _ _ _ _ _ _ _ _ _ _ _ _ _ _ _ _ _ 

    @functools.wraps(func)
    def wrapper():
        if LOGIN_ACTION_NAME in interaction:
            globals.login_failed = False
        if globals.login_failed:
            pytest.skip(f"login is failed")
        start = time.time()
        error_msg = 'Success'
        full_exception = ''
        try:
            func()
            success = True
        except Exception:
            success = False
            # https://docs.python.org/2/library/sys.html#sys.exc_info
            exc_type, full_exception = sys.exc_info()[:2]
            error_msg = f"Failed measure: {interaction} - {exc_type.__name__}"
        end = time.time()
        timing = str(int((end - start) * 1000))
    
        lockfile = f'{selenium_results_file}.lock'
    
        with filelock.SoftFileLock(lockfile):
            with open(selenium_results_file, "a+") as jtl_file:
                timestamp = round(time.time() * 1000)
                jtl_file.write(f"{timestamp},{timing},{interaction},,{error_msg},,{success},0,0,0,0,,0\n")
    
        print(f"{timestamp},{timing},{interaction},{error_msg},{success}")
    
        if not success:
            if LOGIN_ACTION_NAME in interaction:
                globals.login_failed = True
>           raise Exception(error_msg, full_exception)
E           Exception: ('Failed measure: view_test_cases_by_project_action - TimeoutException', TimeoutException("Error in wait_until: Timed out after 20 sec waiting for <selenium.webdriver.support.expected_conditions.visibility_of_element_located object at 0x7f40b81a35e0>. \nLocator: ('tag name', 'macro-view')", None, None))

selenium_ui/conftest.py:155: Exception
05-25-2022, 10:09:24, 1653473364699, Action: test_1_selenium_zscale_view_test_cases_by_folder_macro_in_page, Error: confluence_webdriver = <selenium.webdriver.chrome.webdriver.WebDriver (session="eba48be2e4f9ba2c4aae7c280f5907f5")>
confluence_datasets = {'blog_id': '8150924', 'blogs': [['25717138', 'OMM'], ['25715212', 'BTVF'], ['25717200', 'FLVT'], ['25715242', 'JSDTC'...716062', 'CCMB'], ['25715953', 'GHT'], ...], 'custom_page_id': '40140995', 'custom_pages': [['40140995', 'TEST']], ...}
confluence_screen_shots = None

    def test_1_selenium_zscale_view_test_cases_by_folder_macro_in_page(confluence_webdriver, confluence_datasets, confluence_screen_shots):
>       extension_ui.zscale_view_test_cases_by_folder_macro_in_page(confluence_webdriver, confluence_datasets)

selenium_ui/confluence_ui.py:49: 
_ _ _ _ _ _ _ _ _ _ _ _ _ _ _ _ _ _ _ _ _ _ _ _ _ _ _ _ _ _ _ _ _ _ _ _ _ _ _ _ 
extension/confluence/extension_ui.py:119: in zscale_view_test_cases_by_folder_macro_in_page
    measure()
_ _ _ _ _ _ _ _ _ _ _ _ _ _ _ _ _ _ _ _ _ _ _ _ _ _ _ _ _ _ _ _ _ _ _ _ _ _ _ _ 

    @functools.wraps(func)
    def wrapper():
        if LOGIN_ACTION_NAME in interaction:
            globals.login_failed = False
        if globals.login_failed:
            pytest.skip(f"login is failed")
        start = time.time()
        error_msg = 'Success'
        full_exception = ''
        try:
            func()
            success = True
        except Exception:
            success = False
            # https://docs.python.org/2/library/sys.html#sys.exc_info
            exc_type, full_exception = sys.exc_info()[:2]
            error_msg = f"Failed measure: {interaction} - {exc_type.__name__}"
        end = time.time()
        timing = str(int((end - start) * 1000))
    
        lockfile = f'{selenium_results_file}.lock'
    
        with filelock.SoftFileLock(lockfile):
            with open(selenium_results_file, "a+") as jtl_file:
                timestamp = round(time.time() * 1000)
                jtl_file.write(f"{timestamp},{timing},{interaction},,{error_msg},,{success},0,0,0,0,,0\n")
    
        print(f"{timestamp},{timing},{interaction},{error_msg},{success}")
    
        if not success:
            if LOGIN_ACTION_NAME in interaction:
                globals.login_failed = True
>           raise Exception(error_msg, full_exception)
E           Exception: ('Failed measure: view_test_cases_by_folder_action - TimeoutException', TimeoutException("Error in wait_until: Timed out after 20 sec waiting for <selenium.webdriver.support.expected_conditions.visibility_of_element_located object at 0x7f40b815da00>. \nLocator: ('tag name', 'macro-view')", None, None))

selenium_ui/conftest.py:155: Exception
05-25-2022, 10:09:52, 1653473392911, Action: test_1_selenium_zscale_view_test_cases_by_status_macro_in_page, Error: confluence_webdriver = <selenium.webdriver.chrome.webdriver.WebDriver (session="eba48be2e4f9ba2c4aae7c280f5907f5")>
confluence_datasets = {'blog_id': '25821302', 'blogs': [['25717138', 'OMM'], ['25715212', 'BTVF'], ['25717200', 'FLVT'], ['25715242', 'JSDTC...716062', 'CCMB'], ['25715953', 'GHT'], ...], 'custom_page_id': '40140995', 'custom_pages': [['40140995', 'TEST']], ...}
confluence_screen_shots = None

    def test_1_selenium_zscale_view_test_cases_by_status_macro_in_page(confluence_webdriver, confluence_datasets, confluence_screen_shots):
>       extension_ui.zscale_view_test_cases_by_status_macro_in_page(confluence_webdriver, confluence_datasets)

selenium_ui/confluence_ui.py:43: 
_ _ _ _ _ _ _ _ _ _ _ _ _ _ _ _ _ _ _ _ _ _ _ _ _ _ _ _ _ _ _ _ _ _ _ _ _ _ _ _ 
extension/confluence/extension_ui.py:69: in zscale_view_test_cases_by_status_macro_in_page
    measure()
_ _ _ _ _ _ _ _ _ _ _ _ _ _ _ _ _ _ _ _ _ _ _ _ _ _ _ _ _ _ _ _ _ _ _ _ _ _ _ _ 

    @functools.wraps(func)
    def wrapper():
        if LOGIN_ACTION_NAME in interaction:
            globals.login_failed = False
        if globals.login_failed:
            pytest.skip(f"login is failed")
        start = time.time()
        error_msg = 'Success'
        full_exception = ''
        try:
            func()
            success = True
        except Exception:
            success = False
            # https://docs.python.org/2/library/sys.html#sys.exc_info
            exc_type, full_exception = sys.exc_info()[:2]
            error_msg = f"Failed measure: {interaction} - {exc_type.__name__}"
        end = time.time()
        timing = str(int((end - start) * 1000))
    
        lockfile = f'{selenium_results_file}.lock'
    
        with filelock.SoftFileLock(lockfile):
            with open(selenium_results_file, "a+") as jtl_file:
                timestamp = round(time.time() * 1000)
                jtl_file.write(f"{timestamp},{timing},{interaction},,{error_msg},,{success},0,0,0,0,,0\n")
    
        print(f"{timestamp},{timing},{interaction},{error_msg},{success}")
    
        if not success:
            if LOGIN_ACTION_NAME in interaction:
                globals.login_failed = True
>           raise Exception(error_msg, full_exception)
E           Exception: ('Failed measure: view_test_cases_by_status_action - TimeoutException', TimeoutException("Error in wait_until: Timed out after 20 sec waiting for <selenium.webdriver.support.expected_conditions.visibility_of_element_located object at 0x7f40b816dc40>. \nLocator: ('tag name', 'macro-view')", None, None))

selenium_ui/conftest.py:155: Exception
05-25-2022, 10:10:14, 1653473414298, Action: test_1_selenium_zscale_view_test_cases_by_project_macro_in_page, Error: confluence_webdriver = <selenium.webdriver.chrome.webdriver.WebDriver (session="eba48be2e4f9ba2c4aae7c280f5907f5")>
confluence_datasets = {'blog_id': '25821302', 'blogs': [['25717138', 'OMM'], ['25715212', 'BTVF'], ['25717200', 'FLVT'], ['25715242', 'JSDTC...716062', 'CCMB'], ['25715953', 'GHT'], ...], 'custom_page_id': '40140995', 'custom_pages': [['40140995', 'TEST']], ...}
confluence_screen_shots = None

    def test_1_selenium_zscale_view_test_cases_by_project_macro_in_page(confluence_webdriver, confluence_datasets, confluence_screen_shots):
>       extension_ui.zscale_view_test_cases_by_project_macro_in_page(confluence_webdriver, confluence_datasets)

selenium_ui/confluence_ui.py:46: 
_ _ _ _ _ _ _ _ _ _ _ _ _ _ _ _ _ _ _ _ _ _ _ _ _ _ _ _ _ _ _ _ _ _ _ _ _ _ _ _ 
extension/confluence/extension_ui.py:94: in zscale_view_test_cases_by_project_macro_in_page
    measure()
_ _ _ _ _ _ _ _ _ _ _ _ _ _ _ _ _ _ _ _ _ _ _ _ _ _ _ _ _ _ _ _ _ _ _ _ _ _ _ _ 

    @functools.wraps(func)
    def wrapper():
        if LOGIN_ACTION_NAME in interaction:
            globals.login_failed = False
        if globals.login_failed:
            pytest.skip(f"login is failed")
        start = time.time()
        error_msg = 'Success'
        full_exception = ''
        try:
            func()
            success = True
        except Exception:
            success = False
            # https://docs.python.org/2/library/sys.html#sys.exc_info
            exc_type, full_exception = sys.exc_info()[:2]
            error_msg = f"Failed measure: {interaction} - {exc_type.__name__}"
        end = time.time()
        timing = str(int((end - start) * 1000))
    
        lockfile = f'{selenium_results_file}.lock'
    
        with filelock.SoftFileLock(lockfile):
            with open(selenium_results_file, "a+") as jtl_file:
                timestamp = round(time.time() * 1000)
                jtl_file.write(f"{timestamp},{timing},{interaction},,{error_msg},,{success},0,0,0,0,,0\n")
    
        print(f"{timestamp},{timing},{interaction},{error_msg},{success}")
    
        if not success:
            if LOGIN_ACTION_NAME in interaction:
                globals.login_failed = True
>           raise Exception(error_msg, full_exception)
E           Exception: ('Failed measure: view_test_cases_by_project_action - TimeoutException', TimeoutException("Error in wait_until: Timed out after 20 sec waiting for <selenium.webdriver.support.expected_conditions.visibility_of_element_located object at 0x7f40b8397310>. \nLocator: ('tag name', 'macro-view')", None, None))

selenium_ui/conftest.py:155: Exception
05-25-2022, 10:10:35, 1653473435685, Action: test_1_selenium_zscale_view_test_cases_by_folder_macro_in_page, Error: confluence_webdriver = <selenium.webdriver.chrome.webdriver.WebDriver (session="eba48be2e4f9ba2c4aae7c280f5907f5")>
confluence_datasets = {'blog_id': '25821302', 'blogs': [['25717138', 'OMM'], ['25715212', 'BTVF'], ['25717200', 'FLVT'], ['25715242', 'JSDTC...716062', 'CCMB'], ['25715953', 'GHT'], ...], 'custom_page_id': '40140995', 'custom_pages': [['40140995', 'TEST']], ...}
confluence_screen_shots = None

    def test_1_selenium_zscale_view_test_cases_by_folder_macro_in_page(confluence_webdriver, confluence_datasets, confluence_screen_shots):
>       extension_ui.zscale_view_test_cases_by_folder_macro_in_page(confluence_webdriver, confluence_datasets)

selenium_ui/confluence_ui.py:49: 
_ _ _ _ _ _ _ _ _ _ _ _ _ _ _ _ _ _ _ _ _ _ _ _ _ _ _ _ _ _ _ _ _ _ _ _ _ _ _ _ 
extension/confluence/extension_ui.py:119: in zscale_view_test_cases_by_folder_macro_in_page
    measure()
_ _ _ _ _ _ _ _ _ _ _ _ _ _ _ _ _ _ _ _ _ _ _ _ _ _ _ _ _ _ _ _ _ _ _ _ _ _ _ _ 

    @functools.wraps(func)
    def wrapper():
        if LOGIN_ACTION_NAME in interaction:
            globals.login_failed = False
        if globals.login_failed:
            pytest.skip(f"login is failed")
        start = time.time()
        error_msg = 'Success'
        full_exception = ''
        try:
            func()
            success = True
        except Exception:
            success = False
            # https://docs.python.org/2/library/sys.html#sys.exc_info
            exc_type, full_exception = sys.exc_info()[:2]
            error_msg = f"Failed measure: {interaction} - {exc_type.__name__}"
        end = time.time()
        timing = str(int((end - start) * 1000))
    
        lockfile = f'{selenium_results_file}.lock'
    
        with filelock.SoftFileLock(lockfile):
            with open(selenium_results_file, "a+") as jtl_file:
                timestamp = round(time.time() * 1000)
                jtl_file.write(f"{timestamp},{timing},{interaction},,{error_msg},,{success},0,0,0,0,,0\n")
    
        print(f"{timestamp},{timing},{interaction},{error_msg},{success}")
    
        if not success:
            if LOGIN_ACTION_NAME in interaction:
                globals.login_failed = True
>           raise Exception(error_msg, full_exception)
E           Exception: ('Failed measure: view_test_cases_by_folder_action - TimeoutException', TimeoutException("Error in wait_until: Timed out after 20 sec waiting for <selenium.webdriver.support.expected_conditions.visibility_of_element_located object at 0x7f40b8282b20>. \nLocator: ('tag name', 'macro-view')", None, None))

selenium_ui/conftest.py:155: Exception
05-25-2022, 10:11:03, 1653473463738, Action: test_1_selenium_zscale_view_test_cases_by_status_macro_in_page, Error: confluence_webdriver = <selenium.webdriver.chrome.webdriver.WebDriver (session="eba48be2e4f9ba2c4aae7c280f5907f5")>
confluence_datasets = {'blog_id': '25835610', 'blogs': [['25717138', 'OMM'], ['25715212', 'BTVF'], ['25717200', 'FLVT'], ['25715242', 'JSDTC...716062', 'CCMB'], ['25715953', 'GHT'], ...], 'custom_page_id': '40140995', 'custom_pages': [['40140995', 'TEST']], ...}
confluence_screen_shots = None

    def test_1_selenium_zscale_view_test_cases_by_status_macro_in_page(confluence_webdriver, confluence_datasets, confluence_screen_shots):
>       extension_ui.zscale_view_test_cases_by_status_macro_in_page(confluence_webdriver, confluence_datasets)

selenium_ui/confluence_ui.py:43: 
_ _ _ _ _ _ _ _ _ _ _ _ _ _ _ _ _ _ _ _ _ _ _ _ _ _ _ _ _ _ _ _ _ _ _ _ _ _ _ _ 
extension/confluence/extension_ui.py:69: in zscale_view_test_cases_by_status_macro_in_page
    measure()
_ _ _ _ _ _ _ _ _ _ _ _ _ _ _ _ _ _ _ _ _ _ _ _ _ _ _ _ _ _ _ _ _ _ _ _ _ _ _ _ 

    @functools.wraps(func)
    def wrapper():
        if LOGIN_ACTION_NAME in interaction:
            globals.login_failed = False
        if globals.login_failed:
            pytest.skip(f"login is failed")
        start = time.time()
        error_msg = 'Success'
        full_exception = ''
        try:
            func()
            success = True
        except Exception:
            success = False
            # https://docs.python.org/2/library/sys.html#sys.exc_info
            exc_type, full_exception = sys.exc_info()[:2]
            error_msg = f"Failed measure: {interaction} - {exc_type.__name__}"
        end = time.time()
        timing = str(int((end - start) * 1000))
    
        lockfile = f'{selenium_results_file}.lock'
    
        with filelock.SoftFileLock(lockfile):
            with open(selenium_results_file, "a+") as jtl_file:
                timestamp = round(time.time() * 1000)
                jtl_file.write(f"{timestamp},{timing},{interaction},,{error_msg},,{success},0,0,0,0,,0\n")
    
        print(f"{timestamp},{timing},{interaction},{error_msg},{success}")
    
        if not success:
            if LOGIN_ACTION_NAME in interaction:
                globals.login_failed = True
>           raise Exception(error_msg, full_exception)
E           Exception: ('Failed measure: view_test_cases_by_status_action - TimeoutException', TimeoutException("Error in wait_until: Timed out after 20 sec waiting for <selenium.webdriver.support.expected_conditions.visibility_of_element_located object at 0x7f40b8153fa0>. \nLocator: ('tag name', 'macro-view')", None, None))

selenium_ui/conftest.py:155: Exception
05-25-2022, 10:11:25, 1653473485193, Action: test_1_selenium_zscale_view_test_cases_by_project_macro_in_page, Error: confluence_webdriver = <selenium.webdriver.chrome.webdriver.WebDriver (session="eba48be2e4f9ba2c4aae7c280f5907f5")>
confluence_datasets = {'blog_id': '25835610', 'blogs': [['25717138', 'OMM'], ['25715212', 'BTVF'], ['25717200', 'FLVT'], ['25715242', 'JSDTC...716062', 'CCMB'], ['25715953', 'GHT'], ...], 'custom_page_id': '40140995', 'custom_pages': [['40140995', 'TEST']], ...}
confluence_screen_shots = None

    def test_1_selenium_zscale_view_test_cases_by_project_macro_in_page(confluence_webdriver, confluence_datasets, confluence_screen_shots):
>       extension_ui.zscale_view_test_cases_by_project_macro_in_page(confluence_webdriver, confluence_datasets)

selenium_ui/confluence_ui.py:46: 
_ _ _ _ _ _ _ _ _ _ _ _ _ _ _ _ _ _ _ _ _ _ _ _ _ _ _ _ _ _ _ _ _ _ _ _ _ _ _ _ 
extension/confluence/extension_ui.py:94: in zscale_view_test_cases_by_project_macro_in_page
    measure()
_ _ _ _ _ _ _ _ _ _ _ _ _ _ _ _ _ _ _ _ _ _ _ _ _ _ _ _ _ _ _ _ _ _ _ _ _ _ _ _ 

    @functools.wraps(func)
    def wrapper():
        if LOGIN_ACTION_NAME in interaction:
            globals.login_failed = False
        if globals.login_failed:
            pytest.skip(f"login is failed")
        start = time.time()
        error_msg = 'Success'
        full_exception = ''
        try:
            func()
            success = True
        except Exception:
            success = False
            # https://docs.python.org/2/library/sys.html#sys.exc_info
            exc_type, full_exception = sys.exc_info()[:2]
            error_msg = f"Failed measure: {interaction} - {exc_type.__name__}"
        end = time.time()
        timing = str(int((end - start) * 1000))
    
        lockfile = f'{selenium_results_file}.lock'
    
        with filelock.SoftFileLock(lockfile):
            with open(selenium_results_file, "a+") as jtl_file:
                timestamp = round(time.time() * 1000)
                jtl_file.write(f"{timestamp},{timing},{interaction},,{error_msg},,{success},0,0,0,0,,0\n")
    
        print(f"{timestamp},{timing},{interaction},{error_msg},{success}")
    
        if not success:
            if LOGIN_ACTION_NAME in interaction:
                globals.login_failed = True
>           raise Exception(error_msg, full_exception)
E           Exception: ('Failed measure: view_test_cases_by_project_action - TimeoutException', TimeoutException("Error in wait_until: Timed out after 20 sec waiting for <selenium.webdriver.support.expected_conditions.visibility_of_element_located object at 0x7f40b81a2250>. \nLocator: ('tag name', 'macro-view')", None, None))

selenium_ui/conftest.py:155: Exception
05-25-2022, 10:11:46, 1653473506604, Action: test_1_selenium_zscale_view_test_cases_by_folder_macro_in_page, Error: confluence_webdriver = <selenium.webdriver.chrome.webdriver.WebDriver (session="eba48be2e4f9ba2c4aae7c280f5907f5")>
confluence_datasets = {'blog_id': '25835610', 'blogs': [['25717138', 'OMM'], ['25715212', 'BTVF'], ['25717200', 'FLVT'], ['25715242', 'JSDTC...716062', 'CCMB'], ['25715953', 'GHT'], ...], 'custom_page_id': '40140995', 'custom_pages': [['40140995', 'TEST']], ...}
confluence_screen_shots = None

    def test_1_selenium_zscale_view_test_cases_by_folder_macro_in_page(confluence_webdriver, confluence_datasets, confluence_screen_shots):
>       extension_ui.zscale_view_test_cases_by_folder_macro_in_page(confluence_webdriver, confluence_datasets)

selenium_ui/confluence_ui.py:49: 
_ _ _ _ _ _ _ _ _ _ _ _ _ _ _ _ _ _ _ _ _ _ _ _ _ _ _ _ _ _ _ _ _ _ _ _ _ _ _ _ 
extension/confluence/extension_ui.py:119: in zscale_view_test_cases_by_folder_macro_in_page
    measure()
_ _ _ _ _ _ _ _ _ _ _ _ _ _ _ _ _ _ _ _ _ _ _ _ _ _ _ _ _ _ _ _ _ _ _ _ _ _ _ _ 

    @functools.wraps(func)
    def wrapper():
        if LOGIN_ACTION_NAME in interaction:
            globals.login_failed = False
        if globals.login_failed:
            pytest.skip(f"login is failed")
        start = time.time()
        error_msg = 'Success'
        full_exception = ''
        try:
            func()
            success = True
        except Exception:
            success = False
            # https://docs.python.org/2/library/sys.html#sys.exc_info
            exc_type, full_exception = sys.exc_info()[:2]
            error_msg = f"Failed measure: {interaction} - {exc_type.__name__}"
        end = time.time()
        timing = str(int((end - start) * 1000))
    
        lockfile = f'{selenium_results_file}.lock'
    
        with filelock.SoftFileLock(lockfile):
            with open(selenium_results_file, "a+") as jtl_file:
                timestamp = round(time.time() * 1000)
                jtl_file.write(f"{timestamp},{timing},{interaction},,{error_msg},,{success},0,0,0,0,,0\n")
    
        print(f"{timestamp},{timing},{interaction},{error_msg},{success}")
    
        if not success:
            if LOGIN_ACTION_NAME in interaction:
                globals.login_failed = True
>           raise Exception(error_msg, full_exception)
E           Exception: ('Failed measure: view_test_cases_by_folder_action - TimeoutException', TimeoutException("Error in wait_until: Timed out after 20 sec waiting for <selenium.webdriver.support.expected_conditions.visibility_of_element_located object at 0x7f40b80cabb0>. \nLocator: ('tag name', 'macro-view')", None, None))

selenium_ui/conftest.py:155: Exception
05-25-2022, 10:12:15, 1653473535671, Action: test_1_selenium_zscale_view_test_cases_by_status_macro_in_page, Error: confluence_webdriver = <selenium.webdriver.chrome.webdriver.WebDriver (session="eba48be2e4f9ba2c4aae7c280f5907f5")>
confluence_datasets = {'blog_id': '3543266', 'blogs': [['25717138', 'OMM'], ['25715212', 'BTVF'], ['25717200', 'FLVT'], ['25715242', 'JSDTC'...716062', 'CCMB'], ['25715953', 'GHT'], ...], 'custom_page_id': '40140995', 'custom_pages': [['40140995', 'TEST']], ...}
confluence_screen_shots = None

    def test_1_selenium_zscale_view_test_cases_by_status_macro_in_page(confluence_webdriver, confluence_datasets, confluence_screen_shots):
>       extension_ui.zscale_view_test_cases_by_status_macro_in_page(confluence_webdriver, confluence_datasets)

selenium_ui/confluence_ui.py:43: 
_ _ _ _ _ _ _ _ _ _ _ _ _ _ _ _ _ _ _ _ _ _ _ _ _ _ _ _ _ _ _ _ _ _ _ _ _ _ _ _ 
extension/confluence/extension_ui.py:69: in zscale_view_test_cases_by_status_macro_in_page
    measure()
_ _ _ _ _ _ _ _ _ _ _ _ _ _ _ _ _ _ _ _ _ _ _ _ _ _ _ _ _ _ _ _ _ _ _ _ _ _ _ _ 

    @functools.wraps(func)
    def wrapper():
        if LOGIN_ACTION_NAME in interaction:
            globals.login_failed = False
        if globals.login_failed:
            pytest.skip(f"login is failed")
        start = time.time()
        error_msg = 'Success'
        full_exception = ''
        try:
            func()
            success = True
        except Exception:
            success = False
            # https://docs.python.org/2/library/sys.html#sys.exc_info
            exc_type, full_exception = sys.exc_info()[:2]
            error_msg = f"Failed measure: {interaction} - {exc_type.__name__}"
        end = time.time()
        timing = str(int((end - start) * 1000))
    
        lockfile = f'{selenium_results_file}.lock'
    
        with filelock.SoftFileLock(lockfile):
            with open(selenium_results_file, "a+") as jtl_file:
                timestamp = round(time.time() * 1000)
                jtl_file.write(f"{timestamp},{timing},{interaction},,{error_msg},,{success},0,0,0,0,,0\n")
    
        print(f"{timestamp},{timing},{interaction},{error_msg},{success}")
    
        if not success:
            if LOGIN_ACTION_NAME in interaction:
                globals.login_failed = True
>           raise Exception(error_msg, full_exception)
E           Exception: ('Failed measure: view_test_cases_by_status_action - TimeoutException', TimeoutException("Error in wait_until: Timed out after 20 sec waiting for <selenium.webdriver.support.expected_conditions.visibility_of_element_located object at 0x7f40b80764c0>. \nLocator: ('tag name', 'macro-view')", None, None))

selenium_ui/conftest.py:155: Exception
05-25-2022, 10:12:37, 1653473557048, Action: test_1_selenium_zscale_view_test_cases_by_project_macro_in_page, Error: confluence_webdriver = <selenium.webdriver.chrome.webdriver.WebDriver (session="eba48be2e4f9ba2c4aae7c280f5907f5")>
confluence_datasets = {'blog_id': '3543266', 'blogs': [['25717138', 'OMM'], ['25715212', 'BTVF'], ['25717200', 'FLVT'], ['25715242', 'JSDTC'...716062', 'CCMB'], ['25715953', 'GHT'], ...], 'custom_page_id': '40140995', 'custom_pages': [['40140995', 'TEST']], ...}
confluence_screen_shots = None

    def test_1_selenium_zscale_view_test_cases_by_project_macro_in_page(confluence_webdriver, confluence_datasets, confluence_screen_shots):
>       extension_ui.zscale_view_test_cases_by_project_macro_in_page(confluence_webdriver, confluence_datasets)

selenium_ui/confluence_ui.py:46: 
_ _ _ _ _ _ _ _ _ _ _ _ _ _ _ _ _ _ _ _ _ _ _ _ _ _ _ _ _ _ _ _ _ _ _ _ _ _ _ _ 
extension/confluence/extension_ui.py:94: in zscale_view_test_cases_by_project_macro_in_page
    measure()
_ _ _ _ _ _ _ _ _ _ _ _ _ _ _ _ _ _ _ _ _ _ _ _ _ _ _ _ _ _ _ _ _ _ _ _ _ _ _ _ 

    @functools.wraps(func)
    def wrapper():
        if LOGIN_ACTION_NAME in interaction:
            globals.login_failed = False
        if globals.login_failed:
            pytest.skip(f"login is failed")
        start = time.time()
        error_msg = 'Success'
        full_exception = ''
        try:
            func()
            success = True
        except Exception:
            success = False
            # https://docs.python.org/2/library/sys.html#sys.exc_info
            exc_type, full_exception = sys.exc_info()[:2]
            error_msg = f"Failed measure: {interaction} - {exc_type.__name__}"
        end = time.time()
        timing = str(int((end - start) * 1000))
    
        lockfile = f'{selenium_results_file}.lock'
    
        with filelock.SoftFileLock(lockfile):
            with open(selenium_results_file, "a+") as jtl_file:
                timestamp = round(time.time() * 1000)
                jtl_file.write(f"{timestamp},{timing},{interaction},,{error_msg},,{success},0,0,0,0,,0\n")
    
        print(f"{timestamp},{timing},{interaction},{error_msg},{success}")
    
        if not success:
            if LOGIN_ACTION_NAME in interaction:
                globals.login_failed = True
>           raise Exception(error_msg, full_exception)
E           Exception: ('Failed measure: view_test_cases_by_project_action - TimeoutException', TimeoutException("Error in wait_until: Timed out after 20 sec waiting for <selenium.webdriver.support.expected_conditions.visibility_of_element_located object at 0x7f40b8043760>. \nLocator: ('tag name', 'macro-view')", None, None))

selenium_ui/conftest.py:155: Exception
05-25-2022, 10:12:58, 1653473578447, Action: test_1_selenium_zscale_view_test_cases_by_folder_macro_in_page, Error: confluence_webdriver = <selenium.webdriver.chrome.webdriver.WebDriver (session="eba48be2e4f9ba2c4aae7c280f5907f5")>
confluence_datasets = {'blog_id': '3543266', 'blogs': [['25717138', 'OMM'], ['25715212', 'BTVF'], ['25717200', 'FLVT'], ['25715242', 'JSDTC'...716062', 'CCMB'], ['25715953', 'GHT'], ...], 'custom_page_id': '40140995', 'custom_pages': [['40140995', 'TEST']], ...}
confluence_screen_shots = None

    def test_1_selenium_zscale_view_test_cases_by_folder_macro_in_page(confluence_webdriver, confluence_datasets, confluence_screen_shots):
>       extension_ui.zscale_view_test_cases_by_folder_macro_in_page(confluence_webdriver, confluence_datasets)

selenium_ui/confluence_ui.py:49: 
_ _ _ _ _ _ _ _ _ _ _ _ _ _ _ _ _ _ _ _ _ _ _ _ _ _ _ _ _ _ _ _ _ _ _ _ _ _ _ _ 
extension/confluence/extension_ui.py:119: in zscale_view_test_cases_by_folder_macro_in_page
    measure()
_ _ _ _ _ _ _ _ _ _ _ _ _ _ _ _ _ _ _ _ _ _ _ _ _ _ _ _ _ _ _ _ _ _ _ _ _ _ _ _ 

    @functools.wraps(func)
    def wrapper():
        if LOGIN_ACTION_NAME in interaction:
            globals.login_failed = False
        if globals.login_failed:
            pytest.skip(f"login is failed")
        start = time.time()
        error_msg = 'Success'
        full_exception = ''
        try:
            func()
            success = True
        except Exception:
            success = False
            # https://docs.python.org/2/library/sys.html#sys.exc_info
            exc_type, full_exception = sys.exc_info()[:2]
            error_msg = f"Failed measure: {interaction} - {exc_type.__name__}"
        end = time.time()
        timing = str(int((end - start) * 1000))
    
        lockfile = f'{selenium_results_file}.lock'
    
        with filelock.SoftFileLock(lockfile):
            with open(selenium_results_file, "a+") as jtl_file:
                timestamp = round(time.time() * 1000)
                jtl_file.write(f"{timestamp},{timing},{interaction},,{error_msg},,{success},0,0,0,0,,0\n")
    
        print(f"{timestamp},{timing},{interaction},{error_msg},{success}")
    
        if not success:
            if LOGIN_ACTION_NAME in interaction:
                globals.login_failed = True
>           raise Exception(error_msg, full_exception)
E           Exception: ('Failed measure: view_test_cases_by_folder_action - TimeoutException', TimeoutException("Error in wait_until: Timed out after 20 sec waiting for <selenium.webdriver.support.expected_conditions.visibility_of_element_located object at 0x7f40b805eb50>. \nLocator: ('tag name', 'macro-view')", None, None))

selenium_ui/conftest.py:155: Exception
05-25-2022, 10:13:25, 1653473605647, Action: test_1_selenium_zscale_view_test_cases_by_status_macro_in_page, Error: confluence_webdriver = <selenium.webdriver.chrome.webdriver.WebDriver (session="eba48be2e4f9ba2c4aae7c280f5907f5")>
confluence_datasets = {'blog_id': '8265602', 'blogs': [['25717138', 'OMM'], ['25715212', 'BTVF'], ['25717200', 'FLVT'], ['25715242', 'JSDTC'...716062', 'CCMB'], ['25715953', 'GHT'], ...], 'custom_page_id': '40140995', 'custom_pages': [['40140995', 'TEST']], ...}
confluence_screen_shots = None

    def test_1_selenium_zscale_view_test_cases_by_status_macro_in_page(confluence_webdriver, confluence_datasets, confluence_screen_shots):
>       extension_ui.zscale_view_test_cases_by_status_macro_in_page(confluence_webdriver, confluence_datasets)

selenium_ui/confluence_ui.py:43: 
_ _ _ _ _ _ _ _ _ _ _ _ _ _ _ _ _ _ _ _ _ _ _ _ _ _ _ _ _ _ _ _ _ _ _ _ _ _ _ _ 
extension/confluence/extension_ui.py:69: in zscale_view_test_cases_by_status_macro_in_page
    measure()
_ _ _ _ _ _ _ _ _ _ _ _ _ _ _ _ _ _ _ _ _ _ _ _ _ _ _ _ _ _ _ _ _ _ _ _ _ _ _ _ 

    @functools.wraps(func)
    def wrapper():
        if LOGIN_ACTION_NAME in interaction:
            globals.login_failed = False
        if globals.login_failed:
            pytest.skip(f"login is failed")
        start = time.time()
        error_msg = 'Success'
        full_exception = ''
        try:
            func()
            success = True
        except Exception:
            success = False
            # https://docs.python.org/2/library/sys.html#sys.exc_info
            exc_type, full_exception = sys.exc_info()[:2]
            error_msg = f"Failed measure: {interaction} - {exc_type.__name__}"
        end = time.time()
        timing = str(int((end - start) * 1000))
    
        lockfile = f'{selenium_results_file}.lock'
    
        with filelock.SoftFileLock(lockfile):
            with open(selenium_results_file, "a+") as jtl_file:
                timestamp = round(time.time() * 1000)
                jtl_file.write(f"{timestamp},{timing},{interaction},,{error_msg},,{success},0,0,0,0,,0\n")
    
        print(f"{timestamp},{timing},{interaction},{error_msg},{success}")
    
        if not success:
            if LOGIN_ACTION_NAME in interaction:
                globals.login_failed = True
>           raise Exception(error_msg, full_exception)
E           Exception: ('Failed measure: view_test_cases_by_status_action - TimeoutException', TimeoutException("Error in wait_until: Timed out after 20 sec waiting for <selenium.webdriver.support.expected_conditions.visibility_of_element_located object at 0x7f40b7ffe400>. \nLocator: ('tag name', 'macro-view')", None, None))

selenium_ui/conftest.py:155: Exception
05-25-2022, 10:13:47, 1653473627034, Action: test_1_selenium_zscale_view_test_cases_by_project_macro_in_page, Error: confluence_webdriver = <selenium.webdriver.chrome.webdriver.WebDriver (session="eba48be2e4f9ba2c4aae7c280f5907f5")>
confluence_datasets = {'blog_id': '8265602', 'blogs': [['25717138', 'OMM'], ['25715212', 'BTVF'], ['25717200', 'FLVT'], ['25715242', 'JSDTC'...716062', 'CCMB'], ['25715953', 'GHT'], ...], 'custom_page_id': '40140995', 'custom_pages': [['40140995', 'TEST']], ...}
confluence_screen_shots = None

    def test_1_selenium_zscale_view_test_cases_by_project_macro_in_page(confluence_webdriver, confluence_datasets, confluence_screen_shots):
>       extension_ui.zscale_view_test_cases_by_project_macro_in_page(confluence_webdriver, confluence_datasets)

selenium_ui/confluence_ui.py:46: 
_ _ _ _ _ _ _ _ _ _ _ _ _ _ _ _ _ _ _ _ _ _ _ _ _ _ _ _ _ _ _ _ _ _ _ _ _ _ _ _ 
extension/confluence/extension_ui.py:94: in zscale_view_test_cases_by_project_macro_in_page
    measure()
_ _ _ _ _ _ _ _ _ _ _ _ _ _ _ _ _ _ _ _ _ _ _ _ _ _ _ _ _ _ _ _ _ _ _ _ _ _ _ _ 

    @functools.wraps(func)
    def wrapper():
        if LOGIN_ACTION_NAME in interaction:
            globals.login_failed = False
        if globals.login_failed:
            pytest.skip(f"login is failed")
        start = time.time()
        error_msg = 'Success'
        full_exception = ''
        try:
            func()
            success = True
        except Exception:
            success = False
            # https://docs.python.org/2/library/sys.html#sys.exc_info
            exc_type, full_exception = sys.exc_info()[:2]
            error_msg = f"Failed measure: {interaction} - {exc_type.__name__}"
        end = time.time()
        timing = str(int((end - start) * 1000))
    
        lockfile = f'{selenium_results_file}.lock'
    
        with filelock.SoftFileLock(lockfile):
            with open(selenium_results_file, "a+") as jtl_file:
                timestamp = round(time.time() * 1000)
                jtl_file.write(f"{timestamp},{timing},{interaction},,{error_msg},,{success},0,0,0,0,,0\n")
    
        print(f"{timestamp},{timing},{interaction},{error_msg},{success}")
    
        if not success:
            if LOGIN_ACTION_NAME in interaction:
                globals.login_failed = True
>           raise Exception(error_msg, full_exception)
E           Exception: ('Failed measure: view_test_cases_by_project_action - TimeoutException', TimeoutException("Error in wait_until: Timed out after 20 sec waiting for <selenium.webdriver.support.expected_conditions.visibility_of_element_located object at 0x7f40b7ffeb20>. \nLocator: ('tag name', 'macro-view')", None, None))

selenium_ui/conftest.py:155: Exception
05-25-2022, 10:14:08, 1653473648449, Action: test_1_selenium_zscale_view_test_cases_by_folder_macro_in_page, Error: confluence_webdriver = <selenium.webdriver.chrome.webdriver.WebDriver (session="eba48be2e4f9ba2c4aae7c280f5907f5")>
confluence_datasets = {'blog_id': '8265602', 'blogs': [['25717138', 'OMM'], ['25715212', 'BTVF'], ['25717200', 'FLVT'], ['25715242', 'JSDTC'...716062', 'CCMB'], ['25715953', 'GHT'], ...], 'custom_page_id': '40140995', 'custom_pages': [['40140995', 'TEST']], ...}
confluence_screen_shots = None

    def test_1_selenium_zscale_view_test_cases_by_folder_macro_in_page(confluence_webdriver, confluence_datasets, confluence_screen_shots):
>       extension_ui.zscale_view_test_cases_by_folder_macro_in_page(confluence_webdriver, confluence_datasets)

selenium_ui/confluence_ui.py:49: 
_ _ _ _ _ _ _ _ _ _ _ _ _ _ _ _ _ _ _ _ _ _ _ _ _ _ _ _ _ _ _ _ _ _ _ _ _ _ _ _ 
extension/confluence/extension_ui.py:119: in zscale_view_test_cases_by_folder_macro_in_page
    measure()
_ _ _ _ _ _ _ _ _ _ _ _ _ _ _ _ _ _ _ _ _ _ _ _ _ _ _ _ _ _ _ _ _ _ _ _ _ _ _ _ 

    @functools.wraps(func)
    def wrapper():
        if LOGIN_ACTION_NAME in interaction:
            globals.login_failed = False
        if globals.login_failed:
            pytest.skip(f"login is failed")
        start = time.time()
        error_msg = 'Success'
        full_exception = ''
        try:
            func()
            success = True
        except Exception:
            success = False
            # https://docs.python.org/2/library/sys.html#sys.exc_info
            exc_type, full_exception = sys.exc_info()[:2]
            error_msg = f"Failed measure: {interaction} - {exc_type.__name__}"
        end = time.time()
        timing = str(int((end - start) * 1000))
    
        lockfile = f'{selenium_results_file}.lock'
    
        with filelock.SoftFileLock(lockfile):
            with open(selenium_results_file, "a+") as jtl_file:
                timestamp = round(time.time() * 1000)
                jtl_file.write(f"{timestamp},{timing},{interaction},,{error_msg},,{success},0,0,0,0,,0\n")
    
        print(f"{timestamp},{timing},{interaction},{error_msg},{success}")
    
        if not success:
            if LOGIN_ACTION_NAME in interaction:
                globals.login_failed = True
>           raise Exception(error_msg, full_exception)
E           Exception: ('Failed measure: view_test_cases_by_folder_action - TimeoutException', TimeoutException("Error in wait_until: Timed out after 20 sec waiting for <selenium.webdriver.support.expected_conditions.visibility_of_element_located object at 0x7f40b8015280>. \nLocator: ('tag name', 'macro-view')", None, None))

selenium_ui/conftest.py:155: Exception
05-25-2022, 10:14:36, 1653473676771, Action: test_1_selenium_zscale_view_test_cases_by_status_macro_in_page, Error: confluence_webdriver = <selenium.webdriver.chrome.webdriver.WebDriver (session="eba48be2e4f9ba2c4aae7c280f5907f5")>
confluence_datasets = {'blog_id': '25830265', 'blogs': [['25717138', 'OMM'], ['25715212', 'BTVF'], ['25717200', 'FLVT'], ['25715242', 'JSDTC...716062', 'CCMB'], ['25715953', 'GHT'], ...], 'custom_page_id': '40140995', 'custom_pages': [['40140995', 'TEST']], ...}
confluence_screen_shots = None

    def test_1_selenium_zscale_view_test_cases_by_status_macro_in_page(confluence_webdriver, confluence_datasets, confluence_screen_shots):
>       extension_ui.zscale_view_test_cases_by_status_macro_in_page(confluence_webdriver, confluence_datasets)

selenium_ui/confluence_ui.py:43: 
_ _ _ _ _ _ _ _ _ _ _ _ _ _ _ _ _ _ _ _ _ _ _ _ _ _ _ _ _ _ _ _ _ _ _ _ _ _ _ _ 
extension/confluence/extension_ui.py:69: in zscale_view_test_cases_by_status_macro_in_page
    measure()
_ _ _ _ _ _ _ _ _ _ _ _ _ _ _ _ _ _ _ _ _ _ _ _ _ _ _ _ _ _ _ _ _ _ _ _ _ _ _ _ 

    @functools.wraps(func)
    def wrapper():
        if LOGIN_ACTION_NAME in interaction:
            globals.login_failed = False
        if globals.login_failed:
            pytest.skip(f"login is failed")
        start = time.time()
        error_msg = 'Success'
        full_exception = ''
        try:
            func()
            success = True
        except Exception:
            success = False
            # https://docs.python.org/2/library/sys.html#sys.exc_info
            exc_type, full_exception = sys.exc_info()[:2]
            error_msg = f"Failed measure: {interaction} - {exc_type.__name__}"
        end = time.time()
        timing = str(int((end - start) * 1000))
    
        lockfile = f'{selenium_results_file}.lock'
    
        with filelock.SoftFileLock(lockfile):
            with open(selenium_results_file, "a+") as jtl_file:
                timestamp = round(time.time() * 1000)
                jtl_file.write(f"{timestamp},{timing},{interaction},,{error_msg},,{success},0,0,0,0,,0\n")
    
        print(f"{timestamp},{timing},{interaction},{error_msg},{success}")
    
        if not success:
            if LOGIN_ACTION_NAME in interaction:
                globals.login_failed = True
>           raise Exception(error_msg, full_exception)
E           Exception: ('Failed measure: view_test_cases_by_status_action - TimeoutException', TimeoutException("Error in wait_until: Timed out after 20 sec waiting for <selenium.webdriver.support.expected_conditions.visibility_of_element_located object at 0x7f40b7fc8f10>. \nLocator: ('tag name', 'macro-view')", None, None))

selenium_ui/conftest.py:155: Exception
05-25-2022, 10:14:58, 1653473698129, Action: test_1_selenium_zscale_view_test_cases_by_project_macro_in_page, Error: confluence_webdriver = <selenium.webdriver.chrome.webdriver.WebDriver (session="eba48be2e4f9ba2c4aae7c280f5907f5")>
confluence_datasets = {'blog_id': '25830265', 'blogs': [['25717138', 'OMM'], ['25715212', 'BTVF'], ['25717200', 'FLVT'], ['25715242', 'JSDTC...716062', 'CCMB'], ['25715953', 'GHT'], ...], 'custom_page_id': '40140995', 'custom_pages': [['40140995', 'TEST']], ...}
confluence_screen_shots = None

    def test_1_selenium_zscale_view_test_cases_by_project_macro_in_page(confluence_webdriver, confluence_datasets, confluence_screen_shots):
>       extension_ui.zscale_view_test_cases_by_project_macro_in_page(confluence_webdriver, confluence_datasets)

selenium_ui/confluence_ui.py:46: 
_ _ _ _ _ _ _ _ _ _ _ _ _ _ _ _ _ _ _ _ _ _ _ _ _ _ _ _ _ _ _ _ _ _ _ _ _ _ _ _ 
extension/confluence/extension_ui.py:94: in zscale_view_test_cases_by_project_macro_in_page
    measure()
_ _ _ _ _ _ _ _ _ _ _ _ _ _ _ _ _ _ _ _ _ _ _ _ _ _ _ _ _ _ _ _ _ _ _ _ _ _ _ _ 

    @functools.wraps(func)
    def wrapper():
        if LOGIN_ACTION_NAME in interaction:
            globals.login_failed = False
        if globals.login_failed:
            pytest.skip(f"login is failed")
        start = time.time()
        error_msg = 'Success'
        full_exception = ''
        try:
            func()
            success = True
        except Exception:
            success = False
            # https://docs.python.org/2/library/sys.html#sys.exc_info
            exc_type, full_exception = sys.exc_info()[:2]
            error_msg = f"Failed measure: {interaction} - {exc_type.__name__}"
        end = time.time()
        timing = str(int((end - start) * 1000))
    
        lockfile = f'{selenium_results_file}.lock'
    
        with filelock.SoftFileLock(lockfile):
            with open(selenium_results_file, "a+") as jtl_file:
                timestamp = round(time.time() * 1000)
                jtl_file.write(f"{timestamp},{timing},{interaction},,{error_msg},,{success},0,0,0,0,,0\n")
    
        print(f"{timestamp},{timing},{interaction},{error_msg},{success}")
    
        if not success:
            if LOGIN_ACTION_NAME in interaction:
                globals.login_failed = True
>           raise Exception(error_msg, full_exception)
E           Exception: ('Failed measure: view_test_cases_by_project_action - TimeoutException', TimeoutException("Error in wait_until: Timed out after 20 sec waiting for <selenium.webdriver.support.expected_conditions.visibility_of_element_located object at 0x7f40b7fb2df0>. \nLocator: ('tag name', 'macro-view')", None, None))

selenium_ui/conftest.py:155: Exception
05-25-2022, 10:15:19, 1653473719516, Action: test_1_selenium_zscale_view_test_cases_by_folder_macro_in_page, Error: confluence_webdriver = <selenium.webdriver.chrome.webdriver.WebDriver (session="eba48be2e4f9ba2c4aae7c280f5907f5")>
confluence_datasets = {'blog_id': '25830265', 'blogs': [['25717138', 'OMM'], ['25715212', 'BTVF'], ['25717200', 'FLVT'], ['25715242', 'JSDTC...716062', 'CCMB'], ['25715953', 'GHT'], ...], 'custom_page_id': '40140995', 'custom_pages': [['40140995', 'TEST']], ...}
confluence_screen_shots = None

    def test_1_selenium_zscale_view_test_cases_by_folder_macro_in_page(confluence_webdriver, confluence_datasets, confluence_screen_shots):
>       extension_ui.zscale_view_test_cases_by_folder_macro_in_page(confluence_webdriver, confluence_datasets)

selenium_ui/confluence_ui.py:49: 
_ _ _ _ _ _ _ _ _ _ _ _ _ _ _ _ _ _ _ _ _ _ _ _ _ _ _ _ _ _ _ _ _ _ _ _ _ _ _ _ 
extension/confluence/extension_ui.py:119: in zscale_view_test_cases_by_folder_macro_in_page
    measure()
_ _ _ _ _ _ _ _ _ _ _ _ _ _ _ _ _ _ _ _ _ _ _ _ _ _ _ _ _ _ _ _ _ _ _ _ _ _ _ _ 

    @functools.wraps(func)
    def wrapper():
        if LOGIN_ACTION_NAME in interaction:
            globals.login_failed = False
        if globals.login_failed:
            pytest.skip(f"login is failed")
        start = time.time()
        error_msg = 'Success'
        full_exception = ''
        try:
            func()
            success = True
        except Exception:
            success = False
            # https://docs.python.org/2/library/sys.html#sys.exc_info
            exc_type, full_exception = sys.exc_info()[:2]
            error_msg = f"Failed measure: {interaction} - {exc_type.__name__}"
        end = time.time()
        timing = str(int((end - start) * 1000))
    
        lockfile = f'{selenium_results_file}.lock'
    
        with filelock.SoftFileLock(lockfile):
            with open(selenium_results_file, "a+") as jtl_file:
                timestamp = round(time.time() * 1000)
                jtl_file.write(f"{timestamp},{timing},{interaction},,{error_msg},,{success},0,0,0,0,,0\n")
    
        print(f"{timestamp},{timing},{interaction},{error_msg},{success}")
    
        if not success:
            if LOGIN_ACTION_NAME in interaction:
                globals.login_failed = True
>           raise Exception(error_msg, full_exception)
E           Exception: ('Failed measure: view_test_cases_by_folder_action - TimeoutException', TimeoutException("Error in wait_until: Timed out after 20 sec waiting for <selenium.webdriver.support.expected_conditions.visibility_of_element_located object at 0x7f40b7fc89d0>. \nLocator: ('tag name', 'macro-view')", None, None))

selenium_ui/conftest.py:155: Exception
05-25-2022, 10:15:47, 1653473747553, Action: test_1_selenium_zscale_view_test_cases_by_status_macro_in_page, Error: confluence_webdriver = <selenium.webdriver.chrome.webdriver.WebDriver (session="eba48be2e4f9ba2c4aae7c280f5907f5")>
confluence_datasets = {'blog_id': '25828715', 'blogs': [['25717138', 'OMM'], ['25715212', 'BTVF'], ['25717200', 'FLVT'], ['25715242', 'JSDTC...716062', 'CCMB'], ['25715953', 'GHT'], ...], 'custom_page_id': '40140995', 'custom_pages': [['40140995', 'TEST']], ...}
confluence_screen_shots = None

    def test_1_selenium_zscale_view_test_cases_by_status_macro_in_page(confluence_webdriver, confluence_datasets, confluence_screen_shots):
>       extension_ui.zscale_view_test_cases_by_status_macro_in_page(confluence_webdriver, confluence_datasets)

selenium_ui/confluence_ui.py:43: 
_ _ _ _ _ _ _ _ _ _ _ _ _ _ _ _ _ _ _ _ _ _ _ _ _ _ _ _ _ _ _ _ _ _ _ _ _ _ _ _ 
extension/confluence/extension_ui.py:69: in zscale_view_test_cases_by_status_macro_in_page
    measure()
_ _ _ _ _ _ _ _ _ _ _ _ _ _ _ _ _ _ _ _ _ _ _ _ _ _ _ _ _ _ _ _ _ _ _ _ _ _ _ _ 

    @functools.wraps(func)
    def wrapper():
        if LOGIN_ACTION_NAME in interaction:
            globals.login_failed = False
        if globals.login_failed:
            pytest.skip(f"login is failed")
        start = time.time()
        error_msg = 'Success'
        full_exception = ''
        try:
            func()
            success = True
        except Exception:
            success = False
            # https://docs.python.org/2/library/sys.html#sys.exc_info
            exc_type, full_exception = sys.exc_info()[:2]
            error_msg = f"Failed measure: {interaction} - {exc_type.__name__}"
        end = time.time()
        timing = str(int((end - start) * 1000))
    
        lockfile = f'{selenium_results_file}.lock'
    
        with filelock.SoftFileLock(lockfile):
            with open(selenium_results_file, "a+") as jtl_file:
                timestamp = round(time.time() * 1000)
                jtl_file.write(f"{timestamp},{timing},{interaction},,{error_msg},,{success},0,0,0,0,,0\n")
    
        print(f"{timestamp},{timing},{interaction},{error_msg},{success}")
    
        if not success:
            if LOGIN_ACTION_NAME in interaction:
                globals.login_failed = True
>           raise Exception(error_msg, full_exception)
E           Exception: ('Failed measure: view_test_cases_by_status_action - TimeoutException', TimeoutException("Error in wait_until: Timed out after 20 sec waiting for <selenium.webdriver.support.expected_conditions.visibility_of_element_located object at 0x7f40b7f7ffd0>. \nLocator: ('tag name', 'macro-view')", None, None))

selenium_ui/conftest.py:155: Exception
05-25-2022, 10:16:08, 1653473768903, Action: test_1_selenium_zscale_view_test_cases_by_project_macro_in_page, Error: confluence_webdriver = <selenium.webdriver.chrome.webdriver.WebDriver (session="eba48be2e4f9ba2c4aae7c280f5907f5")>
confluence_datasets = {'blog_id': '25828715', 'blogs': [['25717138', 'OMM'], ['25715212', 'BTVF'], ['25717200', 'FLVT'], ['25715242', 'JSDTC...716062', 'CCMB'], ['25715953', 'GHT'], ...], 'custom_page_id': '40140995', 'custom_pages': [['40140995', 'TEST']], ...}
confluence_screen_shots = None

    def test_1_selenium_zscale_view_test_cases_by_project_macro_in_page(confluence_webdriver, confluence_datasets, confluence_screen_shots):
>       extension_ui.zscale_view_test_cases_by_project_macro_in_page(confluence_webdriver, confluence_datasets)

selenium_ui/confluence_ui.py:46: 
_ _ _ _ _ _ _ _ _ _ _ _ _ _ _ _ _ _ _ _ _ _ _ _ _ _ _ _ _ _ _ _ _ _ _ _ _ _ _ _ 
extension/confluence/extension_ui.py:94: in zscale_view_test_cases_by_project_macro_in_page
    measure()
_ _ _ _ _ _ _ _ _ _ _ _ _ _ _ _ _ _ _ _ _ _ _ _ _ _ _ _ _ _ _ _ _ _ _ _ _ _ _ _ 

    @functools.wraps(func)
    def wrapper():
        if LOGIN_ACTION_NAME in interaction:
            globals.login_failed = False
        if globals.login_failed:
            pytest.skip(f"login is failed")
        start = time.time()
        error_msg = 'Success'
        full_exception = ''
        try:
            func()
            success = True
        except Exception:
            success = False
            # https://docs.python.org/2/library/sys.html#sys.exc_info
            exc_type, full_exception = sys.exc_info()[:2]
            error_msg = f"Failed measure: {interaction} - {exc_type.__name__}"
        end = time.time()
        timing = str(int((end - start) * 1000))
    
        lockfile = f'{selenium_results_file}.lock'
    
        with filelock.SoftFileLock(lockfile):
            with open(selenium_results_file, "a+") as jtl_file:
                timestamp = round(time.time() * 1000)
                jtl_file.write(f"{timestamp},{timing},{interaction},,{error_msg},,{success},0,0,0,0,,0\n")
    
        print(f"{timestamp},{timing},{interaction},{error_msg},{success}")
    
        if not success:
            if LOGIN_ACTION_NAME in interaction:
                globals.login_failed = True
>           raise Exception(error_msg, full_exception)
E           Exception: ('Failed measure: view_test_cases_by_project_action - TimeoutException', TimeoutException("Error in wait_until: Timed out after 20 sec waiting for <selenium.webdriver.support.expected_conditions.visibility_of_element_located object at 0x7f40b7efabb0>. \nLocator: ('tag name', 'macro-view')", None, None))

selenium_ui/conftest.py:155: Exception
05-25-2022, 10:16:30, 1653473790361, Action: test_1_selenium_zscale_view_test_cases_by_folder_macro_in_page, Error: confluence_webdriver = <selenium.webdriver.chrome.webdriver.WebDriver (session="eba48be2e4f9ba2c4aae7c280f5907f5")>
confluence_datasets = {'blog_id': '25828715', 'blogs': [['25717138', 'OMM'], ['25715212', 'BTVF'], ['25717200', 'FLVT'], ['25715242', 'JSDTC...716062', 'CCMB'], ['25715953', 'GHT'], ...], 'custom_page_id': '40140995', 'custom_pages': [['40140995', 'TEST']], ...}
confluence_screen_shots = None

    def test_1_selenium_zscale_view_test_cases_by_folder_macro_in_page(confluence_webdriver, confluence_datasets, confluence_screen_shots):
>       extension_ui.zscale_view_test_cases_by_folder_macro_in_page(confluence_webdriver, confluence_datasets)

selenium_ui/confluence_ui.py:49: 
_ _ _ _ _ _ _ _ _ _ _ _ _ _ _ _ _ _ _ _ _ _ _ _ _ _ _ _ _ _ _ _ _ _ _ _ _ _ _ _ 
extension/confluence/extension_ui.py:119: in zscale_view_test_cases_by_folder_macro_in_page
    measure()
_ _ _ _ _ _ _ _ _ _ _ _ _ _ _ _ _ _ _ _ _ _ _ _ _ _ _ _ _ _ _ _ _ _ _ _ _ _ _ _ 

    @functools.wraps(func)
    def wrapper():
        if LOGIN_ACTION_NAME in interaction:
            globals.login_failed = False
        if globals.login_failed:
            pytest.skip(f"login is failed")
        start = time.time()
        error_msg = 'Success'
        full_exception = ''
        try:
            func()
            success = True
        except Exception:
            success = False
            # https://docs.python.org/2/library/sys.html#sys.exc_info
            exc_type, full_exception = sys.exc_info()[:2]
            error_msg = f"Failed measure: {interaction} - {exc_type.__name__}"
        end = time.time()
        timing = str(int((end - start) * 1000))
    
        lockfile = f'{selenium_results_file}.lock'
    
        with filelock.SoftFileLock(lockfile):
            with open(selenium_results_file, "a+") as jtl_file:
                timestamp = round(time.time() * 1000)
                jtl_file.write(f"{timestamp},{timing},{interaction},,{error_msg},,{success},0,0,0,0,,0\n")
    
        print(f"{timestamp},{timing},{interaction},{error_msg},{success}")
    
        if not success:
            if LOGIN_ACTION_NAME in interaction:
                globals.login_failed = True
>           raise Exception(error_msg, full_exception)
E           Exception: ('Failed measure: view_test_cases_by_folder_action - TimeoutException', TimeoutException("Error in wait_until: Timed out after 20 sec waiting for <selenium.webdriver.support.expected_conditions.visibility_of_element_located object at 0x7f40b7f3edc0>. \nLocator: ('tag name', 'macro-view')", None, None))

selenium_ui/conftest.py:155: Exception
05-25-2022, 10:16:57, 1653473817570, Action: test_1_selenium_zscale_view_test_cases_by_status_macro_in_page, Error: confluence_webdriver = <selenium.webdriver.chrome.webdriver.WebDriver (session="eba48be2e4f9ba2c4aae7c280f5907f5")>
confluence_datasets = {'blog_id': '3553140', 'blogs': [['25717138', 'OMM'], ['25715212', 'BTVF'], ['25717200', 'FLVT'], ['25715242', 'JSDTC'...716062', 'CCMB'], ['25715953', 'GHT'], ...], 'custom_page_id': '40140995', 'custom_pages': [['40140995', 'TEST']], ...}
confluence_screen_shots = None

    def test_1_selenium_zscale_view_test_cases_by_status_macro_in_page(confluence_webdriver, confluence_datasets, confluence_screen_shots):
>       extension_ui.zscale_view_test_cases_by_status_macro_in_page(confluence_webdriver, confluence_datasets)

selenium_ui/confluence_ui.py:43: 
_ _ _ _ _ _ _ _ _ _ _ _ _ _ _ _ _ _ _ _ _ _ _ _ _ _ _ _ _ _ _ _ _ _ _ _ _ _ _ _ 
extension/confluence/extension_ui.py:69: in zscale_view_test_cases_by_status_macro_in_page
    measure()
_ _ _ _ _ _ _ _ _ _ _ _ _ _ _ _ _ _ _ _ _ _ _ _ _ _ _ _ _ _ _ _ _ _ _ _ _ _ _ _ 

    @functools.wraps(func)
    def wrapper():
        if LOGIN_ACTION_NAME in interaction:
            globals.login_failed = False
        if globals.login_failed:
            pytest.skip(f"login is failed")
        start = time.time()
        error_msg = 'Success'
        full_exception = ''
        try:
            func()
            success = True
        except Exception:
            success = False
            # https://docs.python.org/2/library/sys.html#sys.exc_info
            exc_type, full_exception = sys.exc_info()[:2]
            error_msg = f"Failed measure: {interaction} - {exc_type.__name__}"
        end = time.time()
        timing = str(int((end - start) * 1000))
    
        lockfile = f'{selenium_results_file}.lock'
    
        with filelock.SoftFileLock(lockfile):
            with open(selenium_results_file, "a+") as jtl_file:
                timestamp = round(time.time() * 1000)
                jtl_file.write(f"{timestamp},{timing},{interaction},,{error_msg},,{success},0,0,0,0,,0\n")
    
        print(f"{timestamp},{timing},{interaction},{error_msg},{success}")
    
        if not success:
            if LOGIN_ACTION_NAME in interaction:
                globals.login_failed = True
>           raise Exception(error_msg, full_exception)
E           Exception: ('Failed measure: view_test_cases_by_status_action - TimeoutException', TimeoutException("Error in wait_until: Timed out after 20 sec waiting for <selenium.webdriver.support.expected_conditions.visibility_of_element_located object at 0x7f40b7ea33a0>. \nLocator: ('tag name', 'macro-view')", None, None))

selenium_ui/conftest.py:155: Exception
05-25-2022, 10:17:18, 1653473838938, Action: test_1_selenium_zscale_view_test_cases_by_project_macro_in_page, Error: confluence_webdriver = <selenium.webdriver.chrome.webdriver.WebDriver (session="eba48be2e4f9ba2c4aae7c280f5907f5")>
confluence_datasets = {'blog_id': '3553140', 'blogs': [['25717138', 'OMM'], ['25715212', 'BTVF'], ['25717200', 'FLVT'], ['25715242', 'JSDTC'...716062', 'CCMB'], ['25715953', 'GHT'], ...], 'custom_page_id': '40140995', 'custom_pages': [['40140995', 'TEST']], ...}
confluence_screen_shots = None

    def test_1_selenium_zscale_view_test_cases_by_project_macro_in_page(confluence_webdriver, confluence_datasets, confluence_screen_shots):
>       extension_ui.zscale_view_test_cases_by_project_macro_in_page(confluence_webdriver, confluence_datasets)

selenium_ui/confluence_ui.py:46: 
_ _ _ _ _ _ _ _ _ _ _ _ _ _ _ _ _ _ _ _ _ _ _ _ _ _ _ _ _ _ _ _ _ _ _ _ _ _ _ _ 
extension/confluence/extension_ui.py:94: in zscale_view_test_cases_by_project_macro_in_page
    measure()
_ _ _ _ _ _ _ _ _ _ _ _ _ _ _ _ _ _ _ _ _ _ _ _ _ _ _ _ _ _ _ _ _ _ _ _ _ _ _ _ 

    @functools.wraps(func)
    def wrapper():
        if LOGIN_ACTION_NAME in interaction:
            globals.login_failed = False
        if globals.login_failed:
            pytest.skip(f"login is failed")
        start = time.time()
        error_msg = 'Success'
        full_exception = ''
        try:
            func()
            success = True
        except Exception:
            success = False
            # https://docs.python.org/2/library/sys.html#sys.exc_info
            exc_type, full_exception = sys.exc_info()[:2]
            error_msg = f"Failed measure: {interaction} - {exc_type.__name__}"
        end = time.time()
        timing = str(int((end - start) * 1000))
    
        lockfile = f'{selenium_results_file}.lock'
    
        with filelock.SoftFileLock(lockfile):
            with open(selenium_results_file, "a+") as jtl_file:
                timestamp = round(time.time() * 1000)
                jtl_file.write(f"{timestamp},{timing},{interaction},,{error_msg},,{success},0,0,0,0,,0\n")
    
        print(f"{timestamp},{timing},{interaction},{error_msg},{success}")
    
        if not success:
            if LOGIN_ACTION_NAME in interaction:
                globals.login_failed = True
>           raise Exception(error_msg, full_exception)
E           Exception: ('Failed measure: view_test_cases_by_project_action - TimeoutException', TimeoutException("Error in wait_until: Timed out after 20 sec waiting for <selenium.webdriver.support.expected_conditions.visibility_of_element_located object at 0x7f40b7efdd90>. \nLocator: ('tag name', 'macro-view')", None, None))

selenium_ui/conftest.py:155: Exception
05-25-2022, 10:17:40, 1653473860345, Action: test_1_selenium_zscale_view_test_cases_by_folder_macro_in_page, Error: confluence_webdriver = <selenium.webdriver.chrome.webdriver.WebDriver (session="eba48be2e4f9ba2c4aae7c280f5907f5")>
confluence_datasets = {'blog_id': '3553140', 'blogs': [['25717138', 'OMM'], ['25715212', 'BTVF'], ['25717200', 'FLVT'], ['25715242', 'JSDTC'...716062', 'CCMB'], ['25715953', 'GHT'], ...], 'custom_page_id': '40140995', 'custom_pages': [['40140995', 'TEST']], ...}
confluence_screen_shots = None

    def test_1_selenium_zscale_view_test_cases_by_folder_macro_in_page(confluence_webdriver, confluence_datasets, confluence_screen_shots):
>       extension_ui.zscale_view_test_cases_by_folder_macro_in_page(confluence_webdriver, confluence_datasets)

selenium_ui/confluence_ui.py:49: 
_ _ _ _ _ _ _ _ _ _ _ _ _ _ _ _ _ _ _ _ _ _ _ _ _ _ _ _ _ _ _ _ _ _ _ _ _ _ _ _ 
extension/confluence/extension_ui.py:119: in zscale_view_test_cases_by_folder_macro_in_page
    measure()
_ _ _ _ _ _ _ _ _ _ _ _ _ _ _ _ _ _ _ _ _ _ _ _ _ _ _ _ _ _ _ _ _ _ _ _ _ _ _ _ 

    @functools.wraps(func)
    def wrapper():
        if LOGIN_ACTION_NAME in interaction:
            globals.login_failed = False
        if globals.login_failed:
            pytest.skip(f"login is failed")
        start = time.time()
        error_msg = 'Success'
        full_exception = ''
        try:
            func()
            success = True
        except Exception:
            success = False
            # https://docs.python.org/2/library/sys.html#sys.exc_info
            exc_type, full_exception = sys.exc_info()[:2]
            error_msg = f"Failed measure: {interaction} - {exc_type.__name__}"
        end = time.time()
        timing = str(int((end - start) * 1000))
    
        lockfile = f'{selenium_results_file}.lock'
    
        with filelock.SoftFileLock(lockfile):
            with open(selenium_results_file, "a+") as jtl_file:
                timestamp = round(time.time() * 1000)
                jtl_file.write(f"{timestamp},{timing},{interaction},,{error_msg},,{success},0,0,0,0,,0\n")
    
        print(f"{timestamp},{timing},{interaction},{error_msg},{success}")
    
        if not success:
            if LOGIN_ACTION_NAME in interaction:
                globals.login_failed = True
>           raise Exception(error_msg, full_exception)
E           Exception: ('Failed measure: view_test_cases_by_folder_action - TimeoutException', TimeoutException("Error in wait_until: Timed out after 20 sec waiting for <selenium.webdriver.support.expected_conditions.visibility_of_element_located object at 0x7f40b7ed8d30>. \nLocator: ('tag name', 'macro-view')", None, None))

selenium_ui/conftest.py:155: Exception
05-25-2022, 10:18:08, 1653473888400, Action: test_1_selenium_zscale_view_test_cases_by_status_macro_in_page, Error: confluence_webdriver = <selenium.webdriver.chrome.webdriver.WebDriver (session="eba48be2e4f9ba2c4aae7c280f5907f5")>
confluence_datasets = {'blog_id': '8264543', 'blogs': [['25717138', 'OMM'], ['25715212', 'BTVF'], ['25717200', 'FLVT'], ['25715242', 'JSDTC'...716062', 'CCMB'], ['25715953', 'GHT'], ...], 'custom_page_id': '40140995', 'custom_pages': [['40140995', 'TEST']], ...}
confluence_screen_shots = None

    def test_1_selenium_zscale_view_test_cases_by_status_macro_in_page(confluence_webdriver, confluence_datasets, confluence_screen_shots):
>       extension_ui.zscale_view_test_cases_by_status_macro_in_page(confluence_webdriver, confluence_datasets)

selenium_ui/confluence_ui.py:43: 
_ _ _ _ _ _ _ _ _ _ _ _ _ _ _ _ _ _ _ _ _ _ _ _ _ _ _ _ _ _ _ _ _ _ _ _ _ _ _ _ 
extension/confluence/extension_ui.py:69: in zscale_view_test_cases_by_status_macro_in_page
    measure()
_ _ _ _ _ _ _ _ _ _ _ _ _ _ _ _ _ _ _ _ _ _ _ _ _ _ _ _ _ _ _ _ _ _ _ _ _ _ _ _ 

    @functools.wraps(func)
    def wrapper():
        if LOGIN_ACTION_NAME in interaction:
            globals.login_failed = False
        if globals.login_failed:
            pytest.skip(f"login is failed")
        start = time.time()
        error_msg = 'Success'
        full_exception = ''
        try:
            func()
            success = True
        except Exception:
            success = False
            # https://docs.python.org/2/library/sys.html#sys.exc_info
            exc_type, full_exception = sys.exc_info()[:2]
            error_msg = f"Failed measure: {interaction} - {exc_type.__name__}"
        end = time.time()
        timing = str(int((end - start) * 1000))
    
        lockfile = f'{selenium_results_file}.lock'
    
        with filelock.SoftFileLock(lockfile):
            with open(selenium_results_file, "a+") as jtl_file:
                timestamp = round(time.time() * 1000)
                jtl_file.write(f"{timestamp},{timing},{interaction},,{error_msg},,{success},0,0,0,0,,0\n")
    
        print(f"{timestamp},{timing},{interaction},{error_msg},{success}")
    
        if not success:
            if LOGIN_ACTION_NAME in interaction:
                globals.login_failed = True
>           raise Exception(error_msg, full_exception)
E           Exception: ('Failed measure: view_test_cases_by_status_action - TimeoutException', TimeoutException("Error in wait_until: Timed out after 20 sec waiting for <selenium.webdriver.support.expected_conditions.visibility_of_element_located object at 0x7f40b7fd86a0>. \nLocator: ('tag name', 'macro-view')", None, None))

selenium_ui/conftest.py:155: Exception
05-25-2022, 10:18:29, 1653473909800, Action: test_1_selenium_zscale_view_test_cases_by_project_macro_in_page, Error: confluence_webdriver = <selenium.webdriver.chrome.webdriver.WebDriver (session="eba48be2e4f9ba2c4aae7c280f5907f5")>
confluence_datasets = {'blog_id': '8264543', 'blogs': [['25717138', 'OMM'], ['25715212', 'BTVF'], ['25717200', 'FLVT'], ['25715242', 'JSDTC'...716062', 'CCMB'], ['25715953', 'GHT'], ...], 'custom_page_id': '40140995', 'custom_pages': [['40140995', 'TEST']], ...}
confluence_screen_shots = None

    def test_1_selenium_zscale_view_test_cases_by_project_macro_in_page(confluence_webdriver, confluence_datasets, confluence_screen_shots):
>       extension_ui.zscale_view_test_cases_by_project_macro_in_page(confluence_webdriver, confluence_datasets)

selenium_ui/confluence_ui.py:46: 
_ _ _ _ _ _ _ _ _ _ _ _ _ _ _ _ _ _ _ _ _ _ _ _ _ _ _ _ _ _ _ _ _ _ _ _ _ _ _ _ 
extension/confluence/extension_ui.py:94: in zscale_view_test_cases_by_project_macro_in_page
    measure()
_ _ _ _ _ _ _ _ _ _ _ _ _ _ _ _ _ _ _ _ _ _ _ _ _ _ _ _ _ _ _ _ _ _ _ _ _ _ _ _ 

    @functools.wraps(func)
    def wrapper():
        if LOGIN_ACTION_NAME in interaction:
            globals.login_failed = False
        if globals.login_failed:
            pytest.skip(f"login is failed")
        start = time.time()
        error_msg = 'Success'
        full_exception = ''
        try:
            func()
            success = True
        except Exception:
            success = False
            # https://docs.python.org/2/library/sys.html#sys.exc_info
            exc_type, full_exception = sys.exc_info()[:2]
            error_msg = f"Failed measure: {interaction} - {exc_type.__name__}"
        end = time.time()
        timing = str(int((end - start) * 1000))
    
        lockfile = f'{selenium_results_file}.lock'
    
        with filelock.SoftFileLock(lockfile):
            with open(selenium_results_file, "a+") as jtl_file:
                timestamp = round(time.time() * 1000)
                jtl_file.write(f"{timestamp},{timing},{interaction},,{error_msg},,{success},0,0,0,0,,0\n")
    
        print(f"{timestamp},{timing},{interaction},{error_msg},{success}")
    
        if not success:
            if LOGIN_ACTION_NAME in interaction:
                globals.login_failed = True
>           raise Exception(error_msg, full_exception)
E           Exception: ('Failed measure: view_test_cases_by_project_action - TimeoutException', TimeoutException("Error in wait_until: Timed out after 20 sec waiting for <selenium.webdriver.support.expected_conditions.visibility_of_element_located object at 0x7f40b7e9e280>. \nLocator: ('tag name', 'macro-view')", None, None))

selenium_ui/conftest.py:155: Exception
05-25-2022, 10:18:51, 1653473931205, Action: test_1_selenium_zscale_view_test_cases_by_folder_macro_in_page, Error: confluence_webdriver = <selenium.webdriver.chrome.webdriver.WebDriver (session="eba48be2e4f9ba2c4aae7c280f5907f5")>
confluence_datasets = {'blog_id': '8264543', 'blogs': [['25717138', 'OMM'], ['25715212', 'BTVF'], ['25717200', 'FLVT'], ['25715242', 'JSDTC'...716062', 'CCMB'], ['25715953', 'GHT'], ...], 'custom_page_id': '40140995', 'custom_pages': [['40140995', 'TEST']], ...}
confluence_screen_shots = None

    def test_1_selenium_zscale_view_test_cases_by_folder_macro_in_page(confluence_webdriver, confluence_datasets, confluence_screen_shots):
>       extension_ui.zscale_view_test_cases_by_folder_macro_in_page(confluence_webdriver, confluence_datasets)

selenium_ui/confluence_ui.py:49: 
_ _ _ _ _ _ _ _ _ _ _ _ _ _ _ _ _ _ _ _ _ _ _ _ _ _ _ _ _ _ _ _ _ _ _ _ _ _ _ _ 
extension/confluence/extension_ui.py:119: in zscale_view_test_cases_by_folder_macro_in_page
    measure()
_ _ _ _ _ _ _ _ _ _ _ _ _ _ _ _ _ _ _ _ _ _ _ _ _ _ _ _ _ _ _ _ _ _ _ _ _ _ _ _ 

    @functools.wraps(func)
    def wrapper():
        if LOGIN_ACTION_NAME in interaction:
            globals.login_failed = False
        if globals.login_failed:
            pytest.skip(f"login is failed")
        start = time.time()
        error_msg = 'Success'
        full_exception = ''
        try:
            func()
            success = True
        except Exception:
            success = False
            # https://docs.python.org/2/library/sys.html#sys.exc_info
            exc_type, full_exception = sys.exc_info()[:2]
            error_msg = f"Failed measure: {interaction} - {exc_type.__name__}"
        end = time.time()
        timing = str(int((end - start) * 1000))
    
        lockfile = f'{selenium_results_file}.lock'
    
        with filelock.SoftFileLock(lockfile):
            with open(selenium_results_file, "a+") as jtl_file:
                timestamp = round(time.time() * 1000)
                jtl_file.write(f"{timestamp},{timing},{interaction},,{error_msg},,{success},0,0,0,0,,0\n")
    
        print(f"{timestamp},{timing},{interaction},{error_msg},{success}")
    
        if not success:
            if LOGIN_ACTION_NAME in interaction:
                globals.login_failed = True
>           raise Exception(error_msg, full_exception)
E           Exception: ('Failed measure: view_test_cases_by_folder_action - TimeoutException', TimeoutException("Error in wait_until: Timed out after 20 sec waiting for <selenium.webdriver.support.expected_conditions.visibility_of_element_located object at 0x7f40b7ec10a0>. \nLocator: ('tag name', 'macro-view')", None, None))

selenium_ui/conftest.py:155: Exception
05-25-2022, 10:19:20, 1653473960223, Action: test_1_selenium_zscale_view_test_cases_by_status_macro_in_page, Error: confluence_webdriver = <selenium.webdriver.chrome.webdriver.WebDriver (session="eba48be2e4f9ba2c4aae7c280f5907f5")>
confluence_datasets = {'blog_id': '3567086', 'blogs': [['25717138', 'OMM'], ['25715212', 'BTVF'], ['25717200', 'FLVT'], ['25715242', 'JSDTC'...716062', 'CCMB'], ['25715953', 'GHT'], ...], 'custom_page_id': '40140995', 'custom_pages': [['40140995', 'TEST']], ...}
confluence_screen_shots = None

    def test_1_selenium_zscale_view_test_cases_by_status_macro_in_page(confluence_webdriver, confluence_datasets, confluence_screen_shots):
>       extension_ui.zscale_view_test_cases_by_status_macro_in_page(confluence_webdriver, confluence_datasets)

selenium_ui/confluence_ui.py:43: 
_ _ _ _ _ _ _ _ _ _ _ _ _ _ _ _ _ _ _ _ _ _ _ _ _ _ _ _ _ _ _ _ _ _ _ _ _ _ _ _ 
extension/confluence/extension_ui.py:69: in zscale_view_test_cases_by_status_macro_in_page
    measure()
_ _ _ _ _ _ _ _ _ _ _ _ _ _ _ _ _ _ _ _ _ _ _ _ _ _ _ _ _ _ _ _ _ _ _ _ _ _ _ _ 

    @functools.wraps(func)
    def wrapper():
        if LOGIN_ACTION_NAME in interaction:
            globals.login_failed = False
        if globals.login_failed:
            pytest.skip(f"login is failed")
        start = time.time()
        error_msg = 'Success'
        full_exception = ''
        try:
            func()
            success = True
        except Exception:
            success = False
            # https://docs.python.org/2/library/sys.html#sys.exc_info
            exc_type, full_exception = sys.exc_info()[:2]
            error_msg = f"Failed measure: {interaction} - {exc_type.__name__}"
        end = time.time()
        timing = str(int((end - start) * 1000))
    
        lockfile = f'{selenium_results_file}.lock'
    
        with filelock.SoftFileLock(lockfile):
            with open(selenium_results_file, "a+") as jtl_file:
                timestamp = round(time.time() * 1000)
                jtl_file.write(f"{timestamp},{timing},{interaction},,{error_msg},,{success},0,0,0,0,,0\n")
    
        print(f"{timestamp},{timing},{interaction},{error_msg},{success}")
    
        if not success:
            if LOGIN_ACTION_NAME in interaction:
                globals.login_failed = True
>           raise Exception(error_msg, full_exception)
E           Exception: ('Failed measure: view_test_cases_by_status_action - TimeoutException', TimeoutException("Error in wait_until: Timed out after 20 sec waiting for <selenium.webdriver.support.expected_conditions.visibility_of_element_located object at 0x7f40b7e98460>. \nLocator: ('tag name', 'macro-view')", None, None))

selenium_ui/conftest.py:155: Exception
05-25-2022, 10:19:41, 1653473981609, Action: test_1_selenium_zscale_view_test_cases_by_project_macro_in_page, Error: confluence_webdriver = <selenium.webdriver.chrome.webdriver.WebDriver (session="eba48be2e4f9ba2c4aae7c280f5907f5")>
confluence_datasets = {'blog_id': '3567086', 'blogs': [['25717138', 'OMM'], ['25715212', 'BTVF'], ['25717200', 'FLVT'], ['25715242', 'JSDTC'...716062', 'CCMB'], ['25715953', 'GHT'], ...], 'custom_page_id': '40140995', 'custom_pages': [['40140995', 'TEST']], ...}
confluence_screen_shots = None

    def test_1_selenium_zscale_view_test_cases_by_project_macro_in_page(confluence_webdriver, confluence_datasets, confluence_screen_shots):
>       extension_ui.zscale_view_test_cases_by_project_macro_in_page(confluence_webdriver, confluence_datasets)

selenium_ui/confluence_ui.py:46: 
_ _ _ _ _ _ _ _ _ _ _ _ _ _ _ _ _ _ _ _ _ _ _ _ _ _ _ _ _ _ _ _ _ _ _ _ _ _ _ _ 
extension/confluence/extension_ui.py:94: in zscale_view_test_cases_by_project_macro_in_page
    measure()
_ _ _ _ _ _ _ _ _ _ _ _ _ _ _ _ _ _ _ _ _ _ _ _ _ _ _ _ _ _ _ _ _ _ _ _ _ _ _ _ 

    @functools.wraps(func)
    def wrapper():
        if LOGIN_ACTION_NAME in interaction:
            globals.login_failed = False
        if globals.login_failed:
            pytest.skip(f"login is failed")
        start = time.time()
        error_msg = 'Success'
        full_exception = ''
        try:
            func()
            success = True
        except Exception:
            success = False
            # https://docs.python.org/2/library/sys.html#sys.exc_info
            exc_type, full_exception = sys.exc_info()[:2]
            error_msg = f"Failed measure: {interaction} - {exc_type.__name__}"
        end = time.time()
        timing = str(int((end - start) * 1000))
    
        lockfile = f'{selenium_results_file}.lock'
    
        with filelock.SoftFileLock(lockfile):
            with open(selenium_results_file, "a+") as jtl_file:
                timestamp = round(time.time() * 1000)
                jtl_file.write(f"{timestamp},{timing},{interaction},,{error_msg},,{success},0,0,0,0,,0\n")
    
        print(f"{timestamp},{timing},{interaction},{error_msg},{success}")
    
        if not success:
            if LOGIN_ACTION_NAME in interaction:
                globals.login_failed = True
>           raise Exception(error_msg, full_exception)
E           Exception: ('Failed measure: view_test_cases_by_project_action - TimeoutException', TimeoutException("Error in wait_until: Timed out after 20 sec waiting for <selenium.webdriver.support.expected_conditions.visibility_of_element_located object at 0x7f40b7e3fb50>. \nLocator: ('tag name', 'macro-view')", None, None))

selenium_ui/conftest.py:155: Exception
05-25-2022, 10:20:03, 1653474003026, Action: test_1_selenium_zscale_view_test_cases_by_folder_macro_in_page, Error: confluence_webdriver = <selenium.webdriver.chrome.webdriver.WebDriver (session="eba48be2e4f9ba2c4aae7c280f5907f5")>
confluence_datasets = {'blog_id': '3567086', 'blogs': [['25717138', 'OMM'], ['25715212', 'BTVF'], ['25717200', 'FLVT'], ['25715242', 'JSDTC'...716062', 'CCMB'], ['25715953', 'GHT'], ...], 'custom_page_id': '40140995', 'custom_pages': [['40140995', 'TEST']], ...}
confluence_screen_shots = None

    def test_1_selenium_zscale_view_test_cases_by_folder_macro_in_page(confluence_webdriver, confluence_datasets, confluence_screen_shots):
>       extension_ui.zscale_view_test_cases_by_folder_macro_in_page(confluence_webdriver, confluence_datasets)

selenium_ui/confluence_ui.py:49: 
_ _ _ _ _ _ _ _ _ _ _ _ _ _ _ _ _ _ _ _ _ _ _ _ _ _ _ _ _ _ _ _ _ _ _ _ _ _ _ _ 
extension/confluence/extension_ui.py:119: in zscale_view_test_cases_by_folder_macro_in_page
    measure()
_ _ _ _ _ _ _ _ _ _ _ _ _ _ _ _ _ _ _ _ _ _ _ _ _ _ _ _ _ _ _ _ _ _ _ _ _ _ _ _ 

    @functools.wraps(func)
    def wrapper():
        if LOGIN_ACTION_NAME in interaction:
            globals.login_failed = False
        if globals.login_failed:
            pytest.skip(f"login is failed")
        start = time.time()
        error_msg = 'Success'
        full_exception = ''
        try:
            func()
            success = True
        except Exception:
            success = False
            # https://docs.python.org/2/library/sys.html#sys.exc_info
            exc_type, full_exception = sys.exc_info()[:2]
            error_msg = f"Failed measure: {interaction} - {exc_type.__name__}"
        end = time.time()
        timing = str(int((end - start) * 1000))
    
        lockfile = f'{selenium_results_file}.lock'
    
        with filelock.SoftFileLock(lockfile):
            with open(selenium_results_file, "a+") as jtl_file:
                timestamp = round(time.time() * 1000)
                jtl_file.write(f"{timestamp},{timing},{interaction},,{error_msg},,{success},0,0,0,0,,0\n")
    
        print(f"{timestamp},{timing},{interaction},{error_msg},{success}")
    
        if not success:
            if LOGIN_ACTION_NAME in interaction:
                globals.login_failed = True
>           raise Exception(error_msg, full_exception)
E           Exception: ('Failed measure: view_test_cases_by_folder_action - TimeoutException', TimeoutException("Error in wait_until: Timed out after 20 sec waiting for <selenium.webdriver.support.expected_conditions.visibility_of_element_located object at 0x7f40b7e98df0>. \nLocator: ('tag name', 'macro-view')", None, None))

selenium_ui/conftest.py:155: Exception
05-25-2022, 10:20:31, 1653474031189, Action: test_1_selenium_zscale_view_test_cases_by_status_macro_in_page, Error: confluence_webdriver = <selenium.webdriver.chrome.webdriver.WebDriver (session="eba48be2e4f9ba2c4aae7c280f5907f5")>
confluence_datasets = {'blog_id': '8258135', 'blogs': [['25717138', 'OMM'], ['25715212', 'BTVF'], ['25717200', 'FLVT'], ['25715242', 'JSDTC'...716062', 'CCMB'], ['25715953', 'GHT'], ...], 'custom_page_id': '40140995', 'custom_pages': [['40140995', 'TEST']], ...}
confluence_screen_shots = None

    def test_1_selenium_zscale_view_test_cases_by_status_macro_in_page(confluence_webdriver, confluence_datasets, confluence_screen_shots):
>       extension_ui.zscale_view_test_cases_by_status_macro_in_page(confluence_webdriver, confluence_datasets)

selenium_ui/confluence_ui.py:43: 
_ _ _ _ _ _ _ _ _ _ _ _ _ _ _ _ _ _ _ _ _ _ _ _ _ _ _ _ _ _ _ _ _ _ _ _ _ _ _ _ 
extension/confluence/extension_ui.py:69: in zscale_view_test_cases_by_status_macro_in_page
    measure()
_ _ _ _ _ _ _ _ _ _ _ _ _ _ _ _ _ _ _ _ _ _ _ _ _ _ _ _ _ _ _ _ _ _ _ _ _ _ _ _ 

    @functools.wraps(func)
    def wrapper():
        if LOGIN_ACTION_NAME in interaction:
            globals.login_failed = False
        if globals.login_failed:
            pytest.skip(f"login is failed")
        start = time.time()
        error_msg = 'Success'
        full_exception = ''
        try:
            func()
            success = True
        except Exception:
            success = False
            # https://docs.python.org/2/library/sys.html#sys.exc_info
            exc_type, full_exception = sys.exc_info()[:2]
            error_msg = f"Failed measure: {interaction} - {exc_type.__name__}"
        end = time.time()
        timing = str(int((end - start) * 1000))
    
        lockfile = f'{selenium_results_file}.lock'
    
        with filelock.SoftFileLock(lockfile):
            with open(selenium_results_file, "a+") as jtl_file:
                timestamp = round(time.time() * 1000)
                jtl_file.write(f"{timestamp},{timing},{interaction},,{error_msg},,{success},0,0,0,0,,0\n")
    
        print(f"{timestamp},{timing},{interaction},{error_msg},{success}")
    
        if not success:
            if LOGIN_ACTION_NAME in interaction:
                globals.login_failed = True
>           raise Exception(error_msg, full_exception)
E           Exception: ('Failed measure: view_test_cases_by_status_action - TimeoutException', TimeoutException("Error in wait_until: Timed out after 20 sec waiting for <selenium.webdriver.support.expected_conditions.visibility_of_element_located object at 0x7f40b7db3550>. \nLocator: ('tag name', 'macro-view')", None, None))

selenium_ui/conftest.py:155: Exception
05-25-2022, 10:20:52, 1653474052558, Action: test_1_selenium_zscale_view_test_cases_by_project_macro_in_page, Error: confluence_webdriver = <selenium.webdriver.chrome.webdriver.WebDriver (session="eba48be2e4f9ba2c4aae7c280f5907f5")>
confluence_datasets = {'blog_id': '8258135', 'blogs': [['25717138', 'OMM'], ['25715212', 'BTVF'], ['25717200', 'FLVT'], ['25715242', 'JSDTC'...716062', 'CCMB'], ['25715953', 'GHT'], ...], 'custom_page_id': '40140995', 'custom_pages': [['40140995', 'TEST']], ...}
confluence_screen_shots = None

    def test_1_selenium_zscale_view_test_cases_by_project_macro_in_page(confluence_webdriver, confluence_datasets, confluence_screen_shots):
>       extension_ui.zscale_view_test_cases_by_project_macro_in_page(confluence_webdriver, confluence_datasets)

selenium_ui/confluence_ui.py:46: 
_ _ _ _ _ _ _ _ _ _ _ _ _ _ _ _ _ _ _ _ _ _ _ _ _ _ _ _ _ _ _ _ _ _ _ _ _ _ _ _ 
extension/confluence/extension_ui.py:94: in zscale_view_test_cases_by_project_macro_in_page
    measure()
_ _ _ _ _ _ _ _ _ _ _ _ _ _ _ _ _ _ _ _ _ _ _ _ _ _ _ _ _ _ _ _ _ _ _ _ _ _ _ _ 

    @functools.wraps(func)
    def wrapper():
        if LOGIN_ACTION_NAME in interaction:
            globals.login_failed = False
        if globals.login_failed:
            pytest.skip(f"login is failed")
        start = time.time()
        error_msg = 'Success'
        full_exception = ''
        try:
            func()
            success = True
        except Exception:
            success = False
            # https://docs.python.org/2/library/sys.html#sys.exc_info
            exc_type, full_exception = sys.exc_info()[:2]
            error_msg = f"Failed measure: {interaction} - {exc_type.__name__}"
        end = time.time()
        timing = str(int((end - start) * 1000))
    
        lockfile = f'{selenium_results_file}.lock'
    
        with filelock.SoftFileLock(lockfile):
            with open(selenium_results_file, "a+") as jtl_file:
                timestamp = round(time.time() * 1000)
                jtl_file.write(f"{timestamp},{timing},{interaction},,{error_msg},,{success},0,0,0,0,,0\n")
    
        print(f"{timestamp},{timing},{interaction},{error_msg},{success}")
    
        if not success:
            if LOGIN_ACTION_NAME in interaction:
                globals.login_failed = True
>           raise Exception(error_msg, full_exception)
E           Exception: ('Failed measure: view_test_cases_by_project_action - TimeoutException', TimeoutException("Error in wait_until: Timed out after 20 sec waiting for <selenium.webdriver.support.expected_conditions.visibility_of_element_located object at 0x7f40b7dc2c10>. \nLocator: ('tag name', 'macro-view')", None, None))

selenium_ui/conftest.py:155: Exception
05-25-2022, 10:21:13, 1653474073952, Action: test_1_selenium_zscale_view_test_cases_by_folder_macro_in_page, Error: confluence_webdriver = <selenium.webdriver.chrome.webdriver.WebDriver (session="eba48be2e4f9ba2c4aae7c280f5907f5")>
confluence_datasets = {'blog_id': '8258135', 'blogs': [['25717138', 'OMM'], ['25715212', 'BTVF'], ['25717200', 'FLVT'], ['25715242', 'JSDTC'...716062', 'CCMB'], ['25715953', 'GHT'], ...], 'custom_page_id': '40140995', 'custom_pages': [['40140995', 'TEST']], ...}
confluence_screen_shots = None

    def test_1_selenium_zscale_view_test_cases_by_folder_macro_in_page(confluence_webdriver, confluence_datasets, confluence_screen_shots):
>       extension_ui.zscale_view_test_cases_by_folder_macro_in_page(confluence_webdriver, confluence_datasets)

selenium_ui/confluence_ui.py:49: 
_ _ _ _ _ _ _ _ _ _ _ _ _ _ _ _ _ _ _ _ _ _ _ _ _ _ _ _ _ _ _ _ _ _ _ _ _ _ _ _ 
extension/confluence/extension_ui.py:119: in zscale_view_test_cases_by_folder_macro_in_page
    measure()
_ _ _ _ _ _ _ _ _ _ _ _ _ _ _ _ _ _ _ _ _ _ _ _ _ _ _ _ _ _ _ _ _ _ _ _ _ _ _ _ 

    @functools.wraps(func)
    def wrapper():
        if LOGIN_ACTION_NAME in interaction:
            globals.login_failed = False
        if globals.login_failed:
            pytest.skip(f"login is failed")
        start = time.time()
        error_msg = 'Success'
        full_exception = ''
        try:
            func()
            success = True
        except Exception:
            success = False
            # https://docs.python.org/2/library/sys.html#sys.exc_info
            exc_type, full_exception = sys.exc_info()[:2]
            error_msg = f"Failed measure: {interaction} - {exc_type.__name__}"
        end = time.time()
        timing = str(int((end - start) * 1000))
    
        lockfile = f'{selenium_results_file}.lock'
    
        with filelock.SoftFileLock(lockfile):
            with open(selenium_results_file, "a+") as jtl_file:
                timestamp = round(time.time() * 1000)
                jtl_file.write(f"{timestamp},{timing},{interaction},,{error_msg},,{success},0,0,0,0,,0\n")
    
        print(f"{timestamp},{timing},{interaction},{error_msg},{success}")
    
        if not success:
            if LOGIN_ACTION_NAME in interaction:
                globals.login_failed = True
>           raise Exception(error_msg, full_exception)
E           Exception: ('Failed measure: view_test_cases_by_folder_action - TimeoutException', TimeoutException("Error in wait_until: Timed out after 20 sec waiting for <selenium.webdriver.support.expected_conditions.visibility_of_element_located object at 0x7f40b7dc99a0>. \nLocator: ('tag name', 'macro-view')", None, None))

selenium_ui/conftest.py:155: Exception
05-25-2022, 10:21:41, 1653474101587, Action: test_1_selenium_zscale_view_test_cases_by_status_macro_in_page, Error: confluence_webdriver = <selenium.webdriver.chrome.webdriver.WebDriver (session="eba48be2e4f9ba2c4aae7c280f5907f5")>
confluence_datasets = {'blog_id': '8769283', 'blogs': [['25717138', 'OMM'], ['25715212', 'BTVF'], ['25717200', 'FLVT'], ['25715242', 'JSDTC'...716062', 'CCMB'], ['25715953', 'GHT'], ...], 'custom_page_id': '40140995', 'custom_pages': [['40140995', 'TEST']], ...}
confluence_screen_shots = None

    def test_1_selenium_zscale_view_test_cases_by_status_macro_in_page(confluence_webdriver, confluence_datasets, confluence_screen_shots):
>       extension_ui.zscale_view_test_cases_by_status_macro_in_page(confluence_webdriver, confluence_datasets)

selenium_ui/confluence_ui.py:43: 
_ _ _ _ _ _ _ _ _ _ _ _ _ _ _ _ _ _ _ _ _ _ _ _ _ _ _ _ _ _ _ _ _ _ _ _ _ _ _ _ 
extension/confluence/extension_ui.py:69: in zscale_view_test_cases_by_status_macro_in_page
    measure()
_ _ _ _ _ _ _ _ _ _ _ _ _ _ _ _ _ _ _ _ _ _ _ _ _ _ _ _ _ _ _ _ _ _ _ _ _ _ _ _ 

    @functools.wraps(func)
    def wrapper():
        if LOGIN_ACTION_NAME in interaction:
            globals.login_failed = False
        if globals.login_failed:
            pytest.skip(f"login is failed")
        start = time.time()
        error_msg = 'Success'
        full_exception = ''
        try:
            func()
            success = True
        except Exception:
            success = False
            # https://docs.python.org/2/library/sys.html#sys.exc_info
            exc_type, full_exception = sys.exc_info()[:2]
            error_msg = f"Failed measure: {interaction} - {exc_type.__name__}"
        end = time.time()
        timing = str(int((end - start) * 1000))
    
        lockfile = f'{selenium_results_file}.lock'
    
        with filelock.SoftFileLock(lockfile):
            with open(selenium_results_file, "a+") as jtl_file:
                timestamp = round(time.time() * 1000)
                jtl_file.write(f"{timestamp},{timing},{interaction},,{error_msg},,{success},0,0,0,0,,0\n")
    
        print(f"{timestamp},{timing},{interaction},{error_msg},{success}")
    
        if not success:
            if LOGIN_ACTION_NAME in interaction:
                globals.login_failed = True
>           raise Exception(error_msg, full_exception)
E           Exception: ('Failed measure: view_test_cases_by_status_action - TimeoutException', TimeoutException("Error in wait_until: Timed out after 20 sec waiting for <selenium.webdriver.support.expected_conditions.visibility_of_element_located object at 0x7f40b7d65a90>. \nLocator: ('tag name', 'macro-view')", None, None))

selenium_ui/conftest.py:155: Exception
05-25-2022, 10:22:02, 1653474122948, Action: test_1_selenium_zscale_view_test_cases_by_project_macro_in_page, Error: confluence_webdriver = <selenium.webdriver.chrome.webdriver.WebDriver (session="eba48be2e4f9ba2c4aae7c280f5907f5")>
confluence_datasets = {'blog_id': '8769283', 'blogs': [['25717138', 'OMM'], ['25715212', 'BTVF'], ['25717200', 'FLVT'], ['25715242', 'JSDTC'...716062', 'CCMB'], ['25715953', 'GHT'], ...], 'custom_page_id': '40140995', 'custom_pages': [['40140995', 'TEST']], ...}
confluence_screen_shots = None

    def test_1_selenium_zscale_view_test_cases_by_project_macro_in_page(confluence_webdriver, confluence_datasets, confluence_screen_shots):
>       extension_ui.zscale_view_test_cases_by_project_macro_in_page(confluence_webdriver, confluence_datasets)

selenium_ui/confluence_ui.py:46: 
_ _ _ _ _ _ _ _ _ _ _ _ _ _ _ _ _ _ _ _ _ _ _ _ _ _ _ _ _ _ _ _ _ _ _ _ _ _ _ _ 
extension/confluence/extension_ui.py:94: in zscale_view_test_cases_by_project_macro_in_page
    measure()
_ _ _ _ _ _ _ _ _ _ _ _ _ _ _ _ _ _ _ _ _ _ _ _ _ _ _ _ _ _ _ _ _ _ _ _ _ _ _ _ 

    @functools.wraps(func)
    def wrapper():
        if LOGIN_ACTION_NAME in interaction:
            globals.login_failed = False
        if globals.login_failed:
            pytest.skip(f"login is failed")
        start = time.time()
        error_msg = 'Success'
        full_exception = ''
        try:
            func()
            success = True
        except Exception:
            success = False
            # https://docs.python.org/2/library/sys.html#sys.exc_info
            exc_type, full_exception = sys.exc_info()[:2]
            error_msg = f"Failed measure: {interaction} - {exc_type.__name__}"
        end = time.time()
        timing = str(int((end - start) * 1000))
    
        lockfile = f'{selenium_results_file}.lock'
    
        with filelock.SoftFileLock(lockfile):
            with open(selenium_results_file, "a+") as jtl_file:
                timestamp = round(time.time() * 1000)
                jtl_file.write(f"{timestamp},{timing},{interaction},,{error_msg},,{success},0,0,0,0,,0\n")
    
        print(f"{timestamp},{timing},{interaction},{error_msg},{success}")
    
        if not success:
            if LOGIN_ACTION_NAME in interaction:
                globals.login_failed = True
>           raise Exception(error_msg, full_exception)
E           Exception: ('Failed measure: view_test_cases_by_project_action - TimeoutException', TimeoutException("Error in wait_until: Timed out after 20 sec waiting for <selenium.webdriver.support.expected_conditions.visibility_of_element_located object at 0x7f40b7d5e7f0>. \nLocator: ('tag name', 'macro-view')", None, None))

selenium_ui/conftest.py:155: Exception
05-25-2022, 10:22:24, 1653474144401, Action: test_1_selenium_zscale_view_test_cases_by_folder_macro_in_page, Error: confluence_webdriver = <selenium.webdriver.chrome.webdriver.WebDriver (session="eba48be2e4f9ba2c4aae7c280f5907f5")>
confluence_datasets = {'blog_id': '8769283', 'blogs': [['25717138', 'OMM'], ['25715212', 'BTVF'], ['25717200', 'FLVT'], ['25715242', 'JSDTC'...716062', 'CCMB'], ['25715953', 'GHT'], ...], 'custom_page_id': '40140995', 'custom_pages': [['40140995', 'TEST']], ...}
confluence_screen_shots = None

    def test_1_selenium_zscale_view_test_cases_by_folder_macro_in_page(confluence_webdriver, confluence_datasets, confluence_screen_shots):
>       extension_ui.zscale_view_test_cases_by_folder_macro_in_page(confluence_webdriver, confluence_datasets)

selenium_ui/confluence_ui.py:49: 
_ _ _ _ _ _ _ _ _ _ _ _ _ _ _ _ _ _ _ _ _ _ _ _ _ _ _ _ _ _ _ _ _ _ _ _ _ _ _ _ 
extension/confluence/extension_ui.py:119: in zscale_view_test_cases_by_folder_macro_in_page
    measure()
_ _ _ _ _ _ _ _ _ _ _ _ _ _ _ _ _ _ _ _ _ _ _ _ _ _ _ _ _ _ _ _ _ _ _ _ _ _ _ _ 

    @functools.wraps(func)
    def wrapper():
        if LOGIN_ACTION_NAME in interaction:
            globals.login_failed = False
        if globals.login_failed:
            pytest.skip(f"login is failed")
        start = time.time()
        error_msg = 'Success'
        full_exception = ''
        try:
            func()
            success = True
        except Exception:
            success = False
            # https://docs.python.org/2/library/sys.html#sys.exc_info
            exc_type, full_exception = sys.exc_info()[:2]
            error_msg = f"Failed measure: {interaction} - {exc_type.__name__}"
        end = time.time()
        timing = str(int((end - start) * 1000))
    
        lockfile = f'{selenium_results_file}.lock'
    
        with filelock.SoftFileLock(lockfile):
            with open(selenium_results_file, "a+") as jtl_file:
                timestamp = round(time.time() * 1000)
                jtl_file.write(f"{timestamp},{timing},{interaction},,{error_msg},,{success},0,0,0,0,,0\n")
    
        print(f"{timestamp},{timing},{interaction},{error_msg},{success}")
    
        if not success:
            if LOGIN_ACTION_NAME in interaction:
                globals.login_failed = True
>           raise Exception(error_msg, full_exception)
E           Exception: ('Failed measure: view_test_cases_by_folder_action - TimeoutException', TimeoutException("Error in wait_until: Timed out after 20 sec waiting for <selenium.webdriver.support.expected_conditions.visibility_of_element_located object at 0x7f40b7ed3dc0>. \nLocator: ('tag name', 'macro-view')", None, None))

selenium_ui/conftest.py:155: Exception
05-25-2022, 10:22:53, 1653474173122, Action: test_1_selenium_zscale_view_test_cases_by_status_macro_in_page, Error: confluence_webdriver = <selenium.webdriver.chrome.webdriver.WebDriver (session="eba48be2e4f9ba2c4aae7c280f5907f5")>
confluence_datasets = {'blog_id': '25824733', 'blogs': [['25717138', 'OMM'], ['25715212', 'BTVF'], ['25717200', 'FLVT'], ['25715242', 'JSDTC...716062', 'CCMB'], ['25715953', 'GHT'], ...], 'custom_page_id': '40140995', 'custom_pages': [['40140995', 'TEST']], ...}
confluence_screen_shots = None

    def test_1_selenium_zscale_view_test_cases_by_status_macro_in_page(confluence_webdriver, confluence_datasets, confluence_screen_shots):
>       extension_ui.zscale_view_test_cases_by_status_macro_in_page(confluence_webdriver, confluence_datasets)

selenium_ui/confluence_ui.py:43: 
_ _ _ _ _ _ _ _ _ _ _ _ _ _ _ _ _ _ _ _ _ _ _ _ _ _ _ _ _ _ _ _ _ _ _ _ _ _ _ _ 
extension/confluence/extension_ui.py:69: in zscale_view_test_cases_by_status_macro_in_page
    measure()
_ _ _ _ _ _ _ _ _ _ _ _ _ _ _ _ _ _ _ _ _ _ _ _ _ _ _ _ _ _ _ _ _ _ _ _ _ _ _ _ 

    @functools.wraps(func)
    def wrapper():
        if LOGIN_ACTION_NAME in interaction:
            globals.login_failed = False
        if globals.login_failed:
            pytest.skip(f"login is failed")
        start = time.time()
        error_msg = 'Success'
        full_exception = ''
        try:
            func()
            success = True
        except Exception:
            success = False
            # https://docs.python.org/2/library/sys.html#sys.exc_info
            exc_type, full_exception = sys.exc_info()[:2]
            error_msg = f"Failed measure: {interaction} - {exc_type.__name__}"
        end = time.time()
        timing = str(int((end - start) * 1000))
    
        lockfile = f'{selenium_results_file}.lock'
    
        with filelock.SoftFileLock(lockfile):
            with open(selenium_results_file, "a+") as jtl_file:
                timestamp = round(time.time() * 1000)
                jtl_file.write(f"{timestamp},{timing},{interaction},,{error_msg},,{success},0,0,0,0,,0\n")
    
        print(f"{timestamp},{timing},{interaction},{error_msg},{success}")
    
        if not success:
            if LOGIN_ACTION_NAME in interaction:
                globals.login_failed = True
>           raise Exception(error_msg, full_exception)
E           Exception: ('Failed measure: view_test_cases_by_status_action - TimeoutException', TimeoutException("Error in wait_until: Timed out after 20 sec waiting for <selenium.webdriver.support.expected_conditions.visibility_of_element_located object at 0x7f40b7d99310>. \nLocator: ('tag name', 'macro-view')", None, None))

selenium_ui/conftest.py:155: Exception
05-25-2022, 10:23:14, 1653474194520, Action: test_1_selenium_zscale_view_test_cases_by_project_macro_in_page, Error: confluence_webdriver = <selenium.webdriver.chrome.webdriver.WebDriver (session="eba48be2e4f9ba2c4aae7c280f5907f5")>
confluence_datasets = {'blog_id': '25824733', 'blogs': [['25717138', 'OMM'], ['25715212', 'BTVF'], ['25717200', 'FLVT'], ['25715242', 'JSDTC...716062', 'CCMB'], ['25715953', 'GHT'], ...], 'custom_page_id': '40140995', 'custom_pages': [['40140995', 'TEST']], ...}
confluence_screen_shots = None

    def test_1_selenium_zscale_view_test_cases_by_project_macro_in_page(confluence_webdriver, confluence_datasets, confluence_screen_shots):
>       extension_ui.zscale_view_test_cases_by_project_macro_in_page(confluence_webdriver, confluence_datasets)

selenium_ui/confluence_ui.py:46: 
_ _ _ _ _ _ _ _ _ _ _ _ _ _ _ _ _ _ _ _ _ _ _ _ _ _ _ _ _ _ _ _ _ _ _ _ _ _ _ _ 
extension/confluence/extension_ui.py:94: in zscale_view_test_cases_by_project_macro_in_page
    measure()
_ _ _ _ _ _ _ _ _ _ _ _ _ _ _ _ _ _ _ _ _ _ _ _ _ _ _ _ _ _ _ _ _ _ _ _ _ _ _ _ 

    @functools.wraps(func)
    def wrapper():
        if LOGIN_ACTION_NAME in interaction:
            globals.login_failed = False
        if globals.login_failed:
            pytest.skip(f"login is failed")
        start = time.time()
        error_msg = 'Success'
        full_exception = ''
        try:
            func()
            success = True
        except Exception:
            success = False
            # https://docs.python.org/2/library/sys.html#sys.exc_info
            exc_type, full_exception = sys.exc_info()[:2]
            error_msg = f"Failed measure: {interaction} - {exc_type.__name__}"
        end = time.time()
        timing = str(int((end - start) * 1000))
    
        lockfile = f'{selenium_results_file}.lock'
    
        with filelock.SoftFileLock(lockfile):
            with open(selenium_results_file, "a+") as jtl_file:
                timestamp = round(time.time() * 1000)
                jtl_file.write(f"{timestamp},{timing},{interaction},,{error_msg},,{success},0,0,0,0,,0\n")
    
        print(f"{timestamp},{timing},{interaction},{error_msg},{success}")
    
        if not success:
            if LOGIN_ACTION_NAME in interaction:
                globals.login_failed = True
>           raise Exception(error_msg, full_exception)
E           Exception: ('Failed measure: view_test_cases_by_project_action - TimeoutException', TimeoutException("Error in wait_until: Timed out after 20 sec waiting for <selenium.webdriver.support.expected_conditions.visibility_of_element_located object at 0x7f40b7d04f40>. \nLocator: ('tag name', 'macro-view')", None, None))

selenium_ui/conftest.py:155: Exception
05-25-2022, 10:23:35, 1653474215938, Action: test_1_selenium_zscale_view_test_cases_by_folder_macro_in_page, Error: confluence_webdriver = <selenium.webdriver.chrome.webdriver.WebDriver (session="eba48be2e4f9ba2c4aae7c280f5907f5")>
confluence_datasets = {'blog_id': '25824733', 'blogs': [['25717138', 'OMM'], ['25715212', 'BTVF'], ['25717200', 'FLVT'], ['25715242', 'JSDTC...716062', 'CCMB'], ['25715953', 'GHT'], ...], 'custom_page_id': '40140995', 'custom_pages': [['40140995', 'TEST']], ...}
confluence_screen_shots = None

    def test_1_selenium_zscale_view_test_cases_by_folder_macro_in_page(confluence_webdriver, confluence_datasets, confluence_screen_shots):
>       extension_ui.zscale_view_test_cases_by_folder_macro_in_page(confluence_webdriver, confluence_datasets)

selenium_ui/confluence_ui.py:49: 
_ _ _ _ _ _ _ _ _ _ _ _ _ _ _ _ _ _ _ _ _ _ _ _ _ _ _ _ _ _ _ _ _ _ _ _ _ _ _ _ 
extension/confluence/extension_ui.py:119: in zscale_view_test_cases_by_folder_macro_in_page
    measure()
_ _ _ _ _ _ _ _ _ _ _ _ _ _ _ _ _ _ _ _ _ _ _ _ _ _ _ _ _ _ _ _ _ _ _ _ _ _ _ _ 

    @functools.wraps(func)
    def wrapper():
        if LOGIN_ACTION_NAME in interaction:
            globals.login_failed = False
        if globals.login_failed:
            pytest.skip(f"login is failed")
        start = time.time()
        error_msg = 'Success'
        full_exception = ''
        try:
            func()
            success = True
        except Exception:
            success = False
            # https://docs.python.org/2/library/sys.html#sys.exc_info
            exc_type, full_exception = sys.exc_info()[:2]
            error_msg = f"Failed measure: {interaction} - {exc_type.__name__}"
        end = time.time()
        timing = str(int((end - start) * 1000))
    
        lockfile = f'{selenium_results_file}.lock'
    
        with filelock.SoftFileLock(lockfile):
            with open(selenium_results_file, "a+") as jtl_file:
                timestamp = round(time.time() * 1000)
                jtl_file.write(f"{timestamp},{timing},{interaction},,{error_msg},,{success},0,0,0,0,,0\n")
    
        print(f"{timestamp},{timing},{interaction},{error_msg},{success}")
    
        if not success:
            if LOGIN_ACTION_NAME in interaction:
                globals.login_failed = True
>           raise Exception(error_msg, full_exception)
E           Exception: ('Failed measure: view_test_cases_by_folder_action - TimeoutException', TimeoutException("Error in wait_until: Timed out after 20 sec waiting for <selenium.webdriver.support.expected_conditions.visibility_of_element_located object at 0x7f40b7d1f4c0>. \nLocator: ('tag name', 'macro-view')", None, None))

selenium_ui/conftest.py:155: Exception
05-25-2022, 10:24:03, 1653474243717, Action: test_1_selenium_zscale_view_test_cases_by_status_macro_in_page, Error: confluence_webdriver = <selenium.webdriver.chrome.webdriver.WebDriver (session="eba48be2e4f9ba2c4aae7c280f5907f5")>
confluence_datasets = {'blog_id': '8267485', 'blogs': [['25717138', 'OMM'], ['25715212', 'BTVF'], ['25717200', 'FLVT'], ['25715242', 'JSDTC'...716062', 'CCMB'], ['25715953', 'GHT'], ...], 'custom_page_id': '40140995', 'custom_pages': [['40140995', 'TEST']], ...}
confluence_screen_shots = None

    def test_1_selenium_zscale_view_test_cases_by_status_macro_in_page(confluence_webdriver, confluence_datasets, confluence_screen_shots):
>       extension_ui.zscale_view_test_cases_by_status_macro_in_page(confluence_webdriver, confluence_datasets)

selenium_ui/confluence_ui.py:43: 
_ _ _ _ _ _ _ _ _ _ _ _ _ _ _ _ _ _ _ _ _ _ _ _ _ _ _ _ _ _ _ _ _ _ _ _ _ _ _ _ 
extension/confluence/extension_ui.py:69: in zscale_view_test_cases_by_status_macro_in_page
    measure()
_ _ _ _ _ _ _ _ _ _ _ _ _ _ _ _ _ _ _ _ _ _ _ _ _ _ _ _ _ _ _ _ _ _ _ _ _ _ _ _ 

    @functools.wraps(func)
    def wrapper():
        if LOGIN_ACTION_NAME in interaction:
            globals.login_failed = False
        if globals.login_failed:
            pytest.skip(f"login is failed")
        start = time.time()
        error_msg = 'Success'
        full_exception = ''
        try:
            func()
            success = True
        except Exception:
            success = False
            # https://docs.python.org/2/library/sys.html#sys.exc_info
            exc_type, full_exception = sys.exc_info()[:2]
            error_msg = f"Failed measure: {interaction} - {exc_type.__name__}"
        end = time.time()
        timing = str(int((end - start) * 1000))
    
        lockfile = f'{selenium_results_file}.lock'
    
        with filelock.SoftFileLock(lockfile):
            with open(selenium_results_file, "a+") as jtl_file:
                timestamp = round(time.time() * 1000)
                jtl_file.write(f"{timestamp},{timing},{interaction},,{error_msg},,{success},0,0,0,0,,0\n")
    
        print(f"{timestamp},{timing},{interaction},{error_msg},{success}")
    
        if not success:
            if LOGIN_ACTION_NAME in interaction:
                globals.login_failed = True
>           raise Exception(error_msg, full_exception)
E           Exception: ('Failed measure: view_test_cases_by_status_action - TimeoutException', TimeoutException("Error in wait_until: Timed out after 20 sec waiting for <selenium.webdriver.support.expected_conditions.visibility_of_element_located object at 0x7f40b7cc7c40>. \nLocator: ('tag name', 'macro-view')", None, None))

selenium_ui/conftest.py:155: Exception
05-25-2022, 10:24:25, 1653474265085, Action: test_1_selenium_zscale_view_test_cases_by_project_macro_in_page, Error: confluence_webdriver = <selenium.webdriver.chrome.webdriver.WebDriver (session="eba48be2e4f9ba2c4aae7c280f5907f5")>
confluence_datasets = {'blog_id': '8267485', 'blogs': [['25717138', 'OMM'], ['25715212', 'BTVF'], ['25717200', 'FLVT'], ['25715242', 'JSDTC'...716062', 'CCMB'], ['25715953', 'GHT'], ...], 'custom_page_id': '40140995', 'custom_pages': [['40140995', 'TEST']], ...}
confluence_screen_shots = None

    def test_1_selenium_zscale_view_test_cases_by_project_macro_in_page(confluence_webdriver, confluence_datasets, confluence_screen_shots):
>       extension_ui.zscale_view_test_cases_by_project_macro_in_page(confluence_webdriver, confluence_datasets)

selenium_ui/confluence_ui.py:46: 
_ _ _ _ _ _ _ _ _ _ _ _ _ _ _ _ _ _ _ _ _ _ _ _ _ _ _ _ _ _ _ _ _ _ _ _ _ _ _ _ 
extension/confluence/extension_ui.py:94: in zscale_view_test_cases_by_project_macro_in_page
    measure()
_ _ _ _ _ _ _ _ _ _ _ _ _ _ _ _ _ _ _ _ _ _ _ _ _ _ _ _ _ _ _ _ _ _ _ _ _ _ _ _ 

    @functools.wraps(func)
    def wrapper():
        if LOGIN_ACTION_NAME in interaction:
            globals.login_failed = False
        if globals.login_failed:
            pytest.skip(f"login is failed")
        start = time.time()
        error_msg = 'Success'
        full_exception = ''
        try:
            func()
            success = True
        except Exception:
            success = False
            # https://docs.python.org/2/library/sys.html#sys.exc_info
            exc_type, full_exception = sys.exc_info()[:2]
            error_msg = f"Failed measure: {interaction} - {exc_type.__name__}"
        end = time.time()
        timing = str(int((end - start) * 1000))
    
        lockfile = f'{selenium_results_file}.lock'
    
        with filelock.SoftFileLock(lockfile):
            with open(selenium_results_file, "a+") as jtl_file:
                timestamp = round(time.time() * 1000)
                jtl_file.write(f"{timestamp},{timing},{interaction},,{error_msg},,{success},0,0,0,0,,0\n")
    
        print(f"{timestamp},{timing},{interaction},{error_msg},{success}")
    
        if not success:
            if LOGIN_ACTION_NAME in interaction:
                globals.login_failed = True
>           raise Exception(error_msg, full_exception)
E           Exception: ('Failed measure: view_test_cases_by_project_action - TimeoutException', TimeoutException("Error in wait_until: Timed out after 20 sec waiting for <selenium.webdriver.support.expected_conditions.visibility_of_element_located object at 0x7f40b7cd2fd0>. \nLocator: ('tag name', 'macro-view')", None, None))

selenium_ui/conftest.py:155: Exception
05-25-2022, 10:24:46, 1653474286475, Action: test_1_selenium_zscale_view_test_cases_by_folder_macro_in_page, Error: confluence_webdriver = <selenium.webdriver.chrome.webdriver.WebDriver (session="eba48be2e4f9ba2c4aae7c280f5907f5")>
confluence_datasets = {'blog_id': '8267485', 'blogs': [['25717138', 'OMM'], ['25715212', 'BTVF'], ['25717200', 'FLVT'], ['25715242', 'JSDTC'...716062', 'CCMB'], ['25715953', 'GHT'], ...], 'custom_page_id': '40140995', 'custom_pages': [['40140995', 'TEST']], ...}
confluence_screen_shots = None

    def test_1_selenium_zscale_view_test_cases_by_folder_macro_in_page(confluence_webdriver, confluence_datasets, confluence_screen_shots):
>       extension_ui.zscale_view_test_cases_by_folder_macro_in_page(confluence_webdriver, confluence_datasets)

selenium_ui/confluence_ui.py:49: 
_ _ _ _ _ _ _ _ _ _ _ _ _ _ _ _ _ _ _ _ _ _ _ _ _ _ _ _ _ _ _ _ _ _ _ _ _ _ _ _ 
extension/confluence/extension_ui.py:119: in zscale_view_test_cases_by_folder_macro_in_page
    measure()
_ _ _ _ _ _ _ _ _ _ _ _ _ _ _ _ _ _ _ _ _ _ _ _ _ _ _ _ _ _ _ _ _ _ _ _ _ _ _ _ 

    @functools.wraps(func)
    def wrapper():
        if LOGIN_ACTION_NAME in interaction:
            globals.login_failed = False
        if globals.login_failed:
            pytest.skip(f"login is failed")
        start = time.time()
        error_msg = 'Success'
        full_exception = ''
        try:
            func()
            success = True
        except Exception:
            success = False
            # https://docs.python.org/2/library/sys.html#sys.exc_info
            exc_type, full_exception = sys.exc_info()[:2]
            error_msg = f"Failed measure: {interaction} - {exc_type.__name__}"
        end = time.time()
        timing = str(int((end - start) * 1000))
    
        lockfile = f'{selenium_results_file}.lock'
    
        with filelock.SoftFileLock(lockfile):
            with open(selenium_results_file, "a+") as jtl_file:
                timestamp = round(time.time() * 1000)
                jtl_file.write(f"{timestamp},{timing},{interaction},,{error_msg},,{success},0,0,0,0,,0\n")
    
        print(f"{timestamp},{timing},{interaction},{error_msg},{success}")
    
        if not success:
            if LOGIN_ACTION_NAME in interaction:
                globals.login_failed = True
>           raise Exception(error_msg, full_exception)
E           Exception: ('Failed measure: view_test_cases_by_folder_action - TimeoutException', TimeoutException("Error in wait_until: Timed out after 20 sec waiting for <selenium.webdriver.support.expected_conditions.visibility_of_element_located object at 0x7f40b7cc48b0>. \nLocator: ('tag name', 'macro-view')", None, None))

selenium_ui/conftest.py:155: Exception
05-25-2022, 10:25:14, 1653474314258, Action: test_1_selenium_zscale_view_test_cases_by_status_macro_in_page, Error: confluence_webdriver = <selenium.webdriver.chrome.webdriver.WebDriver (session="eba48be2e4f9ba2c4aae7c280f5907f5")>
confluence_datasets = {'blog_id': '3553223', 'blogs': [['25717138', 'OMM'], ['25715212', 'BTVF'], ['25717200', 'FLVT'], ['25715242', 'JSDTC'...716062', 'CCMB'], ['25715953', 'GHT'], ...], 'custom_page_id': '40140995', 'custom_pages': [['40140995', 'TEST']], ...}
confluence_screen_shots = None

    def test_1_selenium_zscale_view_test_cases_by_status_macro_in_page(confluence_webdriver, confluence_datasets, confluence_screen_shots):
>       extension_ui.zscale_view_test_cases_by_status_macro_in_page(confluence_webdriver, confluence_datasets)

selenium_ui/confluence_ui.py:43: 
_ _ _ _ _ _ _ _ _ _ _ _ _ _ _ _ _ _ _ _ _ _ _ _ _ _ _ _ _ _ _ _ _ _ _ _ _ _ _ _ 
extension/confluence/extension_ui.py:69: in zscale_view_test_cases_by_status_macro_in_page
    measure()
_ _ _ _ _ _ _ _ _ _ _ _ _ _ _ _ _ _ _ _ _ _ _ _ _ _ _ _ _ _ _ _ _ _ _ _ _ _ _ _ 

    @functools.wraps(func)
    def wrapper():
        if LOGIN_ACTION_NAME in interaction:
            globals.login_failed = False
        if globals.login_failed:
            pytest.skip(f"login is failed")
        start = time.time()
        error_msg = 'Success'
        full_exception = ''
        try:
            func()
            success = True
        except Exception:
            success = False
            # https://docs.python.org/2/library/sys.html#sys.exc_info
            exc_type, full_exception = sys.exc_info()[:2]
            error_msg = f"Failed measure: {interaction} - {exc_type.__name__}"
        end = time.time()
        timing = str(int((end - start) * 1000))
    
        lockfile = f'{selenium_results_file}.lock'
    
        with filelock.SoftFileLock(lockfile):
            with open(selenium_results_file, "a+") as jtl_file:
                timestamp = round(time.time() * 1000)
                jtl_file.write(f"{timestamp},{timing},{interaction},,{error_msg},,{success},0,0,0,0,,0\n")
    
        print(f"{timestamp},{timing},{interaction},{error_msg},{success}")
    
        if not success:
            if LOGIN_ACTION_NAME in interaction:
                globals.login_failed = True
>           raise Exception(error_msg, full_exception)
E           Exception: ('Failed measure: view_test_cases_by_status_action - TimeoutException', TimeoutException("Error in wait_until: Timed out after 20 sec waiting for <selenium.webdriver.support.expected_conditions.visibility_of_element_located object at 0x7f40b7c9c5e0>. \nLocator: ('tag name', 'macro-view')", None, None))

selenium_ui/conftest.py:155: Exception
05-25-2022, 10:25:35, 1653474335669, Action: test_1_selenium_zscale_view_test_cases_by_project_macro_in_page, Error: confluence_webdriver = <selenium.webdriver.chrome.webdriver.WebDriver (session="eba48be2e4f9ba2c4aae7c280f5907f5")>
confluence_datasets = {'blog_id': '3553223', 'blogs': [['25717138', 'OMM'], ['25715212', 'BTVF'], ['25717200', 'FLVT'], ['25715242', 'JSDTC'...716062', 'CCMB'], ['25715953', 'GHT'], ...], 'custom_page_id': '40140995', 'custom_pages': [['40140995', 'TEST']], ...}
confluence_screen_shots = None

    def test_1_selenium_zscale_view_test_cases_by_project_macro_in_page(confluence_webdriver, confluence_datasets, confluence_screen_shots):
>       extension_ui.zscale_view_test_cases_by_project_macro_in_page(confluence_webdriver, confluence_datasets)

selenium_ui/confluence_ui.py:46: 
_ _ _ _ _ _ _ _ _ _ _ _ _ _ _ _ _ _ _ _ _ _ _ _ _ _ _ _ _ _ _ _ _ _ _ _ _ _ _ _ 
extension/confluence/extension_ui.py:94: in zscale_view_test_cases_by_project_macro_in_page
    measure()
_ _ _ _ _ _ _ _ _ _ _ _ _ _ _ _ _ _ _ _ _ _ _ _ _ _ _ _ _ _ _ _ _ _ _ _ _ _ _ _ 

    @functools.wraps(func)
    def wrapper():
        if LOGIN_ACTION_NAME in interaction:
            globals.login_failed = False
        if globals.login_failed:
            pytest.skip(f"login is failed")
        start = time.time()
        error_msg = 'Success'
        full_exception = ''
        try:
            func()
            success = True
        except Exception:
            success = False
            # https://docs.python.org/2/library/sys.html#sys.exc_info
            exc_type, full_exception = sys.exc_info()[:2]
            error_msg = f"Failed measure: {interaction} - {exc_type.__name__}"
        end = time.time()
        timing = str(int((end - start) * 1000))
    
        lockfile = f'{selenium_results_file}.lock'
    
        with filelock.SoftFileLock(lockfile):
            with open(selenium_results_file, "a+") as jtl_file:
                timestamp = round(time.time() * 1000)
                jtl_file.write(f"{timestamp},{timing},{interaction},,{error_msg},,{success},0,0,0,0,,0\n")
    
        print(f"{timestamp},{timing},{interaction},{error_msg},{success}")
    
        if not success:
            if LOGIN_ACTION_NAME in interaction:
                globals.login_failed = True
>           raise Exception(error_msg, full_exception)
E           Exception: ('Failed measure: view_test_cases_by_project_action - TimeoutException', TimeoutException("Error in wait_until: Timed out after 20 sec waiting for <selenium.webdriver.support.expected_conditions.visibility_of_element_located object at 0x7f40b7c27a30>. \nLocator: ('tag name', 'macro-view')", None, None))

selenium_ui/conftest.py:155: Exception
05-25-2022, 10:25:57, 1653474357020, Action: test_1_selenium_zscale_view_test_cases_by_folder_macro_in_page, Error: confluence_webdriver = <selenium.webdriver.chrome.webdriver.WebDriver (session="eba48be2e4f9ba2c4aae7c280f5907f5")>
confluence_datasets = {'blog_id': '3553223', 'blogs': [['25717138', 'OMM'], ['25715212', 'BTVF'], ['25717200', 'FLVT'], ['25715242', 'JSDTC'...716062', 'CCMB'], ['25715953', 'GHT'], ...], 'custom_page_id': '40140995', 'custom_pages': [['40140995', 'TEST']], ...}
confluence_screen_shots = None

    def test_1_selenium_zscale_view_test_cases_by_folder_macro_in_page(confluence_webdriver, confluence_datasets, confluence_screen_shots):
>       extension_ui.zscale_view_test_cases_by_folder_macro_in_page(confluence_webdriver, confluence_datasets)

selenium_ui/confluence_ui.py:49: 
_ _ _ _ _ _ _ _ _ _ _ _ _ _ _ _ _ _ _ _ _ _ _ _ _ _ _ _ _ _ _ _ _ _ _ _ _ _ _ _ 
extension/confluence/extension_ui.py:119: in zscale_view_test_cases_by_folder_macro_in_page
    measure()
_ _ _ _ _ _ _ _ _ _ _ _ _ _ _ _ _ _ _ _ _ _ _ _ _ _ _ _ _ _ _ _ _ _ _ _ _ _ _ _ 

    @functools.wraps(func)
    def wrapper():
        if LOGIN_ACTION_NAME in interaction:
            globals.login_failed = False
        if globals.login_failed:
            pytest.skip(f"login is failed")
        start = time.time()
        error_msg = 'Success'
        full_exception = ''
        try:
            func()
            success = True
        except Exception:
            success = False
            # https://docs.python.org/2/library/sys.html#sys.exc_info
            exc_type, full_exception = sys.exc_info()[:2]
            error_msg = f"Failed measure: {interaction} - {exc_type.__name__}"
        end = time.time()
        timing = str(int((end - start) * 1000))
    
        lockfile = f'{selenium_results_file}.lock'
    
        with filelock.SoftFileLock(lockfile):
            with open(selenium_results_file, "a+") as jtl_file:
                timestamp = round(time.time() * 1000)
                jtl_file.write(f"{timestamp},{timing},{interaction},,{error_msg},,{success},0,0,0,0,,0\n")
    
        print(f"{timestamp},{timing},{interaction},{error_msg},{success}")
    
        if not success:
            if LOGIN_ACTION_NAME in interaction:
                globals.login_failed = True
>           raise Exception(error_msg, full_exception)
E           Exception: ('Failed measure: view_test_cases_by_folder_action - TimeoutException', TimeoutException("Error in wait_until: Timed out after 20 sec waiting for <selenium.webdriver.support.expected_conditions.visibility_of_element_located object at 0x7f40b7c2c970>. \nLocator: ('tag name', 'macro-view')", None, None))

selenium_ui/conftest.py:155: Exception
05-25-2022, 10:26:24, 1653474384404, Action: test_1_selenium_zscale_view_test_cases_by_status_macro_in_page, Error: confluence_webdriver = <selenium.webdriver.chrome.webdriver.WebDriver (session="eba48be2e4f9ba2c4aae7c280f5907f5")>
confluence_datasets = {'blog_id': '3569763', 'blogs': [['25717138', 'OMM'], ['25715212', 'BTVF'], ['25717200', 'FLVT'], ['25715242', 'JSDTC'...716062', 'CCMB'], ['25715953', 'GHT'], ...], 'custom_page_id': '40140995', 'custom_pages': [['40140995', 'TEST']], ...}
confluence_screen_shots = None

    def test_1_selenium_zscale_view_test_cases_by_status_macro_in_page(confluence_webdriver, confluence_datasets, confluence_screen_shots):
>       extension_ui.zscale_view_test_cases_by_status_macro_in_page(confluence_webdriver, confluence_datasets)

selenium_ui/confluence_ui.py:43: 
_ _ _ _ _ _ _ _ _ _ _ _ _ _ _ _ _ _ _ _ _ _ _ _ _ _ _ _ _ _ _ _ _ _ _ _ _ _ _ _ 
extension/confluence/extension_ui.py:69: in zscale_view_test_cases_by_status_macro_in_page
    measure()
_ _ _ _ _ _ _ _ _ _ _ _ _ _ _ _ _ _ _ _ _ _ _ _ _ _ _ _ _ _ _ _ _ _ _ _ _ _ _ _ 

    @functools.wraps(func)
    def wrapper():
        if LOGIN_ACTION_NAME in interaction:
            globals.login_failed = False
        if globals.login_failed:
            pytest.skip(f"login is failed")
        start = time.time()
        error_msg = 'Success'
        full_exception = ''
        try:
            func()
            success = True
        except Exception:
            success = False
            # https://docs.python.org/2/library/sys.html#sys.exc_info
            exc_type, full_exception = sys.exc_info()[:2]
            error_msg = f"Failed measure: {interaction} - {exc_type.__name__}"
        end = time.time()
        timing = str(int((end - start) * 1000))
    
        lockfile = f'{selenium_results_file}.lock'
    
        with filelock.SoftFileLock(lockfile):
            with open(selenium_results_file, "a+") as jtl_file:
                timestamp = round(time.time() * 1000)
                jtl_file.write(f"{timestamp},{timing},{interaction},,{error_msg},,{success},0,0,0,0,,0\n")
    
        print(f"{timestamp},{timing},{interaction},{error_msg},{success}")
    
        if not success:
            if LOGIN_ACTION_NAME in interaction:
                globals.login_failed = True
>           raise Exception(error_msg, full_exception)
E           Exception: ('Failed measure: view_test_cases_by_status_action - TimeoutException', TimeoutException("Error in wait_until: Timed out after 20 sec waiting for <selenium.webdriver.support.expected_conditions.visibility_of_element_located object at 0x7f40b7c27520>. \nLocator: ('tag name', 'macro-view')", None, None))

selenium_ui/conftest.py:155: Exception
05-25-2022, 10:26:45, 1653474405838, Action: test_1_selenium_zscale_view_test_cases_by_project_macro_in_page, Error: confluence_webdriver = <selenium.webdriver.chrome.webdriver.WebDriver (session="eba48be2e4f9ba2c4aae7c280f5907f5")>
confluence_datasets = {'blog_id': '3569763', 'blogs': [['25717138', 'OMM'], ['25715212', 'BTVF'], ['25717200', 'FLVT'], ['25715242', 'JSDTC'...716062', 'CCMB'], ['25715953', 'GHT'], ...], 'custom_page_id': '40140995', 'custom_pages': [['40140995', 'TEST']], ...}
confluence_screen_shots = None

    def test_1_selenium_zscale_view_test_cases_by_project_macro_in_page(confluence_webdriver, confluence_datasets, confluence_screen_shots):
>       extension_ui.zscale_view_test_cases_by_project_macro_in_page(confluence_webdriver, confluence_datasets)

selenium_ui/confluence_ui.py:46: 
_ _ _ _ _ _ _ _ _ _ _ _ _ _ _ _ _ _ _ _ _ _ _ _ _ _ _ _ _ _ _ _ _ _ _ _ _ _ _ _ 
extension/confluence/extension_ui.py:94: in zscale_view_test_cases_by_project_macro_in_page
    measure()
_ _ _ _ _ _ _ _ _ _ _ _ _ _ _ _ _ _ _ _ _ _ _ _ _ _ _ _ _ _ _ _ _ _ _ _ _ _ _ _ 

    @functools.wraps(func)
    def wrapper():
        if LOGIN_ACTION_NAME in interaction:
            globals.login_failed = False
        if globals.login_failed:
            pytest.skip(f"login is failed")
        start = time.time()
        error_msg = 'Success'
        full_exception = ''
        try:
            func()
            success = True
        except Exception:
            success = False
            # https://docs.python.org/2/library/sys.html#sys.exc_info
            exc_type, full_exception = sys.exc_info()[:2]
            error_msg = f"Failed measure: {interaction} - {exc_type.__name__}"
        end = time.time()
        timing = str(int((end - start) * 1000))
    
        lockfile = f'{selenium_results_file}.lock'
    
        with filelock.SoftFileLock(lockfile):
            with open(selenium_results_file, "a+") as jtl_file:
                timestamp = round(time.time() * 1000)
                jtl_file.write(f"{timestamp},{timing},{interaction},,{error_msg},,{success},0,0,0,0,,0\n")
    
        print(f"{timestamp},{timing},{interaction},{error_msg},{success}")
    
        if not success:
            if LOGIN_ACTION_NAME in interaction:
                globals.login_failed = True
>           raise Exception(error_msg, full_exception)
E           Exception: ('Failed measure: view_test_cases_by_project_action - TimeoutException', TimeoutException("Error in wait_until: Timed out after 20 sec waiting for <selenium.webdriver.support.expected_conditions.visibility_of_element_located object at 0x7f40b7bd5820>. \nLocator: ('tag name', 'macro-view')", None, None))

selenium_ui/conftest.py:155: Exception
05-25-2022, 10:27:07, 1653474427239, Action: test_1_selenium_zscale_view_test_cases_by_folder_macro_in_page, Error: confluence_webdriver = <selenium.webdriver.chrome.webdriver.WebDriver (session="eba48be2e4f9ba2c4aae7c280f5907f5")>
confluence_datasets = {'blog_id': '3569763', 'blogs': [['25717138', 'OMM'], ['25715212', 'BTVF'], ['25717200', 'FLVT'], ['25715242', 'JSDTC'...716062', 'CCMB'], ['25715953', 'GHT'], ...], 'custom_page_id': '40140995', 'custom_pages': [['40140995', 'TEST']], ...}
confluence_screen_shots = None

    def test_1_selenium_zscale_view_test_cases_by_folder_macro_in_page(confluence_webdriver, confluence_datasets, confluence_screen_shots):
>       extension_ui.zscale_view_test_cases_by_folder_macro_in_page(confluence_webdriver, confluence_datasets)

selenium_ui/confluence_ui.py:49: 
_ _ _ _ _ _ _ _ _ _ _ _ _ _ _ _ _ _ _ _ _ _ _ _ _ _ _ _ _ _ _ _ _ _ _ _ _ _ _ _ 
extension/confluence/extension_ui.py:119: in zscale_view_test_cases_by_folder_macro_in_page
    measure()
_ _ _ _ _ _ _ _ _ _ _ _ _ _ _ _ _ _ _ _ _ _ _ _ _ _ _ _ _ _ _ _ _ _ _ _ _ _ _ _ 

    @functools.wraps(func)
    def wrapper():
        if LOGIN_ACTION_NAME in interaction:
            globals.login_failed = False
        if globals.login_failed:
            pytest.skip(f"login is failed")
        start = time.time()
        error_msg = 'Success'
        full_exception = ''
        try:
            func()
            success = True
        except Exception:
            success = False
            # https://docs.python.org/2/library/sys.html#sys.exc_info
            exc_type, full_exception = sys.exc_info()[:2]
            error_msg = f"Failed measure: {interaction} - {exc_type.__name__}"
        end = time.time()
        timing = str(int((end - start) * 1000))
    
        lockfile = f'{selenium_results_file}.lock'
    
        with filelock.SoftFileLock(lockfile):
            with open(selenium_results_file, "a+") as jtl_file:
                timestamp = round(time.time() * 1000)
                jtl_file.write(f"{timestamp},{timing},{interaction},,{error_msg},,{success},0,0,0,0,,0\n")
    
        print(f"{timestamp},{timing},{interaction},{error_msg},{success}")
    
        if not success:
            if LOGIN_ACTION_NAME in interaction:
                globals.login_failed = True
>           raise Exception(error_msg, full_exception)
E           Exception: ('Failed measure: view_test_cases_by_folder_action - TimeoutException', TimeoutException("Error in wait_until: Timed out after 20 sec waiting for <selenium.webdriver.support.expected_conditions.visibility_of_element_located object at 0x7f40b7c1da30>. \nLocator: ('tag name', 'macro-view')", None, None))

selenium_ui/conftest.py:155: Exception
05-25-2022, 10:27:36, 1653474456100, Action: test_1_selenium_zscale_view_test_cases_by_status_macro_in_page, Error: confluence_webdriver = <selenium.webdriver.chrome.webdriver.WebDriver (session="eba48be2e4f9ba2c4aae7c280f5907f5")>
confluence_datasets = {'blog_id': '25838075', 'blogs': [['25717138', 'OMM'], ['25715212', 'BTVF'], ['25717200', 'FLVT'], ['25715242', 'JSDTC...716062', 'CCMB'], ['25715953', 'GHT'], ...], 'custom_page_id': '40140995', 'custom_pages': [['40140995', 'TEST']], ...}
confluence_screen_shots = None

    def test_1_selenium_zscale_view_test_cases_by_status_macro_in_page(confluence_webdriver, confluence_datasets, confluence_screen_shots):
>       extension_ui.zscale_view_test_cases_by_status_macro_in_page(confluence_webdriver, confluence_datasets)

selenium_ui/confluence_ui.py:43: 
_ _ _ _ _ _ _ _ _ _ _ _ _ _ _ _ _ _ _ _ _ _ _ _ _ _ _ _ _ _ _ _ _ _ _ _ _ _ _ _ 
extension/confluence/extension_ui.py:69: in zscale_view_test_cases_by_status_macro_in_page
    measure()
_ _ _ _ _ _ _ _ _ _ _ _ _ _ _ _ _ _ _ _ _ _ _ _ _ _ _ _ _ _ _ _ _ _ _ _ _ _ _ _ 

    @functools.wraps(func)
    def wrapper():
        if LOGIN_ACTION_NAME in interaction:
            globals.login_failed = False
        if globals.login_failed:
            pytest.skip(f"login is failed")
        start = time.time()
        error_msg = 'Success'
        full_exception = ''
        try:
            func()
            success = True
        except Exception:
            success = False
            # https://docs.python.org/2/library/sys.html#sys.exc_info
            exc_type, full_exception = sys.exc_info()[:2]
            error_msg = f"Failed measure: {interaction} - {exc_type.__name__}"
        end = time.time()
        timing = str(int((end - start) * 1000))
    
        lockfile = f'{selenium_results_file}.lock'
    
        with filelock.SoftFileLock(lockfile):
            with open(selenium_results_file, "a+") as jtl_file:
                timestamp = round(time.time() * 1000)
                jtl_file.write(f"{timestamp},{timing},{interaction},,{error_msg},,{success},0,0,0,0,,0\n")
    
        print(f"{timestamp},{timing},{interaction},{error_msg},{success}")
    
        if not success:
            if LOGIN_ACTION_NAME in interaction:
                globals.login_failed = True
>           raise Exception(error_msg, full_exception)
E           Exception: ('Failed measure: view_test_cases_by_status_action - TimeoutException', TimeoutException("Error in wait_until: Timed out after 20 sec waiting for <selenium.webdriver.support.expected_conditions.visibility_of_element_located object at 0x7f40b7bc6940>. \nLocator: ('tag name', 'macro-view')", None, None))

selenium_ui/conftest.py:155: Exception
05-25-2022, 10:27:57, 1653474477487, Action: test_1_selenium_zscale_view_test_cases_by_project_macro_in_page, Error: confluence_webdriver = <selenium.webdriver.chrome.webdriver.WebDriver (session="eba48be2e4f9ba2c4aae7c280f5907f5")>
confluence_datasets = {'blog_id': '25838075', 'blogs': [['25717138', 'OMM'], ['25715212', 'BTVF'], ['25717200', 'FLVT'], ['25715242', 'JSDTC...716062', 'CCMB'], ['25715953', 'GHT'], ...], 'custom_page_id': '40140995', 'custom_pages': [['40140995', 'TEST']], ...}
confluence_screen_shots = None

    def test_1_selenium_zscale_view_test_cases_by_project_macro_in_page(confluence_webdriver, confluence_datasets, confluence_screen_shots):
>       extension_ui.zscale_view_test_cases_by_project_macro_in_page(confluence_webdriver, confluence_datasets)

selenium_ui/confluence_ui.py:46: 
_ _ _ _ _ _ _ _ _ _ _ _ _ _ _ _ _ _ _ _ _ _ _ _ _ _ _ _ _ _ _ _ _ _ _ _ _ _ _ _ 
extension/confluence/extension_ui.py:94: in zscale_view_test_cases_by_project_macro_in_page
    measure()
_ _ _ _ _ _ _ _ _ _ _ _ _ _ _ _ _ _ _ _ _ _ _ _ _ _ _ _ _ _ _ _ _ _ _ _ _ _ _ _ 

    @functools.wraps(func)
    def wrapper():
        if LOGIN_ACTION_NAME in interaction:
            globals.login_failed = False
        if globals.login_failed:
            pytest.skip(f"login is failed")
        start = time.time()
        error_msg = 'Success'
        full_exception = ''
        try:
            func()
            success = True
        except Exception:
            success = False
            # https://docs.python.org/2/library/sys.html#sys.exc_info
            exc_type, full_exception = sys.exc_info()[:2]
            error_msg = f"Failed measure: {interaction} - {exc_type.__name__}"
        end = time.time()
        timing = str(int((end - start) * 1000))
    
        lockfile = f'{selenium_results_file}.lock'
    
        with filelock.SoftFileLock(lockfile):
            with open(selenium_results_file, "a+") as jtl_file:
                timestamp = round(time.time() * 1000)
                jtl_file.write(f"{timestamp},{timing},{interaction},,{error_msg},,{success},0,0,0,0,,0\n")
    
        print(f"{timestamp},{timing},{interaction},{error_msg},{success}")
    
        if not success:
            if LOGIN_ACTION_NAME in interaction:
                globals.login_failed = True
>           raise Exception(error_msg, full_exception)
E           Exception: ('Failed measure: view_test_cases_by_project_action - TimeoutException', TimeoutException("Error in wait_until: Timed out after 20 sec waiting for <selenium.webdriver.support.expected_conditions.visibility_of_element_located object at 0x7f40b7bcdd90>. \nLocator: ('tag name', 'macro-view')", None, None))

selenium_ui/conftest.py:155: Exception
05-25-2022, 10:28:18, 1653474498884, Action: test_1_selenium_zscale_view_test_cases_by_folder_macro_in_page, Error: confluence_webdriver = <selenium.webdriver.chrome.webdriver.WebDriver (session="eba48be2e4f9ba2c4aae7c280f5907f5")>
confluence_datasets = {'blog_id': '25838075', 'blogs': [['25717138', 'OMM'], ['25715212', 'BTVF'], ['25717200', 'FLVT'], ['25715242', 'JSDTC...716062', 'CCMB'], ['25715953', 'GHT'], ...], 'custom_page_id': '40140995', 'custom_pages': [['40140995', 'TEST']], ...}
confluence_screen_shots = None

    def test_1_selenium_zscale_view_test_cases_by_folder_macro_in_page(confluence_webdriver, confluence_datasets, confluence_screen_shots):
>       extension_ui.zscale_view_test_cases_by_folder_macro_in_page(confluence_webdriver, confluence_datasets)

selenium_ui/confluence_ui.py:49: 
_ _ _ _ _ _ _ _ _ _ _ _ _ _ _ _ _ _ _ _ _ _ _ _ _ _ _ _ _ _ _ _ _ _ _ _ _ _ _ _ 
extension/confluence/extension_ui.py:119: in zscale_view_test_cases_by_folder_macro_in_page
    measure()
_ _ _ _ _ _ _ _ _ _ _ _ _ _ _ _ _ _ _ _ _ _ _ _ _ _ _ _ _ _ _ _ _ _ _ _ _ _ _ _ 

    @functools.wraps(func)
    def wrapper():
        if LOGIN_ACTION_NAME in interaction:
            globals.login_failed = False
        if globals.login_failed:
            pytest.skip(f"login is failed")
        start = time.time()
        error_msg = 'Success'
        full_exception = ''
        try:
            func()
            success = True
        except Exception:
            success = False
            # https://docs.python.org/2/library/sys.html#sys.exc_info
            exc_type, full_exception = sys.exc_info()[:2]
            error_msg = f"Failed measure: {interaction} - {exc_type.__name__}"
        end = time.time()
        timing = str(int((end - start) * 1000))
    
        lockfile = f'{selenium_results_file}.lock'
    
        with filelock.SoftFileLock(lockfile):
            with open(selenium_results_file, "a+") as jtl_file:
                timestamp = round(time.time() * 1000)
                jtl_file.write(f"{timestamp},{timing},{interaction},,{error_msg},,{success},0,0,0,0,,0\n")
    
        print(f"{timestamp},{timing},{interaction},{error_msg},{success}")
    
        if not success:
            if LOGIN_ACTION_NAME in interaction:
                globals.login_failed = True
>           raise Exception(error_msg, full_exception)
E           Exception: ('Failed measure: view_test_cases_by_folder_action - TimeoutException', TimeoutException("Error in wait_until: Timed out after 20 sec waiting for <selenium.webdriver.support.expected_conditions.visibility_of_element_located object at 0x7f40b7b93be0>. \nLocator: ('tag name', 'macro-view')", None, None))

selenium_ui/conftest.py:155: Exception
05-25-2022, 10:28:47, 1653474527303, Action: test_1_selenium_zscale_view_test_cases_by_status_macro_in_page, Error: confluence_webdriver = <selenium.webdriver.chrome.webdriver.WebDriver (session="eba48be2e4f9ba2c4aae7c280f5907f5")>
confluence_datasets = {'blog_id': '25845596', 'blogs': [['25717138', 'OMM'], ['25715212', 'BTVF'], ['25717200', 'FLVT'], ['25715242', 'JSDTC...716062', 'CCMB'], ['25715953', 'GHT'], ...], 'custom_page_id': '40140995', 'custom_pages': [['40140995', 'TEST']], ...}
confluence_screen_shots = None

    def test_1_selenium_zscale_view_test_cases_by_status_macro_in_page(confluence_webdriver, confluence_datasets, confluence_screen_shots):
>       extension_ui.zscale_view_test_cases_by_status_macro_in_page(confluence_webdriver, confluence_datasets)

selenium_ui/confluence_ui.py:43: 
_ _ _ _ _ _ _ _ _ _ _ _ _ _ _ _ _ _ _ _ _ _ _ _ _ _ _ _ _ _ _ _ _ _ _ _ _ _ _ _ 
extension/confluence/extension_ui.py:69: in zscale_view_test_cases_by_status_macro_in_page
    measure()
_ _ _ _ _ _ _ _ _ _ _ _ _ _ _ _ _ _ _ _ _ _ _ _ _ _ _ _ _ _ _ _ _ _ _ _ _ _ _ _ 

    @functools.wraps(func)
    def wrapper():
        if LOGIN_ACTION_NAME in interaction:
            globals.login_failed = False
        if globals.login_failed:
            pytest.skip(f"login is failed")
        start = time.time()
        error_msg = 'Success'
        full_exception = ''
        try:
            func()
            success = True
        except Exception:
            success = False
            # https://docs.python.org/2/library/sys.html#sys.exc_info
            exc_type, full_exception = sys.exc_info()[:2]
            error_msg = f"Failed measure: {interaction} - {exc_type.__name__}"
        end = time.time()
        timing = str(int((end - start) * 1000))
    
        lockfile = f'{selenium_results_file}.lock'
    
        with filelock.SoftFileLock(lockfile):
            with open(selenium_results_file, "a+") as jtl_file:
                timestamp = round(time.time() * 1000)
                jtl_file.write(f"{timestamp},{timing},{interaction},,{error_msg},,{success},0,0,0,0,,0\n")
    
        print(f"{timestamp},{timing},{interaction},{error_msg},{success}")
    
        if not success:
            if LOGIN_ACTION_NAME in interaction:
                globals.login_failed = True
>           raise Exception(error_msg, full_exception)
E           Exception: ('Failed measure: view_test_cases_by_status_action - TimeoutException', TimeoutException("Error in wait_until: Timed out after 20 sec waiting for <selenium.webdriver.support.expected_conditions.visibility_of_element_located object at 0x7f40b7ba1910>. \nLocator: ('tag name', 'macro-view')", None, None))

selenium_ui/conftest.py:155: Exception
05-25-2022, 10:29:08, 1653474548693, Action: test_1_selenium_zscale_view_test_cases_by_project_macro_in_page, Error: confluence_webdriver = <selenium.webdriver.chrome.webdriver.WebDriver (session="eba48be2e4f9ba2c4aae7c280f5907f5")>
confluence_datasets = {'blog_id': '25845596', 'blogs': [['25717138', 'OMM'], ['25715212', 'BTVF'], ['25717200', 'FLVT'], ['25715242', 'JSDTC...716062', 'CCMB'], ['25715953', 'GHT'], ...], 'custom_page_id': '40140995', 'custom_pages': [['40140995', 'TEST']], ...}
confluence_screen_shots = None

    def test_1_selenium_zscale_view_test_cases_by_project_macro_in_page(confluence_webdriver, confluence_datasets, confluence_screen_shots):
>       extension_ui.zscale_view_test_cases_by_project_macro_in_page(confluence_webdriver, confluence_datasets)

selenium_ui/confluence_ui.py:46: 
_ _ _ _ _ _ _ _ _ _ _ _ _ _ _ _ _ _ _ _ _ _ _ _ _ _ _ _ _ _ _ _ _ _ _ _ _ _ _ _ 
extension/confluence/extension_ui.py:94: in zscale_view_test_cases_by_project_macro_in_page
    measure()
_ _ _ _ _ _ _ _ _ _ _ _ _ _ _ _ _ _ _ _ _ _ _ _ _ _ _ _ _ _ _ _ _ _ _ _ _ _ _ _ 

    @functools.wraps(func)
    def wrapper():
        if LOGIN_ACTION_NAME in interaction:
            globals.login_failed = False
        if globals.login_failed:
            pytest.skip(f"login is failed")
        start = time.time()
        error_msg = 'Success'
        full_exception = ''
        try:
            func()
            success = True
        except Exception:
            success = False
            # https://docs.python.org/2/library/sys.html#sys.exc_info
            exc_type, full_exception = sys.exc_info()[:2]
            error_msg = f"Failed measure: {interaction} - {exc_type.__name__}"
        end = time.time()
        timing = str(int((end - start) * 1000))
    
        lockfile = f'{selenium_results_file}.lock'
    
        with filelock.SoftFileLock(lockfile):
            with open(selenium_results_file, "a+") as jtl_file:
                timestamp = round(time.time() * 1000)
                jtl_file.write(f"{timestamp},{timing},{interaction},,{error_msg},,{success},0,0,0,0,,0\n")
    
        print(f"{timestamp},{timing},{interaction},{error_msg},{success}")
    
        if not success:
            if LOGIN_ACTION_NAME in interaction:
                globals.login_failed = True
>           raise Exception(error_msg, full_exception)
E           Exception: ('Failed measure: view_test_cases_by_project_action - TimeoutException', TimeoutException("Error in wait_until: Timed out after 20 sec waiting for <selenium.webdriver.support.expected_conditions.visibility_of_element_located object at 0x7f40b7b03a00>. \nLocator: ('tag name', 'macro-view')", None, None))

selenium_ui/conftest.py:155: Exception
05-25-2022, 10:29:30, 1653474570075, Action: test_1_selenium_zscale_view_test_cases_by_folder_macro_in_page, Error: confluence_webdriver = <selenium.webdriver.chrome.webdriver.WebDriver (session="eba48be2e4f9ba2c4aae7c280f5907f5")>
confluence_datasets = {'blog_id': '25845596', 'blogs': [['25717138', 'OMM'], ['25715212', 'BTVF'], ['25717200', 'FLVT'], ['25715242', 'JSDTC...716062', 'CCMB'], ['25715953', 'GHT'], ...], 'custom_page_id': '40140995', 'custom_pages': [['40140995', 'TEST']], ...}
confluence_screen_shots = None

    def test_1_selenium_zscale_view_test_cases_by_folder_macro_in_page(confluence_webdriver, confluence_datasets, confluence_screen_shots):
>       extension_ui.zscale_view_test_cases_by_folder_macro_in_page(confluence_webdriver, confluence_datasets)

selenium_ui/confluence_ui.py:49: 
_ _ _ _ _ _ _ _ _ _ _ _ _ _ _ _ _ _ _ _ _ _ _ _ _ _ _ _ _ _ _ _ _ _ _ _ _ _ _ _ 
extension/confluence/extension_ui.py:119: in zscale_view_test_cases_by_folder_macro_in_page
    measure()
_ _ _ _ _ _ _ _ _ _ _ _ _ _ _ _ _ _ _ _ _ _ _ _ _ _ _ _ _ _ _ _ _ _ _ _ _ _ _ _ 

    @functools.wraps(func)
    def wrapper():
        if LOGIN_ACTION_NAME in interaction:
            globals.login_failed = False
        if globals.login_failed:
            pytest.skip(f"login is failed")
        start = time.time()
        error_msg = 'Success'
        full_exception = ''
        try:
            func()
            success = True
        except Exception:
            success = False
            # https://docs.python.org/2/library/sys.html#sys.exc_info
            exc_type, full_exception = sys.exc_info()[:2]
            error_msg = f"Failed measure: {interaction} - {exc_type.__name__}"
        end = time.time()
        timing = str(int((end - start) * 1000))
    
        lockfile = f'{selenium_results_file}.lock'
    
        with filelock.SoftFileLock(lockfile):
            with open(selenium_results_file, "a+") as jtl_file:
                timestamp = round(time.time() * 1000)
                jtl_file.write(f"{timestamp},{timing},{interaction},,{error_msg},,{success},0,0,0,0,,0\n")
    
        print(f"{timestamp},{timing},{interaction},{error_msg},{success}")
    
        if not success:
            if LOGIN_ACTION_NAME in interaction:
                globals.login_failed = True
>           raise Exception(error_msg, full_exception)
E           Exception: ('Failed measure: view_test_cases_by_folder_action - TimeoutException', TimeoutException("Error in wait_until: Timed out after 20 sec waiting for <selenium.webdriver.support.expected_conditions.visibility_of_element_located object at 0x7f40b7b4e100>. \nLocator: ('tag name', 'macro-view')", None, None))

selenium_ui/conftest.py:155: Exception
05-25-2022, 10:29:57, 1653474597487, Action: test_1_selenium_zscale_view_test_cases_by_status_macro_in_page, Error: confluence_webdriver = <selenium.webdriver.chrome.webdriver.WebDriver (session="eba48be2e4f9ba2c4aae7c280f5907f5")>
confluence_datasets = {'blog_id': '25717769', 'blogs': [['25717138', 'OMM'], ['25715212', 'BTVF'], ['25717200', 'FLVT'], ['25715242', 'JSDTC...716062', 'CCMB'], ['25715953', 'GHT'], ...], 'custom_page_id': '40140995', 'custom_pages': [['40140995', 'TEST']], ...}
confluence_screen_shots = None

    def test_1_selenium_zscale_view_test_cases_by_status_macro_in_page(confluence_webdriver, confluence_datasets, confluence_screen_shots):
>       extension_ui.zscale_view_test_cases_by_status_macro_in_page(confluence_webdriver, confluence_datasets)

selenium_ui/confluence_ui.py:43: 
_ _ _ _ _ _ _ _ _ _ _ _ _ _ _ _ _ _ _ _ _ _ _ _ _ _ _ _ _ _ _ _ _ _ _ _ _ _ _ _ 
extension/confluence/extension_ui.py:69: in zscale_view_test_cases_by_status_macro_in_page
    measure()
_ _ _ _ _ _ _ _ _ _ _ _ _ _ _ _ _ _ _ _ _ _ _ _ _ _ _ _ _ _ _ _ _ _ _ _ _ _ _ _ 

    @functools.wraps(func)
    def wrapper():
        if LOGIN_ACTION_NAME in interaction:
            globals.login_failed = False
        if globals.login_failed:
            pytest.skip(f"login is failed")
        start = time.time()
        error_msg = 'Success'
        full_exception = ''
        try:
            func()
            success = True
        except Exception:
            success = False
            # https://docs.python.org/2/library/sys.html#sys.exc_info
            exc_type, full_exception = sys.exc_info()[:2]
            error_msg = f"Failed measure: {interaction} - {exc_type.__name__}"
        end = time.time()
        timing = str(int((end - start) * 1000))
    
        lockfile = f'{selenium_results_file}.lock'
    
        with filelock.SoftFileLock(lockfile):
            with open(selenium_results_file, "a+") as jtl_file:
                timestamp = round(time.time() * 1000)
                jtl_file.write(f"{timestamp},{timing},{interaction},,{error_msg},,{success},0,0,0,0,,0\n")
    
        print(f"{timestamp},{timing},{interaction},{error_msg},{success}")
    
        if not success:
            if LOGIN_ACTION_NAME in interaction:
                globals.login_failed = True
>           raise Exception(error_msg, full_exception)
E           Exception: ('Failed measure: view_test_cases_by_status_action - TimeoutException', TimeoutException("Error in wait_until: Timed out after 20 sec waiting for <selenium.webdriver.support.expected_conditions.visibility_of_element_located object at 0x7f40b7b16f70>. \nLocator: ('tag name', 'macro-view')", None, None))

selenium_ui/conftest.py:155: Exception
05-25-2022, 10:30:18, 1653474618871, Action: test_1_selenium_zscale_view_test_cases_by_project_macro_in_page, Error: confluence_webdriver = <selenium.webdriver.chrome.webdriver.WebDriver (session="eba48be2e4f9ba2c4aae7c280f5907f5")>
confluence_datasets = {'blog_id': '25717769', 'blogs': [['25717138', 'OMM'], ['25715212', 'BTVF'], ['25717200', 'FLVT'], ['25715242', 'JSDTC...716062', 'CCMB'], ['25715953', 'GHT'], ...], 'custom_page_id': '40140995', 'custom_pages': [['40140995', 'TEST']], ...}
confluence_screen_shots = None

    def test_1_selenium_zscale_view_test_cases_by_project_macro_in_page(confluence_webdriver, confluence_datasets, confluence_screen_shots):
>       extension_ui.zscale_view_test_cases_by_project_macro_in_page(confluence_webdriver, confluence_datasets)

selenium_ui/confluence_ui.py:46: 
_ _ _ _ _ _ _ _ _ _ _ _ _ _ _ _ _ _ _ _ _ _ _ _ _ _ _ _ _ _ _ _ _ _ _ _ _ _ _ _ 
extension/confluence/extension_ui.py:94: in zscale_view_test_cases_by_project_macro_in_page
    measure()
_ _ _ _ _ _ _ _ _ _ _ _ _ _ _ _ _ _ _ _ _ _ _ _ _ _ _ _ _ _ _ _ _ _ _ _ _ _ _ _ 

    @functools.wraps(func)
    def wrapper():
        if LOGIN_ACTION_NAME in interaction:
            globals.login_failed = False
        if globals.login_failed:
            pytest.skip(f"login is failed")
        start = time.time()
        error_msg = 'Success'
        full_exception = ''
        try:
            func()
            success = True
        except Exception:
            success = False
            # https://docs.python.org/2/library/sys.html#sys.exc_info
            exc_type, full_exception = sys.exc_info()[:2]
            error_msg = f"Failed measure: {interaction} - {exc_type.__name__}"
        end = time.time()
        timing = str(int((end - start) * 1000))
    
        lockfile = f'{selenium_results_file}.lock'
    
        with filelock.SoftFileLock(lockfile):
            with open(selenium_results_file, "a+") as jtl_file:
                timestamp = round(time.time() * 1000)
                jtl_file.write(f"{timestamp},{timing},{interaction},,{error_msg},,{success},0,0,0,0,,0\n")
    
        print(f"{timestamp},{timing},{interaction},{error_msg},{success}")
    
        if not success:
            if LOGIN_ACTION_NAME in interaction:
                globals.login_failed = True
>           raise Exception(error_msg, full_exception)
E           Exception: ('Failed measure: view_test_cases_by_project_action - TimeoutException', TimeoutException("Error in wait_until: Timed out after 20 sec waiting for <selenium.webdriver.support.expected_conditions.visibility_of_element_located object at 0x7f40b7a65a90>. \nLocator: ('tag name', 'macro-view')", None, None))

selenium_ui/conftest.py:155: Exception
05-25-2022, 10:30:40, 1653474640237, Action: test_1_selenium_zscale_view_test_cases_by_folder_macro_in_page, Error: confluence_webdriver = <selenium.webdriver.chrome.webdriver.WebDriver (session="eba48be2e4f9ba2c4aae7c280f5907f5")>
confluence_datasets = {'blog_id': '25717769', 'blogs': [['25717138', 'OMM'], ['25715212', 'BTVF'], ['25717200', 'FLVT'], ['25715242', 'JSDTC...716062', 'CCMB'], ['25715953', 'GHT'], ...], 'custom_page_id': '40140995', 'custom_pages': [['40140995', 'TEST']], ...}
confluence_screen_shots = None

    def test_1_selenium_zscale_view_test_cases_by_folder_macro_in_page(confluence_webdriver, confluence_datasets, confluence_screen_shots):
>       extension_ui.zscale_view_test_cases_by_folder_macro_in_page(confluence_webdriver, confluence_datasets)

selenium_ui/confluence_ui.py:49: 
_ _ _ _ _ _ _ _ _ _ _ _ _ _ _ _ _ _ _ _ _ _ _ _ _ _ _ _ _ _ _ _ _ _ _ _ _ _ _ _ 
extension/confluence/extension_ui.py:119: in zscale_view_test_cases_by_folder_macro_in_page
    measure()
_ _ _ _ _ _ _ _ _ _ _ _ _ _ _ _ _ _ _ _ _ _ _ _ _ _ _ _ _ _ _ _ _ _ _ _ _ _ _ _ 

    @functools.wraps(func)
    def wrapper():
        if LOGIN_ACTION_NAME in interaction:
            globals.login_failed = False
        if globals.login_failed:
            pytest.skip(f"login is failed")
        start = time.time()
        error_msg = 'Success'
        full_exception = ''
        try:
            func()
            success = True
        except Exception:
            success = False
            # https://docs.python.org/2/library/sys.html#sys.exc_info
            exc_type, full_exception = sys.exc_info()[:2]
            error_msg = f"Failed measure: {interaction} - {exc_type.__name__}"
        end = time.time()
        timing = str(int((end - start) * 1000))
    
        lockfile = f'{selenium_results_file}.lock'
    
        with filelock.SoftFileLock(lockfile):
            with open(selenium_results_file, "a+") as jtl_file:
                timestamp = round(time.time() * 1000)
                jtl_file.write(f"{timestamp},{timing},{interaction},,{error_msg},,{success},0,0,0,0,,0\n")
    
        print(f"{timestamp},{timing},{interaction},{error_msg},{success}")
    
        if not success:
            if LOGIN_ACTION_NAME in interaction:
                globals.login_failed = True
>           raise Exception(error_msg, full_exception)
E           Exception: ('Failed measure: view_test_cases_by_folder_action - TimeoutException', TimeoutException("Error in wait_until: Timed out after 20 sec waiting for <selenium.webdriver.support.expected_conditions.visibility_of_element_located object at 0x7f40b7b11460>. \nLocator: ('tag name', 'macro-view')", None, None))

selenium_ui/conftest.py:155: Exception
05-25-2022, 10:31:09, 1653474669224, Action: test_1_selenium_zscale_view_test_cases_by_status_macro_in_page, Error: confluence_webdriver = <selenium.webdriver.chrome.webdriver.WebDriver (session="eba48be2e4f9ba2c4aae7c280f5907f5")>
confluence_datasets = {'blog_id': '25830035', 'blogs': [['25717138', 'OMM'], ['25715212', 'BTVF'], ['25717200', 'FLVT'], ['25715242', 'JSDTC...716062', 'CCMB'], ['25715953', 'GHT'], ...], 'custom_page_id': '40140995', 'custom_pages': [['40140995', 'TEST']], ...}
confluence_screen_shots = None

    def test_1_selenium_zscale_view_test_cases_by_status_macro_in_page(confluence_webdriver, confluence_datasets, confluence_screen_shots):
>       extension_ui.zscale_view_test_cases_by_status_macro_in_page(confluence_webdriver, confluence_datasets)

selenium_ui/confluence_ui.py:43: 
_ _ _ _ _ _ _ _ _ _ _ _ _ _ _ _ _ _ _ _ _ _ _ _ _ _ _ _ _ _ _ _ _ _ _ _ _ _ _ _ 
extension/confluence/extension_ui.py:69: in zscale_view_test_cases_by_status_macro_in_page
    measure()
_ _ _ _ _ _ _ _ _ _ _ _ _ _ _ _ _ _ _ _ _ _ _ _ _ _ _ _ _ _ _ _ _ _ _ _ _ _ _ _ 

    @functools.wraps(func)
    def wrapper():
        if LOGIN_ACTION_NAME in interaction:
            globals.login_failed = False
        if globals.login_failed:
            pytest.skip(f"login is failed")
        start = time.time()
        error_msg = 'Success'
        full_exception = ''
        try:
            func()
            success = True
        except Exception:
            success = False
            # https://docs.python.org/2/library/sys.html#sys.exc_info
            exc_type, full_exception = sys.exc_info()[:2]
            error_msg = f"Failed measure: {interaction} - {exc_type.__name__}"
        end = time.time()
        timing = str(int((end - start) * 1000))
    
        lockfile = f'{selenium_results_file}.lock'
    
        with filelock.SoftFileLock(lockfile):
            with open(selenium_results_file, "a+") as jtl_file:
                timestamp = round(time.time() * 1000)
                jtl_file.write(f"{timestamp},{timing},{interaction},,{error_msg},,{success},0,0,0,0,,0\n")
    
        print(f"{timestamp},{timing},{interaction},{error_msg},{success}")
    
        if not success:
            if LOGIN_ACTION_NAME in interaction:
                globals.login_failed = True
>           raise Exception(error_msg, full_exception)
E           Exception: ('Failed measure: view_test_cases_by_status_action - TimeoutException', TimeoutException("Error in wait_until: Timed out after 20 sec waiting for <selenium.webdriver.support.expected_conditions.visibility_of_element_located object at 0x7f40b7b03910>. \nLocator: ('tag name', 'macro-view')", None, None))

selenium_ui/conftest.py:155: Exception
05-25-2022, 10:31:30, 1653474690618, Action: test_1_selenium_zscale_view_test_cases_by_project_macro_in_page, Error: confluence_webdriver = <selenium.webdriver.chrome.webdriver.WebDriver (session="eba48be2e4f9ba2c4aae7c280f5907f5")>
confluence_datasets = {'blog_id': '25830035', 'blogs': [['25717138', 'OMM'], ['25715212', 'BTVF'], ['25717200', 'FLVT'], ['25715242', 'JSDTC...716062', 'CCMB'], ['25715953', 'GHT'], ...], 'custom_page_id': '40140995', 'custom_pages': [['40140995', 'TEST']], ...}
confluence_screen_shots = None

    def test_1_selenium_zscale_view_test_cases_by_project_macro_in_page(confluence_webdriver, confluence_datasets, confluence_screen_shots):
>       extension_ui.zscale_view_test_cases_by_project_macro_in_page(confluence_webdriver, confluence_datasets)

selenium_ui/confluence_ui.py:46: 
_ _ _ _ _ _ _ _ _ _ _ _ _ _ _ _ _ _ _ _ _ _ _ _ _ _ _ _ _ _ _ _ _ _ _ _ _ _ _ _ 
extension/confluence/extension_ui.py:94: in zscale_view_test_cases_by_project_macro_in_page
    measure()
_ _ _ _ _ _ _ _ _ _ _ _ _ _ _ _ _ _ _ _ _ _ _ _ _ _ _ _ _ _ _ _ _ _ _ _ _ _ _ _ 

    @functools.wraps(func)
    def wrapper():
        if LOGIN_ACTION_NAME in interaction:
            globals.login_failed = False
        if globals.login_failed:
            pytest.skip(f"login is failed")
        start = time.time()
        error_msg = 'Success'
        full_exception = ''
        try:
            func()
            success = True
        except Exception:
            success = False
            # https://docs.python.org/2/library/sys.html#sys.exc_info
            exc_type, full_exception = sys.exc_info()[:2]
            error_msg = f"Failed measure: {interaction} - {exc_type.__name__}"
        end = time.time()
        timing = str(int((end - start) * 1000))
    
        lockfile = f'{selenium_results_file}.lock'
    
        with filelock.SoftFileLock(lockfile):
            with open(selenium_results_file, "a+") as jtl_file:
                timestamp = round(time.time() * 1000)
                jtl_file.write(f"{timestamp},{timing},{interaction},,{error_msg},,{success},0,0,0,0,,0\n")
    
        print(f"{timestamp},{timing},{interaction},{error_msg},{success}")
    
        if not success:
            if LOGIN_ACTION_NAME in interaction:
                globals.login_failed = True
>           raise Exception(error_msg, full_exception)
E           Exception: ('Failed measure: view_test_cases_by_project_action - TimeoutException', TimeoutException("Error in wait_until: Timed out after 20 sec waiting for <selenium.webdriver.support.expected_conditions.visibility_of_element_located object at 0x7f40b7b93d90>. \nLocator: ('tag name', 'macro-view')", None, None))

selenium_ui/conftest.py:155: Exception
05-25-2022, 10:31:52, 1653474712006, Action: test_1_selenium_zscale_view_test_cases_by_folder_macro_in_page, Error: confluence_webdriver = <selenium.webdriver.chrome.webdriver.WebDriver (session="eba48be2e4f9ba2c4aae7c280f5907f5")>
confluence_datasets = {'blog_id': '25830035', 'blogs': [['25717138', 'OMM'], ['25715212', 'BTVF'], ['25717200', 'FLVT'], ['25715242', 'JSDTC...716062', 'CCMB'], ['25715953', 'GHT'], ...], 'custom_page_id': '40140995', 'custom_pages': [['40140995', 'TEST']], ...}
confluence_screen_shots = None

    def test_1_selenium_zscale_view_test_cases_by_folder_macro_in_page(confluence_webdriver, confluence_datasets, confluence_screen_shots):
>       extension_ui.zscale_view_test_cases_by_folder_macro_in_page(confluence_webdriver, confluence_datasets)

selenium_ui/confluence_ui.py:49: 
_ _ _ _ _ _ _ _ _ _ _ _ _ _ _ _ _ _ _ _ _ _ _ _ _ _ _ _ _ _ _ _ _ _ _ _ _ _ _ _ 
extension/confluence/extension_ui.py:119: in zscale_view_test_cases_by_folder_macro_in_page
    measure()
_ _ _ _ _ _ _ _ _ _ _ _ _ _ _ _ _ _ _ _ _ _ _ _ _ _ _ _ _ _ _ _ _ _ _ _ _ _ _ _ 

    @functools.wraps(func)
    def wrapper():
        if LOGIN_ACTION_NAME in interaction:
            globals.login_failed = False
        if globals.login_failed:
            pytest.skip(f"login is failed")
        start = time.time()
        error_msg = 'Success'
        full_exception = ''
        try:
            func()
            success = True
        except Exception:
            success = False
            # https://docs.python.org/2/library/sys.html#sys.exc_info
            exc_type, full_exception = sys.exc_info()[:2]
            error_msg = f"Failed measure: {interaction} - {exc_type.__name__}"
        end = time.time()
        timing = str(int((end - start) * 1000))
    
        lockfile = f'{selenium_results_file}.lock'
    
        with filelock.SoftFileLock(lockfile):
            with open(selenium_results_file, "a+") as jtl_file:
                timestamp = round(time.time() * 1000)
                jtl_file.write(f"{timestamp},{timing},{interaction},,{error_msg},,{success},0,0,0,0,,0\n")
    
        print(f"{timestamp},{timing},{interaction},{error_msg},{success}")
    
        if not success:
            if LOGIN_ACTION_NAME in interaction:
                globals.login_failed = True
>           raise Exception(error_msg, full_exception)
E           Exception: ('Failed measure: view_test_cases_by_folder_action - TimeoutException', TimeoutException("Error in wait_until: Timed out after 20 sec waiting for <selenium.webdriver.support.expected_conditions.visibility_of_element_located object at 0x7f40b7c329d0>. \nLocator: ('tag name', 'macro-view')", None, None))

selenium_ui/conftest.py:155: Exception
05-25-2022, 10:32:20, 1653474740563, Action: test_1_selenium_zscale_view_test_cases_by_status_macro_in_page, Error: confluence_webdriver = <selenium.webdriver.chrome.webdriver.WebDriver (session="eba48be2e4f9ba2c4aae7c280f5907f5")>
confluence_datasets = {'blog_id': '8767399', 'blogs': [['25717138', 'OMM'], ['25715212', 'BTVF'], ['25717200', 'FLVT'], ['25715242', 'JSDTC'...716062', 'CCMB'], ['25715953', 'GHT'], ...], 'custom_page_id': '40140995', 'custom_pages': [['40140995', 'TEST']], ...}
confluence_screen_shots = None

    def test_1_selenium_zscale_view_test_cases_by_status_macro_in_page(confluence_webdriver, confluence_datasets, confluence_screen_shots):
>       extension_ui.zscale_view_test_cases_by_status_macro_in_page(confluence_webdriver, confluence_datasets)

selenium_ui/confluence_ui.py:43: 
_ _ _ _ _ _ _ _ _ _ _ _ _ _ _ _ _ _ _ _ _ _ _ _ _ _ _ _ _ _ _ _ _ _ _ _ _ _ _ _ 
extension/confluence/extension_ui.py:69: in zscale_view_test_cases_by_status_macro_in_page
    measure()
_ _ _ _ _ _ _ _ _ _ _ _ _ _ _ _ _ _ _ _ _ _ _ _ _ _ _ _ _ _ _ _ _ _ _ _ _ _ _ _ 

    @functools.wraps(func)
    def wrapper():
        if LOGIN_ACTION_NAME in interaction:
            globals.login_failed = False
        if globals.login_failed:
            pytest.skip(f"login is failed")
        start = time.time()
        error_msg = 'Success'
        full_exception = ''
        try:
            func()
            success = True
        except Exception:
            success = False
            # https://docs.python.org/2/library/sys.html#sys.exc_info
            exc_type, full_exception = sys.exc_info()[:2]
            error_msg = f"Failed measure: {interaction} - {exc_type.__name__}"
        end = time.time()
        timing = str(int((end - start) * 1000))
    
        lockfile = f'{selenium_results_file}.lock'
    
        with filelock.SoftFileLock(lockfile):
            with open(selenium_results_file, "a+") as jtl_file:
                timestamp = round(time.time() * 1000)
                jtl_file.write(f"{timestamp},{timing},{interaction},,{error_msg},,{success},0,0,0,0,,0\n")
    
        print(f"{timestamp},{timing},{interaction},{error_msg},{success}")
    
        if not success:
            if LOGIN_ACTION_NAME in interaction:
                globals.login_failed = True
>           raise Exception(error_msg, full_exception)
E           Exception: ('Failed measure: view_test_cases_by_status_action - TimeoutException', TimeoutException("Error in wait_until: Timed out after 20 sec waiting for <selenium.webdriver.support.expected_conditions.visibility_of_element_located object at 0x7f40b7a8c790>. \nLocator: ('tag name', 'macro-view')", None, None))

selenium_ui/conftest.py:155: Exception
05-25-2022, 10:32:42, 1653474762003, Action: test_1_selenium_zscale_view_test_cases_by_project_macro_in_page, Error: confluence_webdriver = <selenium.webdriver.chrome.webdriver.WebDriver (session="eba48be2e4f9ba2c4aae7c280f5907f5")>
confluence_datasets = {'blog_id': '8767399', 'blogs': [['25717138', 'OMM'], ['25715212', 'BTVF'], ['25717200', 'FLVT'], ['25715242', 'JSDTC'...716062', 'CCMB'], ['25715953', 'GHT'], ...], 'custom_page_id': '40140995', 'custom_pages': [['40140995', 'TEST']], ...}
confluence_screen_shots = None

    def test_1_selenium_zscale_view_test_cases_by_project_macro_in_page(confluence_webdriver, confluence_datasets, confluence_screen_shots):
>       extension_ui.zscale_view_test_cases_by_project_macro_in_page(confluence_webdriver, confluence_datasets)

selenium_ui/confluence_ui.py:46: 
_ _ _ _ _ _ _ _ _ _ _ _ _ _ _ _ _ _ _ _ _ _ _ _ _ _ _ _ _ _ _ _ _ _ _ _ _ _ _ _ 
extension/confluence/extension_ui.py:94: in zscale_view_test_cases_by_project_macro_in_page
    measure()
_ _ _ _ _ _ _ _ _ _ _ _ _ _ _ _ _ _ _ _ _ _ _ _ _ _ _ _ _ _ _ _ _ _ _ _ _ _ _ _ 

    @functools.wraps(func)
    def wrapper():
        if LOGIN_ACTION_NAME in interaction:
            globals.login_failed = False
        if globals.login_failed:
            pytest.skip(f"login is failed")
        start = time.time()
        error_msg = 'Success'
        full_exception = ''
        try:
            func()
            success = True
        except Exception:
            success = False
            # https://docs.python.org/2/library/sys.html#sys.exc_info
            exc_type, full_exception = sys.exc_info()[:2]
            error_msg = f"Failed measure: {interaction} - {exc_type.__name__}"
        end = time.time()
        timing = str(int((end - start) * 1000))
    
        lockfile = f'{selenium_results_file}.lock'
    
        with filelock.SoftFileLock(lockfile):
            with open(selenium_results_file, "a+") as jtl_file:
                timestamp = round(time.time() * 1000)
                jtl_file.write(f"{timestamp},{timing},{interaction},,{error_msg},,{success},0,0,0,0,,0\n")
    
        print(f"{timestamp},{timing},{interaction},{error_msg},{success}")
    
        if not success:
            if LOGIN_ACTION_NAME in interaction:
                globals.login_failed = True
>           raise Exception(error_msg, full_exception)
E           Exception: ('Failed measure: view_test_cases_by_project_action - TimeoutException', TimeoutException("Error in wait_until: Timed out after 20 sec waiting for <selenium.webdriver.support.expected_conditions.visibility_of_element_located object at 0x7f40b7a5bf70>. \nLocator: ('tag name', 'macro-view')", None, None))

selenium_ui/conftest.py:155: Exception
05-25-2022, 10:33:03, 1653474783472, Action: test_1_selenium_zscale_view_test_cases_by_folder_macro_in_page, Error: confluence_webdriver = <selenium.webdriver.chrome.webdriver.WebDriver (session="eba48be2e4f9ba2c4aae7c280f5907f5")>
confluence_datasets = {'blog_id': '8767399', 'blogs': [['25717138', 'OMM'], ['25715212', 'BTVF'], ['25717200', 'FLVT'], ['25715242', 'JSDTC'...716062', 'CCMB'], ['25715953', 'GHT'], ...], 'custom_page_id': '40140995', 'custom_pages': [['40140995', 'TEST']], ...}
confluence_screen_shots = None

    def test_1_selenium_zscale_view_test_cases_by_folder_macro_in_page(confluence_webdriver, confluence_datasets, confluence_screen_shots):
>       extension_ui.zscale_view_test_cases_by_folder_macro_in_page(confluence_webdriver, confluence_datasets)

selenium_ui/confluence_ui.py:49: 
_ _ _ _ _ _ _ _ _ _ _ _ _ _ _ _ _ _ _ _ _ _ _ _ _ _ _ _ _ _ _ _ _ _ _ _ _ _ _ _ 
extension/confluence/extension_ui.py:119: in zscale_view_test_cases_by_folder_macro_in_page
    measure()
_ _ _ _ _ _ _ _ _ _ _ _ _ _ _ _ _ _ _ _ _ _ _ _ _ _ _ _ _ _ _ _ _ _ _ _ _ _ _ _ 

    @functools.wraps(func)
    def wrapper():
        if LOGIN_ACTION_NAME in interaction:
            globals.login_failed = False
        if globals.login_failed:
            pytest.skip(f"login is failed")
        start = time.time()
        error_msg = 'Success'
        full_exception = ''
        try:
            func()
            success = True
        except Exception:
            success = False
            # https://docs.python.org/2/library/sys.html#sys.exc_info
            exc_type, full_exception = sys.exc_info()[:2]
            error_msg = f"Failed measure: {interaction} - {exc_type.__name__}"
        end = time.time()
        timing = str(int((end - start) * 1000))
    
        lockfile = f'{selenium_results_file}.lock'
    
        with filelock.SoftFileLock(lockfile):
            with open(selenium_results_file, "a+") as jtl_file:
                timestamp = round(time.time() * 1000)
                jtl_file.write(f"{timestamp},{timing},{interaction},,{error_msg},,{success},0,0,0,0,,0\n")
    
        print(f"{timestamp},{timing},{interaction},{error_msg},{success}")
    
        if not success:
            if LOGIN_ACTION_NAME in interaction:
                globals.login_failed = True
>           raise Exception(error_msg, full_exception)
E           Exception: ('Failed measure: view_test_cases_by_folder_action - TimeoutException', TimeoutException("Error in wait_until: Timed out after 20 sec waiting for <selenium.webdriver.support.expected_conditions.visibility_of_element_located object at 0x7f40b7a17970>. \nLocator: ('tag name', 'macro-view')", None, None))

selenium_ui/conftest.py:155: Exception
05-25-2022, 10:33:32, 1653474812333, Action: test_1_selenium_zscale_view_test_cases_by_status_macro_in_page, Error: confluence_webdriver = <selenium.webdriver.chrome.webdriver.WebDriver (session="eba48be2e4f9ba2c4aae7c280f5907f5")>
confluence_datasets = {'blog_id': '25826028', 'blogs': [['25717138', 'OMM'], ['25715212', 'BTVF'], ['25717200', 'FLVT'], ['25715242', 'JSDTC...716062', 'CCMB'], ['25715953', 'GHT'], ...], 'custom_page_id': '40140995', 'custom_pages': [['40140995', 'TEST']], ...}
confluence_screen_shots = None

    def test_1_selenium_zscale_view_test_cases_by_status_macro_in_page(confluence_webdriver, confluence_datasets, confluence_screen_shots):
>       extension_ui.zscale_view_test_cases_by_status_macro_in_page(confluence_webdriver, confluence_datasets)

selenium_ui/confluence_ui.py:43: 
_ _ _ _ _ _ _ _ _ _ _ _ _ _ _ _ _ _ _ _ _ _ _ _ _ _ _ _ _ _ _ _ _ _ _ _ _ _ _ _ 
extension/confluence/extension_ui.py:69: in zscale_view_test_cases_by_status_macro_in_page
    measure()
_ _ _ _ _ _ _ _ _ _ _ _ _ _ _ _ _ _ _ _ _ _ _ _ _ _ _ _ _ _ _ _ _ _ _ _ _ _ _ _ 

    @functools.wraps(func)
    def wrapper():
        if LOGIN_ACTION_NAME in interaction:
            globals.login_failed = False
        if globals.login_failed:
            pytest.skip(f"login is failed")
        start = time.time()
        error_msg = 'Success'
        full_exception = ''
        try:
            func()
            success = True
        except Exception:
            success = False
            # https://docs.python.org/2/library/sys.html#sys.exc_info
            exc_type, full_exception = sys.exc_info()[:2]
            error_msg = f"Failed measure: {interaction} - {exc_type.__name__}"
        end = time.time()
        timing = str(int((end - start) * 1000))
    
        lockfile = f'{selenium_results_file}.lock'
    
        with filelock.SoftFileLock(lockfile):
            with open(selenium_results_file, "a+") as jtl_file:
                timestamp = round(time.time() * 1000)
                jtl_file.write(f"{timestamp},{timing},{interaction},,{error_msg},,{success},0,0,0,0,,0\n")
    
        print(f"{timestamp},{timing},{interaction},{error_msg},{success}")
    
        if not success:
            if LOGIN_ACTION_NAME in interaction:
                globals.login_failed = True
>           raise Exception(error_msg, full_exception)
E           Exception: ('Failed measure: view_test_cases_by_status_action - TimeoutException', TimeoutException("Error in wait_until: Timed out after 20 sec waiting for <selenium.webdriver.support.expected_conditions.visibility_of_element_located object at 0x7f40b79e61c0>. \nLocator: ('tag name', 'macro-view')", None, None))

selenium_ui/conftest.py:155: Exception
05-25-2022, 10:33:53, 1653474833801, Action: test_1_selenium_zscale_view_test_cases_by_project_macro_in_page, Error: confluence_webdriver = <selenium.webdriver.chrome.webdriver.WebDriver (session="eba48be2e4f9ba2c4aae7c280f5907f5")>
confluence_datasets = {'blog_id': '25826028', 'blogs': [['25717138', 'OMM'], ['25715212', 'BTVF'], ['25717200', 'FLVT'], ['25715242', 'JSDTC...716062', 'CCMB'], ['25715953', 'GHT'], ...], 'custom_page_id': '40140995', 'custom_pages': [['40140995', 'TEST']], ...}
confluence_screen_shots = None

    def test_1_selenium_zscale_view_test_cases_by_project_macro_in_page(confluence_webdriver, confluence_datasets, confluence_screen_shots):
>       extension_ui.zscale_view_test_cases_by_project_macro_in_page(confluence_webdriver, confluence_datasets)

selenium_ui/confluence_ui.py:46: 
_ _ _ _ _ _ _ _ _ _ _ _ _ _ _ _ _ _ _ _ _ _ _ _ _ _ _ _ _ _ _ _ _ _ _ _ _ _ _ _ 
extension/confluence/extension_ui.py:94: in zscale_view_test_cases_by_project_macro_in_page
    measure()
_ _ _ _ _ _ _ _ _ _ _ _ _ _ _ _ _ _ _ _ _ _ _ _ _ _ _ _ _ _ _ _ _ _ _ _ _ _ _ _ 

    @functools.wraps(func)
    def wrapper():
        if LOGIN_ACTION_NAME in interaction:
            globals.login_failed = False
        if globals.login_failed:
            pytest.skip(f"login is failed")
        start = time.time()
        error_msg = 'Success'
        full_exception = ''
        try:
            func()
            success = True
        except Exception:
            success = False
            # https://docs.python.org/2/library/sys.html#sys.exc_info
            exc_type, full_exception = sys.exc_info()[:2]
            error_msg = f"Failed measure: {interaction} - {exc_type.__name__}"
        end = time.time()
        timing = str(int((end - start) * 1000))
    
        lockfile = f'{selenium_results_file}.lock'
    
        with filelock.SoftFileLock(lockfile):
            with open(selenium_results_file, "a+") as jtl_file:
                timestamp = round(time.time() * 1000)
                jtl_file.write(f"{timestamp},{timing},{interaction},,{error_msg},,{success},0,0,0,0,,0\n")
    
        print(f"{timestamp},{timing},{interaction},{error_msg},{success}")
    
        if not success:
            if LOGIN_ACTION_NAME in interaction:
                globals.login_failed = True
>           raise Exception(error_msg, full_exception)
E           Exception: ('Failed measure: view_test_cases_by_project_action - TimeoutException', TimeoutException("Error in wait_until: Timed out after 20 sec waiting for <selenium.webdriver.support.expected_conditions.visibility_of_element_located object at 0x7f40b79c47f0>. \nLocator: ('tag name', 'macro-view')", None, None))

selenium_ui/conftest.py:155: Exception
05-25-2022, 10:34:15, 1653474855285, Action: test_1_selenium_zscale_view_test_cases_by_folder_macro_in_page, Error: confluence_webdriver = <selenium.webdriver.chrome.webdriver.WebDriver (session="eba48be2e4f9ba2c4aae7c280f5907f5")>
confluence_datasets = {'blog_id': '25826028', 'blogs': [['25717138', 'OMM'], ['25715212', 'BTVF'], ['25717200', 'FLVT'], ['25715242', 'JSDTC...716062', 'CCMB'], ['25715953', 'GHT'], ...], 'custom_page_id': '40140995', 'custom_pages': [['40140995', 'TEST']], ...}
confluence_screen_shots = None

    def test_1_selenium_zscale_view_test_cases_by_folder_macro_in_page(confluence_webdriver, confluence_datasets, confluence_screen_shots):
>       extension_ui.zscale_view_test_cases_by_folder_macro_in_page(confluence_webdriver, confluence_datasets)

selenium_ui/confluence_ui.py:49: 
_ _ _ _ _ _ _ _ _ _ _ _ _ _ _ _ _ _ _ _ _ _ _ _ _ _ _ _ _ _ _ _ _ _ _ _ _ _ _ _ 
extension/confluence/extension_ui.py:119: in zscale_view_test_cases_by_folder_macro_in_page
    measure()
_ _ _ _ _ _ _ _ _ _ _ _ _ _ _ _ _ _ _ _ _ _ _ _ _ _ _ _ _ _ _ _ _ _ _ _ _ _ _ _ 

    @functools.wraps(func)
    def wrapper():
        if LOGIN_ACTION_NAME in interaction:
            globals.login_failed = False
        if globals.login_failed:
            pytest.skip(f"login is failed")
        start = time.time()
        error_msg = 'Success'
        full_exception = ''
        try:
            func()
            success = True
        except Exception:
            success = False
            # https://docs.python.org/2/library/sys.html#sys.exc_info
            exc_type, full_exception = sys.exc_info()[:2]
            error_msg = f"Failed measure: {interaction} - {exc_type.__name__}"
        end = time.time()
        timing = str(int((end - start) * 1000))
    
        lockfile = f'{selenium_results_file}.lock'
    
        with filelock.SoftFileLock(lockfile):
            with open(selenium_results_file, "a+") as jtl_file:
                timestamp = round(time.time() * 1000)
                jtl_file.write(f"{timestamp},{timing},{interaction},,{error_msg},,{success},0,0,0,0,,0\n")
    
        print(f"{timestamp},{timing},{interaction},{error_msg},{success}")
    
        if not success:
            if LOGIN_ACTION_NAME in interaction:
                globals.login_failed = True
>           raise Exception(error_msg, full_exception)
E           Exception: ('Failed measure: view_test_cases_by_folder_action - TimeoutException', TimeoutException("Error in wait_until: Timed out after 20 sec waiting for <selenium.webdriver.support.expected_conditions.visibility_of_element_located object at 0x7f40b79c2a30>. \nLocator: ('tag name', 'macro-view')", None, None))

selenium_ui/conftest.py:155: Exception
05-25-2022, 10:34:42, 1653474882877, Action: test_1_selenium_zscale_view_test_cases_by_status_macro_in_page, Error: confluence_webdriver = <selenium.webdriver.chrome.webdriver.WebDriver (session="eba48be2e4f9ba2c4aae7c280f5907f5")>
confluence_datasets = {'blog_id': '8148690', 'blogs': [['25717138', 'OMM'], ['25715212', 'BTVF'], ['25717200', 'FLVT'], ['25715242', 'JSDTC'...716062', 'CCMB'], ['25715953', 'GHT'], ...], 'custom_page_id': '40140995', 'custom_pages': [['40140995', 'TEST']], ...}
confluence_screen_shots = None

    def test_1_selenium_zscale_view_test_cases_by_status_macro_in_page(confluence_webdriver, confluence_datasets, confluence_screen_shots):
>       extension_ui.zscale_view_test_cases_by_status_macro_in_page(confluence_webdriver, confluence_datasets)

selenium_ui/confluence_ui.py:43: 
_ _ _ _ _ _ _ _ _ _ _ _ _ _ _ _ _ _ _ _ _ _ _ _ _ _ _ _ _ _ _ _ _ _ _ _ _ _ _ _ 
extension/confluence/extension_ui.py:69: in zscale_view_test_cases_by_status_macro_in_page
    measure()
_ _ _ _ _ _ _ _ _ _ _ _ _ _ _ _ _ _ _ _ _ _ _ _ _ _ _ _ _ _ _ _ _ _ _ _ _ _ _ _ 

    @functools.wraps(func)
    def wrapper():
        if LOGIN_ACTION_NAME in interaction:
            globals.login_failed = False
        if globals.login_failed:
            pytest.skip(f"login is failed")
        start = time.time()
        error_msg = 'Success'
        full_exception = ''
        try:
            func()
            success = True
        except Exception:
            success = False
            # https://docs.python.org/2/library/sys.html#sys.exc_info
            exc_type, full_exception = sys.exc_info()[:2]
            error_msg = f"Failed measure: {interaction} - {exc_type.__name__}"
        end = time.time()
        timing = str(int((end - start) * 1000))
    
        lockfile = f'{selenium_results_file}.lock'
    
        with filelock.SoftFileLock(lockfile):
            with open(selenium_results_file, "a+") as jtl_file:
                timestamp = round(time.time() * 1000)
                jtl_file.write(f"{timestamp},{timing},{interaction},,{error_msg},,{success},0,0,0,0,,0\n")
    
        print(f"{timestamp},{timing},{interaction},{error_msg},{success}")
    
        if not success:
            if LOGIN_ACTION_NAME in interaction:
                globals.login_failed = True
>           raise Exception(error_msg, full_exception)
E           Exception: ('Failed measure: view_test_cases_by_status_action - TimeoutException', TimeoutException("Error in wait_until: Timed out after 20 sec waiting for <selenium.webdriver.support.expected_conditions.visibility_of_element_located object at 0x7f40b79cfeb0>. \nLocator: ('tag name', 'macro-view')", None, None))

selenium_ui/conftest.py:155: Exception
05-25-2022, 10:35:04, 1653474904344, Action: test_1_selenium_zscale_view_test_cases_by_project_macro_in_page, Error: confluence_webdriver = <selenium.webdriver.chrome.webdriver.WebDriver (session="eba48be2e4f9ba2c4aae7c280f5907f5")>
confluence_datasets = {'blog_id': '8148690', 'blogs': [['25717138', 'OMM'], ['25715212', 'BTVF'], ['25717200', 'FLVT'], ['25715242', 'JSDTC'...716062', 'CCMB'], ['25715953', 'GHT'], ...], 'custom_page_id': '40140995', 'custom_pages': [['40140995', 'TEST']], ...}
confluence_screen_shots = None

    def test_1_selenium_zscale_view_test_cases_by_project_macro_in_page(confluence_webdriver, confluence_datasets, confluence_screen_shots):
>       extension_ui.zscale_view_test_cases_by_project_macro_in_page(confluence_webdriver, confluence_datasets)

selenium_ui/confluence_ui.py:46: 
_ _ _ _ _ _ _ _ _ _ _ _ _ _ _ _ _ _ _ _ _ _ _ _ _ _ _ _ _ _ _ _ _ _ _ _ _ _ _ _ 
extension/confluence/extension_ui.py:94: in zscale_view_test_cases_by_project_macro_in_page
    measure()
_ _ _ _ _ _ _ _ _ _ _ _ _ _ _ _ _ _ _ _ _ _ _ _ _ _ _ _ _ _ _ _ _ _ _ _ _ _ _ _ 

    @functools.wraps(func)
    def wrapper():
        if LOGIN_ACTION_NAME in interaction:
            globals.login_failed = False
        if globals.login_failed:
            pytest.skip(f"login is failed")
        start = time.time()
        error_msg = 'Success'
        full_exception = ''
        try:
            func()
            success = True
        except Exception:
            success = False
            # https://docs.python.org/2/library/sys.html#sys.exc_info
            exc_type, full_exception = sys.exc_info()[:2]
            error_msg = f"Failed measure: {interaction} - {exc_type.__name__}"
        end = time.time()
        timing = str(int((end - start) * 1000))
    
        lockfile = f'{selenium_results_file}.lock'
    
        with filelock.SoftFileLock(lockfile):
            with open(selenium_results_file, "a+") as jtl_file:
                timestamp = round(time.time() * 1000)
                jtl_file.write(f"{timestamp},{timing},{interaction},,{error_msg},,{success},0,0,0,0,,0\n")
    
        print(f"{timestamp},{timing},{interaction},{error_msg},{success}")
    
        if not success:
            if LOGIN_ACTION_NAME in interaction:
                globals.login_failed = True
>           raise Exception(error_msg, full_exception)
E           Exception: ('Failed measure: view_test_cases_by_project_action - TimeoutException', TimeoutException("Error in wait_until: Timed out after 20 sec waiting for <selenium.webdriver.support.expected_conditions.visibility_of_element_located object at 0x7f40b7984a60>. \nLocator: ('tag name', 'macro-view')", None, None))

selenium_ui/conftest.py:155: Exception
05-25-2022, 10:35:25, 1653474925804, Action: test_1_selenium_zscale_view_test_cases_by_folder_macro_in_page, Error: confluence_webdriver = <selenium.webdriver.chrome.webdriver.WebDriver (session="eba48be2e4f9ba2c4aae7c280f5907f5")>
confluence_datasets = {'blog_id': '8148690', 'blogs': [['25717138', 'OMM'], ['25715212', 'BTVF'], ['25717200', 'FLVT'], ['25715242', 'JSDTC'...716062', 'CCMB'], ['25715953', 'GHT'], ...], 'custom_page_id': '40140995', 'custom_pages': [['40140995', 'TEST']], ...}
confluence_screen_shots = None

    def test_1_selenium_zscale_view_test_cases_by_folder_macro_in_page(confluence_webdriver, confluence_datasets, confluence_screen_shots):
>       extension_ui.zscale_view_test_cases_by_folder_macro_in_page(confluence_webdriver, confluence_datasets)

selenium_ui/confluence_ui.py:49: 
_ _ _ _ _ _ _ _ _ _ _ _ _ _ _ _ _ _ _ _ _ _ _ _ _ _ _ _ _ _ _ _ _ _ _ _ _ _ _ _ 
extension/confluence/extension_ui.py:119: in zscale_view_test_cases_by_folder_macro_in_page
    measure()
_ _ _ _ _ _ _ _ _ _ _ _ _ _ _ _ _ _ _ _ _ _ _ _ _ _ _ _ _ _ _ _ _ _ _ _ _ _ _ _ 

    @functools.wraps(func)
    def wrapper():
        if LOGIN_ACTION_NAME in interaction:
            globals.login_failed = False
        if globals.login_failed:
            pytest.skip(f"login is failed")
        start = time.time()
        error_msg = 'Success'
        full_exception = ''
        try:
            func()
            success = True
        except Exception:
            success = False
            # https://docs.python.org/2/library/sys.html#sys.exc_info
            exc_type, full_exception = sys.exc_info()[:2]
            error_msg = f"Failed measure: {interaction} - {exc_type.__name__}"
        end = time.time()
        timing = str(int((end - start) * 1000))
    
        lockfile = f'{selenium_results_file}.lock'
    
        with filelock.SoftFileLock(lockfile):
            with open(selenium_results_file, "a+") as jtl_file:
                timestamp = round(time.time() * 1000)
                jtl_file.write(f"{timestamp},{timing},{interaction},,{error_msg},,{success},0,0,0,0,,0\n")
    
        print(f"{timestamp},{timing},{interaction},{error_msg},{success}")
    
        if not success:
            if LOGIN_ACTION_NAME in interaction:
                globals.login_failed = True
>           raise Exception(error_msg, full_exception)
E           Exception: ('Failed measure: view_test_cases_by_folder_action - TimeoutException', TimeoutException("Error in wait_until: Timed out after 20 sec waiting for <selenium.webdriver.support.expected_conditions.visibility_of_element_located object at 0x7f40b794c850>. \nLocator: ('tag name', 'macro-view')", None, None))

selenium_ui/conftest.py:155: Exception
05-25-2022, 10:35:54, 1653474954820, Action: test_1_selenium_zscale_view_test_cases_by_status_macro_in_page, Error: confluence_webdriver = <selenium.webdriver.chrome.webdriver.WebDriver (session="eba48be2e4f9ba2c4aae7c280f5907f5")>
confluence_datasets = {'blog_id': '3562041', 'blogs': [['25717138', 'OMM'], ['25715212', 'BTVF'], ['25717200', 'FLVT'], ['25715242', 'JSDTC'...716062', 'CCMB'], ['25715953', 'GHT'], ...], 'custom_page_id': '40140995', 'custom_pages': [['40140995', 'TEST']], ...}
confluence_screen_shots = None

    def test_1_selenium_zscale_view_test_cases_by_status_macro_in_page(confluence_webdriver, confluence_datasets, confluence_screen_shots):
>       extension_ui.zscale_view_test_cases_by_status_macro_in_page(confluence_webdriver, confluence_datasets)

selenium_ui/confluence_ui.py:43: 
_ _ _ _ _ _ _ _ _ _ _ _ _ _ _ _ _ _ _ _ _ _ _ _ _ _ _ _ _ _ _ _ _ _ _ _ _ _ _ _ 
extension/confluence/extension_ui.py:69: in zscale_view_test_cases_by_status_macro_in_page
    measure()
_ _ _ _ _ _ _ _ _ _ _ _ _ _ _ _ _ _ _ _ _ _ _ _ _ _ _ _ _ _ _ _ _ _ _ _ _ _ _ _ 

    @functools.wraps(func)
    def wrapper():
        if LOGIN_ACTION_NAME in interaction:
            globals.login_failed = False
        if globals.login_failed:
            pytest.skip(f"login is failed")
        start = time.time()
        error_msg = 'Success'
        full_exception = ''
        try:
            func()
            success = True
        except Exception:
            success = False
            # https://docs.python.org/2/library/sys.html#sys.exc_info
            exc_type, full_exception = sys.exc_info()[:2]
            error_msg = f"Failed measure: {interaction} - {exc_type.__name__}"
        end = time.time()
        timing = str(int((end - start) * 1000))
    
        lockfile = f'{selenium_results_file}.lock'
    
        with filelock.SoftFileLock(lockfile):
            with open(selenium_results_file, "a+") as jtl_file:
                timestamp = round(time.time() * 1000)
                jtl_file.write(f"{timestamp},{timing},{interaction},,{error_msg},,{success},0,0,0,0,,0\n")
    
        print(f"{timestamp},{timing},{interaction},{error_msg},{success}")
    
        if not success:
            if LOGIN_ACTION_NAME in interaction:
                globals.login_failed = True
>           raise Exception(error_msg, full_exception)
E           Exception: ('Failed measure: view_test_cases_by_status_action - TimeoutException', TimeoutException("Error in wait_until: Timed out after 20 sec waiting for <selenium.webdriver.support.expected_conditions.visibility_of_element_located object at 0x7f40b7d2e8e0>. \nLocator: ('tag name', 'macro-view')", None, None))

selenium_ui/conftest.py:155: Exception
05-25-2022, 10:36:16, 1653474976313, Action: test_1_selenium_zscale_view_test_cases_by_project_macro_in_page, Error: confluence_webdriver = <selenium.webdriver.chrome.webdriver.WebDriver (session="eba48be2e4f9ba2c4aae7c280f5907f5")>
confluence_datasets = {'blog_id': '3562041', 'blogs': [['25717138', 'OMM'], ['25715212', 'BTVF'], ['25717200', 'FLVT'], ['25715242', 'JSDTC'...716062', 'CCMB'], ['25715953', 'GHT'], ...], 'custom_page_id': '40140995', 'custom_pages': [['40140995', 'TEST']], ...}
confluence_screen_shots = None

    def test_1_selenium_zscale_view_test_cases_by_project_macro_in_page(confluence_webdriver, confluence_datasets, confluence_screen_shots):
>       extension_ui.zscale_view_test_cases_by_project_macro_in_page(confluence_webdriver, confluence_datasets)

selenium_ui/confluence_ui.py:46: 
_ _ _ _ _ _ _ _ _ _ _ _ _ _ _ _ _ _ _ _ _ _ _ _ _ _ _ _ _ _ _ _ _ _ _ _ _ _ _ _ 
extension/confluence/extension_ui.py:94: in zscale_view_test_cases_by_project_macro_in_page
    measure()
_ _ _ _ _ _ _ _ _ _ _ _ _ _ _ _ _ _ _ _ _ _ _ _ _ _ _ _ _ _ _ _ _ _ _ _ _ _ _ _ 

    @functools.wraps(func)
    def wrapper():
        if LOGIN_ACTION_NAME in interaction:
            globals.login_failed = False
        if globals.login_failed:
            pytest.skip(f"login is failed")
        start = time.time()
        error_msg = 'Success'
        full_exception = ''
        try:
            func()
            success = True
        except Exception:
            success = False
            # https://docs.python.org/2/library/sys.html#sys.exc_info
            exc_type, full_exception = sys.exc_info()[:2]
            error_msg = f"Failed measure: {interaction} - {exc_type.__name__}"
        end = time.time()
        timing = str(int((end - start) * 1000))
    
        lockfile = f'{selenium_results_file}.lock'
    
        with filelock.SoftFileLock(lockfile):
            with open(selenium_results_file, "a+") as jtl_file:
                timestamp = round(time.time() * 1000)
                jtl_file.write(f"{timestamp},{timing},{interaction},,{error_msg},,{success},0,0,0,0,,0\n")
    
        print(f"{timestamp},{timing},{interaction},{error_msg},{success}")
    
        if not success:
            if LOGIN_ACTION_NAME in interaction:
                globals.login_failed = True
>           raise Exception(error_msg, full_exception)
E           Exception: ('Failed measure: view_test_cases_by_project_action - TimeoutException', TimeoutException("Error in wait_until: Timed out after 20 sec waiting for <selenium.webdriver.support.expected_conditions.visibility_of_element_located object at 0x7f40b7b9bfd0>. \nLocator: ('tag name', 'macro-view')", None, None))

selenium_ui/conftest.py:155: Exception
05-25-2022, 10:36:37, 1653474997792, Action: test_1_selenium_zscale_view_test_cases_by_folder_macro_in_page, Error: confluence_webdriver = <selenium.webdriver.chrome.webdriver.WebDriver (session="eba48be2e4f9ba2c4aae7c280f5907f5")>
confluence_datasets = {'blog_id': '3562041', 'blogs': [['25717138', 'OMM'], ['25715212', 'BTVF'], ['25717200', 'FLVT'], ['25715242', 'JSDTC'...716062', 'CCMB'], ['25715953', 'GHT'], ...], 'custom_page_id': '40140995', 'custom_pages': [['40140995', 'TEST']], ...}
confluence_screen_shots = None

    def test_1_selenium_zscale_view_test_cases_by_folder_macro_in_page(confluence_webdriver, confluence_datasets, confluence_screen_shots):
>       extension_ui.zscale_view_test_cases_by_folder_macro_in_page(confluence_webdriver, confluence_datasets)

selenium_ui/confluence_ui.py:49: 
_ _ _ _ _ _ _ _ _ _ _ _ _ _ _ _ _ _ _ _ _ _ _ _ _ _ _ _ _ _ _ _ _ _ _ _ _ _ _ _ 
extension/confluence/extension_ui.py:119: in zscale_view_test_cases_by_folder_macro_in_page
    measure()
_ _ _ _ _ _ _ _ _ _ _ _ _ _ _ _ _ _ _ _ _ _ _ _ _ _ _ _ _ _ _ _ _ _ _ _ _ _ _ _ 

    @functools.wraps(func)
    def wrapper():
        if LOGIN_ACTION_NAME in interaction:
            globals.login_failed = False
        if globals.login_failed:
            pytest.skip(f"login is failed")
        start = time.time()
        error_msg = 'Success'
        full_exception = ''
        try:
            func()
            success = True
        except Exception:
            success = False
            # https://docs.python.org/2/library/sys.html#sys.exc_info
            exc_type, full_exception = sys.exc_info()[:2]
            error_msg = f"Failed measure: {interaction} - {exc_type.__name__}"
        end = time.time()
        timing = str(int((end - start) * 1000))
    
        lockfile = f'{selenium_results_file}.lock'
    
        with filelock.SoftFileLock(lockfile):
            with open(selenium_results_file, "a+") as jtl_file:
                timestamp = round(time.time() * 1000)
                jtl_file.write(f"{timestamp},{timing},{interaction},,{error_msg},,{success},0,0,0,0,,0\n")
    
        print(f"{timestamp},{timing},{interaction},{error_msg},{success}")
    
        if not success:
            if LOGIN_ACTION_NAME in interaction:
                globals.login_failed = True
>           raise Exception(error_msg, full_exception)
E           Exception: ('Failed measure: view_test_cases_by_folder_action - TimeoutException', TimeoutException("Error in wait_until: Timed out after 20 sec waiting for <selenium.webdriver.support.expected_conditions.visibility_of_element_located object at 0x7f40b7bc4580>. \nLocator: ('tag name', 'macro-view')", None, None))

selenium_ui/conftest.py:155: Exception
05-25-2022, 10:37:05, 1653475025670, Action: test_1_selenium_zscale_view_test_cases_by_status_macro_in_page, Error: confluence_webdriver = <selenium.webdriver.chrome.webdriver.WebDriver (session="eba48be2e4f9ba2c4aae7c280f5907f5")>
confluence_datasets = {'blog_id': '8259520', 'blogs': [['25717138', 'OMM'], ['25715212', 'BTVF'], ['25717200', 'FLVT'], ['25715242', 'JSDTC'...716062', 'CCMB'], ['25715953', 'GHT'], ...], 'custom_page_id': '40140995', 'custom_pages': [['40140995', 'TEST']], ...}
confluence_screen_shots = None

    def test_1_selenium_zscale_view_test_cases_by_status_macro_in_page(confluence_webdriver, confluence_datasets, confluence_screen_shots):
>       extension_ui.zscale_view_test_cases_by_status_macro_in_page(confluence_webdriver, confluence_datasets)

selenium_ui/confluence_ui.py:43: 
_ _ _ _ _ _ _ _ _ _ _ _ _ _ _ _ _ _ _ _ _ _ _ _ _ _ _ _ _ _ _ _ _ _ _ _ _ _ _ _ 
extension/confluence/extension_ui.py:69: in zscale_view_test_cases_by_status_macro_in_page
    measure()
_ _ _ _ _ _ _ _ _ _ _ _ _ _ _ _ _ _ _ _ _ _ _ _ _ _ _ _ _ _ _ _ _ _ _ _ _ _ _ _ 

    @functools.wraps(func)
    def wrapper():
        if LOGIN_ACTION_NAME in interaction:
            globals.login_failed = False
        if globals.login_failed:
            pytest.skip(f"login is failed")
        start = time.time()
        error_msg = 'Success'
        full_exception = ''
        try:
            func()
            success = True
        except Exception:
            success = False
            # https://docs.python.org/2/library/sys.html#sys.exc_info
            exc_type, full_exception = sys.exc_info()[:2]
            error_msg = f"Failed measure: {interaction} - {exc_type.__name__}"
        end = time.time()
        timing = str(int((end - start) * 1000))
    
        lockfile = f'{selenium_results_file}.lock'
    
        with filelock.SoftFileLock(lockfile):
            with open(selenium_results_file, "a+") as jtl_file:
                timestamp = round(time.time() * 1000)
                jtl_file.write(f"{timestamp},{timing},{interaction},,{error_msg},,{success},0,0,0,0,,0\n")
    
        print(f"{timestamp},{timing},{interaction},{error_msg},{success}")
    
        if not success:
            if LOGIN_ACTION_NAME in interaction:
                globals.login_failed = True
>           raise Exception(error_msg, full_exception)
E           Exception: ('Failed measure: view_test_cases_by_status_action - TimeoutException', TimeoutException("Error in wait_until: Timed out after 20 sec waiting for <selenium.webdriver.support.expected_conditions.visibility_of_element_located object at 0x7f40b79e6400>. \nLocator: ('tag name', 'macro-view')", None, None))

selenium_ui/conftest.py:155: Exception
05-25-2022, 10:37:27, 1653475047112, Action: test_1_selenium_zscale_view_test_cases_by_project_macro_in_page, Error: confluence_webdriver = <selenium.webdriver.chrome.webdriver.WebDriver (session="eba48be2e4f9ba2c4aae7c280f5907f5")>
confluence_datasets = {'blog_id': '8259520', 'blogs': [['25717138', 'OMM'], ['25715212', 'BTVF'], ['25717200', 'FLVT'], ['25715242', 'JSDTC'...716062', 'CCMB'], ['25715953', 'GHT'], ...], 'custom_page_id': '40140995', 'custom_pages': [['40140995', 'TEST']], ...}
confluence_screen_shots = None

    def test_1_selenium_zscale_view_test_cases_by_project_macro_in_page(confluence_webdriver, confluence_datasets, confluence_screen_shots):
>       extension_ui.zscale_view_test_cases_by_project_macro_in_page(confluence_webdriver, confluence_datasets)

selenium_ui/confluence_ui.py:46: 
_ _ _ _ _ _ _ _ _ _ _ _ _ _ _ _ _ _ _ _ _ _ _ _ _ _ _ _ _ _ _ _ _ _ _ _ _ _ _ _ 
extension/confluence/extension_ui.py:94: in zscale_view_test_cases_by_project_macro_in_page
    measure()
_ _ _ _ _ _ _ _ _ _ _ _ _ _ _ _ _ _ _ _ _ _ _ _ _ _ _ _ _ _ _ _ _ _ _ _ _ _ _ _ 

    @functools.wraps(func)
    def wrapper():
        if LOGIN_ACTION_NAME in interaction:
            globals.login_failed = False
        if globals.login_failed:
            pytest.skip(f"login is failed")
        start = time.time()
        error_msg = 'Success'
        full_exception = ''
        try:
            func()
            success = True
        except Exception:
            success = False
            # https://docs.python.org/2/library/sys.html#sys.exc_info
            exc_type, full_exception = sys.exc_info()[:2]
            error_msg = f"Failed measure: {interaction} - {exc_type.__name__}"
        end = time.time()
        timing = str(int((end - start) * 1000))
    
        lockfile = f'{selenium_results_file}.lock'
    
        with filelock.SoftFileLock(lockfile):
            with open(selenium_results_file, "a+") as jtl_file:
                timestamp = round(time.time() * 1000)
                jtl_file.write(f"{timestamp},{timing},{interaction},,{error_msg},,{success},0,0,0,0,,0\n")
    
        print(f"{timestamp},{timing},{interaction},{error_msg},{success}")
    
        if not success:
            if LOGIN_ACTION_NAME in interaction:
                globals.login_failed = True
>           raise Exception(error_msg, full_exception)
E           Exception: ('Failed measure: view_test_cases_by_project_action - TimeoutException', TimeoutException("Error in wait_until: Timed out after 20 sec waiting for <selenium.webdriver.support.expected_conditions.visibility_of_element_located object at 0x7f40b787a940>. \nLocator: ('tag name', 'macro-view')", None, None))

selenium_ui/conftest.py:155: Exception
05-25-2022, 10:37:48, 1653475068597, Action: test_1_selenium_zscale_view_test_cases_by_folder_macro_in_page, Error: confluence_webdriver = <selenium.webdriver.chrome.webdriver.WebDriver (session="eba48be2e4f9ba2c4aae7c280f5907f5")>
confluence_datasets = {'blog_id': '8259520', 'blogs': [['25717138', 'OMM'], ['25715212', 'BTVF'], ['25717200', 'FLVT'], ['25715242', 'JSDTC'...716062', 'CCMB'], ['25715953', 'GHT'], ...], 'custom_page_id': '40140995', 'custom_pages': [['40140995', 'TEST']], ...}
confluence_screen_shots = None

    def test_1_selenium_zscale_view_test_cases_by_folder_macro_in_page(confluence_webdriver, confluence_datasets, confluence_screen_shots):
>       extension_ui.zscale_view_test_cases_by_folder_macro_in_page(confluence_webdriver, confluence_datasets)

selenium_ui/confluence_ui.py:49: 
_ _ _ _ _ _ _ _ _ _ _ _ _ _ _ _ _ _ _ _ _ _ _ _ _ _ _ _ _ _ _ _ _ _ _ _ _ _ _ _ 
extension/confluence/extension_ui.py:119: in zscale_view_test_cases_by_folder_macro_in_page
    measure()
_ _ _ _ _ _ _ _ _ _ _ _ _ _ _ _ _ _ _ _ _ _ _ _ _ _ _ _ _ _ _ _ _ _ _ _ _ _ _ _ 

    @functools.wraps(func)
    def wrapper():
        if LOGIN_ACTION_NAME in interaction:
            globals.login_failed = False
        if globals.login_failed:
            pytest.skip(f"login is failed")
        start = time.time()
        error_msg = 'Success'
        full_exception = ''
        try:
            func()
            success = True
        except Exception:
            success = False
            # https://docs.python.org/2/library/sys.html#sys.exc_info
            exc_type, full_exception = sys.exc_info()[:2]
            error_msg = f"Failed measure: {interaction} - {exc_type.__name__}"
        end = time.time()
        timing = str(int((end - start) * 1000))
    
        lockfile = f'{selenium_results_file}.lock'
    
        with filelock.SoftFileLock(lockfile):
            with open(selenium_results_file, "a+") as jtl_file:
                timestamp = round(time.time() * 1000)
                jtl_file.write(f"{timestamp},{timing},{interaction},,{error_msg},,{success},0,0,0,0,,0\n")
    
        print(f"{timestamp},{timing},{interaction},{error_msg},{success}")
    
        if not success:
            if LOGIN_ACTION_NAME in interaction:
                globals.login_failed = True
>           raise Exception(error_msg, full_exception)
E           Exception: ('Failed measure: view_test_cases_by_folder_action - TimeoutException', TimeoutException("Error in wait_until: Timed out after 20 sec waiting for <selenium.webdriver.support.expected_conditions.visibility_of_element_located object at 0x7f40b78bb730>. \nLocator: ('tag name', 'macro-view')", None, None))

selenium_ui/conftest.py:155: Exception
05-25-2022, 10:38:17, 1653475097779, Action: test_1_selenium_zscale_view_test_cases_by_status_macro_in_page, Error: confluence_webdriver = <selenium.webdriver.chrome.webdriver.WebDriver (session="eba48be2e4f9ba2c4aae7c280f5907f5")>
confluence_datasets = {'blog_id': '8639221', 'blogs': [['25717138', 'OMM'], ['25715212', 'BTVF'], ['25717200', 'FLVT'], ['25715242', 'JSDTC'...716062', 'CCMB'], ['25715953', 'GHT'], ...], 'custom_page_id': '40140995', 'custom_pages': [['40140995', 'TEST']], ...}
confluence_screen_shots = None

    def test_1_selenium_zscale_view_test_cases_by_status_macro_in_page(confluence_webdriver, confluence_datasets, confluence_screen_shots):
>       extension_ui.zscale_view_test_cases_by_status_macro_in_page(confluence_webdriver, confluence_datasets)

selenium_ui/confluence_ui.py:43: 
_ _ _ _ _ _ _ _ _ _ _ _ _ _ _ _ _ _ _ _ _ _ _ _ _ _ _ _ _ _ _ _ _ _ _ _ _ _ _ _ 
extension/confluence/extension_ui.py:69: in zscale_view_test_cases_by_status_macro_in_page
    measure()
_ _ _ _ _ _ _ _ _ _ _ _ _ _ _ _ _ _ _ _ _ _ _ _ _ _ _ _ _ _ _ _ _ _ _ _ _ _ _ _ 

    @functools.wraps(func)
    def wrapper():
        if LOGIN_ACTION_NAME in interaction:
            globals.login_failed = False
        if globals.login_failed:
            pytest.skip(f"login is failed")
        start = time.time()
        error_msg = 'Success'
        full_exception = ''
        try:
            func()
            success = True
        except Exception:
            success = False
            # https://docs.python.org/2/library/sys.html#sys.exc_info
            exc_type, full_exception = sys.exc_info()[:2]
            error_msg = f"Failed measure: {interaction} - {exc_type.__name__}"
        end = time.time()
        timing = str(int((end - start) * 1000))
    
        lockfile = f'{selenium_results_file}.lock'
    
        with filelock.SoftFileLock(lockfile):
            with open(selenium_results_file, "a+") as jtl_file:
                timestamp = round(time.time() * 1000)
                jtl_file.write(f"{timestamp},{timing},{interaction},,{error_msg},,{success},0,0,0,0,,0\n")
    
        print(f"{timestamp},{timing},{interaction},{error_msg},{success}")
    
        if not success:
            if LOGIN_ACTION_NAME in interaction:
                globals.login_failed = True
>           raise Exception(error_msg, full_exception)
E           Exception: ('Failed measure: view_test_cases_by_status_action - TimeoutException', TimeoutException("Error in wait_until: Timed out after 20 sec waiting for <selenium.webdriver.support.expected_conditions.visibility_of_element_located object at 0x7f40b78ad790>. \nLocator: ('tag name', 'macro-view')", None, None))

selenium_ui/conftest.py:155: Exception
05-25-2022, 10:38:39, 1653475119174, Action: test_1_selenium_zscale_view_test_cases_by_project_macro_in_page, Error: confluence_webdriver = <selenium.webdriver.chrome.webdriver.WebDriver (session="eba48be2e4f9ba2c4aae7c280f5907f5")>
confluence_datasets = {'blog_id': '8639221', 'blogs': [['25717138', 'OMM'], ['25715212', 'BTVF'], ['25717200', 'FLVT'], ['25715242', 'JSDTC'...716062', 'CCMB'], ['25715953', 'GHT'], ...], 'custom_page_id': '40140995', 'custom_pages': [['40140995', 'TEST']], ...}
confluence_screen_shots = None

    def test_1_selenium_zscale_view_test_cases_by_project_macro_in_page(confluence_webdriver, confluence_datasets, confluence_screen_shots):
>       extension_ui.zscale_view_test_cases_by_project_macro_in_page(confluence_webdriver, confluence_datasets)

selenium_ui/confluence_ui.py:46: 
_ _ _ _ _ _ _ _ _ _ _ _ _ _ _ _ _ _ _ _ _ _ _ _ _ _ _ _ _ _ _ _ _ _ _ _ _ _ _ _ 
extension/confluence/extension_ui.py:94: in zscale_view_test_cases_by_project_macro_in_page
    measure()
_ _ _ _ _ _ _ _ _ _ _ _ _ _ _ _ _ _ _ _ _ _ _ _ _ _ _ _ _ _ _ _ _ _ _ _ _ _ _ _ 

    @functools.wraps(func)
    def wrapper():
        if LOGIN_ACTION_NAME in interaction:
            globals.login_failed = False
        if globals.login_failed:
            pytest.skip(f"login is failed")
        start = time.time()
        error_msg = 'Success'
        full_exception = ''
        try:
            func()
            success = True
        except Exception:
            success = False
            # https://docs.python.org/2/library/sys.html#sys.exc_info
            exc_type, full_exception = sys.exc_info()[:2]
            error_msg = f"Failed measure: {interaction} - {exc_type.__name__}"
        end = time.time()
        timing = str(int((end - start) * 1000))
    
        lockfile = f'{selenium_results_file}.lock'
    
        with filelock.SoftFileLock(lockfile):
            with open(selenium_results_file, "a+") as jtl_file:
                timestamp = round(time.time() * 1000)
                jtl_file.write(f"{timestamp},{timing},{interaction},,{error_msg},,{success},0,0,0,0,,0\n")
    
        print(f"{timestamp},{timing},{interaction},{error_msg},{success}")
    
        if not success:
            if LOGIN_ACTION_NAME in interaction:
                globals.login_failed = True
>           raise Exception(error_msg, full_exception)
E           Exception: ('Failed measure: view_test_cases_by_project_action - TimeoutException', TimeoutException("Error in wait_until: Timed out after 20 sec waiting for <selenium.webdriver.support.expected_conditions.visibility_of_element_located object at 0x7f40b78840d0>. \nLocator: ('tag name', 'macro-view')", None, None))

selenium_ui/conftest.py:155: Exception
05-25-2022, 10:39:00, 1653475140602, Action: test_1_selenium_zscale_view_test_cases_by_folder_macro_in_page, Error: confluence_webdriver = <selenium.webdriver.chrome.webdriver.WebDriver (session="eba48be2e4f9ba2c4aae7c280f5907f5")>
confluence_datasets = {'blog_id': '8639221', 'blogs': [['25717138', 'OMM'], ['25715212', 'BTVF'], ['25717200', 'FLVT'], ['25715242', 'JSDTC'...716062', 'CCMB'], ['25715953', 'GHT'], ...], 'custom_page_id': '40140995', 'custom_pages': [['40140995', 'TEST']], ...}
confluence_screen_shots = None

    def test_1_selenium_zscale_view_test_cases_by_folder_macro_in_page(confluence_webdriver, confluence_datasets, confluence_screen_shots):
>       extension_ui.zscale_view_test_cases_by_folder_macro_in_page(confluence_webdriver, confluence_datasets)

selenium_ui/confluence_ui.py:49: 
_ _ _ _ _ _ _ _ _ _ _ _ _ _ _ _ _ _ _ _ _ _ _ _ _ _ _ _ _ _ _ _ _ _ _ _ _ _ _ _ 
extension/confluence/extension_ui.py:119: in zscale_view_test_cases_by_folder_macro_in_page
    measure()
_ _ _ _ _ _ _ _ _ _ _ _ _ _ _ _ _ _ _ _ _ _ _ _ _ _ _ _ _ _ _ _ _ _ _ _ _ _ _ _ 

    @functools.wraps(func)
    def wrapper():
        if LOGIN_ACTION_NAME in interaction:
            globals.login_failed = False
        if globals.login_failed:
            pytest.skip(f"login is failed")
        start = time.time()
        error_msg = 'Success'
        full_exception = ''
        try:
            func()
            success = True
        except Exception:
            success = False
            # https://docs.python.org/2/library/sys.html#sys.exc_info
            exc_type, full_exception = sys.exc_info()[:2]
            error_msg = f"Failed measure: {interaction} - {exc_type.__name__}"
        end = time.time()
        timing = str(int((end - start) * 1000))
    
        lockfile = f'{selenium_results_file}.lock'
    
        with filelock.SoftFileLock(lockfile):
            with open(selenium_results_file, "a+") as jtl_file:
                timestamp = round(time.time() * 1000)
                jtl_file.write(f"{timestamp},{timing},{interaction},,{error_msg},,{success},0,0,0,0,,0\n")
    
        print(f"{timestamp},{timing},{interaction},{error_msg},{success}")
    
        if not success:
            if LOGIN_ACTION_NAME in interaction:
                globals.login_failed = True
>           raise Exception(error_msg, full_exception)
E           Exception: ('Failed measure: view_test_cases_by_folder_action - TimeoutException', TimeoutException("Error in wait_until: Timed out after 20 sec waiting for <selenium.webdriver.support.expected_conditions.visibility_of_element_located object at 0x7f40b78dcb50>. \nLocator: ('tag name', 'macro-view')", None, None))

selenium_ui/conftest.py:155: Exception
05-25-2022, 10:39:27, 1653475167875, Action: test_1_selenium_zscale_view_test_cases_by_status_macro_in_page, Error: confluence_webdriver = <selenium.webdriver.chrome.webdriver.WebDriver (session="eba48be2e4f9ba2c4aae7c280f5907f5")>
confluence_datasets = {'blog_id': '25848564', 'blogs': [['25717138', 'OMM'], ['25715212', 'BTVF'], ['25717200', 'FLVT'], ['25715242', 'JSDTC...716062', 'CCMB'], ['25715953', 'GHT'], ...], 'custom_page_id': '40140995', 'custom_pages': [['40140995', 'TEST']], ...}
confluence_screen_shots = None

    def test_1_selenium_zscale_view_test_cases_by_status_macro_in_page(confluence_webdriver, confluence_datasets, confluence_screen_shots):
>       extension_ui.zscale_view_test_cases_by_status_macro_in_page(confluence_webdriver, confluence_datasets)

selenium_ui/confluence_ui.py:43: 
_ _ _ _ _ _ _ _ _ _ _ _ _ _ _ _ _ _ _ _ _ _ _ _ _ _ _ _ _ _ _ _ _ _ _ _ _ _ _ _ 
extension/confluence/extension_ui.py:69: in zscale_view_test_cases_by_status_macro_in_page
    measure()
_ _ _ _ _ _ _ _ _ _ _ _ _ _ _ _ _ _ _ _ _ _ _ _ _ _ _ _ _ _ _ _ _ _ _ _ _ _ _ _ 

    @functools.wraps(func)
    def wrapper():
        if LOGIN_ACTION_NAME in interaction:
            globals.login_failed = False
        if globals.login_failed:
            pytest.skip(f"login is failed")
        start = time.time()
        error_msg = 'Success'
        full_exception = ''
        try:
            func()
            success = True
        except Exception:
            success = False
            # https://docs.python.org/2/library/sys.html#sys.exc_info
            exc_type, full_exception = sys.exc_info()[:2]
            error_msg = f"Failed measure: {interaction} - {exc_type.__name__}"
        end = time.time()
        timing = str(int((end - start) * 1000))
    
        lockfile = f'{selenium_results_file}.lock'
    
        with filelock.SoftFileLock(lockfile):
            with open(selenium_results_file, "a+") as jtl_file:
                timestamp = round(time.time() * 1000)
                jtl_file.write(f"{timestamp},{timing},{interaction},,{error_msg},,{success},0,0,0,0,,0\n")
    
        print(f"{timestamp},{timing},{interaction},{error_msg},{success}")
    
        if not success:
            if LOGIN_ACTION_NAME in interaction:
                globals.login_failed = True
>           raise Exception(error_msg, full_exception)
E           Exception: ('Failed measure: view_test_cases_by_status_action - TimeoutException', TimeoutException("Error in wait_until: Timed out after 20 sec waiting for <selenium.webdriver.support.expected_conditions.visibility_of_element_located object at 0x7f40b7856280>. \nLocator: ('tag name', 'macro-view')", None, None))

selenium_ui/conftest.py:155: Exception
05-25-2022, 10:39:49, 1653475189325, Action: test_1_selenium_zscale_view_test_cases_by_project_macro_in_page, Error: confluence_webdriver = <selenium.webdriver.chrome.webdriver.WebDriver (session="eba48be2e4f9ba2c4aae7c280f5907f5")>
confluence_datasets = {'blog_id': '25848564', 'blogs': [['25717138', 'OMM'], ['25715212', 'BTVF'], ['25717200', 'FLVT'], ['25715242', 'JSDTC...716062', 'CCMB'], ['25715953', 'GHT'], ...], 'custom_page_id': '40140995', 'custom_pages': [['40140995', 'TEST']], ...}
confluence_screen_shots = None

    def test_1_selenium_zscale_view_test_cases_by_project_macro_in_page(confluence_webdriver, confluence_datasets, confluence_screen_shots):
>       extension_ui.zscale_view_test_cases_by_project_macro_in_page(confluence_webdriver, confluence_datasets)

selenium_ui/confluence_ui.py:46: 
_ _ _ _ _ _ _ _ _ _ _ _ _ _ _ _ _ _ _ _ _ _ _ _ _ _ _ _ _ _ _ _ _ _ _ _ _ _ _ _ 
extension/confluence/extension_ui.py:94: in zscale_view_test_cases_by_project_macro_in_page
    measure()
_ _ _ _ _ _ _ _ _ _ _ _ _ _ _ _ _ _ _ _ _ _ _ _ _ _ _ _ _ _ _ _ _ _ _ _ _ _ _ _ 

    @functools.wraps(func)
    def wrapper():
        if LOGIN_ACTION_NAME in interaction:
            globals.login_failed = False
        if globals.login_failed:
            pytest.skip(f"login is failed")
        start = time.time()
        error_msg = 'Success'
        full_exception = ''
        try:
            func()
            success = True
        except Exception:
            success = False
            # https://docs.python.org/2/library/sys.html#sys.exc_info
            exc_type, full_exception = sys.exc_info()[:2]
            error_msg = f"Failed measure: {interaction} - {exc_type.__name__}"
        end = time.time()
        timing = str(int((end - start) * 1000))
    
        lockfile = f'{selenium_results_file}.lock'
    
        with filelock.SoftFileLock(lockfile):
            with open(selenium_results_file, "a+") as jtl_file:
                timestamp = round(time.time() * 1000)
                jtl_file.write(f"{timestamp},{timing},{interaction},,{error_msg},,{success},0,0,0,0,,0\n")
    
        print(f"{timestamp},{timing},{interaction},{error_msg},{success}")
    
        if not success:
            if LOGIN_ACTION_NAME in interaction:
                globals.login_failed = True
>           raise Exception(error_msg, full_exception)
E           Exception: ('Failed measure: view_test_cases_by_project_action - TimeoutException', TimeoutException("Error in wait_until: Timed out after 20 sec waiting for <selenium.webdriver.support.expected_conditions.visibility_of_element_located object at 0x7f40b77ac9a0>. \nLocator: ('tag name', 'macro-view')", None, None))

selenium_ui/conftest.py:155: Exception
05-25-2022, 10:40:10, 1653475210745, Action: test_1_selenium_zscale_view_test_cases_by_folder_macro_in_page, Error: confluence_webdriver = <selenium.webdriver.chrome.webdriver.WebDriver (session="eba48be2e4f9ba2c4aae7c280f5907f5")>
confluence_datasets = {'blog_id': '25848564', 'blogs': [['25717138', 'OMM'], ['25715212', 'BTVF'], ['25717200', 'FLVT'], ['25715242', 'JSDTC...716062', 'CCMB'], ['25715953', 'GHT'], ...], 'custom_page_id': '40140995', 'custom_pages': [['40140995', 'TEST']], ...}
confluence_screen_shots = None

    def test_1_selenium_zscale_view_test_cases_by_folder_macro_in_page(confluence_webdriver, confluence_datasets, confluence_screen_shots):
>       extension_ui.zscale_view_test_cases_by_folder_macro_in_page(confluence_webdriver, confluence_datasets)

selenium_ui/confluence_ui.py:49: 
_ _ _ _ _ _ _ _ _ _ _ _ _ _ _ _ _ _ _ _ _ _ _ _ _ _ _ _ _ _ _ _ _ _ _ _ _ _ _ _ 
extension/confluence/extension_ui.py:119: in zscale_view_test_cases_by_folder_macro_in_page
    measure()
_ _ _ _ _ _ _ _ _ _ _ _ _ _ _ _ _ _ _ _ _ _ _ _ _ _ _ _ _ _ _ _ _ _ _ _ _ _ _ _ 

    @functools.wraps(func)
    def wrapper():
        if LOGIN_ACTION_NAME in interaction:
            globals.login_failed = False
        if globals.login_failed:
            pytest.skip(f"login is failed")
        start = time.time()
        error_msg = 'Success'
        full_exception = ''
        try:
            func()
            success = True
        except Exception:
            success = False
            # https://docs.python.org/2/library/sys.html#sys.exc_info
            exc_type, full_exception = sys.exc_info()[:2]
            error_msg = f"Failed measure: {interaction} - {exc_type.__name__}"
        end = time.time()
        timing = str(int((end - start) * 1000))
    
        lockfile = f'{selenium_results_file}.lock'
    
        with filelock.SoftFileLock(lockfile):
            with open(selenium_results_file, "a+") as jtl_file:
                timestamp = round(time.time() * 1000)
                jtl_file.write(f"{timestamp},{timing},{interaction},,{error_msg},,{success},0,0,0,0,,0\n")
    
        print(f"{timestamp},{timing},{interaction},{error_msg},{success}")
    
        if not success:
            if LOGIN_ACTION_NAME in interaction:
                globals.login_failed = True
>           raise Exception(error_msg, full_exception)
E           Exception: ('Failed measure: view_test_cases_by_folder_action - TimeoutException', TimeoutException("Error in wait_until: Timed out after 20 sec waiting for <selenium.webdriver.support.expected_conditions.visibility_of_element_located object at 0x7f40b77ed910>. \nLocator: ('tag name', 'macro-view')", None, None))

selenium_ui/conftest.py:155: Exception
05-25-2022, 10:40:39, 1653475239467, Action: test_1_selenium_zscale_view_test_cases_by_status_macro_in_page, Error: confluence_webdriver = <selenium.webdriver.chrome.webdriver.WebDriver (session="eba48be2e4f9ba2c4aae7c280f5907f5")>
confluence_datasets = {'blog_id': '3551324', 'blogs': [['25717138', 'OMM'], ['25715212', 'BTVF'], ['25717200', 'FLVT'], ['25715242', 'JSDTC'...716062', 'CCMB'], ['25715953', 'GHT'], ...], 'custom_page_id': '40140995', 'custom_pages': [['40140995', 'TEST']], ...}
confluence_screen_shots = None

    def test_1_selenium_zscale_view_test_cases_by_status_macro_in_page(confluence_webdriver, confluence_datasets, confluence_screen_shots):
>       extension_ui.zscale_view_test_cases_by_status_macro_in_page(confluence_webdriver, confluence_datasets)

selenium_ui/confluence_ui.py:43: 
_ _ _ _ _ _ _ _ _ _ _ _ _ _ _ _ _ _ _ _ _ _ _ _ _ _ _ _ _ _ _ _ _ _ _ _ _ _ _ _ 
extension/confluence/extension_ui.py:69: in zscale_view_test_cases_by_status_macro_in_page
    measure()
_ _ _ _ _ _ _ _ _ _ _ _ _ _ _ _ _ _ _ _ _ _ _ _ _ _ _ _ _ _ _ _ _ _ _ _ _ _ _ _ 

    @functools.wraps(func)
    def wrapper():
        if LOGIN_ACTION_NAME in interaction:
            globals.login_failed = False
        if globals.login_failed:
            pytest.skip(f"login is failed")
        start = time.time()
        error_msg = 'Success'
        full_exception = ''
        try:
            func()
            success = True
        except Exception:
            success = False
            # https://docs.python.org/2/library/sys.html#sys.exc_info
            exc_type, full_exception = sys.exc_info()[:2]
            error_msg = f"Failed measure: {interaction} - {exc_type.__name__}"
        end = time.time()
        timing = str(int((end - start) * 1000))
    
        lockfile = f'{selenium_results_file}.lock'
    
        with filelock.SoftFileLock(lockfile):
            with open(selenium_results_file, "a+") as jtl_file:
                timestamp = round(time.time() * 1000)
                jtl_file.write(f"{timestamp},{timing},{interaction},,{error_msg},,{success},0,0,0,0,,0\n")
    
        print(f"{timestamp},{timing},{interaction},{error_msg},{success}")
    
        if not success:
            if LOGIN_ACTION_NAME in interaction:
                globals.login_failed = True
>           raise Exception(error_msg, full_exception)
E           Exception: ('Failed measure: view_test_cases_by_status_action - TimeoutException', TimeoutException("Error in wait_until: Timed out after 20 sec waiting for <selenium.webdriver.support.expected_conditions.visibility_of_element_located object at 0x7f40b7774730>. \nLocator: ('tag name', 'macro-view')", None, None))

selenium_ui/conftest.py:155: Exception
05-25-2022, 10:41:00, 1653475260918, Action: test_1_selenium_zscale_view_test_cases_by_project_macro_in_page, Error: confluence_webdriver = <selenium.webdriver.chrome.webdriver.WebDriver (session="eba48be2e4f9ba2c4aae7c280f5907f5")>
confluence_datasets = {'blog_id': '3551324', 'blogs': [['25717138', 'OMM'], ['25715212', 'BTVF'], ['25717200', 'FLVT'], ['25715242', 'JSDTC'...716062', 'CCMB'], ['25715953', 'GHT'], ...], 'custom_page_id': '40140995', 'custom_pages': [['40140995', 'TEST']], ...}
confluence_screen_shots = None

    def test_1_selenium_zscale_view_test_cases_by_project_macro_in_page(confluence_webdriver, confluence_datasets, confluence_screen_shots):
>       extension_ui.zscale_view_test_cases_by_project_macro_in_page(confluence_webdriver, confluence_datasets)

selenium_ui/confluence_ui.py:46: 
_ _ _ _ _ _ _ _ _ _ _ _ _ _ _ _ _ _ _ _ _ _ _ _ _ _ _ _ _ _ _ _ _ _ _ _ _ _ _ _ 
extension/confluence/extension_ui.py:94: in zscale_view_test_cases_by_project_macro_in_page
    measure()
_ _ _ _ _ _ _ _ _ _ _ _ _ _ _ _ _ _ _ _ _ _ _ _ _ _ _ _ _ _ _ _ _ _ _ _ _ _ _ _ 

    @functools.wraps(func)
    def wrapper():
        if LOGIN_ACTION_NAME in interaction:
            globals.login_failed = False
        if globals.login_failed:
            pytest.skip(f"login is failed")
        start = time.time()
        error_msg = 'Success'
        full_exception = ''
        try:
            func()
            success = True
        except Exception:
            success = False
            # https://docs.python.org/2/library/sys.html#sys.exc_info
            exc_type, full_exception = sys.exc_info()[:2]
            error_msg = f"Failed measure: {interaction} - {exc_type.__name__}"
        end = time.time()
        timing = str(int((end - start) * 1000))
    
        lockfile = f'{selenium_results_file}.lock'
    
        with filelock.SoftFileLock(lockfile):
            with open(selenium_results_file, "a+") as jtl_file:
                timestamp = round(time.time() * 1000)
                jtl_file.write(f"{timestamp},{timing},{interaction},,{error_msg},,{success},0,0,0,0,,0\n")
    
        print(f"{timestamp},{timing},{interaction},{error_msg},{success}")
    
        if not success:
            if LOGIN_ACTION_NAME in interaction:
                globals.login_failed = True
>           raise Exception(error_msg, full_exception)
E           Exception: ('Failed measure: view_test_cases_by_project_action - TimeoutException', TimeoutException("Error in wait_until: Timed out after 20 sec waiting for <selenium.webdriver.support.expected_conditions.visibility_of_element_located object at 0x7f40b776ddc0>. \nLocator: ('tag name', 'macro-view')", None, None))

selenium_ui/conftest.py:155: Exception
05-25-2022, 10:41:22, 1653475282340, Action: test_1_selenium_zscale_view_test_cases_by_folder_macro_in_page, Error: confluence_webdriver = <selenium.webdriver.chrome.webdriver.WebDriver (session="eba48be2e4f9ba2c4aae7c280f5907f5")>
confluence_datasets = {'blog_id': '3551324', 'blogs': [['25717138', 'OMM'], ['25715212', 'BTVF'], ['25717200', 'FLVT'], ['25715242', 'JSDTC'...716062', 'CCMB'], ['25715953', 'GHT'], ...], 'custom_page_id': '40140995', 'custom_pages': [['40140995', 'TEST']], ...}
confluence_screen_shots = None

    def test_1_selenium_zscale_view_test_cases_by_folder_macro_in_page(confluence_webdriver, confluence_datasets, confluence_screen_shots):
>       extension_ui.zscale_view_test_cases_by_folder_macro_in_page(confluence_webdriver, confluence_datasets)

selenium_ui/confluence_ui.py:49: 
_ _ _ _ _ _ _ _ _ _ _ _ _ _ _ _ _ _ _ _ _ _ _ _ _ _ _ _ _ _ _ _ _ _ _ _ _ _ _ _ 
extension/confluence/extension_ui.py:119: in zscale_view_test_cases_by_folder_macro_in_page
    measure()
_ _ _ _ _ _ _ _ _ _ _ _ _ _ _ _ _ _ _ _ _ _ _ _ _ _ _ _ _ _ _ _ _ _ _ _ _ _ _ _ 

    @functools.wraps(func)
    def wrapper():
        if LOGIN_ACTION_NAME in interaction:
            globals.login_failed = False
        if globals.login_failed:
            pytest.skip(f"login is failed")
        start = time.time()
        error_msg = 'Success'
        full_exception = ''
        try:
            func()
            success = True
        except Exception:
            success = False
            # https://docs.python.org/2/library/sys.html#sys.exc_info
            exc_type, full_exception = sys.exc_info()[:2]
            error_msg = f"Failed measure: {interaction} - {exc_type.__name__}"
        end = time.time()
        timing = str(int((end - start) * 1000))
    
        lockfile = f'{selenium_results_file}.lock'
    
        with filelock.SoftFileLock(lockfile):
            with open(selenium_results_file, "a+") as jtl_file:
                timestamp = round(time.time() * 1000)
                jtl_file.write(f"{timestamp},{timing},{interaction},,{error_msg},,{success},0,0,0,0,,0\n")
    
        print(f"{timestamp},{timing},{interaction},{error_msg},{success}")
    
        if not success:
            if LOGIN_ACTION_NAME in interaction:
                globals.login_failed = True
>           raise Exception(error_msg, full_exception)
E           Exception: ('Failed measure: view_test_cases_by_folder_action - TimeoutException', TimeoutException("Error in wait_until: Timed out after 20 sec waiting for <selenium.webdriver.support.expected_conditions.visibility_of_element_located object at 0x7f40b77726a0>. \nLocator: ('tag name', 'macro-view')", None, None))

selenium_ui/conftest.py:155: Exception
05-25-2022, 10:41:52, 1653475312049, Action: test_1_selenium_zscale_view_test_cases_by_status_macro_in_page, Error: confluence_webdriver = <selenium.webdriver.chrome.webdriver.WebDriver (session="eba48be2e4f9ba2c4aae7c280f5907f5")>
confluence_datasets = {'blog_id': '7322225', 'blogs': [['25717138', 'OMM'], ['25715212', 'BTVF'], ['25717200', 'FLVT'], ['25715242', 'JSDTC'...716062', 'CCMB'], ['25715953', 'GHT'], ...], 'custom_page_id': '40140995', 'custom_pages': [['40140995', 'TEST']], ...}
confluence_screen_shots = None

    def test_1_selenium_zscale_view_test_cases_by_status_macro_in_page(confluence_webdriver, confluence_datasets, confluence_screen_shots):
>       extension_ui.zscale_view_test_cases_by_status_macro_in_page(confluence_webdriver, confluence_datasets)

selenium_ui/confluence_ui.py:43: 
_ _ _ _ _ _ _ _ _ _ _ _ _ _ _ _ _ _ _ _ _ _ _ _ _ _ _ _ _ _ _ _ _ _ _ _ _ _ _ _ 
extension/confluence/extension_ui.py:69: in zscale_view_test_cases_by_status_macro_in_page
    measure()
_ _ _ _ _ _ _ _ _ _ _ _ _ _ _ _ _ _ _ _ _ _ _ _ _ _ _ _ _ _ _ _ _ _ _ _ _ _ _ _ 

    @functools.wraps(func)
    def wrapper():
        if LOGIN_ACTION_NAME in interaction:
            globals.login_failed = False
        if globals.login_failed:
            pytest.skip(f"login is failed")
        start = time.time()
        error_msg = 'Success'
        full_exception = ''
        try:
            func()
            success = True
        except Exception:
            success = False
            # https://docs.python.org/2/library/sys.html#sys.exc_info
            exc_type, full_exception = sys.exc_info()[:2]
            error_msg = f"Failed measure: {interaction} - {exc_type.__name__}"
        end = time.time()
        timing = str(int((end - start) * 1000))
    
        lockfile = f'{selenium_results_file}.lock'
    
        with filelock.SoftFileLock(lockfile):
            with open(selenium_results_file, "a+") as jtl_file:
                timestamp = round(time.time() * 1000)
                jtl_file.write(f"{timestamp},{timing},{interaction},,{error_msg},,{success},0,0,0,0,,0\n")
    
        print(f"{timestamp},{timing},{interaction},{error_msg},{success}")
    
        if not success:
            if LOGIN_ACTION_NAME in interaction:
                globals.login_failed = True
>           raise Exception(error_msg, full_exception)
E           Exception: ('Failed measure: view_test_cases_by_status_action - TimeoutException', TimeoutException("Error in wait_until: Timed out after 20 sec waiting for <selenium.webdriver.support.expected_conditions.visibility_of_element_located object at 0x7f40b8868670>. \nLocator: ('tag name', 'macro-view')", None, None))

selenium_ui/conftest.py:155: Exception
05-25-2022, 10:42:13, 1653475333432, Action: test_1_selenium_zscale_view_test_cases_by_project_macro_in_page, Error: confluence_webdriver = <selenium.webdriver.chrome.webdriver.WebDriver (session="eba48be2e4f9ba2c4aae7c280f5907f5")>
confluence_datasets = {'blog_id': '7322225', 'blogs': [['25717138', 'OMM'], ['25715212', 'BTVF'], ['25717200', 'FLVT'], ['25715242', 'JSDTC'...716062', 'CCMB'], ['25715953', 'GHT'], ...], 'custom_page_id': '40140995', 'custom_pages': [['40140995', 'TEST']], ...}
confluence_screen_shots = None

    def test_1_selenium_zscale_view_test_cases_by_project_macro_in_page(confluence_webdriver, confluence_datasets, confluence_screen_shots):
>       extension_ui.zscale_view_test_cases_by_project_macro_in_page(confluence_webdriver, confluence_datasets)

selenium_ui/confluence_ui.py:46: 
_ _ _ _ _ _ _ _ _ _ _ _ _ _ _ _ _ _ _ _ _ _ _ _ _ _ _ _ _ _ _ _ _ _ _ _ _ _ _ _ 
extension/confluence/extension_ui.py:94: in zscale_view_test_cases_by_project_macro_in_page
    measure()
_ _ _ _ _ _ _ _ _ _ _ _ _ _ _ _ _ _ _ _ _ _ _ _ _ _ _ _ _ _ _ _ _ _ _ _ _ _ _ _ 

    @functools.wraps(func)
    def wrapper():
        if LOGIN_ACTION_NAME in interaction:
            globals.login_failed = False
        if globals.login_failed:
            pytest.skip(f"login is failed")
        start = time.time()
        error_msg = 'Success'
        full_exception = ''
        try:
            func()
            success = True
        except Exception:
            success = False
            # https://docs.python.org/2/library/sys.html#sys.exc_info
            exc_type, full_exception = sys.exc_info()[:2]
            error_msg = f"Failed measure: {interaction} - {exc_type.__name__}"
        end = time.time()
        timing = str(int((end - start) * 1000))
    
        lockfile = f'{selenium_results_file}.lock'
    
        with filelock.SoftFileLock(lockfile):
            with open(selenium_results_file, "a+") as jtl_file:
                timestamp = round(time.time() * 1000)
                jtl_file.write(f"{timestamp},{timing},{interaction},,{error_msg},,{success},0,0,0,0,,0\n")
    
        print(f"{timestamp},{timing},{interaction},{error_msg},{success}")
    
        if not success:
            if LOGIN_ACTION_NAME in interaction:
                globals.login_failed = True
>           raise Exception(error_msg, full_exception)
E           Exception: ('Failed measure: view_test_cases_by_project_action - TimeoutException', TimeoutException("Error in wait_until: Timed out after 20 sec waiting for <selenium.webdriver.support.expected_conditions.visibility_of_element_located object at 0x7f40b8d463a0>. \nLocator: ('tag name', 'macro-view')", None, None))

selenium_ui/conftest.py:155: Exception
05-25-2022, 10:42:34, 1653475354844, Action: test_1_selenium_zscale_view_test_cases_by_folder_macro_in_page, Error: confluence_webdriver = <selenium.webdriver.chrome.webdriver.WebDriver (session="eba48be2e4f9ba2c4aae7c280f5907f5")>
confluence_datasets = {'blog_id': '7322225', 'blogs': [['25717138', 'OMM'], ['25715212', 'BTVF'], ['25717200', 'FLVT'], ['25715242', 'JSDTC'...716062', 'CCMB'], ['25715953', 'GHT'], ...], 'custom_page_id': '40140995', 'custom_pages': [['40140995', 'TEST']], ...}
confluence_screen_shots = None

    def test_1_selenium_zscale_view_test_cases_by_folder_macro_in_page(confluence_webdriver, confluence_datasets, confluence_screen_shots):
>       extension_ui.zscale_view_test_cases_by_folder_macro_in_page(confluence_webdriver, confluence_datasets)

selenium_ui/confluence_ui.py:49: 
_ _ _ _ _ _ _ _ _ _ _ _ _ _ _ _ _ _ _ _ _ _ _ _ _ _ _ _ _ _ _ _ _ _ _ _ _ _ _ _ 
extension/confluence/extension_ui.py:119: in zscale_view_test_cases_by_folder_macro_in_page
    measure()
_ _ _ _ _ _ _ _ _ _ _ _ _ _ _ _ _ _ _ _ _ _ _ _ _ _ _ _ _ _ _ _ _ _ _ _ _ _ _ _ 

    @functools.wraps(func)
    def wrapper():
        if LOGIN_ACTION_NAME in interaction:
            globals.login_failed = False
        if globals.login_failed:
            pytest.skip(f"login is failed")
        start = time.time()
        error_msg = 'Success'
        full_exception = ''
        try:
            func()
            success = True
        except Exception:
            success = False
            # https://docs.python.org/2/library/sys.html#sys.exc_info
            exc_type, full_exception = sys.exc_info()[:2]
            error_msg = f"Failed measure: {interaction} - {exc_type.__name__}"
        end = time.time()
        timing = str(int((end - start) * 1000))
    
        lockfile = f'{selenium_results_file}.lock'
    
        with filelock.SoftFileLock(lockfile):
            with open(selenium_results_file, "a+") as jtl_file:
                timestamp = round(time.time() * 1000)
                jtl_file.write(f"{timestamp},{timing},{interaction},,{error_msg},,{success},0,0,0,0,,0\n")
    
        print(f"{timestamp},{timing},{interaction},{error_msg},{success}")
    
        if not success:
            if LOGIN_ACTION_NAME in interaction:
                globals.login_failed = True
>           raise Exception(error_msg, full_exception)
E           Exception: ('Failed measure: view_test_cases_by_folder_action - TimeoutException', TimeoutException("Error in wait_until: Timed out after 20 sec waiting for <selenium.webdriver.support.expected_conditions.visibility_of_element_located object at 0x7f40b8388b20>. \nLocator: ('tag name', 'macro-view')", None, None))

selenium_ui/conftest.py:155: Exception
05-25-2022, 10:43:04, 1653475384062, Action: test_1_selenium_zscale_view_test_cases_by_status_macro_in_page, Error: confluence_webdriver = <selenium.webdriver.chrome.webdriver.WebDriver (session="eba48be2e4f9ba2c4aae7c280f5907f5")>
confluence_datasets = {'blog_id': '3560076', 'blogs': [['25717138', 'OMM'], ['25715212', 'BTVF'], ['25717200', 'FLVT'], ['25715242', 'JSDTC'...716062', 'CCMB'], ['25715953', 'GHT'], ...], 'custom_page_id': '40140995', 'custom_pages': [['40140995', 'TEST']], ...}
confluence_screen_shots = None

    def test_1_selenium_zscale_view_test_cases_by_status_macro_in_page(confluence_webdriver, confluence_datasets, confluence_screen_shots):
>       extension_ui.zscale_view_test_cases_by_status_macro_in_page(confluence_webdriver, confluence_datasets)

selenium_ui/confluence_ui.py:43: 
_ _ _ _ _ _ _ _ _ _ _ _ _ _ _ _ _ _ _ _ _ _ _ _ _ _ _ _ _ _ _ _ _ _ _ _ _ _ _ _ 
extension/confluence/extension_ui.py:69: in zscale_view_test_cases_by_status_macro_in_page
    measure()
_ _ _ _ _ _ _ _ _ _ _ _ _ _ _ _ _ _ _ _ _ _ _ _ _ _ _ _ _ _ _ _ _ _ _ _ _ _ _ _ 

    @functools.wraps(func)
    def wrapper():
        if LOGIN_ACTION_NAME in interaction:
            globals.login_failed = False
        if globals.login_failed:
            pytest.skip(f"login is failed")
        start = time.time()
        error_msg = 'Success'
        full_exception = ''
        try:
            func()
            success = True
        except Exception:
            success = False
            # https://docs.python.org/2/library/sys.html#sys.exc_info
            exc_type, full_exception = sys.exc_info()[:2]
            error_msg = f"Failed measure: {interaction} - {exc_type.__name__}"
        end = time.time()
        timing = str(int((end - start) * 1000))
    
        lockfile = f'{selenium_results_file}.lock'
    
        with filelock.SoftFileLock(lockfile):
            with open(selenium_results_file, "a+") as jtl_file:
                timestamp = round(time.time() * 1000)
                jtl_file.write(f"{timestamp},{timing},{interaction},,{error_msg},,{success},0,0,0,0,,0\n")
    
        print(f"{timestamp},{timing},{interaction},{error_msg},{success}")
    
        if not success:
            if LOGIN_ACTION_NAME in interaction:
                globals.login_failed = True
>           raise Exception(error_msg, full_exception)
E           Exception: ('Failed measure: view_test_cases_by_status_action - TimeoutException', TimeoutException("Error in wait_until: Timed out after 20 sec waiting for <selenium.webdriver.support.expected_conditions.visibility_of_element_located object at 0x7f40b78a0fa0>. \nLocator: ('tag name', 'macro-view')", None, None))

selenium_ui/conftest.py:155: Exception
05-25-2022, 10:43:25, 1653475405468, Action: test_1_selenium_zscale_view_test_cases_by_project_macro_in_page, Error: confluence_webdriver = <selenium.webdriver.chrome.webdriver.WebDriver (session="eba48be2e4f9ba2c4aae7c280f5907f5")>
confluence_datasets = {'blog_id': '3560076', 'blogs': [['25717138', 'OMM'], ['25715212', 'BTVF'], ['25717200', 'FLVT'], ['25715242', 'JSDTC'...716062', 'CCMB'], ['25715953', 'GHT'], ...], 'custom_page_id': '40140995', 'custom_pages': [['40140995', 'TEST']], ...}
confluence_screen_shots = None

    def test_1_selenium_zscale_view_test_cases_by_project_macro_in_page(confluence_webdriver, confluence_datasets, confluence_screen_shots):
>       extension_ui.zscale_view_test_cases_by_project_macro_in_page(confluence_webdriver, confluence_datasets)

selenium_ui/confluence_ui.py:46: 
_ _ _ _ _ _ _ _ _ _ _ _ _ _ _ _ _ _ _ _ _ _ _ _ _ _ _ _ _ _ _ _ _ _ _ _ _ _ _ _ 
extension/confluence/extension_ui.py:94: in zscale_view_test_cases_by_project_macro_in_page
    measure()
_ _ _ _ _ _ _ _ _ _ _ _ _ _ _ _ _ _ _ _ _ _ _ _ _ _ _ _ _ _ _ _ _ _ _ _ _ _ _ _ 

    @functools.wraps(func)
    def wrapper():
        if LOGIN_ACTION_NAME in interaction:
            globals.login_failed = False
        if globals.login_failed:
            pytest.skip(f"login is failed")
        start = time.time()
        error_msg = 'Success'
        full_exception = ''
        try:
            func()
            success = True
        except Exception:
            success = False
            # https://docs.python.org/2/library/sys.html#sys.exc_info
            exc_type, full_exception = sys.exc_info()[:2]
            error_msg = f"Failed measure: {interaction} - {exc_type.__name__}"
        end = time.time()
        timing = str(int((end - start) * 1000))
    
        lockfile = f'{selenium_results_file}.lock'
    
        with filelock.SoftFileLock(lockfile):
            with open(selenium_results_file, "a+") as jtl_file:
                timestamp = round(time.time() * 1000)
                jtl_file.write(f"{timestamp},{timing},{interaction},,{error_msg},,{success},0,0,0,0,,0\n")
    
        print(f"{timestamp},{timing},{interaction},{error_msg},{success}")
    
        if not success:
            if LOGIN_ACTION_NAME in interaction:
                globals.login_failed = True
>           raise Exception(error_msg, full_exception)
E           Exception: ('Failed measure: view_test_cases_by_project_action - TimeoutException', TimeoutException("Error in wait_until: Timed out after 20 sec waiting for <selenium.webdriver.support.expected_conditions.visibility_of_element_located object at 0x7f40b8336370>. \nLocator: ('tag name', 'macro-view')", None, None))

selenium_ui/conftest.py:155: Exception
05-25-2022, 10:43:46, 1653475426837, Action: test_1_selenium_zscale_view_test_cases_by_folder_macro_in_page, Error: confluence_webdriver = <selenium.webdriver.chrome.webdriver.WebDriver (session="eba48be2e4f9ba2c4aae7c280f5907f5")>
confluence_datasets = {'blog_id': '3560076', 'blogs': [['25717138', 'OMM'], ['25715212', 'BTVF'], ['25717200', 'FLVT'], ['25715242', 'JSDTC'...716062', 'CCMB'], ['25715953', 'GHT'], ...], 'custom_page_id': '40140995', 'custom_pages': [['40140995', 'TEST']], ...}
confluence_screen_shots = None

    def test_1_selenium_zscale_view_test_cases_by_folder_macro_in_page(confluence_webdriver, confluence_datasets, confluence_screen_shots):
>       extension_ui.zscale_view_test_cases_by_folder_macro_in_page(confluence_webdriver, confluence_datasets)

selenium_ui/confluence_ui.py:49: 
_ _ _ _ _ _ _ _ _ _ _ _ _ _ _ _ _ _ _ _ _ _ _ _ _ _ _ _ _ _ _ _ _ _ _ _ _ _ _ _ 
extension/confluence/extension_ui.py:119: in zscale_view_test_cases_by_folder_macro_in_page
    measure()
_ _ _ _ _ _ _ _ _ _ _ _ _ _ _ _ _ _ _ _ _ _ _ _ _ _ _ _ _ _ _ _ _ _ _ _ _ _ _ _ 

    @functools.wraps(func)
    def wrapper():
        if LOGIN_ACTION_NAME in interaction:
            globals.login_failed = False
        if globals.login_failed:
            pytest.skip(f"login is failed")
        start = time.time()
        error_msg = 'Success'
        full_exception = ''
        try:
            func()
            success = True
        except Exception:
            success = False
            # https://docs.python.org/2/library/sys.html#sys.exc_info
            exc_type, full_exception = sys.exc_info()[:2]
            error_msg = f"Failed measure: {interaction} - {exc_type.__name__}"
        end = time.time()
        timing = str(int((end - start) * 1000))
    
        lockfile = f'{selenium_results_file}.lock'
    
        with filelock.SoftFileLock(lockfile):
            with open(selenium_results_file, "a+") as jtl_file:
                timestamp = round(time.time() * 1000)
                jtl_file.write(f"{timestamp},{timing},{interaction},,{error_msg},,{success},0,0,0,0,,0\n")
    
        print(f"{timestamp},{timing},{interaction},{error_msg},{success}")
    
        if not success:
            if LOGIN_ACTION_NAME in interaction:
                globals.login_failed = True
>           raise Exception(error_msg, full_exception)
E           Exception: ('Failed measure: view_test_cases_by_folder_action - TimeoutException', TimeoutException("Error in wait_until: Timed out after 20 sec waiting for <selenium.webdriver.support.expected_conditions.visibility_of_element_located object at 0x7f40b835b3d0>. \nLocator: ('tag name', 'macro-view')", None, None))

selenium_ui/conftest.py:155: Exception
