05-25-2022, 07:49:42, 1653464982773, Action: test_1_selenium_zscale_view_test_cases_by_status_macro_in_page, Error: confluence_webdriver = <selenium.webdriver.chrome.webdriver.WebDriver (session="ecdecf98982d3c3b4bd032dfd9797808")>
confluence_datasets = {'blog_id': '3566259', 'blogs': [['25717138', 'OMM'], ['25715212', 'BTVF'], ['25717200', 'FLVT'], ['25715242', 'JSDTC'...716062', 'CCMB'], ['25715953', 'GHT'], ...], 'custom_page_id': '40140995', 'custom_pages': [['40140995', 'TEST']], ...}
confluence_screen_shots = None

    def test_1_selenium_zscale_view_test_cases_by_status_macro_in_page(confluence_webdriver, confluence_datasets, confluence_screen_shots):
>       extension_ui.zscale_view_test_cases_by_status_macro_in_page(confluence_webdriver, confluence_datasets)

selenium_ui/confluence_ui.py:43: 
_ _ _ _ _ _ _ _ _ _ _ _ _ _ _ _ _ _ _ _ _ _ _ _ _ _ _ _ _ _ _ _ _ _ _ _ _ _ _ _ 
extension/confluence/extension_ui.py:69: in zscale_view_test_cases_by_status_macro_in_page
    measure()
_ _ _ _ _ _ _ _ _ _ _ _ _ _ _ _ _ _ _ _ _ _ _ _ _ _ _ _ _ _ _ _ _ _ _ _ _ _ _ _ 

    @functools.wraps(func)
    def wrapper():
        if LOGIN_ACTION_NAME in interaction:
            globals.login_failed = False
        if globals.login_failed:
            pytest.skip(f"login is failed")
        start = time.time()
        error_msg = 'Success'
        full_exception = ''
        try:
            func()
            success = True
        except Exception:
            success = False
            # https://docs.python.org/2/library/sys.html#sys.exc_info
            exc_type, full_exception = sys.exc_info()[:2]
            error_msg = f"Failed measure: {interaction} - {exc_type.__name__}"
        end = time.time()
        timing = str(int((end - start) * 1000))
    
        lockfile = f'{selenium_results_file}.lock'
    
        with filelock.SoftFileLock(lockfile):
            with open(selenium_results_file, "a+") as jtl_file:
                timestamp = round(time.time() * 1000)
                jtl_file.write(f"{timestamp},{timing},{interaction},,{error_msg},,{success},0,0,0,0,,0\n")
    
        print(f"{timestamp},{timing},{interaction},{error_msg},{success}")
    
        if not success:
            if LOGIN_ACTION_NAME in interaction:
                globals.login_failed = True
>           raise Exception(error_msg, full_exception)
E           Exception: ('Failed measure: view_test_cases_by_status_action - TimeoutException', TimeoutException("Error in wait_until: Timed out after 20 sec waiting for <selenium.webdriver.support.expected_conditions.visibility_of_element_located object at 0x7f6ed2250310>. \nLocator: ('tag name', 'macro-view')", None, None))

selenium_ui/conftest.py:155: Exception
05-25-2022, 07:50:04, 1653465004449, Action: test_1_selenium_zscale_view_test_cases_by_project_macro_in_page, Error: confluence_webdriver = <selenium.webdriver.chrome.webdriver.WebDriver (session="ecdecf98982d3c3b4bd032dfd9797808")>
confluence_datasets = {'blog_id': '3566259', 'blogs': [['25717138', 'OMM'], ['25715212', 'BTVF'], ['25717200', 'FLVT'], ['25715242', 'JSDTC'...716062', 'CCMB'], ['25715953', 'GHT'], ...], 'custom_page_id': '40140995', 'custom_pages': [['40140995', 'TEST']], ...}
confluence_screen_shots = None

    def test_1_selenium_zscale_view_test_cases_by_project_macro_in_page(confluence_webdriver, confluence_datasets, confluence_screen_shots):
>       extension_ui.zscale_view_test_cases_by_project_macro_in_page(confluence_webdriver, confluence_datasets)

selenium_ui/confluence_ui.py:46: 
_ _ _ _ _ _ _ _ _ _ _ _ _ _ _ _ _ _ _ _ _ _ _ _ _ _ _ _ _ _ _ _ _ _ _ _ _ _ _ _ 
extension/confluence/extension_ui.py:94: in zscale_view_test_cases_by_project_macro_in_page
    measure()
_ _ _ _ _ _ _ _ _ _ _ _ _ _ _ _ _ _ _ _ _ _ _ _ _ _ _ _ _ _ _ _ _ _ _ _ _ _ _ _ 

    @functools.wraps(func)
    def wrapper():
        if LOGIN_ACTION_NAME in interaction:
            globals.login_failed = False
        if globals.login_failed:
            pytest.skip(f"login is failed")
        start = time.time()
        error_msg = 'Success'
        full_exception = ''
        try:
            func()
            success = True
        except Exception:
            success = False
            # https://docs.python.org/2/library/sys.html#sys.exc_info
            exc_type, full_exception = sys.exc_info()[:2]
            error_msg = f"Failed measure: {interaction} - {exc_type.__name__}"
        end = time.time()
        timing = str(int((end - start) * 1000))
    
        lockfile = f'{selenium_results_file}.lock'
    
        with filelock.SoftFileLock(lockfile):
            with open(selenium_results_file, "a+") as jtl_file:
                timestamp = round(time.time() * 1000)
                jtl_file.write(f"{timestamp},{timing},{interaction},,{error_msg},,{success},0,0,0,0,,0\n")
    
        print(f"{timestamp},{timing},{interaction},{error_msg},{success}")
    
        if not success:
            if LOGIN_ACTION_NAME in interaction:
                globals.login_failed = True
>           raise Exception(error_msg, full_exception)
E           Exception: ('Failed measure: view_test_cases_by_project_action - TimeoutException', TimeoutException("Error in wait_until: Timed out after 20 sec waiting for <selenium.webdriver.support.expected_conditions.visibility_of_element_located object at 0x7f6ed21dba30>. \nLocator: ('tag name', 'macro-view')", None, None))

selenium_ui/conftest.py:155: Exception
05-25-2022, 07:50:26, 1653465026239, Action: test_1_selenium_zscale_view_test_cases_by_folder_macro_in_page, Error: confluence_webdriver = <selenium.webdriver.chrome.webdriver.WebDriver (session="ecdecf98982d3c3b4bd032dfd9797808")>
confluence_datasets = {'blog_id': '3566259', 'blogs': [['25717138', 'OMM'], ['25715212', 'BTVF'], ['25717200', 'FLVT'], ['25715242', 'JSDTC'...716062', 'CCMB'], ['25715953', 'GHT'], ...], 'custom_page_id': '40140995', 'custom_pages': [['40140995', 'TEST']], ...}
confluence_screen_shots = None

    def test_1_selenium_zscale_view_test_cases_by_folder_macro_in_page(confluence_webdriver, confluence_datasets, confluence_screen_shots):
>       extension_ui.zscale_view_test_cases_by_folder_macro_in_page(confluence_webdriver, confluence_datasets)

selenium_ui/confluence_ui.py:49: 
_ _ _ _ _ _ _ _ _ _ _ _ _ _ _ _ _ _ _ _ _ _ _ _ _ _ _ _ _ _ _ _ _ _ _ _ _ _ _ _ 
extension/confluence/extension_ui.py:119: in zscale_view_test_cases_by_folder_macro_in_page
    measure()
_ _ _ _ _ _ _ _ _ _ _ _ _ _ _ _ _ _ _ _ _ _ _ _ _ _ _ _ _ _ _ _ _ _ _ _ _ _ _ _ 

    @functools.wraps(func)
    def wrapper():
        if LOGIN_ACTION_NAME in interaction:
            globals.login_failed = False
        if globals.login_failed:
            pytest.skip(f"login is failed")
        start = time.time()
        error_msg = 'Success'
        full_exception = ''
        try:
            func()
            success = True
        except Exception:
            success = False
            # https://docs.python.org/2/library/sys.html#sys.exc_info
            exc_type, full_exception = sys.exc_info()[:2]
            error_msg = f"Failed measure: {interaction} - {exc_type.__name__}"
        end = time.time()
        timing = str(int((end - start) * 1000))
    
        lockfile = f'{selenium_results_file}.lock'
    
        with filelock.SoftFileLock(lockfile):
            with open(selenium_results_file, "a+") as jtl_file:
                timestamp = round(time.time() * 1000)
                jtl_file.write(f"{timestamp},{timing},{interaction},,{error_msg},,{success},0,0,0,0,,0\n")
    
        print(f"{timestamp},{timing},{interaction},{error_msg},{success}")
    
        if not success:
            if LOGIN_ACTION_NAME in interaction:
                globals.login_failed = True
>           raise Exception(error_msg, full_exception)
E           Exception: ('Failed measure: view_test_cases_by_folder_action - TimeoutException', TimeoutException("Error in wait_until: Timed out after 20 sec waiting for <selenium.webdriver.support.expected_conditions.visibility_of_element_located object at 0x7f6ed22500d0>. \nLocator: ('tag name', 'macro-view')", None, None))

selenium_ui/conftest.py:155: Exception
05-25-2022, 07:50:55, 1653465055168, Action: test_1_selenium_zscale_view_test_cases_by_status_macro_in_page, Error: confluence_webdriver = <selenium.webdriver.chrome.webdriver.WebDriver (session="ecdecf98982d3c3b4bd032dfd9797808")>
confluence_datasets = {'blog_id': '8157970', 'blogs': [['25717138', 'OMM'], ['25715212', 'BTVF'], ['25717200', 'FLVT'], ['25715242', 'JSDTC'...716062', 'CCMB'], ['25715953', 'GHT'], ...], 'custom_page_id': '40140995', 'custom_pages': [['40140995', 'TEST']], ...}
confluence_screen_shots = None

    def test_1_selenium_zscale_view_test_cases_by_status_macro_in_page(confluence_webdriver, confluence_datasets, confluence_screen_shots):
>       extension_ui.zscale_view_test_cases_by_status_macro_in_page(confluence_webdriver, confluence_datasets)

selenium_ui/confluence_ui.py:43: 
_ _ _ _ _ _ _ _ _ _ _ _ _ _ _ _ _ _ _ _ _ _ _ _ _ _ _ _ _ _ _ _ _ _ _ _ _ _ _ _ 
extension/confluence/extension_ui.py:69: in zscale_view_test_cases_by_status_macro_in_page
    measure()
_ _ _ _ _ _ _ _ _ _ _ _ _ _ _ _ _ _ _ _ _ _ _ _ _ _ _ _ _ _ _ _ _ _ _ _ _ _ _ _ 

    @functools.wraps(func)
    def wrapper():
        if LOGIN_ACTION_NAME in interaction:
            globals.login_failed = False
        if globals.login_failed:
            pytest.skip(f"login is failed")
        start = time.time()
        error_msg = 'Success'
        full_exception = ''
        try:
            func()
            success = True
        except Exception:
            success = False
            # https://docs.python.org/2/library/sys.html#sys.exc_info
            exc_type, full_exception = sys.exc_info()[:2]
            error_msg = f"Failed measure: {interaction} - {exc_type.__name__}"
        end = time.time()
        timing = str(int((end - start) * 1000))
    
        lockfile = f'{selenium_results_file}.lock'
    
        with filelock.SoftFileLock(lockfile):
            with open(selenium_results_file, "a+") as jtl_file:
                timestamp = round(time.time() * 1000)
                jtl_file.write(f"{timestamp},{timing},{interaction},,{error_msg},,{success},0,0,0,0,,0\n")
    
        print(f"{timestamp},{timing},{interaction},{error_msg},{success}")
    
        if not success:
            if LOGIN_ACTION_NAME in interaction:
                globals.login_failed = True
>           raise Exception(error_msg, full_exception)
E           Exception: ('Failed measure: view_test_cases_by_status_action - TimeoutException', TimeoutException("Error in wait_until: Timed out after 20 sec waiting for <selenium.webdriver.support.expected_conditions.visibility_of_element_located object at 0x7f6ed217d610>. \nLocator: ('tag name', 'macro-view')", None, None))

selenium_ui/conftest.py:155: Exception
05-25-2022, 07:51:17, 1653465077022, Action: test_1_selenium_zscale_view_test_cases_by_project_macro_in_page, Error: confluence_webdriver = <selenium.webdriver.chrome.webdriver.WebDriver (session="ecdecf98982d3c3b4bd032dfd9797808")>
confluence_datasets = {'blog_id': '8157970', 'blogs': [['25717138', 'OMM'], ['25715212', 'BTVF'], ['25717200', 'FLVT'], ['25715242', 'JSDTC'...716062', 'CCMB'], ['25715953', 'GHT'], ...], 'custom_page_id': '40140995', 'custom_pages': [['40140995', 'TEST']], ...}
confluence_screen_shots = None

    def test_1_selenium_zscale_view_test_cases_by_project_macro_in_page(confluence_webdriver, confluence_datasets, confluence_screen_shots):
>       extension_ui.zscale_view_test_cases_by_project_macro_in_page(confluence_webdriver, confluence_datasets)

selenium_ui/confluence_ui.py:46: 
_ _ _ _ _ _ _ _ _ _ _ _ _ _ _ _ _ _ _ _ _ _ _ _ _ _ _ _ _ _ _ _ _ _ _ _ _ _ _ _ 
extension/confluence/extension_ui.py:94: in zscale_view_test_cases_by_project_macro_in_page
    measure()
_ _ _ _ _ _ _ _ _ _ _ _ _ _ _ _ _ _ _ _ _ _ _ _ _ _ _ _ _ _ _ _ _ _ _ _ _ _ _ _ 

    @functools.wraps(func)
    def wrapper():
        if LOGIN_ACTION_NAME in interaction:
            globals.login_failed = False
        if globals.login_failed:
            pytest.skip(f"login is failed")
        start = time.time()
        error_msg = 'Success'
        full_exception = ''
        try:
            func()
            success = True
        except Exception:
            success = False
            # https://docs.python.org/2/library/sys.html#sys.exc_info
            exc_type, full_exception = sys.exc_info()[:2]
            error_msg = f"Failed measure: {interaction} - {exc_type.__name__}"
        end = time.time()
        timing = str(int((end - start) * 1000))
    
        lockfile = f'{selenium_results_file}.lock'
    
        with filelock.SoftFileLock(lockfile):
            with open(selenium_results_file, "a+") as jtl_file:
                timestamp = round(time.time() * 1000)
                jtl_file.write(f"{timestamp},{timing},{interaction},,{error_msg},,{success},0,0,0,0,,0\n")
    
        print(f"{timestamp},{timing},{interaction},{error_msg},{success}")
    
        if not success:
            if LOGIN_ACTION_NAME in interaction:
                globals.login_failed = True
>           raise Exception(error_msg, full_exception)
E           Exception: ('Failed measure: view_test_cases_by_project_action - TimeoutException', TimeoutException("Error in wait_until: Timed out after 20 sec waiting for <selenium.webdriver.support.expected_conditions.visibility_of_element_located object at 0x7f6ed2162b50>. \nLocator: ('tag name', 'macro-view')", None, None))

selenium_ui/conftest.py:155: Exception
05-25-2022, 07:51:38, 1653465098762, Action: test_1_selenium_zscale_view_test_cases_by_folder_macro_in_page, Error: confluence_webdriver = <selenium.webdriver.chrome.webdriver.WebDriver (session="ecdecf98982d3c3b4bd032dfd9797808")>
confluence_datasets = {'blog_id': '8157970', 'blogs': [['25717138', 'OMM'], ['25715212', 'BTVF'], ['25717200', 'FLVT'], ['25715242', 'JSDTC'...716062', 'CCMB'], ['25715953', 'GHT'], ...], 'custom_page_id': '40140995', 'custom_pages': [['40140995', 'TEST']], ...}
confluence_screen_shots = None

    def test_1_selenium_zscale_view_test_cases_by_folder_macro_in_page(confluence_webdriver, confluence_datasets, confluence_screen_shots):
>       extension_ui.zscale_view_test_cases_by_folder_macro_in_page(confluence_webdriver, confluence_datasets)

selenium_ui/confluence_ui.py:49: 
_ _ _ _ _ _ _ _ _ _ _ _ _ _ _ _ _ _ _ _ _ _ _ _ _ _ _ _ _ _ _ _ _ _ _ _ _ _ _ _ 
extension/confluence/extension_ui.py:119: in zscale_view_test_cases_by_folder_macro_in_page
    measure()
_ _ _ _ _ _ _ _ _ _ _ _ _ _ _ _ _ _ _ _ _ _ _ _ _ _ _ _ _ _ _ _ _ _ _ _ _ _ _ _ 

    @functools.wraps(func)
    def wrapper():
        if LOGIN_ACTION_NAME in interaction:
            globals.login_failed = False
        if globals.login_failed:
            pytest.skip(f"login is failed")
        start = time.time()
        error_msg = 'Success'
        full_exception = ''
        try:
            func()
            success = True
        except Exception:
            success = False
            # https://docs.python.org/2/library/sys.html#sys.exc_info
            exc_type, full_exception = sys.exc_info()[:2]
            error_msg = f"Failed measure: {interaction} - {exc_type.__name__}"
        end = time.time()
        timing = str(int((end - start) * 1000))
    
        lockfile = f'{selenium_results_file}.lock'
    
        with filelock.SoftFileLock(lockfile):
            with open(selenium_results_file, "a+") as jtl_file:
                timestamp = round(time.time() * 1000)
                jtl_file.write(f"{timestamp},{timing},{interaction},,{error_msg},,{success},0,0,0,0,,0\n")
    
        print(f"{timestamp},{timing},{interaction},{error_msg},{success}")
    
        if not success:
            if LOGIN_ACTION_NAME in interaction:
                globals.login_failed = True
>           raise Exception(error_msg, full_exception)
E           Exception: ('Failed measure: view_test_cases_by_folder_action - TimeoutException', TimeoutException("Error in wait_until: Timed out after 20 sec waiting for <selenium.webdriver.support.expected_conditions.visibility_of_element_located object at 0x7f6ed20e66d0>. \nLocator: ('tag name', 'macro-view')", None, None))

selenium_ui/conftest.py:155: Exception
05-25-2022, 07:52:06, 1653465126646, Action: test_1_selenium_zscale_view_test_cases_by_status_macro_in_page, Error: confluence_webdriver = <selenium.webdriver.chrome.webdriver.WebDriver (session="ecdecf98982d3c3b4bd032dfd9797808")>
confluence_datasets = {'blog_id': '25846502', 'blogs': [['25717138', 'OMM'], ['25715212', 'BTVF'], ['25717200', 'FLVT'], ['25715242', 'JSDTC...716062', 'CCMB'], ['25715953', 'GHT'], ...], 'custom_page_id': '40140995', 'custom_pages': [['40140995', 'TEST']], ...}
confluence_screen_shots = None

    def test_1_selenium_zscale_view_test_cases_by_status_macro_in_page(confluence_webdriver, confluence_datasets, confluence_screen_shots):
>       extension_ui.zscale_view_test_cases_by_status_macro_in_page(confluence_webdriver, confluence_datasets)

selenium_ui/confluence_ui.py:43: 
_ _ _ _ _ _ _ _ _ _ _ _ _ _ _ _ _ _ _ _ _ _ _ _ _ _ _ _ _ _ _ _ _ _ _ _ _ _ _ _ 
extension/confluence/extension_ui.py:69: in zscale_view_test_cases_by_status_macro_in_page
    measure()
_ _ _ _ _ _ _ _ _ _ _ _ _ _ _ _ _ _ _ _ _ _ _ _ _ _ _ _ _ _ _ _ _ _ _ _ _ _ _ _ 

    @functools.wraps(func)
    def wrapper():
        if LOGIN_ACTION_NAME in interaction:
            globals.login_failed = False
        if globals.login_failed:
            pytest.skip(f"login is failed")
        start = time.time()
        error_msg = 'Success'
        full_exception = ''
        try:
            func()
            success = True
        except Exception:
            success = False
            # https://docs.python.org/2/library/sys.html#sys.exc_info
            exc_type, full_exception = sys.exc_info()[:2]
            error_msg = f"Failed measure: {interaction} - {exc_type.__name__}"
        end = time.time()
        timing = str(int((end - start) * 1000))
    
        lockfile = f'{selenium_results_file}.lock'
    
        with filelock.SoftFileLock(lockfile):
            with open(selenium_results_file, "a+") as jtl_file:
                timestamp = round(time.time() * 1000)
                jtl_file.write(f"{timestamp},{timing},{interaction},,{error_msg},,{success},0,0,0,0,,0\n")
    
        print(f"{timestamp},{timing},{interaction},{error_msg},{success}")
    
        if not success:
            if LOGIN_ACTION_NAME in interaction:
                globals.login_failed = True
>           raise Exception(error_msg, full_exception)
E           Exception: ('Failed measure: view_test_cases_by_status_action - TimeoutException', TimeoutException("Error in wait_until: Timed out after 20 sec waiting for <selenium.webdriver.support.expected_conditions.visibility_of_element_located object at 0x7f6ed213d580>. \nLocator: ('tag name', 'macro-view')", None, None))

selenium_ui/conftest.py:155: Exception
05-25-2022, 07:52:28, 1653465148210, Action: test_1_selenium_zscale_view_test_cases_by_project_macro_in_page, Error: confluence_webdriver = <selenium.webdriver.chrome.webdriver.WebDriver (session="ecdecf98982d3c3b4bd032dfd9797808")>
confluence_datasets = {'blog_id': '25846502', 'blogs': [['25717138', 'OMM'], ['25715212', 'BTVF'], ['25717200', 'FLVT'], ['25715242', 'JSDTC...716062', 'CCMB'], ['25715953', 'GHT'], ...], 'custom_page_id': '40140995', 'custom_pages': [['40140995', 'TEST']], ...}
confluence_screen_shots = None

    def test_1_selenium_zscale_view_test_cases_by_project_macro_in_page(confluence_webdriver, confluence_datasets, confluence_screen_shots):
>       extension_ui.zscale_view_test_cases_by_project_macro_in_page(confluence_webdriver, confluence_datasets)

selenium_ui/confluence_ui.py:46: 
_ _ _ _ _ _ _ _ _ _ _ _ _ _ _ _ _ _ _ _ _ _ _ _ _ _ _ _ _ _ _ _ _ _ _ _ _ _ _ _ 
extension/confluence/extension_ui.py:94: in zscale_view_test_cases_by_project_macro_in_page
    measure()
_ _ _ _ _ _ _ _ _ _ _ _ _ _ _ _ _ _ _ _ _ _ _ _ _ _ _ _ _ _ _ _ _ _ _ _ _ _ _ _ 

    @functools.wraps(func)
    def wrapper():
        if LOGIN_ACTION_NAME in interaction:
            globals.login_failed = False
        if globals.login_failed:
            pytest.skip(f"login is failed")
        start = time.time()
        error_msg = 'Success'
        full_exception = ''
        try:
            func()
            success = True
        except Exception:
            success = False
            # https://docs.python.org/2/library/sys.html#sys.exc_info
            exc_type, full_exception = sys.exc_info()[:2]
            error_msg = f"Failed measure: {interaction} - {exc_type.__name__}"
        end = time.time()
        timing = str(int((end - start) * 1000))
    
        lockfile = f'{selenium_results_file}.lock'
    
        with filelock.SoftFileLock(lockfile):
            with open(selenium_results_file, "a+") as jtl_file:
                timestamp = round(time.time() * 1000)
                jtl_file.write(f"{timestamp},{timing},{interaction},,{error_msg},,{success},0,0,0,0,,0\n")
    
        print(f"{timestamp},{timing},{interaction},{error_msg},{success}")
    
        if not success:
            if LOGIN_ACTION_NAME in interaction:
                globals.login_failed = True
>           raise Exception(error_msg, full_exception)
E           Exception: ('Failed measure: view_test_cases_by_project_action - TimeoutException', TimeoutException("Error in wait_until: Timed out after 20 sec waiting for <selenium.webdriver.support.expected_conditions.visibility_of_element_located object at 0x7f6ed2185190>. \nLocator: ('tag name', 'macro-view')", None, None))

selenium_ui/conftest.py:155: Exception
05-25-2022, 07:52:49, 1653465169865, Action: test_1_selenium_zscale_view_test_cases_by_folder_macro_in_page, Error: confluence_webdriver = <selenium.webdriver.chrome.webdriver.WebDriver (session="ecdecf98982d3c3b4bd032dfd9797808")>
confluence_datasets = {'blog_id': '25846502', 'blogs': [['25717138', 'OMM'], ['25715212', 'BTVF'], ['25717200', 'FLVT'], ['25715242', 'JSDTC...716062', 'CCMB'], ['25715953', 'GHT'], ...], 'custom_page_id': '40140995', 'custom_pages': [['40140995', 'TEST']], ...}
confluence_screen_shots = None

    def test_1_selenium_zscale_view_test_cases_by_folder_macro_in_page(confluence_webdriver, confluence_datasets, confluence_screen_shots):
>       extension_ui.zscale_view_test_cases_by_folder_macro_in_page(confluence_webdriver, confluence_datasets)

selenium_ui/confluence_ui.py:49: 
_ _ _ _ _ _ _ _ _ _ _ _ _ _ _ _ _ _ _ _ _ _ _ _ _ _ _ _ _ _ _ _ _ _ _ _ _ _ _ _ 
extension/confluence/extension_ui.py:119: in zscale_view_test_cases_by_folder_macro_in_page
    measure()
_ _ _ _ _ _ _ _ _ _ _ _ _ _ _ _ _ _ _ _ _ _ _ _ _ _ _ _ _ _ _ _ _ _ _ _ _ _ _ _ 

    @functools.wraps(func)
    def wrapper():
        if LOGIN_ACTION_NAME in interaction:
            globals.login_failed = False
        if globals.login_failed:
            pytest.skip(f"login is failed")
        start = time.time()
        error_msg = 'Success'
        full_exception = ''
        try:
            func()
            success = True
        except Exception:
            success = False
            # https://docs.python.org/2/library/sys.html#sys.exc_info
            exc_type, full_exception = sys.exc_info()[:2]
            error_msg = f"Failed measure: {interaction} - {exc_type.__name__}"
        end = time.time()
        timing = str(int((end - start) * 1000))
    
        lockfile = f'{selenium_results_file}.lock'
    
        with filelock.SoftFileLock(lockfile):
            with open(selenium_results_file, "a+") as jtl_file:
                timestamp = round(time.time() * 1000)
                jtl_file.write(f"{timestamp},{timing},{interaction},,{error_msg},,{success},0,0,0,0,,0\n")
    
        print(f"{timestamp},{timing},{interaction},{error_msg},{success}")
    
        if not success:
            if LOGIN_ACTION_NAME in interaction:
                globals.login_failed = True
>           raise Exception(error_msg, full_exception)
E           Exception: ('Failed measure: view_test_cases_by_folder_action - TimeoutException', TimeoutException("Error in wait_until: Timed out after 20 sec waiting for <selenium.webdriver.support.expected_conditions.visibility_of_element_located object at 0x7f6ed20aaa30>. \nLocator: ('tag name', 'macro-view')", None, None))

selenium_ui/conftest.py:155: Exception
05-25-2022, 07:53:17, 1653465197918, Action: test_1_selenium_zscale_view_test_cases_by_status_macro_in_page, Error: confluence_webdriver = <selenium.webdriver.chrome.webdriver.WebDriver (session="ecdecf98982d3c3b4bd032dfd9797808")>
confluence_datasets = {'blog_id': '8269865', 'blogs': [['25717138', 'OMM'], ['25715212', 'BTVF'], ['25717200', 'FLVT'], ['25715242', 'JSDTC'...716062', 'CCMB'], ['25715953', 'GHT'], ...], 'custom_page_id': '40140995', 'custom_pages': [['40140995', 'TEST']], ...}
confluence_screen_shots = None

    def test_1_selenium_zscale_view_test_cases_by_status_macro_in_page(confluence_webdriver, confluence_datasets, confluence_screen_shots):
>       extension_ui.zscale_view_test_cases_by_status_macro_in_page(confluence_webdriver, confluence_datasets)

selenium_ui/confluence_ui.py:43: 
_ _ _ _ _ _ _ _ _ _ _ _ _ _ _ _ _ _ _ _ _ _ _ _ _ _ _ _ _ _ _ _ _ _ _ _ _ _ _ _ 
extension/confluence/extension_ui.py:69: in zscale_view_test_cases_by_status_macro_in_page
    measure()
_ _ _ _ _ _ _ _ _ _ _ _ _ _ _ _ _ _ _ _ _ _ _ _ _ _ _ _ _ _ _ _ _ _ _ _ _ _ _ _ 

    @functools.wraps(func)
    def wrapper():
        if LOGIN_ACTION_NAME in interaction:
            globals.login_failed = False
        if globals.login_failed:
            pytest.skip(f"login is failed")
        start = time.time()
        error_msg = 'Success'
        full_exception = ''
        try:
            func()
            success = True
        except Exception:
            success = False
            # https://docs.python.org/2/library/sys.html#sys.exc_info
            exc_type, full_exception = sys.exc_info()[:2]
            error_msg = f"Failed measure: {interaction} - {exc_type.__name__}"
        end = time.time()
        timing = str(int((end - start) * 1000))
    
        lockfile = f'{selenium_results_file}.lock'
    
        with filelock.SoftFileLock(lockfile):
            with open(selenium_results_file, "a+") as jtl_file:
                timestamp = round(time.time() * 1000)
                jtl_file.write(f"{timestamp},{timing},{interaction},,{error_msg},,{success},0,0,0,0,,0\n")
    
        print(f"{timestamp},{timing},{interaction},{error_msg},{success}")
    
        if not success:
            if LOGIN_ACTION_NAME in interaction:
                globals.login_failed = True
>           raise Exception(error_msg, full_exception)
E           Exception: ('Failed measure: view_test_cases_by_status_action - TimeoutException', TimeoutException("Error in wait_until: Timed out after 20 sec waiting for <selenium.webdriver.support.expected_conditions.visibility_of_element_located object at 0x7f6ed20cb160>. \nLocator: ('tag name', 'macro-view')", None, None))

selenium_ui/conftest.py:155: Exception
05-25-2022, 07:53:39, 1653465219758, Action: test_1_selenium_zscale_view_test_cases_by_project_macro_in_page, Error: confluence_webdriver = <selenium.webdriver.chrome.webdriver.WebDriver (session="ecdecf98982d3c3b4bd032dfd9797808")>
confluence_datasets = {'blog_id': '8269865', 'blogs': [['25717138', 'OMM'], ['25715212', 'BTVF'], ['25717200', 'FLVT'], ['25715242', 'JSDTC'...716062', 'CCMB'], ['25715953', 'GHT'], ...], 'custom_page_id': '40140995', 'custom_pages': [['40140995', 'TEST']], ...}
confluence_screen_shots = None

    def test_1_selenium_zscale_view_test_cases_by_project_macro_in_page(confluence_webdriver, confluence_datasets, confluence_screen_shots):
>       extension_ui.zscale_view_test_cases_by_project_macro_in_page(confluence_webdriver, confluence_datasets)

selenium_ui/confluence_ui.py:46: 
_ _ _ _ _ _ _ _ _ _ _ _ _ _ _ _ _ _ _ _ _ _ _ _ _ _ _ _ _ _ _ _ _ _ _ _ _ _ _ _ 
extension/confluence/extension_ui.py:94: in zscale_view_test_cases_by_project_macro_in_page
    measure()
_ _ _ _ _ _ _ _ _ _ _ _ _ _ _ _ _ _ _ _ _ _ _ _ _ _ _ _ _ _ _ _ _ _ _ _ _ _ _ _ 

    @functools.wraps(func)
    def wrapper():
        if LOGIN_ACTION_NAME in interaction:
            globals.login_failed = False
        if globals.login_failed:
            pytest.skip(f"login is failed")
        start = time.time()
        error_msg = 'Success'
        full_exception = ''
        try:
            func()
            success = True
        except Exception:
            success = False
            # https://docs.python.org/2/library/sys.html#sys.exc_info
            exc_type, full_exception = sys.exc_info()[:2]
            error_msg = f"Failed measure: {interaction} - {exc_type.__name__}"
        end = time.time()
        timing = str(int((end - start) * 1000))
    
        lockfile = f'{selenium_results_file}.lock'
    
        with filelock.SoftFileLock(lockfile):
            with open(selenium_results_file, "a+") as jtl_file:
                timestamp = round(time.time() * 1000)
                jtl_file.write(f"{timestamp},{timing},{interaction},,{error_msg},,{success},0,0,0,0,,0\n")
    
        print(f"{timestamp},{timing},{interaction},{error_msg},{success}")
    
        if not success:
            if LOGIN_ACTION_NAME in interaction:
                globals.login_failed = True
>           raise Exception(error_msg, full_exception)
E           Exception: ('Failed measure: view_test_cases_by_project_action - TimeoutException', TimeoutException("Error in wait_until: Timed out after 20 sec waiting for <selenium.webdriver.support.expected_conditions.visibility_of_element_located object at 0x7f6ed21821c0>. \nLocator: ('tag name', 'macro-view')", None, None))

selenium_ui/conftest.py:155: Exception
05-25-2022, 07:54:01, 1653465241518, Action: test_1_selenium_zscale_view_test_cases_by_folder_macro_in_page, Error: confluence_webdriver = <selenium.webdriver.chrome.webdriver.WebDriver (session="ecdecf98982d3c3b4bd032dfd9797808")>
confluence_datasets = {'blog_id': '8269865', 'blogs': [['25717138', 'OMM'], ['25715212', 'BTVF'], ['25717200', 'FLVT'], ['25715242', 'JSDTC'...716062', 'CCMB'], ['25715953', 'GHT'], ...], 'custom_page_id': '40140995', 'custom_pages': [['40140995', 'TEST']], ...}
confluence_screen_shots = None

    def test_1_selenium_zscale_view_test_cases_by_folder_macro_in_page(confluence_webdriver, confluence_datasets, confluence_screen_shots):
>       extension_ui.zscale_view_test_cases_by_folder_macro_in_page(confluence_webdriver, confluence_datasets)

selenium_ui/confluence_ui.py:49: 
_ _ _ _ _ _ _ _ _ _ _ _ _ _ _ _ _ _ _ _ _ _ _ _ _ _ _ _ _ _ _ _ _ _ _ _ _ _ _ _ 
extension/confluence/extension_ui.py:119: in zscale_view_test_cases_by_folder_macro_in_page
    measure()
_ _ _ _ _ _ _ _ _ _ _ _ _ _ _ _ _ _ _ _ _ _ _ _ _ _ _ _ _ _ _ _ _ _ _ _ _ _ _ _ 

    @functools.wraps(func)
    def wrapper():
        if LOGIN_ACTION_NAME in interaction:
            globals.login_failed = False
        if globals.login_failed:
            pytest.skip(f"login is failed")
        start = time.time()
        error_msg = 'Success'
        full_exception = ''
        try:
            func()
            success = True
        except Exception:
            success = False
            # https://docs.python.org/2/library/sys.html#sys.exc_info
            exc_type, full_exception = sys.exc_info()[:2]
            error_msg = f"Failed measure: {interaction} - {exc_type.__name__}"
        end = time.time()
        timing = str(int((end - start) * 1000))
    
        lockfile = f'{selenium_results_file}.lock'
    
        with filelock.SoftFileLock(lockfile):
            with open(selenium_results_file, "a+") as jtl_file:
                timestamp = round(time.time() * 1000)
                jtl_file.write(f"{timestamp},{timing},{interaction},,{error_msg},,{success},0,0,0,0,,0\n")
    
        print(f"{timestamp},{timing},{interaction},{error_msg},{success}")
    
        if not success:
            if LOGIN_ACTION_NAME in interaction:
                globals.login_failed = True
>           raise Exception(error_msg, full_exception)
E           Exception: ('Failed measure: view_test_cases_by_folder_action - TimeoutException', TimeoutException("Error in wait_until: Timed out after 20 sec waiting for <selenium.webdriver.support.expected_conditions.visibility_of_element_located object at 0x7f6ed2092a90>. \nLocator: ('tag name', 'macro-view')", None, None))

selenium_ui/conftest.py:155: Exception
05-25-2022, 07:54:31, 1653465271830, Action: test_1_selenium_zscale_view_test_cases_by_status_macro_in_page, Error: confluence_webdriver = <selenium.webdriver.chrome.webdriver.WebDriver (session="ecdecf98982d3c3b4bd032dfd9797808")>
confluence_datasets = {'blog_id': '3555529', 'blogs': [['25717138', 'OMM'], ['25715212', 'BTVF'], ['25717200', 'FLVT'], ['25715242', 'JSDTC'...716062', 'CCMB'], ['25715953', 'GHT'], ...], 'custom_page_id': '40140995', 'custom_pages': [['40140995', 'TEST']], ...}
confluence_screen_shots = None

    def test_1_selenium_zscale_view_test_cases_by_status_macro_in_page(confluence_webdriver, confluence_datasets, confluence_screen_shots):
>       extension_ui.zscale_view_test_cases_by_status_macro_in_page(confluence_webdriver, confluence_datasets)

selenium_ui/confluence_ui.py:43: 
_ _ _ _ _ _ _ _ _ _ _ _ _ _ _ _ _ _ _ _ _ _ _ _ _ _ _ _ _ _ _ _ _ _ _ _ _ _ _ _ 
extension/confluence/extension_ui.py:69: in zscale_view_test_cases_by_status_macro_in_page
    measure()
_ _ _ _ _ _ _ _ _ _ _ _ _ _ _ _ _ _ _ _ _ _ _ _ _ _ _ _ _ _ _ _ _ _ _ _ _ _ _ _ 

    @functools.wraps(func)
    def wrapper():
        if LOGIN_ACTION_NAME in interaction:
            globals.login_failed = False
        if globals.login_failed:
            pytest.skip(f"login is failed")
        start = time.time()
        error_msg = 'Success'
        full_exception = ''
        try:
            func()
            success = True
        except Exception:
            success = False
            # https://docs.python.org/2/library/sys.html#sys.exc_info
            exc_type, full_exception = sys.exc_info()[:2]
            error_msg = f"Failed measure: {interaction} - {exc_type.__name__}"
        end = time.time()
        timing = str(int((end - start) * 1000))
    
        lockfile = f'{selenium_results_file}.lock'
    
        with filelock.SoftFileLock(lockfile):
            with open(selenium_results_file, "a+") as jtl_file:
                timestamp = round(time.time() * 1000)
                jtl_file.write(f"{timestamp},{timing},{interaction},,{error_msg},,{success},0,0,0,0,,0\n")
    
        print(f"{timestamp},{timing},{interaction},{error_msg},{success}")
    
        if not success:
            if LOGIN_ACTION_NAME in interaction:
                globals.login_failed = True
>           raise Exception(error_msg, full_exception)
E           Exception: ('Failed measure: view_test_cases_by_status_action - TimeoutException', TimeoutException("Error in wait_until: Timed out after 20 sec waiting for <selenium.webdriver.support.expected_conditions.visibility_of_element_located object at 0x7f6ed2090d90>. \nLocator: ('tag name', 'macro-view')", None, None))

selenium_ui/conftest.py:155: Exception
05-25-2022, 07:54:53, 1653465293333, Action: test_1_selenium_zscale_view_test_cases_by_project_macro_in_page, Error: confluence_webdriver = <selenium.webdriver.chrome.webdriver.WebDriver (session="ecdecf98982d3c3b4bd032dfd9797808")>
confluence_datasets = {'blog_id': '3555529', 'blogs': [['25717138', 'OMM'], ['25715212', 'BTVF'], ['25717200', 'FLVT'], ['25715242', 'JSDTC'...716062', 'CCMB'], ['25715953', 'GHT'], ...], 'custom_page_id': '40140995', 'custom_pages': [['40140995', 'TEST']], ...}
confluence_screen_shots = None

    def test_1_selenium_zscale_view_test_cases_by_project_macro_in_page(confluence_webdriver, confluence_datasets, confluence_screen_shots):
>       extension_ui.zscale_view_test_cases_by_project_macro_in_page(confluence_webdriver, confluence_datasets)

selenium_ui/confluence_ui.py:46: 
_ _ _ _ _ _ _ _ _ _ _ _ _ _ _ _ _ _ _ _ _ _ _ _ _ _ _ _ _ _ _ _ _ _ _ _ _ _ _ _ 
extension/confluence/extension_ui.py:94: in zscale_view_test_cases_by_project_macro_in_page
    measure()
_ _ _ _ _ _ _ _ _ _ _ _ _ _ _ _ _ _ _ _ _ _ _ _ _ _ _ _ _ _ _ _ _ _ _ _ _ _ _ _ 

    @functools.wraps(func)
    def wrapper():
        if LOGIN_ACTION_NAME in interaction:
            globals.login_failed = False
        if globals.login_failed:
            pytest.skip(f"login is failed")
        start = time.time()
        error_msg = 'Success'
        full_exception = ''
        try:
            func()
            success = True
        except Exception:
            success = False
            # https://docs.python.org/2/library/sys.html#sys.exc_info
            exc_type, full_exception = sys.exc_info()[:2]
            error_msg = f"Failed measure: {interaction} - {exc_type.__name__}"
        end = time.time()
        timing = str(int((end - start) * 1000))
    
        lockfile = f'{selenium_results_file}.lock'
    
        with filelock.SoftFileLock(lockfile):
            with open(selenium_results_file, "a+") as jtl_file:
                timestamp = round(time.time() * 1000)
                jtl_file.write(f"{timestamp},{timing},{interaction},,{error_msg},,{success},0,0,0,0,,0\n")
    
        print(f"{timestamp},{timing},{interaction},{error_msg},{success}")
    
        if not success:
            if LOGIN_ACTION_NAME in interaction:
                globals.login_failed = True
>           raise Exception(error_msg, full_exception)
E           Exception: ('Failed measure: view_test_cases_by_project_action - TimeoutException', TimeoutException("Error in wait_until: Timed out after 20 sec waiting for <selenium.webdriver.support.expected_conditions.visibility_of_element_located object at 0x7f6ed2000c40>. \nLocator: ('tag name', 'macro-view')", None, None))

selenium_ui/conftest.py:155: Exception
05-25-2022, 07:55:14, 1653465314788, Action: test_1_selenium_zscale_view_test_cases_by_folder_macro_in_page, Error: confluence_webdriver = <selenium.webdriver.chrome.webdriver.WebDriver (session="ecdecf98982d3c3b4bd032dfd9797808")>
confluence_datasets = {'blog_id': '3555529', 'blogs': [['25717138', 'OMM'], ['25715212', 'BTVF'], ['25717200', 'FLVT'], ['25715242', 'JSDTC'...716062', 'CCMB'], ['25715953', 'GHT'], ...], 'custom_page_id': '40140995', 'custom_pages': [['40140995', 'TEST']], ...}
confluence_screen_shots = None

    def test_1_selenium_zscale_view_test_cases_by_folder_macro_in_page(confluence_webdriver, confluence_datasets, confluence_screen_shots):
>       extension_ui.zscale_view_test_cases_by_folder_macro_in_page(confluence_webdriver, confluence_datasets)

selenium_ui/confluence_ui.py:49: 
_ _ _ _ _ _ _ _ _ _ _ _ _ _ _ _ _ _ _ _ _ _ _ _ _ _ _ _ _ _ _ _ _ _ _ _ _ _ _ _ 
extension/confluence/extension_ui.py:119: in zscale_view_test_cases_by_folder_macro_in_page
    measure()
_ _ _ _ _ _ _ _ _ _ _ _ _ _ _ _ _ _ _ _ _ _ _ _ _ _ _ _ _ _ _ _ _ _ _ _ _ _ _ _ 

    @functools.wraps(func)
    def wrapper():
        if LOGIN_ACTION_NAME in interaction:
            globals.login_failed = False
        if globals.login_failed:
            pytest.skip(f"login is failed")
        start = time.time()
        error_msg = 'Success'
        full_exception = ''
        try:
            func()
            success = True
        except Exception:
            success = False
            # https://docs.python.org/2/library/sys.html#sys.exc_info
            exc_type, full_exception = sys.exc_info()[:2]
            error_msg = f"Failed measure: {interaction} - {exc_type.__name__}"
        end = time.time()
        timing = str(int((end - start) * 1000))
    
        lockfile = f'{selenium_results_file}.lock'
    
        with filelock.SoftFileLock(lockfile):
            with open(selenium_results_file, "a+") as jtl_file:
                timestamp = round(time.time() * 1000)
                jtl_file.write(f"{timestamp},{timing},{interaction},,{error_msg},,{success},0,0,0,0,,0\n")
    
        print(f"{timestamp},{timing},{interaction},{error_msg},{success}")
    
        if not success:
            if LOGIN_ACTION_NAME in interaction:
                globals.login_failed = True
>           raise Exception(error_msg, full_exception)
E           Exception: ('Failed measure: view_test_cases_by_folder_action - TimeoutException', TimeoutException("Error in wait_until: Timed out after 20 sec waiting for <selenium.webdriver.support.expected_conditions.visibility_of_element_located object at 0x7f6ed201ef70>. \nLocator: ('tag name', 'macro-view')", None, None))

selenium_ui/conftest.py:155: Exception
05-25-2022, 07:55:42, 1653465342946, Action: test_1_selenium_zscale_view_test_cases_by_status_macro_in_page, Error: confluence_webdriver = <selenium.webdriver.chrome.webdriver.WebDriver (session="ecdecf98982d3c3b4bd032dfd9797808")>
confluence_datasets = {'blog_id': '25839594', 'blogs': [['25717138', 'OMM'], ['25715212', 'BTVF'], ['25717200', 'FLVT'], ['25715242', 'JSDTC...716062', 'CCMB'], ['25715953', 'GHT'], ...], 'custom_page_id': '40140995', 'custom_pages': [['40140995', 'TEST']], ...}
confluence_screen_shots = None

    def test_1_selenium_zscale_view_test_cases_by_status_macro_in_page(confluence_webdriver, confluence_datasets, confluence_screen_shots):
>       extension_ui.zscale_view_test_cases_by_status_macro_in_page(confluence_webdriver, confluence_datasets)

selenium_ui/confluence_ui.py:43: 
_ _ _ _ _ _ _ _ _ _ _ _ _ _ _ _ _ _ _ _ _ _ _ _ _ _ _ _ _ _ _ _ _ _ _ _ _ _ _ _ 
extension/confluence/extension_ui.py:69: in zscale_view_test_cases_by_status_macro_in_page
    measure()
_ _ _ _ _ _ _ _ _ _ _ _ _ _ _ _ _ _ _ _ _ _ _ _ _ _ _ _ _ _ _ _ _ _ _ _ _ _ _ _ 

    @functools.wraps(func)
    def wrapper():
        if LOGIN_ACTION_NAME in interaction:
            globals.login_failed = False
        if globals.login_failed:
            pytest.skip(f"login is failed")
        start = time.time()
        error_msg = 'Success'
        full_exception = ''
        try:
            func()
            success = True
        except Exception:
            success = False
            # https://docs.python.org/2/library/sys.html#sys.exc_info
            exc_type, full_exception = sys.exc_info()[:2]
            error_msg = f"Failed measure: {interaction} - {exc_type.__name__}"
        end = time.time()
        timing = str(int((end - start) * 1000))
    
        lockfile = f'{selenium_results_file}.lock'
    
        with filelock.SoftFileLock(lockfile):
            with open(selenium_results_file, "a+") as jtl_file:
                timestamp = round(time.time() * 1000)
                jtl_file.write(f"{timestamp},{timing},{interaction},,{error_msg},,{success},0,0,0,0,,0\n")
    
        print(f"{timestamp},{timing},{interaction},{error_msg},{success}")
    
        if not success:
            if LOGIN_ACTION_NAME in interaction:
                globals.login_failed = True
>           raise Exception(error_msg, full_exception)
E           Exception: ('Failed measure: view_test_cases_by_status_action - TimeoutException', TimeoutException("Error in wait_until: Timed out after 20 sec waiting for <selenium.webdriver.support.expected_conditions.visibility_of_element_located object at 0x7f6ed1fd8430>. \nLocator: ('tag name', 'macro-view')", None, None))

selenium_ui/conftest.py:155: Exception
05-25-2022, 07:56:04, 1653465364592, Action: test_1_selenium_zscale_view_test_cases_by_project_macro_in_page, Error: confluence_webdriver = <selenium.webdriver.chrome.webdriver.WebDriver (session="ecdecf98982d3c3b4bd032dfd9797808")>
confluence_datasets = {'blog_id': '25839594', 'blogs': [['25717138', 'OMM'], ['25715212', 'BTVF'], ['25717200', 'FLVT'], ['25715242', 'JSDTC...716062', 'CCMB'], ['25715953', 'GHT'], ...], 'custom_page_id': '40140995', 'custom_pages': [['40140995', 'TEST']], ...}
confluence_screen_shots = None

    def test_1_selenium_zscale_view_test_cases_by_project_macro_in_page(confluence_webdriver, confluence_datasets, confluence_screen_shots):
>       extension_ui.zscale_view_test_cases_by_project_macro_in_page(confluence_webdriver, confluence_datasets)

selenium_ui/confluence_ui.py:46: 
_ _ _ _ _ _ _ _ _ _ _ _ _ _ _ _ _ _ _ _ _ _ _ _ _ _ _ _ _ _ _ _ _ _ _ _ _ _ _ _ 
extension/confluence/extension_ui.py:94: in zscale_view_test_cases_by_project_macro_in_page
    measure()
_ _ _ _ _ _ _ _ _ _ _ _ _ _ _ _ _ _ _ _ _ _ _ _ _ _ _ _ _ _ _ _ _ _ _ _ _ _ _ _ 

    @functools.wraps(func)
    def wrapper():
        if LOGIN_ACTION_NAME in interaction:
            globals.login_failed = False
        if globals.login_failed:
            pytest.skip(f"login is failed")
        start = time.time()
        error_msg = 'Success'
        full_exception = ''
        try:
            func()
            success = True
        except Exception:
            success = False
            # https://docs.python.org/2/library/sys.html#sys.exc_info
            exc_type, full_exception = sys.exc_info()[:2]
            error_msg = f"Failed measure: {interaction} - {exc_type.__name__}"
        end = time.time()
        timing = str(int((end - start) * 1000))
    
        lockfile = f'{selenium_results_file}.lock'
    
        with filelock.SoftFileLock(lockfile):
            with open(selenium_results_file, "a+") as jtl_file:
                timestamp = round(time.time() * 1000)
                jtl_file.write(f"{timestamp},{timing},{interaction},,{error_msg},,{success},0,0,0,0,,0\n")
    
        print(f"{timestamp},{timing},{interaction},{error_msg},{success}")
    
        if not success:
            if LOGIN_ACTION_NAME in interaction:
                globals.login_failed = True
>           raise Exception(error_msg, full_exception)
E           Exception: ('Failed measure: view_test_cases_by_project_action - TimeoutException', TimeoutException("Error in wait_until: Timed out after 20 sec waiting for <selenium.webdriver.support.expected_conditions.visibility_of_element_located object at 0x7f6ed1fe1dc0>. \nLocator: ('tag name', 'macro-view')", None, None))

selenium_ui/conftest.py:155: Exception
05-25-2022, 07:56:26, 1653465386073, Action: test_1_selenium_zscale_view_test_cases_by_folder_macro_in_page, Error: confluence_webdriver = <selenium.webdriver.chrome.webdriver.WebDriver (session="ecdecf98982d3c3b4bd032dfd9797808")>
confluence_datasets = {'blog_id': '25839594', 'blogs': [['25717138', 'OMM'], ['25715212', 'BTVF'], ['25717200', 'FLVT'], ['25715242', 'JSDTC...716062', 'CCMB'], ['25715953', 'GHT'], ...], 'custom_page_id': '40140995', 'custom_pages': [['40140995', 'TEST']], ...}
confluence_screen_shots = None

    def test_1_selenium_zscale_view_test_cases_by_folder_macro_in_page(confluence_webdriver, confluence_datasets, confluence_screen_shots):
>       extension_ui.zscale_view_test_cases_by_folder_macro_in_page(confluence_webdriver, confluence_datasets)

selenium_ui/confluence_ui.py:49: 
_ _ _ _ _ _ _ _ _ _ _ _ _ _ _ _ _ _ _ _ _ _ _ _ _ _ _ _ _ _ _ _ _ _ _ _ _ _ _ _ 
extension/confluence/extension_ui.py:119: in zscale_view_test_cases_by_folder_macro_in_page
    measure()
_ _ _ _ _ _ _ _ _ _ _ _ _ _ _ _ _ _ _ _ _ _ _ _ _ _ _ _ _ _ _ _ _ _ _ _ _ _ _ _ 

    @functools.wraps(func)
    def wrapper():
        if LOGIN_ACTION_NAME in interaction:
            globals.login_failed = False
        if globals.login_failed:
            pytest.skip(f"login is failed")
        start = time.time()
        error_msg = 'Success'
        full_exception = ''
        try:
            func()
            success = True
        except Exception:
            success = False
            # https://docs.python.org/2/library/sys.html#sys.exc_info
            exc_type, full_exception = sys.exc_info()[:2]
            error_msg = f"Failed measure: {interaction} - {exc_type.__name__}"
        end = time.time()
        timing = str(int((end - start) * 1000))
    
        lockfile = f'{selenium_results_file}.lock'
    
        with filelock.SoftFileLock(lockfile):
            with open(selenium_results_file, "a+") as jtl_file:
                timestamp = round(time.time() * 1000)
                jtl_file.write(f"{timestamp},{timing},{interaction},,{error_msg},,{success},0,0,0,0,,0\n")
    
        print(f"{timestamp},{timing},{interaction},{error_msg},{success}")
    
        if not success:
            if LOGIN_ACTION_NAME in interaction:
                globals.login_failed = True
>           raise Exception(error_msg, full_exception)
E           Exception: ('Failed measure: view_test_cases_by_folder_action - TimeoutException', TimeoutException("Error in wait_until: Timed out after 20 sec waiting for <selenium.webdriver.support.expected_conditions.visibility_of_element_located object at 0x7f6ed1fb6fd0>. \nLocator: ('tag name', 'macro-view')", None, None))

selenium_ui/conftest.py:155: Exception
05-25-2022, 07:56:54, 1653465414836, Action: test_1_selenium_zscale_view_test_cases_by_status_macro_in_page, Error: confluence_webdriver = <selenium.webdriver.chrome.webdriver.WebDriver (session="ecdecf98982d3c3b4bd032dfd9797808")>
confluence_datasets = {'blog_id': '3557999', 'blogs': [['25717138', 'OMM'], ['25715212', 'BTVF'], ['25717200', 'FLVT'], ['25715242', 'JSDTC'...716062', 'CCMB'], ['25715953', 'GHT'], ...], 'custom_page_id': '40140995', 'custom_pages': [['40140995', 'TEST']], ...}
confluence_screen_shots = None

    def test_1_selenium_zscale_view_test_cases_by_status_macro_in_page(confluence_webdriver, confluence_datasets, confluence_screen_shots):
>       extension_ui.zscale_view_test_cases_by_status_macro_in_page(confluence_webdriver, confluence_datasets)

selenium_ui/confluence_ui.py:43: 
_ _ _ _ _ _ _ _ _ _ _ _ _ _ _ _ _ _ _ _ _ _ _ _ _ _ _ _ _ _ _ _ _ _ _ _ _ _ _ _ 
extension/confluence/extension_ui.py:69: in zscale_view_test_cases_by_status_macro_in_page
    measure()
_ _ _ _ _ _ _ _ _ _ _ _ _ _ _ _ _ _ _ _ _ _ _ _ _ _ _ _ _ _ _ _ _ _ _ _ _ _ _ _ 

    @functools.wraps(func)
    def wrapper():
        if LOGIN_ACTION_NAME in interaction:
            globals.login_failed = False
        if globals.login_failed:
            pytest.skip(f"login is failed")
        start = time.time()
        error_msg = 'Success'
        full_exception = ''
        try:
            func()
            success = True
        except Exception:
            success = False
            # https://docs.python.org/2/library/sys.html#sys.exc_info
            exc_type, full_exception = sys.exc_info()[:2]
            error_msg = f"Failed measure: {interaction} - {exc_type.__name__}"
        end = time.time()
        timing = str(int((end - start) * 1000))
    
        lockfile = f'{selenium_results_file}.lock'
    
        with filelock.SoftFileLock(lockfile):
            with open(selenium_results_file, "a+") as jtl_file:
                timestamp = round(time.time() * 1000)
                jtl_file.write(f"{timestamp},{timing},{interaction},,{error_msg},,{success},0,0,0,0,,0\n")
    
        print(f"{timestamp},{timing},{interaction},{error_msg},{success}")
    
        if not success:
            if LOGIN_ACTION_NAME in interaction:
                globals.login_failed = True
>           raise Exception(error_msg, full_exception)
E           Exception: ('Failed measure: view_test_cases_by_status_action - TimeoutException', TimeoutException("Error in wait_until: Timed out after 20 sec waiting for <selenium.webdriver.support.expected_conditions.visibility_of_element_located object at 0x7f6ed20765e0>. \nLocator: ('tag name', 'macro-view')", None, None))

selenium_ui/conftest.py:155: Exception
05-25-2022, 07:57:16, 1653465436463, Action: test_1_selenium_zscale_view_test_cases_by_project_macro_in_page, Error: confluence_webdriver = <selenium.webdriver.chrome.webdriver.WebDriver (session="ecdecf98982d3c3b4bd032dfd9797808")>
confluence_datasets = {'blog_id': '3557999', 'blogs': [['25717138', 'OMM'], ['25715212', 'BTVF'], ['25717200', 'FLVT'], ['25715242', 'JSDTC'...716062', 'CCMB'], ['25715953', 'GHT'], ...], 'custom_page_id': '40140995', 'custom_pages': [['40140995', 'TEST']], ...}
confluence_screen_shots = None

    def test_1_selenium_zscale_view_test_cases_by_project_macro_in_page(confluence_webdriver, confluence_datasets, confluence_screen_shots):
>       extension_ui.zscale_view_test_cases_by_project_macro_in_page(confluence_webdriver, confluence_datasets)

selenium_ui/confluence_ui.py:46: 
_ _ _ _ _ _ _ _ _ _ _ _ _ _ _ _ _ _ _ _ _ _ _ _ _ _ _ _ _ _ _ _ _ _ _ _ _ _ _ _ 
extension/confluence/extension_ui.py:94: in zscale_view_test_cases_by_project_macro_in_page
    measure()
_ _ _ _ _ _ _ _ _ _ _ _ _ _ _ _ _ _ _ _ _ _ _ _ _ _ _ _ _ _ _ _ _ _ _ _ _ _ _ _ 

    @functools.wraps(func)
    def wrapper():
        if LOGIN_ACTION_NAME in interaction:
            globals.login_failed = False
        if globals.login_failed:
            pytest.skip(f"login is failed")
        start = time.time()
        error_msg = 'Success'
        full_exception = ''
        try:
            func()
            success = True
        except Exception:
            success = False
            # https://docs.python.org/2/library/sys.html#sys.exc_info
            exc_type, full_exception = sys.exc_info()[:2]
            error_msg = f"Failed measure: {interaction} - {exc_type.__name__}"
        end = time.time()
        timing = str(int((end - start) * 1000))
    
        lockfile = f'{selenium_results_file}.lock'
    
        with filelock.SoftFileLock(lockfile):
            with open(selenium_results_file, "a+") as jtl_file:
                timestamp = round(time.time() * 1000)
                jtl_file.write(f"{timestamp},{timing},{interaction},,{error_msg},,{success},0,0,0,0,,0\n")
    
        print(f"{timestamp},{timing},{interaction},{error_msg},{success}")
    
        if not success:
            if LOGIN_ACTION_NAME in interaction:
                globals.login_failed = True
>           raise Exception(error_msg, full_exception)
E           Exception: ('Failed measure: view_test_cases_by_project_action - TimeoutException', TimeoutException("Error in wait_until: Timed out after 20 sec waiting for <selenium.webdriver.support.expected_conditions.visibility_of_element_located object at 0x7f6ed1f459a0>. \nLocator: ('tag name', 'macro-view')", None, None))

selenium_ui/conftest.py:155: Exception
05-25-2022, 07:57:37, 1653465457956, Action: test_1_selenium_zscale_view_test_cases_by_folder_macro_in_page, Error: confluence_webdriver = <selenium.webdriver.chrome.webdriver.WebDriver (session="ecdecf98982d3c3b4bd032dfd9797808")>
confluence_datasets = {'blog_id': '3557999', 'blogs': [['25717138', 'OMM'], ['25715212', 'BTVF'], ['25717200', 'FLVT'], ['25715242', 'JSDTC'...716062', 'CCMB'], ['25715953', 'GHT'], ...], 'custom_page_id': '40140995', 'custom_pages': [['40140995', 'TEST']], ...}
confluence_screen_shots = None

    def test_1_selenium_zscale_view_test_cases_by_folder_macro_in_page(confluence_webdriver, confluence_datasets, confluence_screen_shots):
>       extension_ui.zscale_view_test_cases_by_folder_macro_in_page(confluence_webdriver, confluence_datasets)

selenium_ui/confluence_ui.py:49: 
_ _ _ _ _ _ _ _ _ _ _ _ _ _ _ _ _ _ _ _ _ _ _ _ _ _ _ _ _ _ _ _ _ _ _ _ _ _ _ _ 
extension/confluence/extension_ui.py:119: in zscale_view_test_cases_by_folder_macro_in_page
    measure()
_ _ _ _ _ _ _ _ _ _ _ _ _ _ _ _ _ _ _ _ _ _ _ _ _ _ _ _ _ _ _ _ _ _ _ _ _ _ _ _ 

    @functools.wraps(func)
    def wrapper():
        if LOGIN_ACTION_NAME in interaction:
            globals.login_failed = False
        if globals.login_failed:
            pytest.skip(f"login is failed")
        start = time.time()
        error_msg = 'Success'
        full_exception = ''
        try:
            func()
            success = True
        except Exception:
            success = False
            # https://docs.python.org/2/library/sys.html#sys.exc_info
            exc_type, full_exception = sys.exc_info()[:2]
            error_msg = f"Failed measure: {interaction} - {exc_type.__name__}"
        end = time.time()
        timing = str(int((end - start) * 1000))
    
        lockfile = f'{selenium_results_file}.lock'
    
        with filelock.SoftFileLock(lockfile):
            with open(selenium_results_file, "a+") as jtl_file:
                timestamp = round(time.time() * 1000)
                jtl_file.write(f"{timestamp},{timing},{interaction},,{error_msg},,{success},0,0,0,0,,0\n")
    
        print(f"{timestamp},{timing},{interaction},{error_msg},{success}")
    
        if not success:
            if LOGIN_ACTION_NAME in interaction:
                globals.login_failed = True
>           raise Exception(error_msg, full_exception)
E           Exception: ('Failed measure: view_test_cases_by_folder_action - TimeoutException', TimeoutException("Error in wait_until: Timed out after 20 sec waiting for <selenium.webdriver.support.expected_conditions.visibility_of_element_located object at 0x7f6ed1f547f0>. \nLocator: ('tag name', 'macro-view')", None, None))

selenium_ui/conftest.py:155: Exception
05-25-2022, 07:58:08, 1653465488314, Action: test_1_selenium_zscale_view_test_cases_by_status_macro_in_page, Error: confluence_webdriver = <selenium.webdriver.chrome.webdriver.WebDriver (session="ecdecf98982d3c3b4bd032dfd9797808")>
confluence_datasets = {'blog_id': '8147310', 'blogs': [['25717138', 'OMM'], ['25715212', 'BTVF'], ['25717200', 'FLVT'], ['25715242', 'JSDTC'...716062', 'CCMB'], ['25715953', 'GHT'], ...], 'custom_page_id': '40140995', 'custom_pages': [['40140995', 'TEST']], ...}
confluence_screen_shots = None

    def test_1_selenium_zscale_view_test_cases_by_status_macro_in_page(confluence_webdriver, confluence_datasets, confluence_screen_shots):
>       extension_ui.zscale_view_test_cases_by_status_macro_in_page(confluence_webdriver, confluence_datasets)

selenium_ui/confluence_ui.py:43: 
_ _ _ _ _ _ _ _ _ _ _ _ _ _ _ _ _ _ _ _ _ _ _ _ _ _ _ _ _ _ _ _ _ _ _ _ _ _ _ _ 
extension/confluence/extension_ui.py:69: in zscale_view_test_cases_by_status_macro_in_page
    measure()
_ _ _ _ _ _ _ _ _ _ _ _ _ _ _ _ _ _ _ _ _ _ _ _ _ _ _ _ _ _ _ _ _ _ _ _ _ _ _ _ 

    @functools.wraps(func)
    def wrapper():
        if LOGIN_ACTION_NAME in interaction:
            globals.login_failed = False
        if globals.login_failed:
            pytest.skip(f"login is failed")
        start = time.time()
        error_msg = 'Success'
        full_exception = ''
        try:
            func()
            success = True
        except Exception:
            success = False
            # https://docs.python.org/2/library/sys.html#sys.exc_info
            exc_type, full_exception = sys.exc_info()[:2]
            error_msg = f"Failed measure: {interaction} - {exc_type.__name__}"
        end = time.time()
        timing = str(int((end - start) * 1000))
    
        lockfile = f'{selenium_results_file}.lock'
    
        with filelock.SoftFileLock(lockfile):
            with open(selenium_results_file, "a+") as jtl_file:
                timestamp = round(time.time() * 1000)
                jtl_file.write(f"{timestamp},{timing},{interaction},,{error_msg},,{success},0,0,0,0,,0\n")
    
        print(f"{timestamp},{timing},{interaction},{error_msg},{success}")
    
        if not success:
            if LOGIN_ACTION_NAME in interaction:
                globals.login_failed = True
>           raise Exception(error_msg, full_exception)
E           Exception: ('Failed measure: view_test_cases_by_status_action - TimeoutException', TimeoutException("Error in wait_until: Timed out after 20 sec waiting for <selenium.webdriver.support.expected_conditions.visibility_of_element_located object at 0x7f6ed1f473a0>. \nLocator: ('tag name', 'macro-view')", None, None))

selenium_ui/conftest.py:155: Exception
05-25-2022, 07:58:30, 1653465510157, Action: test_1_selenium_zscale_view_test_cases_by_project_macro_in_page, Error: confluence_webdriver = <selenium.webdriver.chrome.webdriver.WebDriver (session="ecdecf98982d3c3b4bd032dfd9797808")>
confluence_datasets = {'blog_id': '8147310', 'blogs': [['25717138', 'OMM'], ['25715212', 'BTVF'], ['25717200', 'FLVT'], ['25715242', 'JSDTC'...716062', 'CCMB'], ['25715953', 'GHT'], ...], 'custom_page_id': '40140995', 'custom_pages': [['40140995', 'TEST']], ...}
confluence_screen_shots = None

    def test_1_selenium_zscale_view_test_cases_by_project_macro_in_page(confluence_webdriver, confluence_datasets, confluence_screen_shots):
>       extension_ui.zscale_view_test_cases_by_project_macro_in_page(confluence_webdriver, confluence_datasets)

selenium_ui/confluence_ui.py:46: 
_ _ _ _ _ _ _ _ _ _ _ _ _ _ _ _ _ _ _ _ _ _ _ _ _ _ _ _ _ _ _ _ _ _ _ _ _ _ _ _ 
extension/confluence/extension_ui.py:94: in zscale_view_test_cases_by_project_macro_in_page
    measure()
_ _ _ _ _ _ _ _ _ _ _ _ _ _ _ _ _ _ _ _ _ _ _ _ _ _ _ _ _ _ _ _ _ _ _ _ _ _ _ _ 

    @functools.wraps(func)
    def wrapper():
        if LOGIN_ACTION_NAME in interaction:
            globals.login_failed = False
        if globals.login_failed:
            pytest.skip(f"login is failed")
        start = time.time()
        error_msg = 'Success'
        full_exception = ''
        try:
            func()
            success = True
        except Exception:
            success = False
            # https://docs.python.org/2/library/sys.html#sys.exc_info
            exc_type, full_exception = sys.exc_info()[:2]
            error_msg = f"Failed measure: {interaction} - {exc_type.__name__}"
        end = time.time()
        timing = str(int((end - start) * 1000))
    
        lockfile = f'{selenium_results_file}.lock'
    
        with filelock.SoftFileLock(lockfile):
            with open(selenium_results_file, "a+") as jtl_file:
                timestamp = round(time.time() * 1000)
                jtl_file.write(f"{timestamp},{timing},{interaction},,{error_msg},,{success},0,0,0,0,,0\n")
    
        print(f"{timestamp},{timing},{interaction},{error_msg},{success}")
    
        if not success:
            if LOGIN_ACTION_NAME in interaction:
                globals.login_failed = True
>           raise Exception(error_msg, full_exception)
E           Exception: ('Failed measure: view_test_cases_by_project_action - TimeoutException', TimeoutException("Error in wait_until: Timed out after 20 sec waiting for <selenium.webdriver.support.expected_conditions.visibility_of_element_located object at 0x7f6ed1f8fa60>. \nLocator: ('tag name', 'macro-view')", None, None))

selenium_ui/conftest.py:155: Exception
05-25-2022, 07:58:51, 1653465531885, Action: test_1_selenium_zscale_view_test_cases_by_folder_macro_in_page, Error: confluence_webdriver = <selenium.webdriver.chrome.webdriver.WebDriver (session="ecdecf98982d3c3b4bd032dfd9797808")>
confluence_datasets = {'blog_id': '8147310', 'blogs': [['25717138', 'OMM'], ['25715212', 'BTVF'], ['25717200', 'FLVT'], ['25715242', 'JSDTC'...716062', 'CCMB'], ['25715953', 'GHT'], ...], 'custom_page_id': '40140995', 'custom_pages': [['40140995', 'TEST']], ...}
confluence_screen_shots = None

    def test_1_selenium_zscale_view_test_cases_by_folder_macro_in_page(confluence_webdriver, confluence_datasets, confluence_screen_shots):
>       extension_ui.zscale_view_test_cases_by_folder_macro_in_page(confluence_webdriver, confluence_datasets)

selenium_ui/confluence_ui.py:49: 
_ _ _ _ _ _ _ _ _ _ _ _ _ _ _ _ _ _ _ _ _ _ _ _ _ _ _ _ _ _ _ _ _ _ _ _ _ _ _ _ 
extension/confluence/extension_ui.py:119: in zscale_view_test_cases_by_folder_macro_in_page
    measure()
_ _ _ _ _ _ _ _ _ _ _ _ _ _ _ _ _ _ _ _ _ _ _ _ _ _ _ _ _ _ _ _ _ _ _ _ _ _ _ _ 

    @functools.wraps(func)
    def wrapper():
        if LOGIN_ACTION_NAME in interaction:
            globals.login_failed = False
        if globals.login_failed:
            pytest.skip(f"login is failed")
        start = time.time()
        error_msg = 'Success'
        full_exception = ''
        try:
            func()
            success = True
        except Exception:
            success = False
            # https://docs.python.org/2/library/sys.html#sys.exc_info
            exc_type, full_exception = sys.exc_info()[:2]
            error_msg = f"Failed measure: {interaction} - {exc_type.__name__}"
        end = time.time()
        timing = str(int((end - start) * 1000))
    
        lockfile = f'{selenium_results_file}.lock'
    
        with filelock.SoftFileLock(lockfile):
            with open(selenium_results_file, "a+") as jtl_file:
                timestamp = round(time.time() * 1000)
                jtl_file.write(f"{timestamp},{timing},{interaction},,{error_msg},,{success},0,0,0,0,,0\n")
    
        print(f"{timestamp},{timing},{interaction},{error_msg},{success}")
    
        if not success:
            if LOGIN_ACTION_NAME in interaction:
                globals.login_failed = True
>           raise Exception(error_msg, full_exception)
E           Exception: ('Failed measure: view_test_cases_by_folder_action - TimeoutException', TimeoutException("Error in wait_until: Timed out after 20 sec waiting for <selenium.webdriver.support.expected_conditions.visibility_of_element_located object at 0x7f6ed1ed1940>. \nLocator: ('tag name', 'macro-view')", None, None))

selenium_ui/conftest.py:155: Exception
05-25-2022, 07:59:20, 1653465560146, Action: test_1_selenium_zscale_view_test_cases_by_status_macro_in_page, Error: confluence_webdriver = <selenium.webdriver.chrome.webdriver.WebDriver (session="ecdecf98982d3c3b4bd032dfd9797808")>
confluence_datasets = {'blog_id': '3703313', 'blogs': [['25717138', 'OMM'], ['25715212', 'BTVF'], ['25717200', 'FLVT'], ['25715242', 'JSDTC'...716062', 'CCMB'], ['25715953', 'GHT'], ...], 'custom_page_id': '40140995', 'custom_pages': [['40140995', 'TEST']], ...}
confluence_screen_shots = None

    def test_1_selenium_zscale_view_test_cases_by_status_macro_in_page(confluence_webdriver, confluence_datasets, confluence_screen_shots):
>       extension_ui.zscale_view_test_cases_by_status_macro_in_page(confluence_webdriver, confluence_datasets)

selenium_ui/confluence_ui.py:43: 
_ _ _ _ _ _ _ _ _ _ _ _ _ _ _ _ _ _ _ _ _ _ _ _ _ _ _ _ _ _ _ _ _ _ _ _ _ _ _ _ 
extension/confluence/extension_ui.py:69: in zscale_view_test_cases_by_status_macro_in_page
    measure()
_ _ _ _ _ _ _ _ _ _ _ _ _ _ _ _ _ _ _ _ _ _ _ _ _ _ _ _ _ _ _ _ _ _ _ _ _ _ _ _ 

    @functools.wraps(func)
    def wrapper():
        if LOGIN_ACTION_NAME in interaction:
            globals.login_failed = False
        if globals.login_failed:
            pytest.skip(f"login is failed")
        start = time.time()
        error_msg = 'Success'
        full_exception = ''
        try:
            func()
            success = True
        except Exception:
            success = False
            # https://docs.python.org/2/library/sys.html#sys.exc_info
            exc_type, full_exception = sys.exc_info()[:2]
            error_msg = f"Failed measure: {interaction} - {exc_type.__name__}"
        end = time.time()
        timing = str(int((end - start) * 1000))
    
        lockfile = f'{selenium_results_file}.lock'
    
        with filelock.SoftFileLock(lockfile):
            with open(selenium_results_file, "a+") as jtl_file:
                timestamp = round(time.time() * 1000)
                jtl_file.write(f"{timestamp},{timing},{interaction},,{error_msg},,{success},0,0,0,0,,0\n")
    
        print(f"{timestamp},{timing},{interaction},{error_msg},{success}")
    
        if not success:
            if LOGIN_ACTION_NAME in interaction:
                globals.login_failed = True
>           raise Exception(error_msg, full_exception)
E           Exception: ('Failed measure: view_test_cases_by_status_action - TimeoutException', TimeoutException("Error in wait_until: Timed out after 20 sec waiting for <selenium.webdriver.support.expected_conditions.visibility_of_element_located object at 0x7f6ed1ed9490>. \nLocator: ('tag name', 'macro-view')", None, None))

selenium_ui/conftest.py:155: Exception
05-25-2022, 07:59:41, 1653465581812, Action: test_1_selenium_zscale_view_test_cases_by_project_macro_in_page, Error: confluence_webdriver = <selenium.webdriver.chrome.webdriver.WebDriver (session="ecdecf98982d3c3b4bd032dfd9797808")>
confluence_datasets = {'blog_id': '3703313', 'blogs': [['25717138', 'OMM'], ['25715212', 'BTVF'], ['25717200', 'FLVT'], ['25715242', 'JSDTC'...716062', 'CCMB'], ['25715953', 'GHT'], ...], 'custom_page_id': '40140995', 'custom_pages': [['40140995', 'TEST']], ...}
confluence_screen_shots = None

    def test_1_selenium_zscale_view_test_cases_by_project_macro_in_page(confluence_webdriver, confluence_datasets, confluence_screen_shots):
>       extension_ui.zscale_view_test_cases_by_project_macro_in_page(confluence_webdriver, confluence_datasets)

selenium_ui/confluence_ui.py:46: 
_ _ _ _ _ _ _ _ _ _ _ _ _ _ _ _ _ _ _ _ _ _ _ _ _ _ _ _ _ _ _ _ _ _ _ _ _ _ _ _ 
extension/confluence/extension_ui.py:94: in zscale_view_test_cases_by_project_macro_in_page
    measure()
_ _ _ _ _ _ _ _ _ _ _ _ _ _ _ _ _ _ _ _ _ _ _ _ _ _ _ _ _ _ _ _ _ _ _ _ _ _ _ _ 

    @functools.wraps(func)
    def wrapper():
        if LOGIN_ACTION_NAME in interaction:
            globals.login_failed = False
        if globals.login_failed:
            pytest.skip(f"login is failed")
        start = time.time()
        error_msg = 'Success'
        full_exception = ''
        try:
            func()
            success = True
        except Exception:
            success = False
            # https://docs.python.org/2/library/sys.html#sys.exc_info
            exc_type, full_exception = sys.exc_info()[:2]
            error_msg = f"Failed measure: {interaction} - {exc_type.__name__}"
        end = time.time()
        timing = str(int((end - start) * 1000))
    
        lockfile = f'{selenium_results_file}.lock'
    
        with filelock.SoftFileLock(lockfile):
            with open(selenium_results_file, "a+") as jtl_file:
                timestamp = round(time.time() * 1000)
                jtl_file.write(f"{timestamp},{timing},{interaction},,{error_msg},,{success},0,0,0,0,,0\n")
    
        print(f"{timestamp},{timing},{interaction},{error_msg},{success}")
    
        if not success:
            if LOGIN_ACTION_NAME in interaction:
                globals.login_failed = True
>           raise Exception(error_msg, full_exception)
E           Exception: ('Failed measure: view_test_cases_by_project_action - TimeoutException', TimeoutException("Error in wait_until: Timed out after 20 sec waiting for <selenium.webdriver.support.expected_conditions.visibility_of_element_located object at 0x7f6ed1e929a0>. \nLocator: ('tag name', 'macro-view')", None, None))

selenium_ui/conftest.py:155: Exception
05-25-2022, 08:00:03, 1653465603729, Action: test_1_selenium_zscale_view_test_cases_by_folder_macro_in_page, Error: confluence_webdriver = <selenium.webdriver.chrome.webdriver.WebDriver (session="ecdecf98982d3c3b4bd032dfd9797808")>
confluence_datasets = {'blog_id': '3703313', 'blogs': [['25717138', 'OMM'], ['25715212', 'BTVF'], ['25717200', 'FLVT'], ['25715242', 'JSDTC'...716062', 'CCMB'], ['25715953', 'GHT'], ...], 'custom_page_id': '40140995', 'custom_pages': [['40140995', 'TEST']], ...}
confluence_screen_shots = None

    def test_1_selenium_zscale_view_test_cases_by_folder_macro_in_page(confluence_webdriver, confluence_datasets, confluence_screen_shots):
>       extension_ui.zscale_view_test_cases_by_folder_macro_in_page(confluence_webdriver, confluence_datasets)

selenium_ui/confluence_ui.py:49: 
_ _ _ _ _ _ _ _ _ _ _ _ _ _ _ _ _ _ _ _ _ _ _ _ _ _ _ _ _ _ _ _ _ _ _ _ _ _ _ _ 
extension/confluence/extension_ui.py:119: in zscale_view_test_cases_by_folder_macro_in_page
    measure()
_ _ _ _ _ _ _ _ _ _ _ _ _ _ _ _ _ _ _ _ _ _ _ _ _ _ _ _ _ _ _ _ _ _ _ _ _ _ _ _ 

    @functools.wraps(func)
    def wrapper():
        if LOGIN_ACTION_NAME in interaction:
            globals.login_failed = False
        if globals.login_failed:
            pytest.skip(f"login is failed")
        start = time.time()
        error_msg = 'Success'
        full_exception = ''
        try:
            func()
            success = True
        except Exception:
            success = False
            # https://docs.python.org/2/library/sys.html#sys.exc_info
            exc_type, full_exception = sys.exc_info()[:2]
            error_msg = f"Failed measure: {interaction} - {exc_type.__name__}"
        end = time.time()
        timing = str(int((end - start) * 1000))
    
        lockfile = f'{selenium_results_file}.lock'
    
        with filelock.SoftFileLock(lockfile):
            with open(selenium_results_file, "a+") as jtl_file:
                timestamp = round(time.time() * 1000)
                jtl_file.write(f"{timestamp},{timing},{interaction},,{error_msg},,{success},0,0,0,0,,0\n")
    
        print(f"{timestamp},{timing},{interaction},{error_msg},{success}")
    
        if not success:
            if LOGIN_ACTION_NAME in interaction:
                globals.login_failed = True
>           raise Exception(error_msg, full_exception)
E           Exception: ('Failed measure: view_test_cases_by_folder_action - TimeoutException', TimeoutException("Error in wait_until: Timed out after 20 sec waiting for <selenium.webdriver.support.expected_conditions.visibility_of_element_located object at 0x7f6ed1ea08e0>. \nLocator: ('tag name', 'macro-view')", None, None))

selenium_ui/conftest.py:155: Exception
05-25-2022, 08:00:33, 1653465633144, Action: test_1_selenium_zscale_view_test_cases_by_status_macro_in_page, Error: confluence_webdriver = <selenium.webdriver.chrome.webdriver.WebDriver (session="ecdecf98982d3c3b4bd032dfd9797808")>
confluence_datasets = {'blog_id': '3556025', 'blogs': [['25717138', 'OMM'], ['25715212', 'BTVF'], ['25717200', 'FLVT'], ['25715242', 'JSDTC'...716062', 'CCMB'], ['25715953', 'GHT'], ...], 'custom_page_id': '40140995', 'custom_pages': [['40140995', 'TEST']], ...}
confluence_screen_shots = None

    def test_1_selenium_zscale_view_test_cases_by_status_macro_in_page(confluence_webdriver, confluence_datasets, confluence_screen_shots):
>       extension_ui.zscale_view_test_cases_by_status_macro_in_page(confluence_webdriver, confluence_datasets)

selenium_ui/confluence_ui.py:43: 
_ _ _ _ _ _ _ _ _ _ _ _ _ _ _ _ _ _ _ _ _ _ _ _ _ _ _ _ _ _ _ _ _ _ _ _ _ _ _ _ 
extension/confluence/extension_ui.py:69: in zscale_view_test_cases_by_status_macro_in_page
    measure()
_ _ _ _ _ _ _ _ _ _ _ _ _ _ _ _ _ _ _ _ _ _ _ _ _ _ _ _ _ _ _ _ _ _ _ _ _ _ _ _ 

    @functools.wraps(func)
    def wrapper():
        if LOGIN_ACTION_NAME in interaction:
            globals.login_failed = False
        if globals.login_failed:
            pytest.skip(f"login is failed")
        start = time.time()
        error_msg = 'Success'
        full_exception = ''
        try:
            func()
            success = True
        except Exception:
            success = False
            # https://docs.python.org/2/library/sys.html#sys.exc_info
            exc_type, full_exception = sys.exc_info()[:2]
            error_msg = f"Failed measure: {interaction} - {exc_type.__name__}"
        end = time.time()
        timing = str(int((end - start) * 1000))
    
        lockfile = f'{selenium_results_file}.lock'
    
        with filelock.SoftFileLock(lockfile):
            with open(selenium_results_file, "a+") as jtl_file:
                timestamp = round(time.time() * 1000)
                jtl_file.write(f"{timestamp},{timing},{interaction},,{error_msg},,{success},0,0,0,0,,0\n")
    
        print(f"{timestamp},{timing},{interaction},{error_msg},{success}")
    
        if not success:
            if LOGIN_ACTION_NAME in interaction:
                globals.login_failed = True
>           raise Exception(error_msg, full_exception)
E           Exception: ('Failed measure: view_test_cases_by_status_action - TimeoutException', TimeoutException("Error in wait_until: Timed out after 20 sec waiting for <selenium.webdriver.support.expected_conditions.visibility_of_element_located object at 0x7f6ed1f1b160>. \nLocator: ('tag name', 'macro-view')", None, None))

selenium_ui/conftest.py:155: Exception
05-25-2022, 08:00:54, 1653465654621, Action: test_1_selenium_zscale_view_test_cases_by_project_macro_in_page, Error: confluence_webdriver = <selenium.webdriver.chrome.webdriver.WebDriver (session="ecdecf98982d3c3b4bd032dfd9797808")>
confluence_datasets = {'blog_id': '3556025', 'blogs': [['25717138', 'OMM'], ['25715212', 'BTVF'], ['25717200', 'FLVT'], ['25715242', 'JSDTC'...716062', 'CCMB'], ['25715953', 'GHT'], ...], 'custom_page_id': '40140995', 'custom_pages': [['40140995', 'TEST']], ...}
confluence_screen_shots = None

    def test_1_selenium_zscale_view_test_cases_by_project_macro_in_page(confluence_webdriver, confluence_datasets, confluence_screen_shots):
>       extension_ui.zscale_view_test_cases_by_project_macro_in_page(confluence_webdriver, confluence_datasets)

selenium_ui/confluence_ui.py:46: 
_ _ _ _ _ _ _ _ _ _ _ _ _ _ _ _ _ _ _ _ _ _ _ _ _ _ _ _ _ _ _ _ _ _ _ _ _ _ _ _ 
extension/confluence/extension_ui.py:94: in zscale_view_test_cases_by_project_macro_in_page
    measure()
_ _ _ _ _ _ _ _ _ _ _ _ _ _ _ _ _ _ _ _ _ _ _ _ _ _ _ _ _ _ _ _ _ _ _ _ _ _ _ _ 

    @functools.wraps(func)
    def wrapper():
        if LOGIN_ACTION_NAME in interaction:
            globals.login_failed = False
        if globals.login_failed:
            pytest.skip(f"login is failed")
        start = time.time()
        error_msg = 'Success'
        full_exception = ''
        try:
            func()
            success = True
        except Exception:
            success = False
            # https://docs.python.org/2/library/sys.html#sys.exc_info
            exc_type, full_exception = sys.exc_info()[:2]
            error_msg = f"Failed measure: {interaction} - {exc_type.__name__}"
        end = time.time()
        timing = str(int((end - start) * 1000))
    
        lockfile = f'{selenium_results_file}.lock'
    
        with filelock.SoftFileLock(lockfile):
            with open(selenium_results_file, "a+") as jtl_file:
                timestamp = round(time.time() * 1000)
                jtl_file.write(f"{timestamp},{timing},{interaction},,{error_msg},,{success},0,0,0,0,,0\n")
    
        print(f"{timestamp},{timing},{interaction},{error_msg},{success}")
    
        if not success:
            if LOGIN_ACTION_NAME in interaction:
                globals.login_failed = True
>           raise Exception(error_msg, full_exception)
E           Exception: ('Failed measure: view_test_cases_by_project_action - TimeoutException', TimeoutException("Error in wait_until: Timed out after 20 sec waiting for <selenium.webdriver.support.expected_conditions.visibility_of_element_located object at 0x7f6ed1f6f520>. \nLocator: ('tag name', 'macro-view')", None, None))

selenium_ui/conftest.py:155: Exception
05-25-2022, 08:01:16, 1653465676232, Action: test_1_selenium_zscale_view_test_cases_by_folder_macro_in_page, Error: confluence_webdriver = <selenium.webdriver.chrome.webdriver.WebDriver (session="ecdecf98982d3c3b4bd032dfd9797808")>
confluence_datasets = {'blog_id': '3556025', 'blogs': [['25717138', 'OMM'], ['25715212', 'BTVF'], ['25717200', 'FLVT'], ['25715242', 'JSDTC'...716062', 'CCMB'], ['25715953', 'GHT'], ...], 'custom_page_id': '40140995', 'custom_pages': [['40140995', 'TEST']], ...}
confluence_screen_shots = None

    def test_1_selenium_zscale_view_test_cases_by_folder_macro_in_page(confluence_webdriver, confluence_datasets, confluence_screen_shots):
>       extension_ui.zscale_view_test_cases_by_folder_macro_in_page(confluence_webdriver, confluence_datasets)

selenium_ui/confluence_ui.py:49: 
_ _ _ _ _ _ _ _ _ _ _ _ _ _ _ _ _ _ _ _ _ _ _ _ _ _ _ _ _ _ _ _ _ _ _ _ _ _ _ _ 
extension/confluence/extension_ui.py:119: in zscale_view_test_cases_by_folder_macro_in_page
    measure()
_ _ _ _ _ _ _ _ _ _ _ _ _ _ _ _ _ _ _ _ _ _ _ _ _ _ _ _ _ _ _ _ _ _ _ _ _ _ _ _ 

    @functools.wraps(func)
    def wrapper():
        if LOGIN_ACTION_NAME in interaction:
            globals.login_failed = False
        if globals.login_failed:
            pytest.skip(f"login is failed")
        start = time.time()
        error_msg = 'Success'
        full_exception = ''
        try:
            func()
            success = True
        except Exception:
            success = False
            # https://docs.python.org/2/library/sys.html#sys.exc_info
            exc_type, full_exception = sys.exc_info()[:2]
            error_msg = f"Failed measure: {interaction} - {exc_type.__name__}"
        end = time.time()
        timing = str(int((end - start) * 1000))
    
        lockfile = f'{selenium_results_file}.lock'
    
        with filelock.SoftFileLock(lockfile):
            with open(selenium_results_file, "a+") as jtl_file:
                timestamp = round(time.time() * 1000)
                jtl_file.write(f"{timestamp},{timing},{interaction},,{error_msg},,{success},0,0,0,0,,0\n")
    
        print(f"{timestamp},{timing},{interaction},{error_msg},{success}")
    
        if not success:
            if LOGIN_ACTION_NAME in interaction:
                globals.login_failed = True
>           raise Exception(error_msg, full_exception)
E           Exception: ('Failed measure: view_test_cases_by_folder_action - TimeoutException', TimeoutException("Error in wait_until: Timed out after 20 sec waiting for <selenium.webdriver.support.expected_conditions.visibility_of_element_located object at 0x7f6ed1ed9490>. \nLocator: ('tag name', 'macro-view')", None, None))

selenium_ui/conftest.py:155: Exception
05-25-2022, 08:01:46, 1653465706319, Action: test_1_selenium_zscale_view_test_cases_by_status_macro_in_page, Error: confluence_webdriver = <selenium.webdriver.chrome.webdriver.WebDriver (session="ecdecf98982d3c3b4bd032dfd9797808")>
confluence_datasets = {'blog_id': '8770074', 'blogs': [['25717138', 'OMM'], ['25715212', 'BTVF'], ['25717200', 'FLVT'], ['25715242', 'JSDTC'...716062', 'CCMB'], ['25715953', 'GHT'], ...], 'custom_page_id': '40140995', 'custom_pages': [['40140995', 'TEST']], ...}
confluence_screen_shots = None

    def test_1_selenium_zscale_view_test_cases_by_status_macro_in_page(confluence_webdriver, confluence_datasets, confluence_screen_shots):
>       extension_ui.zscale_view_test_cases_by_status_macro_in_page(confluence_webdriver, confluence_datasets)

selenium_ui/confluence_ui.py:43: 
_ _ _ _ _ _ _ _ _ _ _ _ _ _ _ _ _ _ _ _ _ _ _ _ _ _ _ _ _ _ _ _ _ _ _ _ _ _ _ _ 
extension/confluence/extension_ui.py:69: in zscale_view_test_cases_by_status_macro_in_page
    measure()
_ _ _ _ _ _ _ _ _ _ _ _ _ _ _ _ _ _ _ _ _ _ _ _ _ _ _ _ _ _ _ _ _ _ _ _ _ _ _ _ 

    @functools.wraps(func)
    def wrapper():
        if LOGIN_ACTION_NAME in interaction:
            globals.login_failed = False
        if globals.login_failed:
            pytest.skip(f"login is failed")
        start = time.time()
        error_msg = 'Success'
        full_exception = ''
        try:
            func()
            success = True
        except Exception:
            success = False
            # https://docs.python.org/2/library/sys.html#sys.exc_info
            exc_type, full_exception = sys.exc_info()[:2]
            error_msg = f"Failed measure: {interaction} - {exc_type.__name__}"
        end = time.time()
        timing = str(int((end - start) * 1000))
    
        lockfile = f'{selenium_results_file}.lock'
    
        with filelock.SoftFileLock(lockfile):
            with open(selenium_results_file, "a+") as jtl_file:
                timestamp = round(time.time() * 1000)
                jtl_file.write(f"{timestamp},{timing},{interaction},,{error_msg},,{success},0,0,0,0,,0\n")
    
        print(f"{timestamp},{timing},{interaction},{error_msg},{success}")
    
        if not success:
            if LOGIN_ACTION_NAME in interaction:
                globals.login_failed = True
>           raise Exception(error_msg, full_exception)
E           Exception: ('Failed measure: view_test_cases_by_status_action - TimeoutException', TimeoutException("Error in wait_until: Timed out after 20 sec waiting for <selenium.webdriver.support.expected_conditions.visibility_of_element_located object at 0x7f6ed1e8cdc0>. \nLocator: ('tag name', 'macro-view')", None, None))

selenium_ui/conftest.py:155: Exception
05-25-2022, 08:02:07, 1653465727775, Action: test_1_selenium_zscale_view_test_cases_by_project_macro_in_page, Error: confluence_webdriver = <selenium.webdriver.chrome.webdriver.WebDriver (session="ecdecf98982d3c3b4bd032dfd9797808")>
confluence_datasets = {'blog_id': '8770074', 'blogs': [['25717138', 'OMM'], ['25715212', 'BTVF'], ['25717200', 'FLVT'], ['25715242', 'JSDTC'...716062', 'CCMB'], ['25715953', 'GHT'], ...], 'custom_page_id': '40140995', 'custom_pages': [['40140995', 'TEST']], ...}
confluence_screen_shots = None

    def test_1_selenium_zscale_view_test_cases_by_project_macro_in_page(confluence_webdriver, confluence_datasets, confluence_screen_shots):
>       extension_ui.zscale_view_test_cases_by_project_macro_in_page(confluence_webdriver, confluence_datasets)

selenium_ui/confluence_ui.py:46: 
_ _ _ _ _ _ _ _ _ _ _ _ _ _ _ _ _ _ _ _ _ _ _ _ _ _ _ _ _ _ _ _ _ _ _ _ _ _ _ _ 
extension/confluence/extension_ui.py:94: in zscale_view_test_cases_by_project_macro_in_page
    measure()
_ _ _ _ _ _ _ _ _ _ _ _ _ _ _ _ _ _ _ _ _ _ _ _ _ _ _ _ _ _ _ _ _ _ _ _ _ _ _ _ 

    @functools.wraps(func)
    def wrapper():
        if LOGIN_ACTION_NAME in interaction:
            globals.login_failed = False
        if globals.login_failed:
            pytest.skip(f"login is failed")
        start = time.time()
        error_msg = 'Success'
        full_exception = ''
        try:
            func()
            success = True
        except Exception:
            success = False
            # https://docs.python.org/2/library/sys.html#sys.exc_info
            exc_type, full_exception = sys.exc_info()[:2]
            error_msg = f"Failed measure: {interaction} - {exc_type.__name__}"
        end = time.time()
        timing = str(int((end - start) * 1000))
    
        lockfile = f'{selenium_results_file}.lock'
    
        with filelock.SoftFileLock(lockfile):
            with open(selenium_results_file, "a+") as jtl_file:
                timestamp = round(time.time() * 1000)
                jtl_file.write(f"{timestamp},{timing},{interaction},,{error_msg},,{success},0,0,0,0,,0\n")
    
        print(f"{timestamp},{timing},{interaction},{error_msg},{success}")
    
        if not success:
            if LOGIN_ACTION_NAME in interaction:
                globals.login_failed = True
>           raise Exception(error_msg, full_exception)
E           Exception: ('Failed measure: view_test_cases_by_project_action - TimeoutException', TimeoutException("Error in wait_until: Timed out after 20 sec waiting for <selenium.webdriver.support.expected_conditions.visibility_of_element_located object at 0x7f6ed1dcd730>. \nLocator: ('tag name', 'macro-view')", None, None))

selenium_ui/conftest.py:155: Exception
05-25-2022, 08:02:29, 1653465749249, Action: test_1_selenium_zscale_view_test_cases_by_folder_macro_in_page, Error: confluence_webdriver = <selenium.webdriver.chrome.webdriver.WebDriver (session="ecdecf98982d3c3b4bd032dfd9797808")>
confluence_datasets = {'blog_id': '8770074', 'blogs': [['25717138', 'OMM'], ['25715212', 'BTVF'], ['25717200', 'FLVT'], ['25715242', 'JSDTC'...716062', 'CCMB'], ['25715953', 'GHT'], ...], 'custom_page_id': '40140995', 'custom_pages': [['40140995', 'TEST']], ...}
confluence_screen_shots = None

    def test_1_selenium_zscale_view_test_cases_by_folder_macro_in_page(confluence_webdriver, confluence_datasets, confluence_screen_shots):
>       extension_ui.zscale_view_test_cases_by_folder_macro_in_page(confluence_webdriver, confluence_datasets)

selenium_ui/confluence_ui.py:49: 
_ _ _ _ _ _ _ _ _ _ _ _ _ _ _ _ _ _ _ _ _ _ _ _ _ _ _ _ _ _ _ _ _ _ _ _ _ _ _ _ 
extension/confluence/extension_ui.py:119: in zscale_view_test_cases_by_folder_macro_in_page
    measure()
_ _ _ _ _ _ _ _ _ _ _ _ _ _ _ _ _ _ _ _ _ _ _ _ _ _ _ _ _ _ _ _ _ _ _ _ _ _ _ _ 

    @functools.wraps(func)
    def wrapper():
        if LOGIN_ACTION_NAME in interaction:
            globals.login_failed = False
        if globals.login_failed:
            pytest.skip(f"login is failed")
        start = time.time()
        error_msg = 'Success'
        full_exception = ''
        try:
            func()
            success = True
        except Exception:
            success = False
            # https://docs.python.org/2/library/sys.html#sys.exc_info
            exc_type, full_exception = sys.exc_info()[:2]
            error_msg = f"Failed measure: {interaction} - {exc_type.__name__}"
        end = time.time()
        timing = str(int((end - start) * 1000))
    
        lockfile = f'{selenium_results_file}.lock'
    
        with filelock.SoftFileLock(lockfile):
            with open(selenium_results_file, "a+") as jtl_file:
                timestamp = round(time.time() * 1000)
                jtl_file.write(f"{timestamp},{timing},{interaction},,{error_msg},,{success},0,0,0,0,,0\n")
    
        print(f"{timestamp},{timing},{interaction},{error_msg},{success}")
    
        if not success:
            if LOGIN_ACTION_NAME in interaction:
                globals.login_failed = True
>           raise Exception(error_msg, full_exception)
E           Exception: ('Failed measure: view_test_cases_by_folder_action - TimeoutException', TimeoutException("Error in wait_until: Timed out after 20 sec waiting for <selenium.webdriver.support.expected_conditions.visibility_of_element_located object at 0x7f6ed1ed1850>. \nLocator: ('tag name', 'macro-view')", None, None))

selenium_ui/conftest.py:155: Exception
05-25-2022, 08:02:56, 1653465776715, Action: test_1_selenium_zscale_view_test_cases_by_status_macro_in_page, Error: confluence_webdriver = <selenium.webdriver.chrome.webdriver.WebDriver (session="ecdecf98982d3c3b4bd032dfd9797808")>
confluence_datasets = {'blog_id': '8267388', 'blogs': [['25717138', 'OMM'], ['25715212', 'BTVF'], ['25717200', 'FLVT'], ['25715242', 'JSDTC'...716062', 'CCMB'], ['25715953', 'GHT'], ...], 'custom_page_id': '40140995', 'custom_pages': [['40140995', 'TEST']], ...}
confluence_screen_shots = None

    def test_1_selenium_zscale_view_test_cases_by_status_macro_in_page(confluence_webdriver, confluence_datasets, confluence_screen_shots):
>       extension_ui.zscale_view_test_cases_by_status_macro_in_page(confluence_webdriver, confluence_datasets)

selenium_ui/confluence_ui.py:43: 
_ _ _ _ _ _ _ _ _ _ _ _ _ _ _ _ _ _ _ _ _ _ _ _ _ _ _ _ _ _ _ _ _ _ _ _ _ _ _ _ 
extension/confluence/extension_ui.py:69: in zscale_view_test_cases_by_status_macro_in_page
    measure()
_ _ _ _ _ _ _ _ _ _ _ _ _ _ _ _ _ _ _ _ _ _ _ _ _ _ _ _ _ _ _ _ _ _ _ _ _ _ _ _ 

    @functools.wraps(func)
    def wrapper():
        if LOGIN_ACTION_NAME in interaction:
            globals.login_failed = False
        if globals.login_failed:
            pytest.skip(f"login is failed")
        start = time.time()
        error_msg = 'Success'
        full_exception = ''
        try:
            func()
            success = True
        except Exception:
            success = False
            # https://docs.python.org/2/library/sys.html#sys.exc_info
            exc_type, full_exception = sys.exc_info()[:2]
            error_msg = f"Failed measure: {interaction} - {exc_type.__name__}"
        end = time.time()
        timing = str(int((end - start) * 1000))
    
        lockfile = f'{selenium_results_file}.lock'
    
        with filelock.SoftFileLock(lockfile):
            with open(selenium_results_file, "a+") as jtl_file:
                timestamp = round(time.time() * 1000)
                jtl_file.write(f"{timestamp},{timing},{interaction},,{error_msg},,{success},0,0,0,0,,0\n")
    
        print(f"{timestamp},{timing},{interaction},{error_msg},{success}")
    
        if not success:
            if LOGIN_ACTION_NAME in interaction:
                globals.login_failed = True
>           raise Exception(error_msg, full_exception)
E           Exception: ('Failed measure: view_test_cases_by_status_action - TimeoutException', TimeoutException("Error in wait_until: Timed out after 20 sec waiting for <selenium.webdriver.support.expected_conditions.visibility_of_element_located object at 0x7f6ed1db8610>. \nLocator: ('tag name', 'macro-view')", None, None))

selenium_ui/conftest.py:155: Exception
05-25-2022, 08:03:18, 1653465798140, Action: test_1_selenium_zscale_view_test_cases_by_project_macro_in_page, Error: confluence_webdriver = <selenium.webdriver.chrome.webdriver.WebDriver (session="ecdecf98982d3c3b4bd032dfd9797808")>
confluence_datasets = {'blog_id': '8267388', 'blogs': [['25717138', 'OMM'], ['25715212', 'BTVF'], ['25717200', 'FLVT'], ['25715242', 'JSDTC'...716062', 'CCMB'], ['25715953', 'GHT'], ...], 'custom_page_id': '40140995', 'custom_pages': [['40140995', 'TEST']], ...}
confluence_screen_shots = None

    def test_1_selenium_zscale_view_test_cases_by_project_macro_in_page(confluence_webdriver, confluence_datasets, confluence_screen_shots):
>       extension_ui.zscale_view_test_cases_by_project_macro_in_page(confluence_webdriver, confluence_datasets)

selenium_ui/confluence_ui.py:46: 
_ _ _ _ _ _ _ _ _ _ _ _ _ _ _ _ _ _ _ _ _ _ _ _ _ _ _ _ _ _ _ _ _ _ _ _ _ _ _ _ 
extension/confluence/extension_ui.py:94: in zscale_view_test_cases_by_project_macro_in_page
    measure()
_ _ _ _ _ _ _ _ _ _ _ _ _ _ _ _ _ _ _ _ _ _ _ _ _ _ _ _ _ _ _ _ _ _ _ _ _ _ _ _ 

    @functools.wraps(func)
    def wrapper():
        if LOGIN_ACTION_NAME in interaction:
            globals.login_failed = False
        if globals.login_failed:
            pytest.skip(f"login is failed")
        start = time.time()
        error_msg = 'Success'
        full_exception = ''
        try:
            func()
            success = True
        except Exception:
            success = False
            # https://docs.python.org/2/library/sys.html#sys.exc_info
            exc_type, full_exception = sys.exc_info()[:2]
            error_msg = f"Failed measure: {interaction} - {exc_type.__name__}"
        end = time.time()
        timing = str(int((end - start) * 1000))
    
        lockfile = f'{selenium_results_file}.lock'
    
        with filelock.SoftFileLock(lockfile):
            with open(selenium_results_file, "a+") as jtl_file:
                timestamp = round(time.time() * 1000)
                jtl_file.write(f"{timestamp},{timing},{interaction},,{error_msg},,{success},0,0,0,0,,0\n")
    
        print(f"{timestamp},{timing},{interaction},{error_msg},{success}")
    
        if not success:
            if LOGIN_ACTION_NAME in interaction:
                globals.login_failed = True
>           raise Exception(error_msg, full_exception)
E           Exception: ('Failed measure: view_test_cases_by_project_action - TimeoutException', TimeoutException("Error in wait_until: Timed out after 20 sec waiting for <selenium.webdriver.support.expected_conditions.visibility_of_element_located object at 0x7f6ed1d68820>. \nLocator: ('tag name', 'macro-view')", None, None))

selenium_ui/conftest.py:155: Exception
05-25-2022, 08:03:39, 1653465819651, Action: test_1_selenium_zscale_view_test_cases_by_folder_macro_in_page, Error: confluence_webdriver = <selenium.webdriver.chrome.webdriver.WebDriver (session="ecdecf98982d3c3b4bd032dfd9797808")>
confluence_datasets = {'blog_id': '8267388', 'blogs': [['25717138', 'OMM'], ['25715212', 'BTVF'], ['25717200', 'FLVT'], ['25715242', 'JSDTC'...716062', 'CCMB'], ['25715953', 'GHT'], ...], 'custom_page_id': '40140995', 'custom_pages': [['40140995', 'TEST']], ...}
confluence_screen_shots = None

    def test_1_selenium_zscale_view_test_cases_by_folder_macro_in_page(confluence_webdriver, confluence_datasets, confluence_screen_shots):
>       extension_ui.zscale_view_test_cases_by_folder_macro_in_page(confluence_webdriver, confluence_datasets)

selenium_ui/confluence_ui.py:49: 
_ _ _ _ _ _ _ _ _ _ _ _ _ _ _ _ _ _ _ _ _ _ _ _ _ _ _ _ _ _ _ _ _ _ _ _ _ _ _ _ 
extension/confluence/extension_ui.py:119: in zscale_view_test_cases_by_folder_macro_in_page
    measure()
_ _ _ _ _ _ _ _ _ _ _ _ _ _ _ _ _ _ _ _ _ _ _ _ _ _ _ _ _ _ _ _ _ _ _ _ _ _ _ _ 

    @functools.wraps(func)
    def wrapper():
        if LOGIN_ACTION_NAME in interaction:
            globals.login_failed = False
        if globals.login_failed:
            pytest.skip(f"login is failed")
        start = time.time()
        error_msg = 'Success'
        full_exception = ''
        try:
            func()
            success = True
        except Exception:
            success = False
            # https://docs.python.org/2/library/sys.html#sys.exc_info
            exc_type, full_exception = sys.exc_info()[:2]
            error_msg = f"Failed measure: {interaction} - {exc_type.__name__}"
        end = time.time()
        timing = str(int((end - start) * 1000))
    
        lockfile = f'{selenium_results_file}.lock'
    
        with filelock.SoftFileLock(lockfile):
            with open(selenium_results_file, "a+") as jtl_file:
                timestamp = round(time.time() * 1000)
                jtl_file.write(f"{timestamp},{timing},{interaction},,{error_msg},,{success},0,0,0,0,,0\n")
    
        print(f"{timestamp},{timing},{interaction},{error_msg},{success}")
    
        if not success:
            if LOGIN_ACTION_NAME in interaction:
                globals.login_failed = True
>           raise Exception(error_msg, full_exception)
E           Exception: ('Failed measure: view_test_cases_by_folder_action - TimeoutException', TimeoutException("Error in wait_until: Timed out after 20 sec waiting for <selenium.webdriver.support.expected_conditions.visibility_of_element_located object at 0x7f6ed1d93b50>. \nLocator: ('tag name', 'macro-view')", None, None))

selenium_ui/conftest.py:155: Exception
05-25-2022, 08:04:07, 1653465847864, Action: test_1_selenium_zscale_view_test_cases_by_status_macro_in_page, Error: confluence_webdriver = <selenium.webdriver.chrome.webdriver.WebDriver (session="ecdecf98982d3c3b4bd032dfd9797808")>
confluence_datasets = {'blog_id': '25839401', 'blogs': [['25717138', 'OMM'], ['25715212', 'BTVF'], ['25717200', 'FLVT'], ['25715242', 'JSDTC...716062', 'CCMB'], ['25715953', 'GHT'], ...], 'custom_page_id': '40140995', 'custom_pages': [['40140995', 'TEST']], ...}
confluence_screen_shots = None

    def test_1_selenium_zscale_view_test_cases_by_status_macro_in_page(confluence_webdriver, confluence_datasets, confluence_screen_shots):
>       extension_ui.zscale_view_test_cases_by_status_macro_in_page(confluence_webdriver, confluence_datasets)

selenium_ui/confluence_ui.py:43: 
_ _ _ _ _ _ _ _ _ _ _ _ _ _ _ _ _ _ _ _ _ _ _ _ _ _ _ _ _ _ _ _ _ _ _ _ _ _ _ _ 
extension/confluence/extension_ui.py:69: in zscale_view_test_cases_by_status_macro_in_page
    measure()
_ _ _ _ _ _ _ _ _ _ _ _ _ _ _ _ _ _ _ _ _ _ _ _ _ _ _ _ _ _ _ _ _ _ _ _ _ _ _ _ 

    @functools.wraps(func)
    def wrapper():
        if LOGIN_ACTION_NAME in interaction:
            globals.login_failed = False
        if globals.login_failed:
            pytest.skip(f"login is failed")
        start = time.time()
        error_msg = 'Success'
        full_exception = ''
        try:
            func()
            success = True
        except Exception:
            success = False
            # https://docs.python.org/2/library/sys.html#sys.exc_info
            exc_type, full_exception = sys.exc_info()[:2]
            error_msg = f"Failed measure: {interaction} - {exc_type.__name__}"
        end = time.time()
        timing = str(int((end - start) * 1000))
    
        lockfile = f'{selenium_results_file}.lock'
    
        with filelock.SoftFileLock(lockfile):
            with open(selenium_results_file, "a+") as jtl_file:
                timestamp = round(time.time() * 1000)
                jtl_file.write(f"{timestamp},{timing},{interaction},,{error_msg},,{success},0,0,0,0,,0\n")
    
        print(f"{timestamp},{timing},{interaction},{error_msg},{success}")
    
        if not success:
            if LOGIN_ACTION_NAME in interaction:
                globals.login_failed = True
>           raise Exception(error_msg, full_exception)
E           Exception: ('Failed measure: view_test_cases_by_status_action - TimeoutException', TimeoutException("Error in wait_until: Timed out after 20 sec waiting for <selenium.webdriver.support.expected_conditions.visibility_of_element_located object at 0x7f6ed1d39490>. \nLocator: ('tag name', 'macro-view')", None, None))

selenium_ui/conftest.py:155: Exception
05-25-2022, 08:04:29, 1653465869717, Action: test_1_selenium_zscale_view_test_cases_by_project_macro_in_page, Error: confluence_webdriver = <selenium.webdriver.chrome.webdriver.WebDriver (session="ecdecf98982d3c3b4bd032dfd9797808")>
confluence_datasets = {'blog_id': '25839401', 'blogs': [['25717138', 'OMM'], ['25715212', 'BTVF'], ['25717200', 'FLVT'], ['25715242', 'JSDTC...716062', 'CCMB'], ['25715953', 'GHT'], ...], 'custom_page_id': '40140995', 'custom_pages': [['40140995', 'TEST']], ...}
confluence_screen_shots = None

    def test_1_selenium_zscale_view_test_cases_by_project_macro_in_page(confluence_webdriver, confluence_datasets, confluence_screen_shots):
>       extension_ui.zscale_view_test_cases_by_project_macro_in_page(confluence_webdriver, confluence_datasets)

selenium_ui/confluence_ui.py:46: 
_ _ _ _ _ _ _ _ _ _ _ _ _ _ _ _ _ _ _ _ _ _ _ _ _ _ _ _ _ _ _ _ _ _ _ _ _ _ _ _ 
extension/confluence/extension_ui.py:94: in zscale_view_test_cases_by_project_macro_in_page
    measure()
_ _ _ _ _ _ _ _ _ _ _ _ _ _ _ _ _ _ _ _ _ _ _ _ _ _ _ _ _ _ _ _ _ _ _ _ _ _ _ _ 

    @functools.wraps(func)
    def wrapper():
        if LOGIN_ACTION_NAME in interaction:
            globals.login_failed = False
        if globals.login_failed:
            pytest.skip(f"login is failed")
        start = time.time()
        error_msg = 'Success'
        full_exception = ''
        try:
            func()
            success = True
        except Exception:
            success = False
            # https://docs.python.org/2/library/sys.html#sys.exc_info
            exc_type, full_exception = sys.exc_info()[:2]
            error_msg = f"Failed measure: {interaction} - {exc_type.__name__}"
        end = time.time()
        timing = str(int((end - start) * 1000))
    
        lockfile = f'{selenium_results_file}.lock'
    
        with filelock.SoftFileLock(lockfile):
            with open(selenium_results_file, "a+") as jtl_file:
                timestamp = round(time.time() * 1000)
                jtl_file.write(f"{timestamp},{timing},{interaction},,{error_msg},,{success},0,0,0,0,,0\n")
    
        print(f"{timestamp},{timing},{interaction},{error_msg},{success}")
    
        if not success:
            if LOGIN_ACTION_NAME in interaction:
                globals.login_failed = True
>           raise Exception(error_msg, full_exception)
E           Exception: ('Failed measure: view_test_cases_by_project_action - TimeoutException', TimeoutException("Error in wait_until: Timed out after 20 sec waiting for <selenium.webdriver.support.expected_conditions.visibility_of_element_located object at 0x7f6ed1d39c10>. \nLocator: ('tag name', 'macro-view')", None, None))

selenium_ui/conftest.py:155: Exception
05-25-2022, 08:04:51, 1653465891414, Action: test_1_selenium_zscale_view_test_cases_by_folder_macro_in_page, Error: confluence_webdriver = <selenium.webdriver.chrome.webdriver.WebDriver (session="ecdecf98982d3c3b4bd032dfd9797808")>
confluence_datasets = {'blog_id': '25839401', 'blogs': [['25717138', 'OMM'], ['25715212', 'BTVF'], ['25717200', 'FLVT'], ['25715242', 'JSDTC...716062', 'CCMB'], ['25715953', 'GHT'], ...], 'custom_page_id': '40140995', 'custom_pages': [['40140995', 'TEST']], ...}
confluence_screen_shots = None

    def test_1_selenium_zscale_view_test_cases_by_folder_macro_in_page(confluence_webdriver, confluence_datasets, confluence_screen_shots):
>       extension_ui.zscale_view_test_cases_by_folder_macro_in_page(confluence_webdriver, confluence_datasets)

selenium_ui/confluence_ui.py:49: 
_ _ _ _ _ _ _ _ _ _ _ _ _ _ _ _ _ _ _ _ _ _ _ _ _ _ _ _ _ _ _ _ _ _ _ _ _ _ _ _ 
extension/confluence/extension_ui.py:119: in zscale_view_test_cases_by_folder_macro_in_page
    measure()
_ _ _ _ _ _ _ _ _ _ _ _ _ _ _ _ _ _ _ _ _ _ _ _ _ _ _ _ _ _ _ _ _ _ _ _ _ _ _ _ 

    @functools.wraps(func)
    def wrapper():
        if LOGIN_ACTION_NAME in interaction:
            globals.login_failed = False
        if globals.login_failed:
            pytest.skip(f"login is failed")
        start = time.time()
        error_msg = 'Success'
        full_exception = ''
        try:
            func()
            success = True
        except Exception:
            success = False
            # https://docs.python.org/2/library/sys.html#sys.exc_info
            exc_type, full_exception = sys.exc_info()[:2]
            error_msg = f"Failed measure: {interaction} - {exc_type.__name__}"
        end = time.time()
        timing = str(int((end - start) * 1000))
    
        lockfile = f'{selenium_results_file}.lock'
    
        with filelock.SoftFileLock(lockfile):
            with open(selenium_results_file, "a+") as jtl_file:
                timestamp = round(time.time() * 1000)
                jtl_file.write(f"{timestamp},{timing},{interaction},,{error_msg},,{success},0,0,0,0,,0\n")
    
        print(f"{timestamp},{timing},{interaction},{error_msg},{success}")
    
        if not success:
            if LOGIN_ACTION_NAME in interaction:
                globals.login_failed = True
>           raise Exception(error_msg, full_exception)
E           Exception: ('Failed measure: view_test_cases_by_folder_action - TimeoutException', TimeoutException("Error in wait_until: Timed out after 20 sec waiting for <selenium.webdriver.support.expected_conditions.visibility_of_element_located object at 0x7f6ed1d57280>. \nLocator: ('tag name', 'macro-view')", None, None))

selenium_ui/conftest.py:155: Exception
05-25-2022, 08:05:21, 1653465921094, Action: test_1_selenium_zscale_view_test_cases_by_status_macro_in_page, Error: confluence_webdriver = <selenium.webdriver.chrome.webdriver.WebDriver (session="ecdecf98982d3c3b4bd032dfd9797808")>
confluence_datasets = {'blog_id': '8154439', 'blogs': [['25717138', 'OMM'], ['25715212', 'BTVF'], ['25717200', 'FLVT'], ['25715242', 'JSDTC'...716062', 'CCMB'], ['25715953', 'GHT'], ...], 'custom_page_id': '40140995', 'custom_pages': [['40140995', 'TEST']], ...}
confluence_screen_shots = None

    def test_1_selenium_zscale_view_test_cases_by_status_macro_in_page(confluence_webdriver, confluence_datasets, confluence_screen_shots):
>       extension_ui.zscale_view_test_cases_by_status_macro_in_page(confluence_webdriver, confluence_datasets)

selenium_ui/confluence_ui.py:43: 
_ _ _ _ _ _ _ _ _ _ _ _ _ _ _ _ _ _ _ _ _ _ _ _ _ _ _ _ _ _ _ _ _ _ _ _ _ _ _ _ 
extension/confluence/extension_ui.py:69: in zscale_view_test_cases_by_status_macro_in_page
    measure()
_ _ _ _ _ _ _ _ _ _ _ _ _ _ _ _ _ _ _ _ _ _ _ _ _ _ _ _ _ _ _ _ _ _ _ _ _ _ _ _ 

    @functools.wraps(func)
    def wrapper():
        if LOGIN_ACTION_NAME in interaction:
            globals.login_failed = False
        if globals.login_failed:
            pytest.skip(f"login is failed")
        start = time.time()
        error_msg = 'Success'
        full_exception = ''
        try:
            func()
            success = True
        except Exception:
            success = False
            # https://docs.python.org/2/library/sys.html#sys.exc_info
            exc_type, full_exception = sys.exc_info()[:2]
            error_msg = f"Failed measure: {interaction} - {exc_type.__name__}"
        end = time.time()
        timing = str(int((end - start) * 1000))
    
        lockfile = f'{selenium_results_file}.lock'
    
        with filelock.SoftFileLock(lockfile):
            with open(selenium_results_file, "a+") as jtl_file:
                timestamp = round(time.time() * 1000)
                jtl_file.write(f"{timestamp},{timing},{interaction},,{error_msg},,{success},0,0,0,0,,0\n")
    
        print(f"{timestamp},{timing},{interaction},{error_msg},{success}")
    
        if not success:
            if LOGIN_ACTION_NAME in interaction:
                globals.login_failed = True
>           raise Exception(error_msg, full_exception)
E           Exception: ('Failed measure: view_test_cases_by_status_action - TimeoutException', TimeoutException("Error in wait_until: Timed out after 20 sec waiting for <selenium.webdriver.support.expected_conditions.visibility_of_element_located object at 0x7f6ed1d018b0>. \nLocator: ('tag name', 'macro-view')", None, None))

selenium_ui/conftest.py:155: Exception
05-25-2022, 08:05:42, 1653465942823, Action: test_1_selenium_zscale_view_test_cases_by_project_macro_in_page, Error: confluence_webdriver = <selenium.webdriver.chrome.webdriver.WebDriver (session="ecdecf98982d3c3b4bd032dfd9797808")>
confluence_datasets = {'blog_id': '8154439', 'blogs': [['25717138', 'OMM'], ['25715212', 'BTVF'], ['25717200', 'FLVT'], ['25715242', 'JSDTC'...716062', 'CCMB'], ['25715953', 'GHT'], ...], 'custom_page_id': '40140995', 'custom_pages': [['40140995', 'TEST']], ...}
confluence_screen_shots = None

    def test_1_selenium_zscale_view_test_cases_by_project_macro_in_page(confluence_webdriver, confluence_datasets, confluence_screen_shots):
>       extension_ui.zscale_view_test_cases_by_project_macro_in_page(confluence_webdriver, confluence_datasets)

selenium_ui/confluence_ui.py:46: 
_ _ _ _ _ _ _ _ _ _ _ _ _ _ _ _ _ _ _ _ _ _ _ _ _ _ _ _ _ _ _ _ _ _ _ _ _ _ _ _ 
extension/confluence/extension_ui.py:94: in zscale_view_test_cases_by_project_macro_in_page
    measure()
_ _ _ _ _ _ _ _ _ _ _ _ _ _ _ _ _ _ _ _ _ _ _ _ _ _ _ _ _ _ _ _ _ _ _ _ _ _ _ _ 

    @functools.wraps(func)
    def wrapper():
        if LOGIN_ACTION_NAME in interaction:
            globals.login_failed = False
        if globals.login_failed:
            pytest.skip(f"login is failed")
        start = time.time()
        error_msg = 'Success'
        full_exception = ''
        try:
            func()
            success = True
        except Exception:
            success = False
            # https://docs.python.org/2/library/sys.html#sys.exc_info
            exc_type, full_exception = sys.exc_info()[:2]
            error_msg = f"Failed measure: {interaction} - {exc_type.__name__}"
        end = time.time()
        timing = str(int((end - start) * 1000))
    
        lockfile = f'{selenium_results_file}.lock'
    
        with filelock.SoftFileLock(lockfile):
            with open(selenium_results_file, "a+") as jtl_file:
                timestamp = round(time.time() * 1000)
                jtl_file.write(f"{timestamp},{timing},{interaction},,{error_msg},,{success},0,0,0,0,,0\n")
    
        print(f"{timestamp},{timing},{interaction},{error_msg},{success}")
    
        if not success:
            if LOGIN_ACTION_NAME in interaction:
                globals.login_failed = True
>           raise Exception(error_msg, full_exception)
E           Exception: ('Failed measure: view_test_cases_by_project_action - TimeoutException', TimeoutException("Error in wait_until: Timed out after 20 sec waiting for <selenium.webdriver.support.expected_conditions.visibility_of_element_located object at 0x7f6ed1d0fc40>. \nLocator: ('tag name', 'macro-view')", None, None))

selenium_ui/conftest.py:155: Exception
05-25-2022, 08:06:04, 1653465964464, Action: test_1_selenium_zscale_view_test_cases_by_folder_macro_in_page, Error: confluence_webdriver = <selenium.webdriver.chrome.webdriver.WebDriver (session="ecdecf98982d3c3b4bd032dfd9797808")>
confluence_datasets = {'blog_id': '8154439', 'blogs': [['25717138', 'OMM'], ['25715212', 'BTVF'], ['25717200', 'FLVT'], ['25715242', 'JSDTC'...716062', 'CCMB'], ['25715953', 'GHT'], ...], 'custom_page_id': '40140995', 'custom_pages': [['40140995', 'TEST']], ...}
confluence_screen_shots = None

    def test_1_selenium_zscale_view_test_cases_by_folder_macro_in_page(confluence_webdriver, confluence_datasets, confluence_screen_shots):
>       extension_ui.zscale_view_test_cases_by_folder_macro_in_page(confluence_webdriver, confluence_datasets)

selenium_ui/confluence_ui.py:49: 
_ _ _ _ _ _ _ _ _ _ _ _ _ _ _ _ _ _ _ _ _ _ _ _ _ _ _ _ _ _ _ _ _ _ _ _ _ _ _ _ 
extension/confluence/extension_ui.py:119: in zscale_view_test_cases_by_folder_macro_in_page
    measure()
_ _ _ _ _ _ _ _ _ _ _ _ _ _ _ _ _ _ _ _ _ _ _ _ _ _ _ _ _ _ _ _ _ _ _ _ _ _ _ _ 

    @functools.wraps(func)
    def wrapper():
        if LOGIN_ACTION_NAME in interaction:
            globals.login_failed = False
        if globals.login_failed:
            pytest.skip(f"login is failed")
        start = time.time()
        error_msg = 'Success'
        full_exception = ''
        try:
            func()
            success = True
        except Exception:
            success = False
            # https://docs.python.org/2/library/sys.html#sys.exc_info
            exc_type, full_exception = sys.exc_info()[:2]
            error_msg = f"Failed measure: {interaction} - {exc_type.__name__}"
        end = time.time()
        timing = str(int((end - start) * 1000))
    
        lockfile = f'{selenium_results_file}.lock'
    
        with filelock.SoftFileLock(lockfile):
            with open(selenium_results_file, "a+") as jtl_file:
                timestamp = round(time.time() * 1000)
                jtl_file.write(f"{timestamp},{timing},{interaction},,{error_msg},,{success},0,0,0,0,,0\n")
    
        print(f"{timestamp},{timing},{interaction},{error_msg},{success}")
    
        if not success:
            if LOGIN_ACTION_NAME in interaction:
                globals.login_failed = True
>           raise Exception(error_msg, full_exception)
E           Exception: ('Failed measure: view_test_cases_by_folder_action - TimeoutException', TimeoutException("Error in wait_until: Timed out after 20 sec waiting for <selenium.webdriver.support.expected_conditions.visibility_of_element_located object at 0x7f6ed1d57250>. \nLocator: ('tag name', 'macro-view')", None, None))

selenium_ui/conftest.py:155: Exception
05-25-2022, 08:06:33, 1653465993013, Action: test_1_selenium_zscale_view_test_cases_by_status_macro_in_page, Error: confluence_webdriver = <selenium.webdriver.chrome.webdriver.WebDriver (session="ecdecf98982d3c3b4bd032dfd9797808")>
confluence_datasets = {'blog_id': '8642797', 'blogs': [['25717138', 'OMM'], ['25715212', 'BTVF'], ['25717200', 'FLVT'], ['25715242', 'JSDTC'...716062', 'CCMB'], ['25715953', 'GHT'], ...], 'custom_page_id': '40140995', 'custom_pages': [['40140995', 'TEST']], ...}
confluence_screen_shots = None

    def test_1_selenium_zscale_view_test_cases_by_status_macro_in_page(confluence_webdriver, confluence_datasets, confluence_screen_shots):
>       extension_ui.zscale_view_test_cases_by_status_macro_in_page(confluence_webdriver, confluence_datasets)

selenium_ui/confluence_ui.py:43: 
_ _ _ _ _ _ _ _ _ _ _ _ _ _ _ _ _ _ _ _ _ _ _ _ _ _ _ _ _ _ _ _ _ _ _ _ _ _ _ _ 
extension/confluence/extension_ui.py:69: in zscale_view_test_cases_by_status_macro_in_page
    measure()
_ _ _ _ _ _ _ _ _ _ _ _ _ _ _ _ _ _ _ _ _ _ _ _ _ _ _ _ _ _ _ _ _ _ _ _ _ _ _ _ 

    @functools.wraps(func)
    def wrapper():
        if LOGIN_ACTION_NAME in interaction:
            globals.login_failed = False
        if globals.login_failed:
            pytest.skip(f"login is failed")
        start = time.time()
        error_msg = 'Success'
        full_exception = ''
        try:
            func()
            success = True
        except Exception:
            success = False
            # https://docs.python.org/2/library/sys.html#sys.exc_info
            exc_type, full_exception = sys.exc_info()[:2]
            error_msg = f"Failed measure: {interaction} - {exc_type.__name__}"
        end = time.time()
        timing = str(int((end - start) * 1000))
    
        lockfile = f'{selenium_results_file}.lock'
    
        with filelock.SoftFileLock(lockfile):
            with open(selenium_results_file, "a+") as jtl_file:
                timestamp = round(time.time() * 1000)
                jtl_file.write(f"{timestamp},{timing},{interaction},,{error_msg},,{success},0,0,0,0,,0\n")
    
        print(f"{timestamp},{timing},{interaction},{error_msg},{success}")
    
        if not success:
            if LOGIN_ACTION_NAME in interaction:
                globals.login_failed = True
>           raise Exception(error_msg, full_exception)
E           Exception: ('Failed measure: view_test_cases_by_status_action - TimeoutException', TimeoutException("Error in wait_until: Timed out after 20 sec waiting for <selenium.webdriver.support.expected_conditions.visibility_of_element_located object at 0x7f6ed1cd0ee0>. \nLocator: ('tag name', 'macro-view')", None, None))

selenium_ui/conftest.py:155: Exception
05-25-2022, 08:06:54, 1653466014680, Action: test_1_selenium_zscale_view_test_cases_by_project_macro_in_page, Error: confluence_webdriver = <selenium.webdriver.chrome.webdriver.WebDriver (session="ecdecf98982d3c3b4bd032dfd9797808")>
confluence_datasets = {'blog_id': '8642797', 'blogs': [['25717138', 'OMM'], ['25715212', 'BTVF'], ['25717200', 'FLVT'], ['25715242', 'JSDTC'...716062', 'CCMB'], ['25715953', 'GHT'], ...], 'custom_page_id': '40140995', 'custom_pages': [['40140995', 'TEST']], ...}
confluence_screen_shots = None

    def test_1_selenium_zscale_view_test_cases_by_project_macro_in_page(confluence_webdriver, confluence_datasets, confluence_screen_shots):
>       extension_ui.zscale_view_test_cases_by_project_macro_in_page(confluence_webdriver, confluence_datasets)

selenium_ui/confluence_ui.py:46: 
_ _ _ _ _ _ _ _ _ _ _ _ _ _ _ _ _ _ _ _ _ _ _ _ _ _ _ _ _ _ _ _ _ _ _ _ _ _ _ _ 
extension/confluence/extension_ui.py:94: in zscale_view_test_cases_by_project_macro_in_page
    measure()
_ _ _ _ _ _ _ _ _ _ _ _ _ _ _ _ _ _ _ _ _ _ _ _ _ _ _ _ _ _ _ _ _ _ _ _ _ _ _ _ 

    @functools.wraps(func)
    def wrapper():
        if LOGIN_ACTION_NAME in interaction:
            globals.login_failed = False
        if globals.login_failed:
            pytest.skip(f"login is failed")
        start = time.time()
        error_msg = 'Success'
        full_exception = ''
        try:
            func()
            success = True
        except Exception:
            success = False
            # https://docs.python.org/2/library/sys.html#sys.exc_info
            exc_type, full_exception = sys.exc_info()[:2]
            error_msg = f"Failed measure: {interaction} - {exc_type.__name__}"
        end = time.time()
        timing = str(int((end - start) * 1000))
    
        lockfile = f'{selenium_results_file}.lock'
    
        with filelock.SoftFileLock(lockfile):
            with open(selenium_results_file, "a+") as jtl_file:
                timestamp = round(time.time() * 1000)
                jtl_file.write(f"{timestamp},{timing},{interaction},,{error_msg},,{success},0,0,0,0,,0\n")
    
        print(f"{timestamp},{timing},{interaction},{error_msg},{success}")
    
        if not success:
            if LOGIN_ACTION_NAME in interaction:
                globals.login_failed = True
>           raise Exception(error_msg, full_exception)
E           Exception: ('Failed measure: view_test_cases_by_project_action - TimeoutException', TimeoutException("Error in wait_until: Timed out after 20 sec waiting for <selenium.webdriver.support.expected_conditions.visibility_of_element_located object at 0x7f6ed1c3a970>. \nLocator: ('tag name', 'macro-view')", None, None))

selenium_ui/conftest.py:155: Exception
05-25-2022, 08:07:16, 1653466036487, Action: test_1_selenium_zscale_view_test_cases_by_folder_macro_in_page, Error: confluence_webdriver = <selenium.webdriver.chrome.webdriver.WebDriver (session="ecdecf98982d3c3b4bd032dfd9797808")>
confluence_datasets = {'blog_id': '8642797', 'blogs': [['25717138', 'OMM'], ['25715212', 'BTVF'], ['25717200', 'FLVT'], ['25715242', 'JSDTC'...716062', 'CCMB'], ['25715953', 'GHT'], ...], 'custom_page_id': '40140995', 'custom_pages': [['40140995', 'TEST']], ...}
confluence_screen_shots = None

    def test_1_selenium_zscale_view_test_cases_by_folder_macro_in_page(confluence_webdriver, confluence_datasets, confluence_screen_shots):
>       extension_ui.zscale_view_test_cases_by_folder_macro_in_page(confluence_webdriver, confluence_datasets)

selenium_ui/confluence_ui.py:49: 
_ _ _ _ _ _ _ _ _ _ _ _ _ _ _ _ _ _ _ _ _ _ _ _ _ _ _ _ _ _ _ _ _ _ _ _ _ _ _ _ 
extension/confluence/extension_ui.py:119: in zscale_view_test_cases_by_folder_macro_in_page
    measure()
_ _ _ _ _ _ _ _ _ _ _ _ _ _ _ _ _ _ _ _ _ _ _ _ _ _ _ _ _ _ _ _ _ _ _ _ _ _ _ _ 

    @functools.wraps(func)
    def wrapper():
        if LOGIN_ACTION_NAME in interaction:
            globals.login_failed = False
        if globals.login_failed:
            pytest.skip(f"login is failed")
        start = time.time()
        error_msg = 'Success'
        full_exception = ''
        try:
            func()
            success = True
        except Exception:
            success = False
            # https://docs.python.org/2/library/sys.html#sys.exc_info
            exc_type, full_exception = sys.exc_info()[:2]
            error_msg = f"Failed measure: {interaction} - {exc_type.__name__}"
        end = time.time()
        timing = str(int((end - start) * 1000))
    
        lockfile = f'{selenium_results_file}.lock'
    
        with filelock.SoftFileLock(lockfile):
            with open(selenium_results_file, "a+") as jtl_file:
                timestamp = round(time.time() * 1000)
                jtl_file.write(f"{timestamp},{timing},{interaction},,{error_msg},,{success},0,0,0,0,,0\n")
    
        print(f"{timestamp},{timing},{interaction},{error_msg},{success}")
    
        if not success:
            if LOGIN_ACTION_NAME in interaction:
                globals.login_failed = True
>           raise Exception(error_msg, full_exception)
E           Exception: ('Failed measure: view_test_cases_by_folder_action - TimeoutException', TimeoutException("Error in wait_until: Timed out after 20 sec waiting for <selenium.webdriver.support.expected_conditions.visibility_of_element_located object at 0x7f6ed1c8e490>. \nLocator: ('tag name', 'macro-view')", None, None))

selenium_ui/conftest.py:155: Exception
05-25-2022, 08:07:46, 1653466066121, Action: test_1_selenium_zscale_view_test_cases_by_status_macro_in_page, Error: confluence_webdriver = <selenium.webdriver.chrome.webdriver.WebDriver (session="ecdecf98982d3c3b4bd032dfd9797808")>
confluence_datasets = {'blog_id': '3562041', 'blogs': [['25717138', 'OMM'], ['25715212', 'BTVF'], ['25717200', 'FLVT'], ['25715242', 'JSDTC'...716062', 'CCMB'], ['25715953', 'GHT'], ...], 'custom_page_id': '40140995', 'custom_pages': [['40140995', 'TEST']], ...}
confluence_screen_shots = None

    def test_1_selenium_zscale_view_test_cases_by_status_macro_in_page(confluence_webdriver, confluence_datasets, confluence_screen_shots):
>       extension_ui.zscale_view_test_cases_by_status_macro_in_page(confluence_webdriver, confluence_datasets)

selenium_ui/confluence_ui.py:43: 
_ _ _ _ _ _ _ _ _ _ _ _ _ _ _ _ _ _ _ _ _ _ _ _ _ _ _ _ _ _ _ _ _ _ _ _ _ _ _ _ 
extension/confluence/extension_ui.py:69: in zscale_view_test_cases_by_status_macro_in_page
    measure()
_ _ _ _ _ _ _ _ _ _ _ _ _ _ _ _ _ _ _ _ _ _ _ _ _ _ _ _ _ _ _ _ _ _ _ _ _ _ _ _ 

    @functools.wraps(func)
    def wrapper():
        if LOGIN_ACTION_NAME in interaction:
            globals.login_failed = False
        if globals.login_failed:
            pytest.skip(f"login is failed")
        start = time.time()
        error_msg = 'Success'
        full_exception = ''
        try:
            func()
            success = True
        except Exception:
            success = False
            # https://docs.python.org/2/library/sys.html#sys.exc_info
            exc_type, full_exception = sys.exc_info()[:2]
            error_msg = f"Failed measure: {interaction} - {exc_type.__name__}"
        end = time.time()
        timing = str(int((end - start) * 1000))
    
        lockfile = f'{selenium_results_file}.lock'
    
        with filelock.SoftFileLock(lockfile):
            with open(selenium_results_file, "a+") as jtl_file:
                timestamp = round(time.time() * 1000)
                jtl_file.write(f"{timestamp},{timing},{interaction},,{error_msg},,{success},0,0,0,0,,0\n")
    
        print(f"{timestamp},{timing},{interaction},{error_msg},{success}")
    
        if not success:
            if LOGIN_ACTION_NAME in interaction:
                globals.login_failed = True
>           raise Exception(error_msg, full_exception)
E           Exception: ('Failed measure: view_test_cases_by_status_action - TimeoutException', TimeoutException("Error in wait_until: Timed out after 20 sec waiting for <selenium.webdriver.support.expected_conditions.visibility_of_element_located object at 0x7f6ed1c06100>. \nLocator: ('tag name', 'macro-view')", None, None))

selenium_ui/conftest.py:155: Exception
05-25-2022, 08:08:07, 1653466087583, Action: test_1_selenium_zscale_view_test_cases_by_project_macro_in_page, Error: confluence_webdriver = <selenium.webdriver.chrome.webdriver.WebDriver (session="ecdecf98982d3c3b4bd032dfd9797808")>
confluence_datasets = {'blog_id': '3562041', 'blogs': [['25717138', 'OMM'], ['25715212', 'BTVF'], ['25717200', 'FLVT'], ['25715242', 'JSDTC'...716062', 'CCMB'], ['25715953', 'GHT'], ...], 'custom_page_id': '40140995', 'custom_pages': [['40140995', 'TEST']], ...}
confluence_screen_shots = None

    def test_1_selenium_zscale_view_test_cases_by_project_macro_in_page(confluence_webdriver, confluence_datasets, confluence_screen_shots):
>       extension_ui.zscale_view_test_cases_by_project_macro_in_page(confluence_webdriver, confluence_datasets)

selenium_ui/confluence_ui.py:46: 
_ _ _ _ _ _ _ _ _ _ _ _ _ _ _ _ _ _ _ _ _ _ _ _ _ _ _ _ _ _ _ _ _ _ _ _ _ _ _ _ 
extension/confluence/extension_ui.py:94: in zscale_view_test_cases_by_project_macro_in_page
    measure()
_ _ _ _ _ _ _ _ _ _ _ _ _ _ _ _ _ _ _ _ _ _ _ _ _ _ _ _ _ _ _ _ _ _ _ _ _ _ _ _ 

    @functools.wraps(func)
    def wrapper():
        if LOGIN_ACTION_NAME in interaction:
            globals.login_failed = False
        if globals.login_failed:
            pytest.skip(f"login is failed")
        start = time.time()
        error_msg = 'Success'
        full_exception = ''
        try:
            func()
            success = True
        except Exception:
            success = False
            # https://docs.python.org/2/library/sys.html#sys.exc_info
            exc_type, full_exception = sys.exc_info()[:2]
            error_msg = f"Failed measure: {interaction} - {exc_type.__name__}"
        end = time.time()
        timing = str(int((end - start) * 1000))
    
        lockfile = f'{selenium_results_file}.lock'
    
        with filelock.SoftFileLock(lockfile):
            with open(selenium_results_file, "a+") as jtl_file:
                timestamp = round(time.time() * 1000)
                jtl_file.write(f"{timestamp},{timing},{interaction},,{error_msg},,{success},0,0,0,0,,0\n")
    
        print(f"{timestamp},{timing},{interaction},{error_msg},{success}")
    
        if not success:
            if LOGIN_ACTION_NAME in interaction:
                globals.login_failed = True
>           raise Exception(error_msg, full_exception)
E           Exception: ('Failed measure: view_test_cases_by_project_action - TimeoutException', TimeoutException("Error in wait_until: Timed out after 20 sec waiting for <selenium.webdriver.support.expected_conditions.visibility_of_element_located object at 0x7f6ed1c3e850>. \nLocator: ('tag name', 'macro-view')", None, None))

selenium_ui/conftest.py:155: Exception
05-25-2022, 08:08:29, 1653466109073, Action: test_1_selenium_zscale_view_test_cases_by_folder_macro_in_page, Error: confluence_webdriver = <selenium.webdriver.chrome.webdriver.WebDriver (session="ecdecf98982d3c3b4bd032dfd9797808")>
confluence_datasets = {'blog_id': '3562041', 'blogs': [['25717138', 'OMM'], ['25715212', 'BTVF'], ['25717200', 'FLVT'], ['25715242', 'JSDTC'...716062', 'CCMB'], ['25715953', 'GHT'], ...], 'custom_page_id': '40140995', 'custom_pages': [['40140995', 'TEST']], ...}
confluence_screen_shots = None

    def test_1_selenium_zscale_view_test_cases_by_folder_macro_in_page(confluence_webdriver, confluence_datasets, confluence_screen_shots):
>       extension_ui.zscale_view_test_cases_by_folder_macro_in_page(confluence_webdriver, confluence_datasets)

selenium_ui/confluence_ui.py:49: 
_ _ _ _ _ _ _ _ _ _ _ _ _ _ _ _ _ _ _ _ _ _ _ _ _ _ _ _ _ _ _ _ _ _ _ _ _ _ _ _ 
extension/confluence/extension_ui.py:119: in zscale_view_test_cases_by_folder_macro_in_page
    measure()
_ _ _ _ _ _ _ _ _ _ _ _ _ _ _ _ _ _ _ _ _ _ _ _ _ _ _ _ _ _ _ _ _ _ _ _ _ _ _ _ 

    @functools.wraps(func)
    def wrapper():
        if LOGIN_ACTION_NAME in interaction:
            globals.login_failed = False
        if globals.login_failed:
            pytest.skip(f"login is failed")
        start = time.time()
        error_msg = 'Success'
        full_exception = ''
        try:
            func()
            success = True
        except Exception:
            success = False
            # https://docs.python.org/2/library/sys.html#sys.exc_info
            exc_type, full_exception = sys.exc_info()[:2]
            error_msg = f"Failed measure: {interaction} - {exc_type.__name__}"
        end = time.time()
        timing = str(int((end - start) * 1000))
    
        lockfile = f'{selenium_results_file}.lock'
    
        with filelock.SoftFileLock(lockfile):
            with open(selenium_results_file, "a+") as jtl_file:
                timestamp = round(time.time() * 1000)
                jtl_file.write(f"{timestamp},{timing},{interaction},,{error_msg},,{success},0,0,0,0,,0\n")
    
        print(f"{timestamp},{timing},{interaction},{error_msg},{success}")
    
        if not success:
            if LOGIN_ACTION_NAME in interaction:
                globals.login_failed = True
>           raise Exception(error_msg, full_exception)
E           Exception: ('Failed measure: view_test_cases_by_folder_action - TimeoutException', TimeoutException("Error in wait_until: Timed out after 20 sec waiting for <selenium.webdriver.support.expected_conditions.visibility_of_element_located object at 0x7f6ed1c1fd30>. \nLocator: ('tag name', 'macro-view')", None, None))

selenium_ui/conftest.py:155: Exception
05-25-2022, 08:08:58, 1653466138274, Action: test_1_selenium_zscale_view_test_cases_by_status_macro_in_page, Error: confluence_webdriver = <selenium.webdriver.chrome.webdriver.WebDriver (session="ecdecf98982d3c3b4bd032dfd9797808")>
confluence_datasets = {'blog_id': '3703875', 'blogs': [['25717138', 'OMM'], ['25715212', 'BTVF'], ['25717200', 'FLVT'], ['25715242', 'JSDTC'...716062', 'CCMB'], ['25715953', 'GHT'], ...], 'custom_page_id': '40140995', 'custom_pages': [['40140995', 'TEST']], ...}
confluence_screen_shots = None

    def test_1_selenium_zscale_view_test_cases_by_status_macro_in_page(confluence_webdriver, confluence_datasets, confluence_screen_shots):
>       extension_ui.zscale_view_test_cases_by_status_macro_in_page(confluence_webdriver, confluence_datasets)

selenium_ui/confluence_ui.py:43: 
_ _ _ _ _ _ _ _ _ _ _ _ _ _ _ _ _ _ _ _ _ _ _ _ _ _ _ _ _ _ _ _ _ _ _ _ _ _ _ _ 
extension/confluence/extension_ui.py:69: in zscale_view_test_cases_by_status_macro_in_page
    measure()
_ _ _ _ _ _ _ _ _ _ _ _ _ _ _ _ _ _ _ _ _ _ _ _ _ _ _ _ _ _ _ _ _ _ _ _ _ _ _ _ 

    @functools.wraps(func)
    def wrapper():
        if LOGIN_ACTION_NAME in interaction:
            globals.login_failed = False
        if globals.login_failed:
            pytest.skip(f"login is failed")
        start = time.time()
        error_msg = 'Success'
        full_exception = ''
        try:
            func()
            success = True
        except Exception:
            success = False
            # https://docs.python.org/2/library/sys.html#sys.exc_info
            exc_type, full_exception = sys.exc_info()[:2]
            error_msg = f"Failed measure: {interaction} - {exc_type.__name__}"
        end = time.time()
        timing = str(int((end - start) * 1000))
    
        lockfile = f'{selenium_results_file}.lock'
    
        with filelock.SoftFileLock(lockfile):
            with open(selenium_results_file, "a+") as jtl_file:
                timestamp = round(time.time() * 1000)
                jtl_file.write(f"{timestamp},{timing},{interaction},,{error_msg},,{success},0,0,0,0,,0\n")
    
        print(f"{timestamp},{timing},{interaction},{error_msg},{success}")
    
        if not success:
            if LOGIN_ACTION_NAME in interaction:
                globals.login_failed = True
>           raise Exception(error_msg, full_exception)
E           Exception: ('Failed measure: view_test_cases_by_status_action - TimeoutException', TimeoutException("Error in wait_until: Timed out after 20 sec waiting for <selenium.webdriver.support.expected_conditions.visibility_of_element_located object at 0x7f6ed1d21d90>. \nLocator: ('tag name', 'macro-view')", None, None))

selenium_ui/conftest.py:155: Exception
05-25-2022, 08:09:20, 1653466160064, Action: test_1_selenium_zscale_view_test_cases_by_project_macro_in_page, Error: confluence_webdriver = <selenium.webdriver.chrome.webdriver.WebDriver (session="ecdecf98982d3c3b4bd032dfd9797808")>
confluence_datasets = {'blog_id': '3703875', 'blogs': [['25717138', 'OMM'], ['25715212', 'BTVF'], ['25717200', 'FLVT'], ['25715242', 'JSDTC'...716062', 'CCMB'], ['25715953', 'GHT'], ...], 'custom_page_id': '40140995', 'custom_pages': [['40140995', 'TEST']], ...}
confluence_screen_shots = None

    def test_1_selenium_zscale_view_test_cases_by_project_macro_in_page(confluence_webdriver, confluence_datasets, confluence_screen_shots):
>       extension_ui.zscale_view_test_cases_by_project_macro_in_page(confluence_webdriver, confluence_datasets)

selenium_ui/confluence_ui.py:46: 
_ _ _ _ _ _ _ _ _ _ _ _ _ _ _ _ _ _ _ _ _ _ _ _ _ _ _ _ _ _ _ _ _ _ _ _ _ _ _ _ 
extension/confluence/extension_ui.py:94: in zscale_view_test_cases_by_project_macro_in_page
    measure()
_ _ _ _ _ _ _ _ _ _ _ _ _ _ _ _ _ _ _ _ _ _ _ _ _ _ _ _ _ _ _ _ _ _ _ _ _ _ _ _ 

    @functools.wraps(func)
    def wrapper():
        if LOGIN_ACTION_NAME in interaction:
            globals.login_failed = False
        if globals.login_failed:
            pytest.skip(f"login is failed")
        start = time.time()
        error_msg = 'Success'
        full_exception = ''
        try:
            func()
            success = True
        except Exception:
            success = False
            # https://docs.python.org/2/library/sys.html#sys.exc_info
            exc_type, full_exception = sys.exc_info()[:2]
            error_msg = f"Failed measure: {interaction} - {exc_type.__name__}"
        end = time.time()
        timing = str(int((end - start) * 1000))
    
        lockfile = f'{selenium_results_file}.lock'
    
        with filelock.SoftFileLock(lockfile):
            with open(selenium_results_file, "a+") as jtl_file:
                timestamp = round(time.time() * 1000)
                jtl_file.write(f"{timestamp},{timing},{interaction},,{error_msg},,{success},0,0,0,0,,0\n")
    
        print(f"{timestamp},{timing},{interaction},{error_msg},{success}")
    
        if not success:
            if LOGIN_ACTION_NAME in interaction:
                globals.login_failed = True
>           raise Exception(error_msg, full_exception)
E           Exception: ('Failed measure: view_test_cases_by_project_action - TimeoutException', TimeoutException("Error in wait_until: Timed out after 20 sec waiting for <selenium.webdriver.support.expected_conditions.visibility_of_element_located object at 0x7f6ed1bbbd30>. \nLocator: ('tag name', 'macro-view')", None, None))

selenium_ui/conftest.py:155: Exception
05-25-2022, 08:09:41, 1653466181712, Action: test_1_selenium_zscale_view_test_cases_by_folder_macro_in_page, Error: confluence_webdriver = <selenium.webdriver.chrome.webdriver.WebDriver (session="ecdecf98982d3c3b4bd032dfd9797808")>
confluence_datasets = {'blog_id': '3703875', 'blogs': [['25717138', 'OMM'], ['25715212', 'BTVF'], ['25717200', 'FLVT'], ['25715242', 'JSDTC'...716062', 'CCMB'], ['25715953', 'GHT'], ...], 'custom_page_id': '40140995', 'custom_pages': [['40140995', 'TEST']], ...}
confluence_screen_shots = None

    def test_1_selenium_zscale_view_test_cases_by_folder_macro_in_page(confluence_webdriver, confluence_datasets, confluence_screen_shots):
>       extension_ui.zscale_view_test_cases_by_folder_macro_in_page(confluence_webdriver, confluence_datasets)

selenium_ui/confluence_ui.py:49: 
_ _ _ _ _ _ _ _ _ _ _ _ _ _ _ _ _ _ _ _ _ _ _ _ _ _ _ _ _ _ _ _ _ _ _ _ _ _ _ _ 
extension/confluence/extension_ui.py:119: in zscale_view_test_cases_by_folder_macro_in_page
    measure()
_ _ _ _ _ _ _ _ _ _ _ _ _ _ _ _ _ _ _ _ _ _ _ _ _ _ _ _ _ _ _ _ _ _ _ _ _ _ _ _ 

    @functools.wraps(func)
    def wrapper():
        if LOGIN_ACTION_NAME in interaction:
            globals.login_failed = False
        if globals.login_failed:
            pytest.skip(f"login is failed")
        start = time.time()
        error_msg = 'Success'
        full_exception = ''
        try:
            func()
            success = True
        except Exception:
            success = False
            # https://docs.python.org/2/library/sys.html#sys.exc_info
            exc_type, full_exception = sys.exc_info()[:2]
            error_msg = f"Failed measure: {interaction} - {exc_type.__name__}"
        end = time.time()
        timing = str(int((end - start) * 1000))
    
        lockfile = f'{selenium_results_file}.lock'
    
        with filelock.SoftFileLock(lockfile):
            with open(selenium_results_file, "a+") as jtl_file:
                timestamp = round(time.time() * 1000)
                jtl_file.write(f"{timestamp},{timing},{interaction},,{error_msg},,{success},0,0,0,0,,0\n")
    
        print(f"{timestamp},{timing},{interaction},{error_msg},{success}")
    
        if not success:
            if LOGIN_ACTION_NAME in interaction:
                globals.login_failed = True
>           raise Exception(error_msg, full_exception)
E           Exception: ('Failed measure: view_test_cases_by_folder_action - TimeoutException', TimeoutException("Error in wait_until: Timed out after 20 sec waiting for <selenium.webdriver.support.expected_conditions.visibility_of_element_located object at 0x7f6ed1bc7eb0>. \nLocator: ('tag name', 'macro-view')", None, None))

selenium_ui/conftest.py:155: Exception
05-25-2022, 08:10:11, 1653466211156, Action: test_1_selenium_zscale_view_test_cases_by_status_macro_in_page, Error: confluence_webdriver = <selenium.webdriver.chrome.webdriver.WebDriver (session="ecdecf98982d3c3b4bd032dfd9797808")>
confluence_datasets = {'blog_id': '3557183', 'blogs': [['25717138', 'OMM'], ['25715212', 'BTVF'], ['25717200', 'FLVT'], ['25715242', 'JSDTC'...716062', 'CCMB'], ['25715953', 'GHT'], ...], 'custom_page_id': '40140995', 'custom_pages': [['40140995', 'TEST']], ...}
confluence_screen_shots = None

    def test_1_selenium_zscale_view_test_cases_by_status_macro_in_page(confluence_webdriver, confluence_datasets, confluence_screen_shots):
>       extension_ui.zscale_view_test_cases_by_status_macro_in_page(confluence_webdriver, confluence_datasets)

selenium_ui/confluence_ui.py:43: 
_ _ _ _ _ _ _ _ _ _ _ _ _ _ _ _ _ _ _ _ _ _ _ _ _ _ _ _ _ _ _ _ _ _ _ _ _ _ _ _ 
extension/confluence/extension_ui.py:69: in zscale_view_test_cases_by_status_macro_in_page
    measure()
_ _ _ _ _ _ _ _ _ _ _ _ _ _ _ _ _ _ _ _ _ _ _ _ _ _ _ _ _ _ _ _ _ _ _ _ _ _ _ _ 

    @functools.wraps(func)
    def wrapper():
        if LOGIN_ACTION_NAME in interaction:
            globals.login_failed = False
        if globals.login_failed:
            pytest.skip(f"login is failed")
        start = time.time()
        error_msg = 'Success'
        full_exception = ''
        try:
            func()
            success = True
        except Exception:
            success = False
            # https://docs.python.org/2/library/sys.html#sys.exc_info
            exc_type, full_exception = sys.exc_info()[:2]
            error_msg = f"Failed measure: {interaction} - {exc_type.__name__}"
        end = time.time()
        timing = str(int((end - start) * 1000))
    
        lockfile = f'{selenium_results_file}.lock'
    
        with filelock.SoftFileLock(lockfile):
            with open(selenium_results_file, "a+") as jtl_file:
                timestamp = round(time.time() * 1000)
                jtl_file.write(f"{timestamp},{timing},{interaction},,{error_msg},,{success},0,0,0,0,,0\n")
    
        print(f"{timestamp},{timing},{interaction},{error_msg},{success}")
    
        if not success:
            if LOGIN_ACTION_NAME in interaction:
                globals.login_failed = True
>           raise Exception(error_msg, full_exception)
E           Exception: ('Failed measure: view_test_cases_by_status_action - TimeoutException', TimeoutException("Error in wait_until: Timed out after 20 sec waiting for <selenium.webdriver.support.expected_conditions.visibility_of_element_located object at 0x7f6ed1bdeb20>. \nLocator: ('tag name', 'macro-view')", None, None))

selenium_ui/conftest.py:155: Exception
05-25-2022, 08:10:32, 1653466232841, Action: test_1_selenium_zscale_view_test_cases_by_project_macro_in_page, Error: confluence_webdriver = <selenium.webdriver.chrome.webdriver.WebDriver (session="ecdecf98982d3c3b4bd032dfd9797808")>
confluence_datasets = {'blog_id': '3557183', 'blogs': [['25717138', 'OMM'], ['25715212', 'BTVF'], ['25717200', 'FLVT'], ['25715242', 'JSDTC'...716062', 'CCMB'], ['25715953', 'GHT'], ...], 'custom_page_id': '40140995', 'custom_pages': [['40140995', 'TEST']], ...}
confluence_screen_shots = None

    def test_1_selenium_zscale_view_test_cases_by_project_macro_in_page(confluence_webdriver, confluence_datasets, confluence_screen_shots):
>       extension_ui.zscale_view_test_cases_by_project_macro_in_page(confluence_webdriver, confluence_datasets)

selenium_ui/confluence_ui.py:46: 
_ _ _ _ _ _ _ _ _ _ _ _ _ _ _ _ _ _ _ _ _ _ _ _ _ _ _ _ _ _ _ _ _ _ _ _ _ _ _ _ 
extension/confluence/extension_ui.py:94: in zscale_view_test_cases_by_project_macro_in_page
    measure()
_ _ _ _ _ _ _ _ _ _ _ _ _ _ _ _ _ _ _ _ _ _ _ _ _ _ _ _ _ _ _ _ _ _ _ _ _ _ _ _ 

    @functools.wraps(func)
    def wrapper():
        if LOGIN_ACTION_NAME in interaction:
            globals.login_failed = False
        if globals.login_failed:
            pytest.skip(f"login is failed")
        start = time.time()
        error_msg = 'Success'
        full_exception = ''
        try:
            func()
            success = True
        except Exception:
            success = False
            # https://docs.python.org/2/library/sys.html#sys.exc_info
            exc_type, full_exception = sys.exc_info()[:2]
            error_msg = f"Failed measure: {interaction} - {exc_type.__name__}"
        end = time.time()
        timing = str(int((end - start) * 1000))
    
        lockfile = f'{selenium_results_file}.lock'
    
        with filelock.SoftFileLock(lockfile):
            with open(selenium_results_file, "a+") as jtl_file:
                timestamp = round(time.time() * 1000)
                jtl_file.write(f"{timestamp},{timing},{interaction},,{error_msg},,{success},0,0,0,0,,0\n")
    
        print(f"{timestamp},{timing},{interaction},{error_msg},{success}")
    
        if not success:
            if LOGIN_ACTION_NAME in interaction:
                globals.login_failed = True
>           raise Exception(error_msg, full_exception)
E           Exception: ('Failed measure: view_test_cases_by_project_action - TimeoutException', TimeoutException("Error in wait_until: Timed out after 20 sec waiting for <selenium.webdriver.support.expected_conditions.visibility_of_element_located object at 0x7f6ed1b80c40>. \nLocator: ('tag name', 'macro-view')", None, None))

selenium_ui/conftest.py:155: Exception
05-25-2022, 08:10:54, 1653466254315, Action: test_1_selenium_zscale_view_test_cases_by_folder_macro_in_page, Error: confluence_webdriver = <selenium.webdriver.chrome.webdriver.WebDriver (session="ecdecf98982d3c3b4bd032dfd9797808")>
confluence_datasets = {'blog_id': '3557183', 'blogs': [['25717138', 'OMM'], ['25715212', 'BTVF'], ['25717200', 'FLVT'], ['25715242', 'JSDTC'...716062', 'CCMB'], ['25715953', 'GHT'], ...], 'custom_page_id': '40140995', 'custom_pages': [['40140995', 'TEST']], ...}
confluence_screen_shots = None

    def test_1_selenium_zscale_view_test_cases_by_folder_macro_in_page(confluence_webdriver, confluence_datasets, confluence_screen_shots):
>       extension_ui.zscale_view_test_cases_by_folder_macro_in_page(confluence_webdriver, confluence_datasets)

selenium_ui/confluence_ui.py:49: 
_ _ _ _ _ _ _ _ _ _ _ _ _ _ _ _ _ _ _ _ _ _ _ _ _ _ _ _ _ _ _ _ _ _ _ _ _ _ _ _ 
extension/confluence/extension_ui.py:119: in zscale_view_test_cases_by_folder_macro_in_page
    measure()
_ _ _ _ _ _ _ _ _ _ _ _ _ _ _ _ _ _ _ _ _ _ _ _ _ _ _ _ _ _ _ _ _ _ _ _ _ _ _ _ 

    @functools.wraps(func)
    def wrapper():
        if LOGIN_ACTION_NAME in interaction:
            globals.login_failed = False
        if globals.login_failed:
            pytest.skip(f"login is failed")
        start = time.time()
        error_msg = 'Success'
        full_exception = ''
        try:
            func()
            success = True
        except Exception:
            success = False
            # https://docs.python.org/2/library/sys.html#sys.exc_info
            exc_type, full_exception = sys.exc_info()[:2]
            error_msg = f"Failed measure: {interaction} - {exc_type.__name__}"
        end = time.time()
        timing = str(int((end - start) * 1000))
    
        lockfile = f'{selenium_results_file}.lock'
    
        with filelock.SoftFileLock(lockfile):
            with open(selenium_results_file, "a+") as jtl_file:
                timestamp = round(time.time() * 1000)
                jtl_file.write(f"{timestamp},{timing},{interaction},,{error_msg},,{success},0,0,0,0,,0\n")
    
        print(f"{timestamp},{timing},{interaction},{error_msg},{success}")
    
        if not success:
            if LOGIN_ACTION_NAME in interaction:
                globals.login_failed = True
>           raise Exception(error_msg, full_exception)
E           Exception: ('Failed measure: view_test_cases_by_folder_action - TimeoutException', TimeoutException("Error in wait_until: Timed out after 20 sec waiting for <selenium.webdriver.support.expected_conditions.visibility_of_element_located object at 0x7f6ed1bde100>. \nLocator: ('tag name', 'macro-view')", None, None))

selenium_ui/conftest.py:155: Exception
05-25-2022, 08:11:23, 1653466283314, Action: test_1_selenium_zscale_view_test_cases_by_status_macro_in_page, Error: confluence_webdriver = <selenium.webdriver.chrome.webdriver.WebDriver (session="ecdecf98982d3c3b4bd032dfd9797808")>
confluence_datasets = {'blog_id': '8268992', 'blogs': [['25717138', 'OMM'], ['25715212', 'BTVF'], ['25717200', 'FLVT'], ['25715242', 'JSDTC'...716062', 'CCMB'], ['25715953', 'GHT'], ...], 'custom_page_id': '40140995', 'custom_pages': [['40140995', 'TEST']], ...}
confluence_screen_shots = None

    def test_1_selenium_zscale_view_test_cases_by_status_macro_in_page(confluence_webdriver, confluence_datasets, confluence_screen_shots):
>       extension_ui.zscale_view_test_cases_by_status_macro_in_page(confluence_webdriver, confluence_datasets)

selenium_ui/confluence_ui.py:43: 
_ _ _ _ _ _ _ _ _ _ _ _ _ _ _ _ _ _ _ _ _ _ _ _ _ _ _ _ _ _ _ _ _ _ _ _ _ _ _ _ 
extension/confluence/extension_ui.py:69: in zscale_view_test_cases_by_status_macro_in_page
    measure()
_ _ _ _ _ _ _ _ _ _ _ _ _ _ _ _ _ _ _ _ _ _ _ _ _ _ _ _ _ _ _ _ _ _ _ _ _ _ _ _ 

    @functools.wraps(func)
    def wrapper():
        if LOGIN_ACTION_NAME in interaction:
            globals.login_failed = False
        if globals.login_failed:
            pytest.skip(f"login is failed")
        start = time.time()
        error_msg = 'Success'
        full_exception = ''
        try:
            func()
            success = True
        except Exception:
            success = False
            # https://docs.python.org/2/library/sys.html#sys.exc_info
            exc_type, full_exception = sys.exc_info()[:2]
            error_msg = f"Failed measure: {interaction} - {exc_type.__name__}"
        end = time.time()
        timing = str(int((end - start) * 1000))
    
        lockfile = f'{selenium_results_file}.lock'
    
        with filelock.SoftFileLock(lockfile):
            with open(selenium_results_file, "a+") as jtl_file:
                timestamp = round(time.time() * 1000)
                jtl_file.write(f"{timestamp},{timing},{interaction},,{error_msg},,{success},0,0,0,0,,0\n")
    
        print(f"{timestamp},{timing},{interaction},{error_msg},{success}")
    
        if not success:
            if LOGIN_ACTION_NAME in interaction:
                globals.login_failed = True
>           raise Exception(error_msg, full_exception)
E           Exception: ('Failed measure: view_test_cases_by_status_action - TimeoutException', TimeoutException("Error in wait_until: Timed out after 20 sec waiting for <selenium.webdriver.support.expected_conditions.visibility_of_element_located object at 0x7f6ed1aed3a0>. \nLocator: ('tag name', 'macro-view')", None, None))

selenium_ui/conftest.py:155: Exception
05-25-2022, 08:11:45, 1653466305121, Action: test_1_selenium_zscale_view_test_cases_by_project_macro_in_page, Error: confluence_webdriver = <selenium.webdriver.chrome.webdriver.WebDriver (session="ecdecf98982d3c3b4bd032dfd9797808")>
confluence_datasets = {'blog_id': '8268992', 'blogs': [['25717138', 'OMM'], ['25715212', 'BTVF'], ['25717200', 'FLVT'], ['25715242', 'JSDTC'...716062', 'CCMB'], ['25715953', 'GHT'], ...], 'custom_page_id': '40140995', 'custom_pages': [['40140995', 'TEST']], ...}
confluence_screen_shots = None

    def test_1_selenium_zscale_view_test_cases_by_project_macro_in_page(confluence_webdriver, confluence_datasets, confluence_screen_shots):
>       extension_ui.zscale_view_test_cases_by_project_macro_in_page(confluence_webdriver, confluence_datasets)

selenium_ui/confluence_ui.py:46: 
_ _ _ _ _ _ _ _ _ _ _ _ _ _ _ _ _ _ _ _ _ _ _ _ _ _ _ _ _ _ _ _ _ _ _ _ _ _ _ _ 
extension/confluence/extension_ui.py:94: in zscale_view_test_cases_by_project_macro_in_page
    measure()
_ _ _ _ _ _ _ _ _ _ _ _ _ _ _ _ _ _ _ _ _ _ _ _ _ _ _ _ _ _ _ _ _ _ _ _ _ _ _ _ 

    @functools.wraps(func)
    def wrapper():
        if LOGIN_ACTION_NAME in interaction:
            globals.login_failed = False
        if globals.login_failed:
            pytest.skip(f"login is failed")
        start = time.time()
        error_msg = 'Success'
        full_exception = ''
        try:
            func()
            success = True
        except Exception:
            success = False
            # https://docs.python.org/2/library/sys.html#sys.exc_info
            exc_type, full_exception = sys.exc_info()[:2]
            error_msg = f"Failed measure: {interaction} - {exc_type.__name__}"
        end = time.time()
        timing = str(int((end - start) * 1000))
    
        lockfile = f'{selenium_results_file}.lock'
    
        with filelock.SoftFileLock(lockfile):
            with open(selenium_results_file, "a+") as jtl_file:
                timestamp = round(time.time() * 1000)
                jtl_file.write(f"{timestamp},{timing},{interaction},,{error_msg},,{success},0,0,0,0,,0\n")
    
        print(f"{timestamp},{timing},{interaction},{error_msg},{success}")
    
        if not success:
            if LOGIN_ACTION_NAME in interaction:
                globals.login_failed = True
>           raise Exception(error_msg, full_exception)
E           Exception: ('Failed measure: view_test_cases_by_project_action - TimeoutException', TimeoutException("Error in wait_until: Timed out after 20 sec waiting for <selenium.webdriver.support.expected_conditions.visibility_of_element_located object at 0x7f6ed1abc940>. \nLocator: ('tag name', 'macro-view')", None, None))

selenium_ui/conftest.py:155: Exception
05-25-2022, 08:12:06, 1653466326767, Action: test_1_selenium_zscale_view_test_cases_by_folder_macro_in_page, Error: confluence_webdriver = <selenium.webdriver.chrome.webdriver.WebDriver (session="ecdecf98982d3c3b4bd032dfd9797808")>
confluence_datasets = {'blog_id': '8268992', 'blogs': [['25717138', 'OMM'], ['25715212', 'BTVF'], ['25717200', 'FLVT'], ['25715242', 'JSDTC'...716062', 'CCMB'], ['25715953', 'GHT'], ...], 'custom_page_id': '40140995', 'custom_pages': [['40140995', 'TEST']], ...}
confluence_screen_shots = None

    def test_1_selenium_zscale_view_test_cases_by_folder_macro_in_page(confluence_webdriver, confluence_datasets, confluence_screen_shots):
>       extension_ui.zscale_view_test_cases_by_folder_macro_in_page(confluence_webdriver, confluence_datasets)

selenium_ui/confluence_ui.py:49: 
_ _ _ _ _ _ _ _ _ _ _ _ _ _ _ _ _ _ _ _ _ _ _ _ _ _ _ _ _ _ _ _ _ _ _ _ _ _ _ _ 
extension/confluence/extension_ui.py:119: in zscale_view_test_cases_by_folder_macro_in_page
    measure()
_ _ _ _ _ _ _ _ _ _ _ _ _ _ _ _ _ _ _ _ _ _ _ _ _ _ _ _ _ _ _ _ _ _ _ _ _ _ _ _ 

    @functools.wraps(func)
    def wrapper():
        if LOGIN_ACTION_NAME in interaction:
            globals.login_failed = False
        if globals.login_failed:
            pytest.skip(f"login is failed")
        start = time.time()
        error_msg = 'Success'
        full_exception = ''
        try:
            func()
            success = True
        except Exception:
            success = False
            # https://docs.python.org/2/library/sys.html#sys.exc_info
            exc_type, full_exception = sys.exc_info()[:2]
            error_msg = f"Failed measure: {interaction} - {exc_type.__name__}"
        end = time.time()
        timing = str(int((end - start) * 1000))
    
        lockfile = f'{selenium_results_file}.lock'
    
        with filelock.SoftFileLock(lockfile):
            with open(selenium_results_file, "a+") as jtl_file:
                timestamp = round(time.time() * 1000)
                jtl_file.write(f"{timestamp},{timing},{interaction},,{error_msg},,{success},0,0,0,0,,0\n")
    
        print(f"{timestamp},{timing},{interaction},{error_msg},{success}")
    
        if not success:
            if LOGIN_ACTION_NAME in interaction:
                globals.login_failed = True
>           raise Exception(error_msg, full_exception)
E           Exception: ('Failed measure: view_test_cases_by_folder_action - TimeoutException', TimeoutException("Error in wait_until: Timed out after 20 sec waiting for <selenium.webdriver.support.expected_conditions.visibility_of_element_located object at 0x7f6ed1b06580>. \nLocator: ('tag name', 'macro-view')", None, None))

selenium_ui/conftest.py:155: Exception
05-25-2022, 08:12:36, 1653466356077, Action: test_1_selenium_zscale_view_test_cases_by_status_macro_in_page, Error: confluence_webdriver = <selenium.webdriver.chrome.webdriver.WebDriver (session="ecdecf98982d3c3b4bd032dfd9797808")>
confluence_datasets = {'blog_id': '3703991', 'blogs': [['25717138', 'OMM'], ['25715212', 'BTVF'], ['25717200', 'FLVT'], ['25715242', 'JSDTC'...716062', 'CCMB'], ['25715953', 'GHT'], ...], 'custom_page_id': '40140995', 'custom_pages': [['40140995', 'TEST']], ...}
confluence_screen_shots = None

    def test_1_selenium_zscale_view_test_cases_by_status_macro_in_page(confluence_webdriver, confluence_datasets, confluence_screen_shots):
>       extension_ui.zscale_view_test_cases_by_status_macro_in_page(confluence_webdriver, confluence_datasets)

selenium_ui/confluence_ui.py:43: 
_ _ _ _ _ _ _ _ _ _ _ _ _ _ _ _ _ _ _ _ _ _ _ _ _ _ _ _ _ _ _ _ _ _ _ _ _ _ _ _ 
extension/confluence/extension_ui.py:69: in zscale_view_test_cases_by_status_macro_in_page
    measure()
_ _ _ _ _ _ _ _ _ _ _ _ _ _ _ _ _ _ _ _ _ _ _ _ _ _ _ _ _ _ _ _ _ _ _ _ _ _ _ _ 

    @functools.wraps(func)
    def wrapper():
        if LOGIN_ACTION_NAME in interaction:
            globals.login_failed = False
        if globals.login_failed:
            pytest.skip(f"login is failed")
        start = time.time()
        error_msg = 'Success'
        full_exception = ''
        try:
            func()
            success = True
        except Exception:
            success = False
            # https://docs.python.org/2/library/sys.html#sys.exc_info
            exc_type, full_exception = sys.exc_info()[:2]
            error_msg = f"Failed measure: {interaction} - {exc_type.__name__}"
        end = time.time()
        timing = str(int((end - start) * 1000))
    
        lockfile = f'{selenium_results_file}.lock'
    
        with filelock.SoftFileLock(lockfile):
            with open(selenium_results_file, "a+") as jtl_file:
                timestamp = round(time.time() * 1000)
                jtl_file.write(f"{timestamp},{timing},{interaction},,{error_msg},,{success},0,0,0,0,,0\n")
    
        print(f"{timestamp},{timing},{interaction},{error_msg},{success}")
    
        if not success:
            if LOGIN_ACTION_NAME in interaction:
                globals.login_failed = True
>           raise Exception(error_msg, full_exception)
E           Exception: ('Failed measure: view_test_cases_by_status_action - TimeoutException', TimeoutException("Error in wait_until: Timed out after 20 sec waiting for <selenium.webdriver.support.expected_conditions.visibility_of_element_located object at 0x7f6ed1aa3610>. \nLocator: ('tag name', 'macro-view')", None, None))

selenium_ui/conftest.py:155: Exception
05-25-2022, 08:12:57, 1653466377565, Action: test_1_selenium_zscale_view_test_cases_by_project_macro_in_page, Error: confluence_webdriver = <selenium.webdriver.chrome.webdriver.WebDriver (session="ecdecf98982d3c3b4bd032dfd9797808")>
confluence_datasets = {'blog_id': '3703991', 'blogs': [['25717138', 'OMM'], ['25715212', 'BTVF'], ['25717200', 'FLVT'], ['25715242', 'JSDTC'...716062', 'CCMB'], ['25715953', 'GHT'], ...], 'custom_page_id': '40140995', 'custom_pages': [['40140995', 'TEST']], ...}
confluence_screen_shots = None

    def test_1_selenium_zscale_view_test_cases_by_project_macro_in_page(confluence_webdriver, confluence_datasets, confluence_screen_shots):
>       extension_ui.zscale_view_test_cases_by_project_macro_in_page(confluence_webdriver, confluence_datasets)

selenium_ui/confluence_ui.py:46: 
_ _ _ _ _ _ _ _ _ _ _ _ _ _ _ _ _ _ _ _ _ _ _ _ _ _ _ _ _ _ _ _ _ _ _ _ _ _ _ _ 
extension/confluence/extension_ui.py:94: in zscale_view_test_cases_by_project_macro_in_page
    measure()
_ _ _ _ _ _ _ _ _ _ _ _ _ _ _ _ _ _ _ _ _ _ _ _ _ _ _ _ _ _ _ _ _ _ _ _ _ _ _ _ 

    @functools.wraps(func)
    def wrapper():
        if LOGIN_ACTION_NAME in interaction:
            globals.login_failed = False
        if globals.login_failed:
            pytest.skip(f"login is failed")
        start = time.time()
        error_msg = 'Success'
        full_exception = ''
        try:
            func()
            success = True
        except Exception:
            success = False
            # https://docs.python.org/2/library/sys.html#sys.exc_info
            exc_type, full_exception = sys.exc_info()[:2]
            error_msg = f"Failed measure: {interaction} - {exc_type.__name__}"
        end = time.time()
        timing = str(int((end - start) * 1000))
    
        lockfile = f'{selenium_results_file}.lock'
    
        with filelock.SoftFileLock(lockfile):
            with open(selenium_results_file, "a+") as jtl_file:
                timestamp = round(time.time() * 1000)
                jtl_file.write(f"{timestamp},{timing},{interaction},,{error_msg},,{success},0,0,0,0,,0\n")
    
        print(f"{timestamp},{timing},{interaction},{error_msg},{success}")
    
        if not success:
            if LOGIN_ACTION_NAME in interaction:
                globals.login_failed = True
>           raise Exception(error_msg, full_exception)
E           Exception: ('Failed measure: view_test_cases_by_project_action - TimeoutException', TimeoutException("Error in wait_until: Timed out after 20 sec waiting for <selenium.webdriver.support.expected_conditions.visibility_of_element_located object at 0x7f6ed1a9f820>. \nLocator: ('tag name', 'macro-view')", None, None))

selenium_ui/conftest.py:155: Exception
05-25-2022, 08:13:19, 1653466399158, Action: test_1_selenium_zscale_view_test_cases_by_folder_macro_in_page, Error: confluence_webdriver = <selenium.webdriver.chrome.webdriver.WebDriver (session="ecdecf98982d3c3b4bd032dfd9797808")>
confluence_datasets = {'blog_id': '3703991', 'blogs': [['25717138', 'OMM'], ['25715212', 'BTVF'], ['25717200', 'FLVT'], ['25715242', 'JSDTC'...716062', 'CCMB'], ['25715953', 'GHT'], ...], 'custom_page_id': '40140995', 'custom_pages': [['40140995', 'TEST']], ...}
confluence_screen_shots = None

    def test_1_selenium_zscale_view_test_cases_by_folder_macro_in_page(confluence_webdriver, confluence_datasets, confluence_screen_shots):
>       extension_ui.zscale_view_test_cases_by_folder_macro_in_page(confluence_webdriver, confluence_datasets)

selenium_ui/confluence_ui.py:49: 
_ _ _ _ _ _ _ _ _ _ _ _ _ _ _ _ _ _ _ _ _ _ _ _ _ _ _ _ _ _ _ _ _ _ _ _ _ _ _ _ 
extension/confluence/extension_ui.py:119: in zscale_view_test_cases_by_folder_macro_in_page
    measure()
_ _ _ _ _ _ _ _ _ _ _ _ _ _ _ _ _ _ _ _ _ _ _ _ _ _ _ _ _ _ _ _ _ _ _ _ _ _ _ _ 

    @functools.wraps(func)
    def wrapper():
        if LOGIN_ACTION_NAME in interaction:
            globals.login_failed = False
        if globals.login_failed:
            pytest.skip(f"login is failed")
        start = time.time()
        error_msg = 'Success'
        full_exception = ''
        try:
            func()
            success = True
        except Exception:
            success = False
            # https://docs.python.org/2/library/sys.html#sys.exc_info
            exc_type, full_exception = sys.exc_info()[:2]
            error_msg = f"Failed measure: {interaction} - {exc_type.__name__}"
        end = time.time()
        timing = str(int((end - start) * 1000))
    
        lockfile = f'{selenium_results_file}.lock'
    
        with filelock.SoftFileLock(lockfile):
            with open(selenium_results_file, "a+") as jtl_file:
                timestamp = round(time.time() * 1000)
                jtl_file.write(f"{timestamp},{timing},{interaction},,{error_msg},,{success},0,0,0,0,,0\n")
    
        print(f"{timestamp},{timing},{interaction},{error_msg},{success}")
    
        if not success:
            if LOGIN_ACTION_NAME in interaction:
                globals.login_failed = True
>           raise Exception(error_msg, full_exception)
E           Exception: ('Failed measure: view_test_cases_by_folder_action - TimeoutException', TimeoutException("Error in wait_until: Timed out after 20 sec waiting for <selenium.webdriver.support.expected_conditions.visibility_of_element_located object at 0x7f6ed1bae4c0>. \nLocator: ('tag name', 'macro-view')", None, None))

selenium_ui/conftest.py:155: Exception
05-25-2022, 08:13:46, 1653466426645, Action: test_1_selenium_zscale_view_test_cases_by_status_macro_in_page, Error: confluence_webdriver = <selenium.webdriver.chrome.webdriver.WebDriver (session="ecdecf98982d3c3b4bd032dfd9797808")>
confluence_datasets = {'blog_id': '3570328', 'blogs': [['25717138', 'OMM'], ['25715212', 'BTVF'], ['25717200', 'FLVT'], ['25715242', 'JSDTC'...716062', 'CCMB'], ['25715953', 'GHT'], ...], 'custom_page_id': '40140995', 'custom_pages': [['40140995', 'TEST']], ...}
confluence_screen_shots = None

    def test_1_selenium_zscale_view_test_cases_by_status_macro_in_page(confluence_webdriver, confluence_datasets, confluence_screen_shots):
>       extension_ui.zscale_view_test_cases_by_status_macro_in_page(confluence_webdriver, confluence_datasets)

selenium_ui/confluence_ui.py:43: 
_ _ _ _ _ _ _ _ _ _ _ _ _ _ _ _ _ _ _ _ _ _ _ _ _ _ _ _ _ _ _ _ _ _ _ _ _ _ _ _ 
extension/confluence/extension_ui.py:69: in zscale_view_test_cases_by_status_macro_in_page
    measure()
_ _ _ _ _ _ _ _ _ _ _ _ _ _ _ _ _ _ _ _ _ _ _ _ _ _ _ _ _ _ _ _ _ _ _ _ _ _ _ _ 

    @functools.wraps(func)
    def wrapper():
        if LOGIN_ACTION_NAME in interaction:
            globals.login_failed = False
        if globals.login_failed:
            pytest.skip(f"login is failed")
        start = time.time()
        error_msg = 'Success'
        full_exception = ''
        try:
            func()
            success = True
        except Exception:
            success = False
            # https://docs.python.org/2/library/sys.html#sys.exc_info
            exc_type, full_exception = sys.exc_info()[:2]
            error_msg = f"Failed measure: {interaction} - {exc_type.__name__}"
        end = time.time()
        timing = str(int((end - start) * 1000))
    
        lockfile = f'{selenium_results_file}.lock'
    
        with filelock.SoftFileLock(lockfile):
            with open(selenium_results_file, "a+") as jtl_file:
                timestamp = round(time.time() * 1000)
                jtl_file.write(f"{timestamp},{timing},{interaction},,{error_msg},,{success},0,0,0,0,,0\n")
    
        print(f"{timestamp},{timing},{interaction},{error_msg},{success}")
    
        if not success:
            if LOGIN_ACTION_NAME in interaction:
                globals.login_failed = True
>           raise Exception(error_msg, full_exception)
E           Exception: ('Failed measure: view_test_cases_by_status_action - TimeoutException', TimeoutException("Error in wait_until: Timed out after 20 sec waiting for <selenium.webdriver.support.expected_conditions.visibility_of_element_located object at 0x7f6ed1aca1c0>. \nLocator: ('tag name', 'macro-view')", None, None))

selenium_ui/conftest.py:155: Exception
05-25-2022, 08:14:08, 1653466448137, Action: test_1_selenium_zscale_view_test_cases_by_project_macro_in_page, Error: confluence_webdriver = <selenium.webdriver.chrome.webdriver.WebDriver (session="ecdecf98982d3c3b4bd032dfd9797808")>
confluence_datasets = {'blog_id': '3570328', 'blogs': [['25717138', 'OMM'], ['25715212', 'BTVF'], ['25717200', 'FLVT'], ['25715242', 'JSDTC'...716062', 'CCMB'], ['25715953', 'GHT'], ...], 'custom_page_id': '40140995', 'custom_pages': [['40140995', 'TEST']], ...}
confluence_screen_shots = None

    def test_1_selenium_zscale_view_test_cases_by_project_macro_in_page(confluence_webdriver, confluence_datasets, confluence_screen_shots):
>       extension_ui.zscale_view_test_cases_by_project_macro_in_page(confluence_webdriver, confluence_datasets)

selenium_ui/confluence_ui.py:46: 
_ _ _ _ _ _ _ _ _ _ _ _ _ _ _ _ _ _ _ _ _ _ _ _ _ _ _ _ _ _ _ _ _ _ _ _ _ _ _ _ 
extension/confluence/extension_ui.py:94: in zscale_view_test_cases_by_project_macro_in_page
    measure()
_ _ _ _ _ _ _ _ _ _ _ _ _ _ _ _ _ _ _ _ _ _ _ _ _ _ _ _ _ _ _ _ _ _ _ _ _ _ _ _ 

    @functools.wraps(func)
    def wrapper():
        if LOGIN_ACTION_NAME in interaction:
            globals.login_failed = False
        if globals.login_failed:
            pytest.skip(f"login is failed")
        start = time.time()
        error_msg = 'Success'
        full_exception = ''
        try:
            func()
            success = True
        except Exception:
            success = False
            # https://docs.python.org/2/library/sys.html#sys.exc_info
            exc_type, full_exception = sys.exc_info()[:2]
            error_msg = f"Failed measure: {interaction} - {exc_type.__name__}"
        end = time.time()
        timing = str(int((end - start) * 1000))
    
        lockfile = f'{selenium_results_file}.lock'
    
        with filelock.SoftFileLock(lockfile):
            with open(selenium_results_file, "a+") as jtl_file:
                timestamp = round(time.time() * 1000)
                jtl_file.write(f"{timestamp},{timing},{interaction},,{error_msg},,{success},0,0,0,0,,0\n")
    
        print(f"{timestamp},{timing},{interaction},{error_msg},{success}")
    
        if not success:
            if LOGIN_ACTION_NAME in interaction:
                globals.login_failed = True
>           raise Exception(error_msg, full_exception)
E           Exception: ('Failed measure: view_test_cases_by_project_action - TimeoutException', TimeoutException("Error in wait_until: Timed out after 20 sec waiting for <selenium.webdriver.support.expected_conditions.visibility_of_element_located object at 0x7f6ed1a31040>. \nLocator: ('tag name', 'macro-view')", None, None))

selenium_ui/conftest.py:155: Exception
05-25-2022, 08:14:29, 1653466469617, Action: test_1_selenium_zscale_view_test_cases_by_folder_macro_in_page, Error: confluence_webdriver = <selenium.webdriver.chrome.webdriver.WebDriver (session="ecdecf98982d3c3b4bd032dfd9797808")>
confluence_datasets = {'blog_id': '3570328', 'blogs': [['25717138', 'OMM'], ['25715212', 'BTVF'], ['25717200', 'FLVT'], ['25715242', 'JSDTC'...716062', 'CCMB'], ['25715953', 'GHT'], ...], 'custom_page_id': '40140995', 'custom_pages': [['40140995', 'TEST']], ...}
confluence_screen_shots = None

    def test_1_selenium_zscale_view_test_cases_by_folder_macro_in_page(confluence_webdriver, confluence_datasets, confluence_screen_shots):
>       extension_ui.zscale_view_test_cases_by_folder_macro_in_page(confluence_webdriver, confluence_datasets)

selenium_ui/confluence_ui.py:49: 
_ _ _ _ _ _ _ _ _ _ _ _ _ _ _ _ _ _ _ _ _ _ _ _ _ _ _ _ _ _ _ _ _ _ _ _ _ _ _ _ 
extension/confluence/extension_ui.py:119: in zscale_view_test_cases_by_folder_macro_in_page
    measure()
_ _ _ _ _ _ _ _ _ _ _ _ _ _ _ _ _ _ _ _ _ _ _ _ _ _ _ _ _ _ _ _ _ _ _ _ _ _ _ _ 

    @functools.wraps(func)
    def wrapper():
        if LOGIN_ACTION_NAME in interaction:
            globals.login_failed = False
        if globals.login_failed:
            pytest.skip(f"login is failed")
        start = time.time()
        error_msg = 'Success'
        full_exception = ''
        try:
            func()
            success = True
        except Exception:
            success = False
            # https://docs.python.org/2/library/sys.html#sys.exc_info
            exc_type, full_exception = sys.exc_info()[:2]
            error_msg = f"Failed measure: {interaction} - {exc_type.__name__}"
        end = time.time()
        timing = str(int((end - start) * 1000))
    
        lockfile = f'{selenium_results_file}.lock'
    
        with filelock.SoftFileLock(lockfile):
            with open(selenium_results_file, "a+") as jtl_file:
                timestamp = round(time.time() * 1000)
                jtl_file.write(f"{timestamp},{timing},{interaction},,{error_msg},,{success},0,0,0,0,,0\n")
    
        print(f"{timestamp},{timing},{interaction},{error_msg},{success}")
    
        if not success:
            if LOGIN_ACTION_NAME in interaction:
                globals.login_failed = True
>           raise Exception(error_msg, full_exception)
E           Exception: ('Failed measure: view_test_cases_by_folder_action - TimeoutException', TimeoutException("Error in wait_until: Timed out after 20 sec waiting for <selenium.webdriver.support.expected_conditions.visibility_of_element_located object at 0x7f6ed1a2c4c0>. \nLocator: ('tag name', 'macro-view')", None, None))

selenium_ui/conftest.py:155: Exception
05-25-2022, 08:14:57, 1653466497848, Action: test_1_selenium_zscale_view_test_cases_by_status_macro_in_page, Error: confluence_webdriver = <selenium.webdriver.chrome.webdriver.WebDriver (session="ecdecf98982d3c3b4bd032dfd9797808")>
confluence_datasets = {'blog_id': '8154644', 'blogs': [['25717138', 'OMM'], ['25715212', 'BTVF'], ['25717200', 'FLVT'], ['25715242', 'JSDTC'...716062', 'CCMB'], ['25715953', 'GHT'], ...], 'custom_page_id': '40140995', 'custom_pages': [['40140995', 'TEST']], ...}
confluence_screen_shots = None

    def test_1_selenium_zscale_view_test_cases_by_status_macro_in_page(confluence_webdriver, confluence_datasets, confluence_screen_shots):
>       extension_ui.zscale_view_test_cases_by_status_macro_in_page(confluence_webdriver, confluence_datasets)

selenium_ui/confluence_ui.py:43: 
_ _ _ _ _ _ _ _ _ _ _ _ _ _ _ _ _ _ _ _ _ _ _ _ _ _ _ _ _ _ _ _ _ _ _ _ _ _ _ _ 
extension/confluence/extension_ui.py:69: in zscale_view_test_cases_by_status_macro_in_page
    measure()
_ _ _ _ _ _ _ _ _ _ _ _ _ _ _ _ _ _ _ _ _ _ _ _ _ _ _ _ _ _ _ _ _ _ _ _ _ _ _ _ 

    @functools.wraps(func)
    def wrapper():
        if LOGIN_ACTION_NAME in interaction:
            globals.login_failed = False
        if globals.login_failed:
            pytest.skip(f"login is failed")
        start = time.time()
        error_msg = 'Success'
        full_exception = ''
        try:
            func()
            success = True
        except Exception:
            success = False
            # https://docs.python.org/2/library/sys.html#sys.exc_info
            exc_type, full_exception = sys.exc_info()[:2]
            error_msg = f"Failed measure: {interaction} - {exc_type.__name__}"
        end = time.time()
        timing = str(int((end - start) * 1000))
    
        lockfile = f'{selenium_results_file}.lock'
    
        with filelock.SoftFileLock(lockfile):
            with open(selenium_results_file, "a+") as jtl_file:
                timestamp = round(time.time() * 1000)
                jtl_file.write(f"{timestamp},{timing},{interaction},,{error_msg},,{success},0,0,0,0,,0\n")
    
        print(f"{timestamp},{timing},{interaction},{error_msg},{success}")
    
        if not success:
            if LOGIN_ACTION_NAME in interaction:
                globals.login_failed = True
>           raise Exception(error_msg, full_exception)
E           Exception: ('Failed measure: view_test_cases_by_status_action - TimeoutException', TimeoutException("Error in wait_until: Timed out after 20 sec waiting for <selenium.webdriver.support.expected_conditions.visibility_of_element_located object at 0x7f6ed1a619d0>. \nLocator: ('tag name', 'macro-view')", None, None))

selenium_ui/conftest.py:155: Exception
05-25-2022, 08:15:19, 1653466519354, Action: test_1_selenium_zscale_view_test_cases_by_project_macro_in_page, Error: confluence_webdriver = <selenium.webdriver.chrome.webdriver.WebDriver (session="ecdecf98982d3c3b4bd032dfd9797808")>
confluence_datasets = {'blog_id': '8154644', 'blogs': [['25717138', 'OMM'], ['25715212', 'BTVF'], ['25717200', 'FLVT'], ['25715242', 'JSDTC'...716062', 'CCMB'], ['25715953', 'GHT'], ...], 'custom_page_id': '40140995', 'custom_pages': [['40140995', 'TEST']], ...}
confluence_screen_shots = None

    def test_1_selenium_zscale_view_test_cases_by_project_macro_in_page(confluence_webdriver, confluence_datasets, confluence_screen_shots):
>       extension_ui.zscale_view_test_cases_by_project_macro_in_page(confluence_webdriver, confluence_datasets)

selenium_ui/confluence_ui.py:46: 
_ _ _ _ _ _ _ _ _ _ _ _ _ _ _ _ _ _ _ _ _ _ _ _ _ _ _ _ _ _ _ _ _ _ _ _ _ _ _ _ 
extension/confluence/extension_ui.py:94: in zscale_view_test_cases_by_project_macro_in_page
    measure()
_ _ _ _ _ _ _ _ _ _ _ _ _ _ _ _ _ _ _ _ _ _ _ _ _ _ _ _ _ _ _ _ _ _ _ _ _ _ _ _ 

    @functools.wraps(func)
    def wrapper():
        if LOGIN_ACTION_NAME in interaction:
            globals.login_failed = False
        if globals.login_failed:
            pytest.skip(f"login is failed")
        start = time.time()
        error_msg = 'Success'
        full_exception = ''
        try:
            func()
            success = True
        except Exception:
            success = False
            # https://docs.python.org/2/library/sys.html#sys.exc_info
            exc_type, full_exception = sys.exc_info()[:2]
            error_msg = f"Failed measure: {interaction} - {exc_type.__name__}"
        end = time.time()
        timing = str(int((end - start) * 1000))
    
        lockfile = f'{selenium_results_file}.lock'
    
        with filelock.SoftFileLock(lockfile):
            with open(selenium_results_file, "a+") as jtl_file:
                timestamp = round(time.time() * 1000)
                jtl_file.write(f"{timestamp},{timing},{interaction},,{error_msg},,{success},0,0,0,0,,0\n")
    
        print(f"{timestamp},{timing},{interaction},{error_msg},{success}")
    
        if not success:
            if LOGIN_ACTION_NAME in interaction:
                globals.login_failed = True
>           raise Exception(error_msg, full_exception)
E           Exception: ('Failed measure: view_test_cases_by_project_action - TimeoutException', TimeoutException("Error in wait_until: Timed out after 20 sec waiting for <selenium.webdriver.support.expected_conditions.visibility_of_element_located object at 0x7f6ed1a10c70>. \nLocator: ('tag name', 'macro-view')", None, None))

selenium_ui/conftest.py:155: Exception
05-25-2022, 08:15:40, 1653466540865, Action: test_1_selenium_zscale_view_test_cases_by_folder_macro_in_page, Error: confluence_webdriver = <selenium.webdriver.chrome.webdriver.WebDriver (session="ecdecf98982d3c3b4bd032dfd9797808")>
confluence_datasets = {'blog_id': '8154644', 'blogs': [['25717138', 'OMM'], ['25715212', 'BTVF'], ['25717200', 'FLVT'], ['25715242', 'JSDTC'...716062', 'CCMB'], ['25715953', 'GHT'], ...], 'custom_page_id': '40140995', 'custom_pages': [['40140995', 'TEST']], ...}
confluence_screen_shots = None

    def test_1_selenium_zscale_view_test_cases_by_folder_macro_in_page(confluence_webdriver, confluence_datasets, confluence_screen_shots):
>       extension_ui.zscale_view_test_cases_by_folder_macro_in_page(confluence_webdriver, confluence_datasets)

selenium_ui/confluence_ui.py:49: 
_ _ _ _ _ _ _ _ _ _ _ _ _ _ _ _ _ _ _ _ _ _ _ _ _ _ _ _ _ _ _ _ _ _ _ _ _ _ _ _ 
extension/confluence/extension_ui.py:119: in zscale_view_test_cases_by_folder_macro_in_page
    measure()
_ _ _ _ _ _ _ _ _ _ _ _ _ _ _ _ _ _ _ _ _ _ _ _ _ _ _ _ _ _ _ _ _ _ _ _ _ _ _ _ 

    @functools.wraps(func)
    def wrapper():
        if LOGIN_ACTION_NAME in interaction:
            globals.login_failed = False
        if globals.login_failed:
            pytest.skip(f"login is failed")
        start = time.time()
        error_msg = 'Success'
        full_exception = ''
        try:
            func()
            success = True
        except Exception:
            success = False
            # https://docs.python.org/2/library/sys.html#sys.exc_info
            exc_type, full_exception = sys.exc_info()[:2]
            error_msg = f"Failed measure: {interaction} - {exc_type.__name__}"
        end = time.time()
        timing = str(int((end - start) * 1000))
    
        lockfile = f'{selenium_results_file}.lock'
    
        with filelock.SoftFileLock(lockfile):
            with open(selenium_results_file, "a+") as jtl_file:
                timestamp = round(time.time() * 1000)
                jtl_file.write(f"{timestamp},{timing},{interaction},,{error_msg},,{success},0,0,0,0,,0\n")
    
        print(f"{timestamp},{timing},{interaction},{error_msg},{success}")
    
        if not success:
            if LOGIN_ACTION_NAME in interaction:
                globals.login_failed = True
>           raise Exception(error_msg, full_exception)
E           Exception: ('Failed measure: view_test_cases_by_folder_action - TimeoutException', TimeoutException("Error in wait_until: Timed out after 20 sec waiting for <selenium.webdriver.support.expected_conditions.visibility_of_element_located object at 0x7f6ed19e4580>. \nLocator: ('tag name', 'macro-view')", None, None))

selenium_ui/conftest.py:155: Exception
05-25-2022, 08:16:08, 1653466568379, Action: test_1_selenium_zscale_view_test_cases_by_status_macro_in_page, Error: confluence_webdriver = <selenium.webdriver.chrome.webdriver.WebDriver (session="ecdecf98982d3c3b4bd032dfd9797808")>
confluence_datasets = {'blog_id': '3566706', 'blogs': [['25717138', 'OMM'], ['25715212', 'BTVF'], ['25717200', 'FLVT'], ['25715242', 'JSDTC'...716062', 'CCMB'], ['25715953', 'GHT'], ...], 'custom_page_id': '40140995', 'custom_pages': [['40140995', 'TEST']], ...}
confluence_screen_shots = None

    def test_1_selenium_zscale_view_test_cases_by_status_macro_in_page(confluence_webdriver, confluence_datasets, confluence_screen_shots):
>       extension_ui.zscale_view_test_cases_by_status_macro_in_page(confluence_webdriver, confluence_datasets)

selenium_ui/confluence_ui.py:43: 
_ _ _ _ _ _ _ _ _ _ _ _ _ _ _ _ _ _ _ _ _ _ _ _ _ _ _ _ _ _ _ _ _ _ _ _ _ _ _ _ 
extension/confluence/extension_ui.py:69: in zscale_view_test_cases_by_status_macro_in_page
    measure()
_ _ _ _ _ _ _ _ _ _ _ _ _ _ _ _ _ _ _ _ _ _ _ _ _ _ _ _ _ _ _ _ _ _ _ _ _ _ _ _ 

    @functools.wraps(func)
    def wrapper():
        if LOGIN_ACTION_NAME in interaction:
            globals.login_failed = False
        if globals.login_failed:
            pytest.skip(f"login is failed")
        start = time.time()
        error_msg = 'Success'
        full_exception = ''
        try:
            func()
            success = True
        except Exception:
            success = False
            # https://docs.python.org/2/library/sys.html#sys.exc_info
            exc_type, full_exception = sys.exc_info()[:2]
            error_msg = f"Failed measure: {interaction} - {exc_type.__name__}"
        end = time.time()
        timing = str(int((end - start) * 1000))
    
        lockfile = f'{selenium_results_file}.lock'
    
        with filelock.SoftFileLock(lockfile):
            with open(selenium_results_file, "a+") as jtl_file:
                timestamp = round(time.time() * 1000)
                jtl_file.write(f"{timestamp},{timing},{interaction},,{error_msg},,{success},0,0,0,0,,0\n")
    
        print(f"{timestamp},{timing},{interaction},{error_msg},{success}")
    
        if not success:
            if LOGIN_ACTION_NAME in interaction:
                globals.login_failed = True
>           raise Exception(error_msg, full_exception)
E           Exception: ('Failed measure: view_test_cases_by_status_action - TimeoutException', TimeoutException("Error in wait_until: Timed out after 20 sec waiting for <selenium.webdriver.support.expected_conditions.visibility_of_element_located object at 0x7f6ed19ddb20>. \nLocator: ('tag name', 'macro-view')", None, None))

selenium_ui/conftest.py:155: Exception
05-25-2022, 08:16:30, 1653466590188, Action: test_1_selenium_zscale_view_test_cases_by_project_macro_in_page, Error: confluence_webdriver = <selenium.webdriver.chrome.webdriver.WebDriver (session="ecdecf98982d3c3b4bd032dfd9797808")>
confluence_datasets = {'blog_id': '3566706', 'blogs': [['25717138', 'OMM'], ['25715212', 'BTVF'], ['25717200', 'FLVT'], ['25715242', 'JSDTC'...716062', 'CCMB'], ['25715953', 'GHT'], ...], 'custom_page_id': '40140995', 'custom_pages': [['40140995', 'TEST']], ...}
confluence_screen_shots = None

    def test_1_selenium_zscale_view_test_cases_by_project_macro_in_page(confluence_webdriver, confluence_datasets, confluence_screen_shots):
>       extension_ui.zscale_view_test_cases_by_project_macro_in_page(confluence_webdriver, confluence_datasets)

selenium_ui/confluence_ui.py:46: 
_ _ _ _ _ _ _ _ _ _ _ _ _ _ _ _ _ _ _ _ _ _ _ _ _ _ _ _ _ _ _ _ _ _ _ _ _ _ _ _ 
extension/confluence/extension_ui.py:94: in zscale_view_test_cases_by_project_macro_in_page
    measure()
_ _ _ _ _ _ _ _ _ _ _ _ _ _ _ _ _ _ _ _ _ _ _ _ _ _ _ _ _ _ _ _ _ _ _ _ _ _ _ _ 

    @functools.wraps(func)
    def wrapper():
        if LOGIN_ACTION_NAME in interaction:
            globals.login_failed = False
        if globals.login_failed:
            pytest.skip(f"login is failed")
        start = time.time()
        error_msg = 'Success'
        full_exception = ''
        try:
            func()
            success = True
        except Exception:
            success = False
            # https://docs.python.org/2/library/sys.html#sys.exc_info
            exc_type, full_exception = sys.exc_info()[:2]
            error_msg = f"Failed measure: {interaction} - {exc_type.__name__}"
        end = time.time()
        timing = str(int((end - start) * 1000))
    
        lockfile = f'{selenium_results_file}.lock'
    
        with filelock.SoftFileLock(lockfile):
            with open(selenium_results_file, "a+") as jtl_file:
                timestamp = round(time.time() * 1000)
                jtl_file.write(f"{timestamp},{timing},{interaction},,{error_msg},,{success},0,0,0,0,,0\n")
    
        print(f"{timestamp},{timing},{interaction},{error_msg},{success}")
    
        if not success:
            if LOGIN_ACTION_NAME in interaction:
                globals.login_failed = True
>           raise Exception(error_msg, full_exception)
E           Exception: ('Failed measure: view_test_cases_by_project_action - TimeoutException', TimeoutException("Error in wait_until: Timed out after 20 sec waiting for <selenium.webdriver.support.expected_conditions.visibility_of_element_located object at 0x7f6ed198fb50>. \nLocator: ('tag name', 'macro-view')", None, None))

selenium_ui/conftest.py:155: Exception
05-25-2022, 08:16:51, 1653466611850, Action: test_1_selenium_zscale_view_test_cases_by_folder_macro_in_page, Error: confluence_webdriver = <selenium.webdriver.chrome.webdriver.WebDriver (session="ecdecf98982d3c3b4bd032dfd9797808")>
confluence_datasets = {'blog_id': '3566706', 'blogs': [['25717138', 'OMM'], ['25715212', 'BTVF'], ['25717200', 'FLVT'], ['25715242', 'JSDTC'...716062', 'CCMB'], ['25715953', 'GHT'], ...], 'custom_page_id': '40140995', 'custom_pages': [['40140995', 'TEST']], ...}
confluence_screen_shots = None

    def test_1_selenium_zscale_view_test_cases_by_folder_macro_in_page(confluence_webdriver, confluence_datasets, confluence_screen_shots):
>       extension_ui.zscale_view_test_cases_by_folder_macro_in_page(confluence_webdriver, confluence_datasets)

selenium_ui/confluence_ui.py:49: 
_ _ _ _ _ _ _ _ _ _ _ _ _ _ _ _ _ _ _ _ _ _ _ _ _ _ _ _ _ _ _ _ _ _ _ _ _ _ _ _ 
extension/confluence/extension_ui.py:119: in zscale_view_test_cases_by_folder_macro_in_page
    measure()
_ _ _ _ _ _ _ _ _ _ _ _ _ _ _ _ _ _ _ _ _ _ _ _ _ _ _ _ _ _ _ _ _ _ _ _ _ _ _ _ 

    @functools.wraps(func)
    def wrapper():
        if LOGIN_ACTION_NAME in interaction:
            globals.login_failed = False
        if globals.login_failed:
            pytest.skip(f"login is failed")
        start = time.time()
        error_msg = 'Success'
        full_exception = ''
        try:
            func()
            success = True
        except Exception:
            success = False
            # https://docs.python.org/2/library/sys.html#sys.exc_info
            exc_type, full_exception = sys.exc_info()[:2]
            error_msg = f"Failed measure: {interaction} - {exc_type.__name__}"
        end = time.time()
        timing = str(int((end - start) * 1000))
    
        lockfile = f'{selenium_results_file}.lock'
    
        with filelock.SoftFileLock(lockfile):
            with open(selenium_results_file, "a+") as jtl_file:
                timestamp = round(time.time() * 1000)
                jtl_file.write(f"{timestamp},{timing},{interaction},,{error_msg},,{success},0,0,0,0,,0\n")
    
        print(f"{timestamp},{timing},{interaction},{error_msg},{success}")
    
        if not success:
            if LOGIN_ACTION_NAME in interaction:
                globals.login_failed = True
>           raise Exception(error_msg, full_exception)
E           Exception: ('Failed measure: view_test_cases_by_folder_action - TimeoutException', TimeoutException("Error in wait_until: Timed out after 20 sec waiting for <selenium.webdriver.support.expected_conditions.visibility_of_element_located object at 0x7f6ed196ca90>. \nLocator: ('tag name', 'macro-view')", None, None))

selenium_ui/conftest.py:155: Exception
05-25-2022, 08:17:20, 1653466640657, Action: test_1_selenium_zscale_view_test_cases_by_status_macro_in_page, Error: confluence_webdriver = <selenium.webdriver.chrome.webdriver.WebDriver (session="ecdecf98982d3c3b4bd032dfd9797808")>
confluence_datasets = {'blog_id': '25836883', 'blogs': [['25717138', 'OMM'], ['25715212', 'BTVF'], ['25717200', 'FLVT'], ['25715242', 'JSDTC...716062', 'CCMB'], ['25715953', 'GHT'], ...], 'custom_page_id': '40140995', 'custom_pages': [['40140995', 'TEST']], ...}
confluence_screen_shots = None

    def test_1_selenium_zscale_view_test_cases_by_status_macro_in_page(confluence_webdriver, confluence_datasets, confluence_screen_shots):
>       extension_ui.zscale_view_test_cases_by_status_macro_in_page(confluence_webdriver, confluence_datasets)

selenium_ui/confluence_ui.py:43: 
_ _ _ _ _ _ _ _ _ _ _ _ _ _ _ _ _ _ _ _ _ _ _ _ _ _ _ _ _ _ _ _ _ _ _ _ _ _ _ _ 
extension/confluence/extension_ui.py:69: in zscale_view_test_cases_by_status_macro_in_page
    measure()
_ _ _ _ _ _ _ _ _ _ _ _ _ _ _ _ _ _ _ _ _ _ _ _ _ _ _ _ _ _ _ _ _ _ _ _ _ _ _ _ 

    @functools.wraps(func)
    def wrapper():
        if LOGIN_ACTION_NAME in interaction:
            globals.login_failed = False
        if globals.login_failed:
            pytest.skip(f"login is failed")
        start = time.time()
        error_msg = 'Success'
        full_exception = ''
        try:
            func()
            success = True
        except Exception:
            success = False
            # https://docs.python.org/2/library/sys.html#sys.exc_info
            exc_type, full_exception = sys.exc_info()[:2]
            error_msg = f"Failed measure: {interaction} - {exc_type.__name__}"
        end = time.time()
        timing = str(int((end - start) * 1000))
    
        lockfile = f'{selenium_results_file}.lock'
    
        with filelock.SoftFileLock(lockfile):
            with open(selenium_results_file, "a+") as jtl_file:
                timestamp = round(time.time() * 1000)
                jtl_file.write(f"{timestamp},{timing},{interaction},,{error_msg},,{success},0,0,0,0,,0\n")
    
        print(f"{timestamp},{timing},{interaction},{error_msg},{success}")
    
        if not success:
            if LOGIN_ACTION_NAME in interaction:
                globals.login_failed = True
>           raise Exception(error_msg, full_exception)
E           Exception: ('Failed measure: view_test_cases_by_status_action - TimeoutException', TimeoutException("Error in wait_until: Timed out after 20 sec waiting for <selenium.webdriver.support.expected_conditions.visibility_of_element_located object at 0x7f6ed198f7c0>. \nLocator: ('tag name', 'macro-view')", None, None))

selenium_ui/conftest.py:155: Exception
05-25-2022, 08:17:42, 1653466662323, Action: test_1_selenium_zscale_view_test_cases_by_project_macro_in_page, Error: confluence_webdriver = <selenium.webdriver.chrome.webdriver.WebDriver (session="ecdecf98982d3c3b4bd032dfd9797808")>
confluence_datasets = {'blog_id': '25836883', 'blogs': [['25717138', 'OMM'], ['25715212', 'BTVF'], ['25717200', 'FLVT'], ['25715242', 'JSDTC...716062', 'CCMB'], ['25715953', 'GHT'], ...], 'custom_page_id': '40140995', 'custom_pages': [['40140995', 'TEST']], ...}
confluence_screen_shots = None

    def test_1_selenium_zscale_view_test_cases_by_project_macro_in_page(confluence_webdriver, confluence_datasets, confluence_screen_shots):
>       extension_ui.zscale_view_test_cases_by_project_macro_in_page(confluence_webdriver, confluence_datasets)

selenium_ui/confluence_ui.py:46: 
_ _ _ _ _ _ _ _ _ _ _ _ _ _ _ _ _ _ _ _ _ _ _ _ _ _ _ _ _ _ _ _ _ _ _ _ _ _ _ _ 
extension/confluence/extension_ui.py:94: in zscale_view_test_cases_by_project_macro_in_page
    measure()
_ _ _ _ _ _ _ _ _ _ _ _ _ _ _ _ _ _ _ _ _ _ _ _ _ _ _ _ _ _ _ _ _ _ _ _ _ _ _ _ 

    @functools.wraps(func)
    def wrapper():
        if LOGIN_ACTION_NAME in interaction:
            globals.login_failed = False
        if globals.login_failed:
            pytest.skip(f"login is failed")
        start = time.time()
        error_msg = 'Success'
        full_exception = ''
        try:
            func()
            success = True
        except Exception:
            success = False
            # https://docs.python.org/2/library/sys.html#sys.exc_info
            exc_type, full_exception = sys.exc_info()[:2]
            error_msg = f"Failed measure: {interaction} - {exc_type.__name__}"
        end = time.time()
        timing = str(int((end - start) * 1000))
    
        lockfile = f'{selenium_results_file}.lock'
    
        with filelock.SoftFileLock(lockfile):
            with open(selenium_results_file, "a+") as jtl_file:
                timestamp = round(time.time() * 1000)
                jtl_file.write(f"{timestamp},{timing},{interaction},,{error_msg},,{success},0,0,0,0,,0\n")
    
        print(f"{timestamp},{timing},{interaction},{error_msg},{success}")
    
        if not success:
            if LOGIN_ACTION_NAME in interaction:
                globals.login_failed = True
>           raise Exception(error_msg, full_exception)
E           Exception: ('Failed measure: view_test_cases_by_project_action - TimeoutException', TimeoutException("Error in wait_until: Timed out after 20 sec waiting for <selenium.webdriver.support.expected_conditions.visibility_of_element_located object at 0x7f6ed19158e0>. \nLocator: ('tag name', 'macro-view')", None, None))

selenium_ui/conftest.py:155: Exception
05-25-2022, 08:18:03, 1653466683811, Action: test_1_selenium_zscale_view_test_cases_by_folder_macro_in_page, Error: confluence_webdriver = <selenium.webdriver.chrome.webdriver.WebDriver (session="ecdecf98982d3c3b4bd032dfd9797808")>
confluence_datasets = {'blog_id': '25836883', 'blogs': [['25717138', 'OMM'], ['25715212', 'BTVF'], ['25717200', 'FLVT'], ['25715242', 'JSDTC...716062', 'CCMB'], ['25715953', 'GHT'], ...], 'custom_page_id': '40140995', 'custom_pages': [['40140995', 'TEST']], ...}
confluence_screen_shots = None

    def test_1_selenium_zscale_view_test_cases_by_folder_macro_in_page(confluence_webdriver, confluence_datasets, confluence_screen_shots):
>       extension_ui.zscale_view_test_cases_by_folder_macro_in_page(confluence_webdriver, confluence_datasets)

selenium_ui/confluence_ui.py:49: 
_ _ _ _ _ _ _ _ _ _ _ _ _ _ _ _ _ _ _ _ _ _ _ _ _ _ _ _ _ _ _ _ _ _ _ _ _ _ _ _ 
extension/confluence/extension_ui.py:119: in zscale_view_test_cases_by_folder_macro_in_page
    measure()
_ _ _ _ _ _ _ _ _ _ _ _ _ _ _ _ _ _ _ _ _ _ _ _ _ _ _ _ _ _ _ _ _ _ _ _ _ _ _ _ 

    @functools.wraps(func)
    def wrapper():
        if LOGIN_ACTION_NAME in interaction:
            globals.login_failed = False
        if globals.login_failed:
            pytest.skip(f"login is failed")
        start = time.time()
        error_msg = 'Success'
        full_exception = ''
        try:
            func()
            success = True
        except Exception:
            success = False
            # https://docs.python.org/2/library/sys.html#sys.exc_info
            exc_type, full_exception = sys.exc_info()[:2]
            error_msg = f"Failed measure: {interaction} - {exc_type.__name__}"
        end = time.time()
        timing = str(int((end - start) * 1000))
    
        lockfile = f'{selenium_results_file}.lock'
    
        with filelock.SoftFileLock(lockfile):
            with open(selenium_results_file, "a+") as jtl_file:
                timestamp = round(time.time() * 1000)
                jtl_file.write(f"{timestamp},{timing},{interaction},,{error_msg},,{success},0,0,0,0,,0\n")
    
        print(f"{timestamp},{timing},{interaction},{error_msg},{success}")
    
        if not success:
            if LOGIN_ACTION_NAME in interaction:
                globals.login_failed = True
>           raise Exception(error_msg, full_exception)
E           Exception: ('Failed measure: view_test_cases_by_folder_action - TimeoutException', TimeoutException("Error in wait_until: Timed out after 20 sec waiting for <selenium.webdriver.support.expected_conditions.visibility_of_element_located object at 0x7f6ed1953580>. \nLocator: ('tag name', 'macro-view')", None, None))

selenium_ui/conftest.py:155: Exception
05-25-2022, 08:18:32, 1653466712500, Action: test_1_selenium_zscale_view_test_cases_by_status_macro_in_page, Error: confluence_webdriver = <selenium.webdriver.chrome.webdriver.WebDriver (session="ecdecf98982d3c3b4bd032dfd9797808")>
confluence_datasets = {'blog_id': '8156223', 'blogs': [['25717138', 'OMM'], ['25715212', 'BTVF'], ['25717200', 'FLVT'], ['25715242', 'JSDTC'...716062', 'CCMB'], ['25715953', 'GHT'], ...], 'custom_page_id': '40140995', 'custom_pages': [['40140995', 'TEST']], ...}
confluence_screen_shots = None

    def test_1_selenium_zscale_view_test_cases_by_status_macro_in_page(confluence_webdriver, confluence_datasets, confluence_screen_shots):
>       extension_ui.zscale_view_test_cases_by_status_macro_in_page(confluence_webdriver, confluence_datasets)

selenium_ui/confluence_ui.py:43: 
_ _ _ _ _ _ _ _ _ _ _ _ _ _ _ _ _ _ _ _ _ _ _ _ _ _ _ _ _ _ _ _ _ _ _ _ _ _ _ _ 
extension/confluence/extension_ui.py:69: in zscale_view_test_cases_by_status_macro_in_page
    measure()
_ _ _ _ _ _ _ _ _ _ _ _ _ _ _ _ _ _ _ _ _ _ _ _ _ _ _ _ _ _ _ _ _ _ _ _ _ _ _ _ 

    @functools.wraps(func)
    def wrapper():
        if LOGIN_ACTION_NAME in interaction:
            globals.login_failed = False
        if globals.login_failed:
            pytest.skip(f"login is failed")
        start = time.time()
        error_msg = 'Success'
        full_exception = ''
        try:
            func()
            success = True
        except Exception:
            success = False
            # https://docs.python.org/2/library/sys.html#sys.exc_info
            exc_type, full_exception = sys.exc_info()[:2]
            error_msg = f"Failed measure: {interaction} - {exc_type.__name__}"
        end = time.time()
        timing = str(int((end - start) * 1000))
    
        lockfile = f'{selenium_results_file}.lock'
    
        with filelock.SoftFileLock(lockfile):
            with open(selenium_results_file, "a+") as jtl_file:
                timestamp = round(time.time() * 1000)
                jtl_file.write(f"{timestamp},{timing},{interaction},,{error_msg},,{success},0,0,0,0,,0\n")
    
        print(f"{timestamp},{timing},{interaction},{error_msg},{success}")
    
        if not success:
            if LOGIN_ACTION_NAME in interaction:
                globals.login_failed = True
>           raise Exception(error_msg, full_exception)
E           Exception: ('Failed measure: view_test_cases_by_status_action - TimeoutException', TimeoutException("Error in wait_until: Timed out after 20 sec waiting for <selenium.webdriver.support.expected_conditions.visibility_of_element_located object at 0x7f6ed18f2970>. \nLocator: ('tag name', 'macro-view')", None, None))

selenium_ui/conftest.py:155: Exception
05-25-2022, 08:18:54, 1653466734181, Action: test_1_selenium_zscale_view_test_cases_by_project_macro_in_page, Error: confluence_webdriver = <selenium.webdriver.chrome.webdriver.WebDriver (session="ecdecf98982d3c3b4bd032dfd9797808")>
confluence_datasets = {'blog_id': '8156223', 'blogs': [['25717138', 'OMM'], ['25715212', 'BTVF'], ['25717200', 'FLVT'], ['25715242', 'JSDTC'...716062', 'CCMB'], ['25715953', 'GHT'], ...], 'custom_page_id': '40140995', 'custom_pages': [['40140995', 'TEST']], ...}
confluence_screen_shots = None

    def test_1_selenium_zscale_view_test_cases_by_project_macro_in_page(confluence_webdriver, confluence_datasets, confluence_screen_shots):
>       extension_ui.zscale_view_test_cases_by_project_macro_in_page(confluence_webdriver, confluence_datasets)

selenium_ui/confluence_ui.py:46: 
_ _ _ _ _ _ _ _ _ _ _ _ _ _ _ _ _ _ _ _ _ _ _ _ _ _ _ _ _ _ _ _ _ _ _ _ _ _ _ _ 
extension/confluence/extension_ui.py:94: in zscale_view_test_cases_by_project_macro_in_page
    measure()
_ _ _ _ _ _ _ _ _ _ _ _ _ _ _ _ _ _ _ _ _ _ _ _ _ _ _ _ _ _ _ _ _ _ _ _ _ _ _ _ 

    @functools.wraps(func)
    def wrapper():
        if LOGIN_ACTION_NAME in interaction:
            globals.login_failed = False
        if globals.login_failed:
            pytest.skip(f"login is failed")
        start = time.time()
        error_msg = 'Success'
        full_exception = ''
        try:
            func()
            success = True
        except Exception:
            success = False
            # https://docs.python.org/2/library/sys.html#sys.exc_info
            exc_type, full_exception = sys.exc_info()[:2]
            error_msg = f"Failed measure: {interaction} - {exc_type.__name__}"
        end = time.time()
        timing = str(int((end - start) * 1000))
    
        lockfile = f'{selenium_results_file}.lock'
    
        with filelock.SoftFileLock(lockfile):
            with open(selenium_results_file, "a+") as jtl_file:
                timestamp = round(time.time() * 1000)
                jtl_file.write(f"{timestamp},{timing},{interaction},,{error_msg},,{success},0,0,0,0,,0\n")
    
        print(f"{timestamp},{timing},{interaction},{error_msg},{success}")
    
        if not success:
            if LOGIN_ACTION_NAME in interaction:
                globals.login_failed = True
>           raise Exception(error_msg, full_exception)
E           Exception: ('Failed measure: view_test_cases_by_project_action - TimeoutException', TimeoutException("Error in wait_until: Timed out after 20 sec waiting for <selenium.webdriver.support.expected_conditions.visibility_of_element_located object at 0x7f6ed190a4f0>. \nLocator: ('tag name', 'macro-view')", None, None))

selenium_ui/conftest.py:155: Exception
05-25-2022, 08:19:15, 1653466755968, Action: test_1_selenium_zscale_view_test_cases_by_folder_macro_in_page, Error: confluence_webdriver = <selenium.webdriver.chrome.webdriver.WebDriver (session="ecdecf98982d3c3b4bd032dfd9797808")>
confluence_datasets = {'blog_id': '8156223', 'blogs': [['25717138', 'OMM'], ['25715212', 'BTVF'], ['25717200', 'FLVT'], ['25715242', 'JSDTC'...716062', 'CCMB'], ['25715953', 'GHT'], ...], 'custom_page_id': '40140995', 'custom_pages': [['40140995', 'TEST']], ...}
confluence_screen_shots = None

    def test_1_selenium_zscale_view_test_cases_by_folder_macro_in_page(confluence_webdriver, confluence_datasets, confluence_screen_shots):
>       extension_ui.zscale_view_test_cases_by_folder_macro_in_page(confluence_webdriver, confluence_datasets)

selenium_ui/confluence_ui.py:49: 
_ _ _ _ _ _ _ _ _ _ _ _ _ _ _ _ _ _ _ _ _ _ _ _ _ _ _ _ _ _ _ _ _ _ _ _ _ _ _ _ 
extension/confluence/extension_ui.py:119: in zscale_view_test_cases_by_folder_macro_in_page
    measure()
_ _ _ _ _ _ _ _ _ _ _ _ _ _ _ _ _ _ _ _ _ _ _ _ _ _ _ _ _ _ _ _ _ _ _ _ _ _ _ _ 

    @functools.wraps(func)
    def wrapper():
        if LOGIN_ACTION_NAME in interaction:
            globals.login_failed = False
        if globals.login_failed:
            pytest.skip(f"login is failed")
        start = time.time()
        error_msg = 'Success'
        full_exception = ''
        try:
            func()
            success = True
        except Exception:
            success = False
            # https://docs.python.org/2/library/sys.html#sys.exc_info
            exc_type, full_exception = sys.exc_info()[:2]
            error_msg = f"Failed measure: {interaction} - {exc_type.__name__}"
        end = time.time()
        timing = str(int((end - start) * 1000))
    
        lockfile = f'{selenium_results_file}.lock'
    
        with filelock.SoftFileLock(lockfile):
            with open(selenium_results_file, "a+") as jtl_file:
                timestamp = round(time.time() * 1000)
                jtl_file.write(f"{timestamp},{timing},{interaction},,{error_msg},,{success},0,0,0,0,,0\n")
    
        print(f"{timestamp},{timing},{interaction},{error_msg},{success}")
    
        if not success:
            if LOGIN_ACTION_NAME in interaction:
                globals.login_failed = True
>           raise Exception(error_msg, full_exception)
E           Exception: ('Failed measure: view_test_cases_by_folder_action - TimeoutException', TimeoutException("Error in wait_until: Timed out after 20 sec waiting for <selenium.webdriver.support.expected_conditions.visibility_of_element_located object at 0x7f6ed18f2940>. \nLocator: ('tag name', 'macro-view')", None, None))

selenium_ui/conftest.py:155: Exception
05-25-2022, 08:19:44, 1653466784919, Action: test_1_selenium_zscale_view_test_cases_by_status_macro_in_page, Error: confluence_webdriver = <selenium.webdriver.chrome.webdriver.WebDriver (session="ecdecf98982d3c3b4bd032dfd9797808")>
confluence_datasets = {'blog_id': '8147145', 'blogs': [['25717138', 'OMM'], ['25715212', 'BTVF'], ['25717200', 'FLVT'], ['25715242', 'JSDTC'...716062', 'CCMB'], ['25715953', 'GHT'], ...], 'custom_page_id': '40140995', 'custom_pages': [['40140995', 'TEST']], ...}
confluence_screen_shots = None

    def test_1_selenium_zscale_view_test_cases_by_status_macro_in_page(confluence_webdriver, confluence_datasets, confluence_screen_shots):
>       extension_ui.zscale_view_test_cases_by_status_macro_in_page(confluence_webdriver, confluence_datasets)

selenium_ui/confluence_ui.py:43: 
_ _ _ _ _ _ _ _ _ _ _ _ _ _ _ _ _ _ _ _ _ _ _ _ _ _ _ _ _ _ _ _ _ _ _ _ _ _ _ _ 
extension/confluence/extension_ui.py:69: in zscale_view_test_cases_by_status_macro_in_page
    measure()
_ _ _ _ _ _ _ _ _ _ _ _ _ _ _ _ _ _ _ _ _ _ _ _ _ _ _ _ _ _ _ _ _ _ _ _ _ _ _ _ 

    @functools.wraps(func)
    def wrapper():
        if LOGIN_ACTION_NAME in interaction:
            globals.login_failed = False
        if globals.login_failed:
            pytest.skip(f"login is failed")
        start = time.time()
        error_msg = 'Success'
        full_exception = ''
        try:
            func()
            success = True
        except Exception:
            success = False
            # https://docs.python.org/2/library/sys.html#sys.exc_info
            exc_type, full_exception = sys.exc_info()[:2]
            error_msg = f"Failed measure: {interaction} - {exc_type.__name__}"
        end = time.time()
        timing = str(int((end - start) * 1000))
    
        lockfile = f'{selenium_results_file}.lock'
    
        with filelock.SoftFileLock(lockfile):
            with open(selenium_results_file, "a+") as jtl_file:
                timestamp = round(time.time() * 1000)
                jtl_file.write(f"{timestamp},{timing},{interaction},,{error_msg},,{success},0,0,0,0,,0\n")
    
        print(f"{timestamp},{timing},{interaction},{error_msg},{success}")
    
        if not success:
            if LOGIN_ACTION_NAME in interaction:
                globals.login_failed = True
>           raise Exception(error_msg, full_exception)
E           Exception: ('Failed measure: view_test_cases_by_status_action - TimeoutException', TimeoutException("Error in wait_until: Timed out after 20 sec waiting for <selenium.webdriver.support.expected_conditions.visibility_of_element_located object at 0x7f6ed18b6d60>. \nLocator: ('tag name', 'macro-view')", None, None))

selenium_ui/conftest.py:155: Exception
05-25-2022, 08:20:06, 1653466806365, Action: test_1_selenium_zscale_view_test_cases_by_project_macro_in_page, Error: confluence_webdriver = <selenium.webdriver.chrome.webdriver.WebDriver (session="ecdecf98982d3c3b4bd032dfd9797808")>
confluence_datasets = {'blog_id': '8147145', 'blogs': [['25717138', 'OMM'], ['25715212', 'BTVF'], ['25717200', 'FLVT'], ['25715242', 'JSDTC'...716062', 'CCMB'], ['25715953', 'GHT'], ...], 'custom_page_id': '40140995', 'custom_pages': [['40140995', 'TEST']], ...}
confluence_screen_shots = None

    def test_1_selenium_zscale_view_test_cases_by_project_macro_in_page(confluence_webdriver, confluence_datasets, confluence_screen_shots):
>       extension_ui.zscale_view_test_cases_by_project_macro_in_page(confluence_webdriver, confluence_datasets)

selenium_ui/confluence_ui.py:46: 
_ _ _ _ _ _ _ _ _ _ _ _ _ _ _ _ _ _ _ _ _ _ _ _ _ _ _ _ _ _ _ _ _ _ _ _ _ _ _ _ 
extension/confluence/extension_ui.py:94: in zscale_view_test_cases_by_project_macro_in_page
    measure()
_ _ _ _ _ _ _ _ _ _ _ _ _ _ _ _ _ _ _ _ _ _ _ _ _ _ _ _ _ _ _ _ _ _ _ _ _ _ _ _ 

    @functools.wraps(func)
    def wrapper():
        if LOGIN_ACTION_NAME in interaction:
            globals.login_failed = False
        if globals.login_failed:
            pytest.skip(f"login is failed")
        start = time.time()
        error_msg = 'Success'
        full_exception = ''
        try:
            func()
            success = True
        except Exception:
            success = False
            # https://docs.python.org/2/library/sys.html#sys.exc_info
            exc_type, full_exception = sys.exc_info()[:2]
            error_msg = f"Failed measure: {interaction} - {exc_type.__name__}"
        end = time.time()
        timing = str(int((end - start) * 1000))
    
        lockfile = f'{selenium_results_file}.lock'
    
        with filelock.SoftFileLock(lockfile):
            with open(selenium_results_file, "a+") as jtl_file:
                timestamp = round(time.time() * 1000)
                jtl_file.write(f"{timestamp},{timing},{interaction},,{error_msg},,{success},0,0,0,0,,0\n")
    
        print(f"{timestamp},{timing},{interaction},{error_msg},{success}")
    
        if not success:
            if LOGIN_ACTION_NAME in interaction:
                globals.login_failed = True
>           raise Exception(error_msg, full_exception)
E           Exception: ('Failed measure: view_test_cases_by_project_action - TimeoutException', TimeoutException("Error in wait_until: Timed out after 20 sec waiting for <selenium.webdriver.support.expected_conditions.visibility_of_element_located object at 0x7f6ed1845a30>. \nLocator: ('tag name', 'macro-view')", None, None))

selenium_ui/conftest.py:155: Exception
05-25-2022, 08:20:27, 1653466827855, Action: test_1_selenium_zscale_view_test_cases_by_folder_macro_in_page, Error: confluence_webdriver = <selenium.webdriver.chrome.webdriver.WebDriver (session="ecdecf98982d3c3b4bd032dfd9797808")>
confluence_datasets = {'blog_id': '8147145', 'blogs': [['25717138', 'OMM'], ['25715212', 'BTVF'], ['25717200', 'FLVT'], ['25715242', 'JSDTC'...716062', 'CCMB'], ['25715953', 'GHT'], ...], 'custom_page_id': '40140995', 'custom_pages': [['40140995', 'TEST']], ...}
confluence_screen_shots = None

    def test_1_selenium_zscale_view_test_cases_by_folder_macro_in_page(confluence_webdriver, confluence_datasets, confluence_screen_shots):
>       extension_ui.zscale_view_test_cases_by_folder_macro_in_page(confluence_webdriver, confluence_datasets)

selenium_ui/confluence_ui.py:49: 
_ _ _ _ _ _ _ _ _ _ _ _ _ _ _ _ _ _ _ _ _ _ _ _ _ _ _ _ _ _ _ _ _ _ _ _ _ _ _ _ 
extension/confluence/extension_ui.py:119: in zscale_view_test_cases_by_folder_macro_in_page
    measure()
_ _ _ _ _ _ _ _ _ _ _ _ _ _ _ _ _ _ _ _ _ _ _ _ _ _ _ _ _ _ _ _ _ _ _ _ _ _ _ _ 

    @functools.wraps(func)
    def wrapper():
        if LOGIN_ACTION_NAME in interaction:
            globals.login_failed = False
        if globals.login_failed:
            pytest.skip(f"login is failed")
        start = time.time()
        error_msg = 'Success'
        full_exception = ''
        try:
            func()
            success = True
        except Exception:
            success = False
            # https://docs.python.org/2/library/sys.html#sys.exc_info
            exc_type, full_exception = sys.exc_info()[:2]
            error_msg = f"Failed measure: {interaction} - {exc_type.__name__}"
        end = time.time()
        timing = str(int((end - start) * 1000))
    
        lockfile = f'{selenium_results_file}.lock'
    
        with filelock.SoftFileLock(lockfile):
            with open(selenium_results_file, "a+") as jtl_file:
                timestamp = round(time.time() * 1000)
                jtl_file.write(f"{timestamp},{timing},{interaction},,{error_msg},,{success},0,0,0,0,,0\n")
    
        print(f"{timestamp},{timing},{interaction},{error_msg},{success}")
    
        if not success:
            if LOGIN_ACTION_NAME in interaction:
                globals.login_failed = True
>           raise Exception(error_msg, full_exception)
E           Exception: ('Failed measure: view_test_cases_by_folder_action - TimeoutException', TimeoutException("Error in wait_until: Timed out after 20 sec waiting for <selenium.webdriver.support.expected_conditions.visibility_of_element_located object at 0x7f6ed18948b0>. \nLocator: ('tag name', 'macro-view')", None, None))

selenium_ui/conftest.py:155: Exception
05-25-2022, 08:20:56, 1653466856949, Action: test_1_selenium_zscale_view_test_cases_by_status_macro_in_page, Error: confluence_webdriver = <selenium.webdriver.chrome.webdriver.WebDriver (session="ecdecf98982d3c3b4bd032dfd9797808")>
confluence_datasets = {'blog_id': '25843175', 'blogs': [['25717138', 'OMM'], ['25715212', 'BTVF'], ['25717200', 'FLVT'], ['25715242', 'JSDTC...716062', 'CCMB'], ['25715953', 'GHT'], ...], 'custom_page_id': '40140995', 'custom_pages': [['40140995', 'TEST']], ...}
confluence_screen_shots = None

    def test_1_selenium_zscale_view_test_cases_by_status_macro_in_page(confluence_webdriver, confluence_datasets, confluence_screen_shots):
>       extension_ui.zscale_view_test_cases_by_status_macro_in_page(confluence_webdriver, confluence_datasets)

selenium_ui/confluence_ui.py:43: 
_ _ _ _ _ _ _ _ _ _ _ _ _ _ _ _ _ _ _ _ _ _ _ _ _ _ _ _ _ _ _ _ _ _ _ _ _ _ _ _ 
extension/confluence/extension_ui.py:69: in zscale_view_test_cases_by_status_macro_in_page
    measure()
_ _ _ _ _ _ _ _ _ _ _ _ _ _ _ _ _ _ _ _ _ _ _ _ _ _ _ _ _ _ _ _ _ _ _ _ _ _ _ _ 

    @functools.wraps(func)
    def wrapper():
        if LOGIN_ACTION_NAME in interaction:
            globals.login_failed = False
        if globals.login_failed:
            pytest.skip(f"login is failed")
        start = time.time()
        error_msg = 'Success'
        full_exception = ''
        try:
            func()
            success = True
        except Exception:
            success = False
            # https://docs.python.org/2/library/sys.html#sys.exc_info
            exc_type, full_exception = sys.exc_info()[:2]
            error_msg = f"Failed measure: {interaction} - {exc_type.__name__}"
        end = time.time()
        timing = str(int((end - start) * 1000))
    
        lockfile = f'{selenium_results_file}.lock'
    
        with filelock.SoftFileLock(lockfile):
            with open(selenium_results_file, "a+") as jtl_file:
                timestamp = round(time.time() * 1000)
                jtl_file.write(f"{timestamp},{timing},{interaction},,{error_msg},,{success},0,0,0,0,,0\n")
    
        print(f"{timestamp},{timing},{interaction},{error_msg},{success}")
    
        if not success:
            if LOGIN_ACTION_NAME in interaction:
                globals.login_failed = True
>           raise Exception(error_msg, full_exception)
E           Exception: ('Failed measure: view_test_cases_by_status_action - TimeoutException', TimeoutException("Error in wait_until: Timed out after 20 sec waiting for <selenium.webdriver.support.expected_conditions.visibility_of_element_located object at 0x7f6ed1860430>. \nLocator: ('tag name', 'macro-view')", None, None))

selenium_ui/conftest.py:155: Exception
05-25-2022, 08:21:18, 1653466878606, Action: test_1_selenium_zscale_view_test_cases_by_project_macro_in_page, Error: confluence_webdriver = <selenium.webdriver.chrome.webdriver.WebDriver (session="ecdecf98982d3c3b4bd032dfd9797808")>
confluence_datasets = {'blog_id': '25843175', 'blogs': [['25717138', 'OMM'], ['25715212', 'BTVF'], ['25717200', 'FLVT'], ['25715242', 'JSDTC...716062', 'CCMB'], ['25715953', 'GHT'], ...], 'custom_page_id': '40140995', 'custom_pages': [['40140995', 'TEST']], ...}
confluence_screen_shots = None

    def test_1_selenium_zscale_view_test_cases_by_project_macro_in_page(confluence_webdriver, confluence_datasets, confluence_screen_shots):
>       extension_ui.zscale_view_test_cases_by_project_macro_in_page(confluence_webdriver, confluence_datasets)

selenium_ui/confluence_ui.py:46: 
_ _ _ _ _ _ _ _ _ _ _ _ _ _ _ _ _ _ _ _ _ _ _ _ _ _ _ _ _ _ _ _ _ _ _ _ _ _ _ _ 
extension/confluence/extension_ui.py:94: in zscale_view_test_cases_by_project_macro_in_page
    measure()
_ _ _ _ _ _ _ _ _ _ _ _ _ _ _ _ _ _ _ _ _ _ _ _ _ _ _ _ _ _ _ _ _ _ _ _ _ _ _ _ 

    @functools.wraps(func)
    def wrapper():
        if LOGIN_ACTION_NAME in interaction:
            globals.login_failed = False
        if globals.login_failed:
            pytest.skip(f"login is failed")
        start = time.time()
        error_msg = 'Success'
        full_exception = ''
        try:
            func()
            success = True
        except Exception:
            success = False
            # https://docs.python.org/2/library/sys.html#sys.exc_info
            exc_type, full_exception = sys.exc_info()[:2]
            error_msg = f"Failed measure: {interaction} - {exc_type.__name__}"
        end = time.time()
        timing = str(int((end - start) * 1000))
    
        lockfile = f'{selenium_results_file}.lock'
    
        with filelock.SoftFileLock(lockfile):
            with open(selenium_results_file, "a+") as jtl_file:
                timestamp = round(time.time() * 1000)
                jtl_file.write(f"{timestamp},{timing},{interaction},,{error_msg},,{success},0,0,0,0,,0\n")
    
        print(f"{timestamp},{timing},{interaction},{error_msg},{success}")
    
        if not success:
            if LOGIN_ACTION_NAME in interaction:
                globals.login_failed = True
>           raise Exception(error_msg, full_exception)
E           Exception: ('Failed measure: view_test_cases_by_project_action - TimeoutException', TimeoutException("Error in wait_until: Timed out after 20 sec waiting for <selenium.webdriver.support.expected_conditions.visibility_of_element_located object at 0x7f6ed17a6a90>. \nLocator: ('tag name', 'macro-view')", None, None))

selenium_ui/conftest.py:155: Exception
05-25-2022, 08:21:40, 1653466900117, Action: test_1_selenium_zscale_view_test_cases_by_folder_macro_in_page, Error: confluence_webdriver = <selenium.webdriver.chrome.webdriver.WebDriver (session="ecdecf98982d3c3b4bd032dfd9797808")>
confluence_datasets = {'blog_id': '25843175', 'blogs': [['25717138', 'OMM'], ['25715212', 'BTVF'], ['25717200', 'FLVT'], ['25715242', 'JSDTC...716062', 'CCMB'], ['25715953', 'GHT'], ...], 'custom_page_id': '40140995', 'custom_pages': [['40140995', 'TEST']], ...}
confluence_screen_shots = None

    def test_1_selenium_zscale_view_test_cases_by_folder_macro_in_page(confluence_webdriver, confluence_datasets, confluence_screen_shots):
>       extension_ui.zscale_view_test_cases_by_folder_macro_in_page(confluence_webdriver, confluence_datasets)

selenium_ui/confluence_ui.py:49: 
_ _ _ _ _ _ _ _ _ _ _ _ _ _ _ _ _ _ _ _ _ _ _ _ _ _ _ _ _ _ _ _ _ _ _ _ _ _ _ _ 
extension/confluence/extension_ui.py:119: in zscale_view_test_cases_by_folder_macro_in_page
    measure()
_ _ _ _ _ _ _ _ _ _ _ _ _ _ _ _ _ _ _ _ _ _ _ _ _ _ _ _ _ _ _ _ _ _ _ _ _ _ _ _ 

    @functools.wraps(func)
    def wrapper():
        if LOGIN_ACTION_NAME in interaction:
            globals.login_failed = False
        if globals.login_failed:
            pytest.skip(f"login is failed")
        start = time.time()
        error_msg = 'Success'
        full_exception = ''
        try:
            func()
            success = True
        except Exception:
            success = False
            # https://docs.python.org/2/library/sys.html#sys.exc_info
            exc_type, full_exception = sys.exc_info()[:2]
            error_msg = f"Failed measure: {interaction} - {exc_type.__name__}"
        end = time.time()
        timing = str(int((end - start) * 1000))
    
        lockfile = f'{selenium_results_file}.lock'
    
        with filelock.SoftFileLock(lockfile):
            with open(selenium_results_file, "a+") as jtl_file:
                timestamp = round(time.time() * 1000)
                jtl_file.write(f"{timestamp},{timing},{interaction},,{error_msg},,{success},0,0,0,0,,0\n")
    
        print(f"{timestamp},{timing},{interaction},{error_msg},{success}")
    
        if not success:
            if LOGIN_ACTION_NAME in interaction:
                globals.login_failed = True
>           raise Exception(error_msg, full_exception)
E           Exception: ('Failed measure: view_test_cases_by_folder_action - TimeoutException', TimeoutException("Error in wait_until: Timed out after 20 sec waiting for <selenium.webdriver.support.expected_conditions.visibility_of_element_located object at 0x7f6ed1857040>. \nLocator: ('tag name', 'macro-view')", None, None))

selenium_ui/conftest.py:155: Exception
05-25-2022, 08:22:08, 1653466928284, Action: test_1_selenium_zscale_view_test_cases_by_status_macro_in_page, Error: confluence_webdriver = <selenium.webdriver.chrome.webdriver.WebDriver (session="ecdecf98982d3c3b4bd032dfd9797808")>
confluence_datasets = {'blog_id': '25821971', 'blogs': [['25717138', 'OMM'], ['25715212', 'BTVF'], ['25717200', 'FLVT'], ['25715242', 'JSDTC...716062', 'CCMB'], ['25715953', 'GHT'], ...], 'custom_page_id': '40140995', 'custom_pages': [['40140995', 'TEST']], ...}
confluence_screen_shots = None

    def test_1_selenium_zscale_view_test_cases_by_status_macro_in_page(confluence_webdriver, confluence_datasets, confluence_screen_shots):
>       extension_ui.zscale_view_test_cases_by_status_macro_in_page(confluence_webdriver, confluence_datasets)

selenium_ui/confluence_ui.py:43: 
_ _ _ _ _ _ _ _ _ _ _ _ _ _ _ _ _ _ _ _ _ _ _ _ _ _ _ _ _ _ _ _ _ _ _ _ _ _ _ _ 
extension/confluence/extension_ui.py:69: in zscale_view_test_cases_by_status_macro_in_page
    measure()
_ _ _ _ _ _ _ _ _ _ _ _ _ _ _ _ _ _ _ _ _ _ _ _ _ _ _ _ _ _ _ _ _ _ _ _ _ _ _ _ 

    @functools.wraps(func)
    def wrapper():
        if LOGIN_ACTION_NAME in interaction:
            globals.login_failed = False
        if globals.login_failed:
            pytest.skip(f"login is failed")
        start = time.time()
        error_msg = 'Success'
        full_exception = ''
        try:
            func()
            success = True
        except Exception:
            success = False
            # https://docs.python.org/2/library/sys.html#sys.exc_info
            exc_type, full_exception = sys.exc_info()[:2]
            error_msg = f"Failed measure: {interaction} - {exc_type.__name__}"
        end = time.time()
        timing = str(int((end - start) * 1000))
    
        lockfile = f'{selenium_results_file}.lock'
    
        with filelock.SoftFileLock(lockfile):
            with open(selenium_results_file, "a+") as jtl_file:
                timestamp = round(time.time() * 1000)
                jtl_file.write(f"{timestamp},{timing},{interaction},,{error_msg},,{success},0,0,0,0,,0\n")
    
        print(f"{timestamp},{timing},{interaction},{error_msg},{success}")
    
        if not success:
            if LOGIN_ACTION_NAME in interaction:
                globals.login_failed = True
>           raise Exception(error_msg, full_exception)
E           Exception: ('Failed measure: view_test_cases_by_status_action - TimeoutException', TimeoutException("Error in wait_until: Timed out after 20 sec waiting for <selenium.webdriver.support.expected_conditions.visibility_of_element_located object at 0x7f6ed1860490>. \nLocator: ('tag name', 'macro-view')", None, None))

selenium_ui/conftest.py:155: Exception
05-25-2022, 08:22:29, 1653466949712, Action: test_1_selenium_zscale_view_test_cases_by_project_macro_in_page, Error: confluence_webdriver = <selenium.webdriver.chrome.webdriver.WebDriver (session="ecdecf98982d3c3b4bd032dfd9797808")>
confluence_datasets = {'blog_id': '25821971', 'blogs': [['25717138', 'OMM'], ['25715212', 'BTVF'], ['25717200', 'FLVT'], ['25715242', 'JSDTC...716062', 'CCMB'], ['25715953', 'GHT'], ...], 'custom_page_id': '40140995', 'custom_pages': [['40140995', 'TEST']], ...}
confluence_screen_shots = None

    def test_1_selenium_zscale_view_test_cases_by_project_macro_in_page(confluence_webdriver, confluence_datasets, confluence_screen_shots):
>       extension_ui.zscale_view_test_cases_by_project_macro_in_page(confluence_webdriver, confluence_datasets)

selenium_ui/confluence_ui.py:46: 
_ _ _ _ _ _ _ _ _ _ _ _ _ _ _ _ _ _ _ _ _ _ _ _ _ _ _ _ _ _ _ _ _ _ _ _ _ _ _ _ 
extension/confluence/extension_ui.py:94: in zscale_view_test_cases_by_project_macro_in_page
    measure()
_ _ _ _ _ _ _ _ _ _ _ _ _ _ _ _ _ _ _ _ _ _ _ _ _ _ _ _ _ _ _ _ _ _ _ _ _ _ _ _ 

    @functools.wraps(func)
    def wrapper():
        if LOGIN_ACTION_NAME in interaction:
            globals.login_failed = False
        if globals.login_failed:
            pytest.skip(f"login is failed")
        start = time.time()
        error_msg = 'Success'
        full_exception = ''
        try:
            func()
            success = True
        except Exception:
            success = False
            # https://docs.python.org/2/library/sys.html#sys.exc_info
            exc_type, full_exception = sys.exc_info()[:2]
            error_msg = f"Failed measure: {interaction} - {exc_type.__name__}"
        end = time.time()
        timing = str(int((end - start) * 1000))
    
        lockfile = f'{selenium_results_file}.lock'
    
        with filelock.SoftFileLock(lockfile):
            with open(selenium_results_file, "a+") as jtl_file:
                timestamp = round(time.time() * 1000)
                jtl_file.write(f"{timestamp},{timing},{interaction},,{error_msg},,{success},0,0,0,0,,0\n")
    
        print(f"{timestamp},{timing},{interaction},{error_msg},{success}")
    
        if not success:
            if LOGIN_ACTION_NAME in interaction:
                globals.login_failed = True
>           raise Exception(error_msg, full_exception)
E           Exception: ('Failed measure: view_test_cases_by_project_action - TimeoutException', TimeoutException("Error in wait_until: Timed out after 20 sec waiting for <selenium.webdriver.support.expected_conditions.visibility_of_element_located object at 0x7f6ed1d21fd0>. \nLocator: ('tag name', 'macro-view')", None, None))

selenium_ui/conftest.py:155: Exception
05-25-2022, 08:22:51, 1653466971189, Action: test_1_selenium_zscale_view_test_cases_by_folder_macro_in_page, Error: confluence_webdriver = <selenium.webdriver.chrome.webdriver.WebDriver (session="ecdecf98982d3c3b4bd032dfd9797808")>
confluence_datasets = {'blog_id': '25821971', 'blogs': [['25717138', 'OMM'], ['25715212', 'BTVF'], ['25717200', 'FLVT'], ['25715242', 'JSDTC...716062', 'CCMB'], ['25715953', 'GHT'], ...], 'custom_page_id': '40140995', 'custom_pages': [['40140995', 'TEST']], ...}
confluence_screen_shots = None

    def test_1_selenium_zscale_view_test_cases_by_folder_macro_in_page(confluence_webdriver, confluence_datasets, confluence_screen_shots):
>       extension_ui.zscale_view_test_cases_by_folder_macro_in_page(confluence_webdriver, confluence_datasets)

selenium_ui/confluence_ui.py:49: 
_ _ _ _ _ _ _ _ _ _ _ _ _ _ _ _ _ _ _ _ _ _ _ _ _ _ _ _ _ _ _ _ _ _ _ _ _ _ _ _ 
extension/confluence/extension_ui.py:119: in zscale_view_test_cases_by_folder_macro_in_page
    measure()
_ _ _ _ _ _ _ _ _ _ _ _ _ _ _ _ _ _ _ _ _ _ _ _ _ _ _ _ _ _ _ _ _ _ _ _ _ _ _ _ 

    @functools.wraps(func)
    def wrapper():
        if LOGIN_ACTION_NAME in interaction:
            globals.login_failed = False
        if globals.login_failed:
            pytest.skip(f"login is failed")
        start = time.time()
        error_msg = 'Success'
        full_exception = ''
        try:
            func()
            success = True
        except Exception:
            success = False
            # https://docs.python.org/2/library/sys.html#sys.exc_info
            exc_type, full_exception = sys.exc_info()[:2]
            error_msg = f"Failed measure: {interaction} - {exc_type.__name__}"
        end = time.time()
        timing = str(int((end - start) * 1000))
    
        lockfile = f'{selenium_results_file}.lock'
    
        with filelock.SoftFileLock(lockfile):
            with open(selenium_results_file, "a+") as jtl_file:
                timestamp = round(time.time() * 1000)
                jtl_file.write(f"{timestamp},{timing},{interaction},,{error_msg},,{success},0,0,0,0,,0\n")
    
        print(f"{timestamp},{timing},{interaction},{error_msg},{success}")
    
        if not success:
            if LOGIN_ACTION_NAME in interaction:
                globals.login_failed = True
>           raise Exception(error_msg, full_exception)
E           Exception: ('Failed measure: view_test_cases_by_folder_action - TimeoutException', TimeoutException("Error in wait_until: Timed out after 20 sec waiting for <selenium.webdriver.support.expected_conditions.visibility_of_element_located object at 0x7f6ed192a040>. \nLocator: ('tag name', 'macro-view')", None, None))

selenium_ui/conftest.py:155: Exception
05-25-2022, 08:23:20, 1653467000236, Action: test_1_selenium_zscale_view_test_cases_by_status_macro_in_page, Error: confluence_webdriver = <selenium.webdriver.chrome.webdriver.WebDriver (session="ecdecf98982d3c3b4bd032dfd9797808")>
confluence_datasets = {'blog_id': '8149589', 'blogs': [['25717138', 'OMM'], ['25715212', 'BTVF'], ['25717200', 'FLVT'], ['25715242', 'JSDTC'...716062', 'CCMB'], ['25715953', 'GHT'], ...], 'custom_page_id': '40140995', 'custom_pages': [['40140995', 'TEST']], ...}
confluence_screen_shots = None

    def test_1_selenium_zscale_view_test_cases_by_status_macro_in_page(confluence_webdriver, confluence_datasets, confluence_screen_shots):
>       extension_ui.zscale_view_test_cases_by_status_macro_in_page(confluence_webdriver, confluence_datasets)

selenium_ui/confluence_ui.py:43: 
_ _ _ _ _ _ _ _ _ _ _ _ _ _ _ _ _ _ _ _ _ _ _ _ _ _ _ _ _ _ _ _ _ _ _ _ _ _ _ _ 
extension/confluence/extension_ui.py:69: in zscale_view_test_cases_by_status_macro_in_page
    measure()
_ _ _ _ _ _ _ _ _ _ _ _ _ _ _ _ _ _ _ _ _ _ _ _ _ _ _ _ _ _ _ _ _ _ _ _ _ _ _ _ 

    @functools.wraps(func)
    def wrapper():
        if LOGIN_ACTION_NAME in interaction:
            globals.login_failed = False
        if globals.login_failed:
            pytest.skip(f"login is failed")
        start = time.time()
        error_msg = 'Success'
        full_exception = ''
        try:
            func()
            success = True
        except Exception:
            success = False
            # https://docs.python.org/2/library/sys.html#sys.exc_info
            exc_type, full_exception = sys.exc_info()[:2]
            error_msg = f"Failed measure: {interaction} - {exc_type.__name__}"
        end = time.time()
        timing = str(int((end - start) * 1000))
    
        lockfile = f'{selenium_results_file}.lock'
    
        with filelock.SoftFileLock(lockfile):
            with open(selenium_results_file, "a+") as jtl_file:
                timestamp = round(time.time() * 1000)
                jtl_file.write(f"{timestamp},{timing},{interaction},,{error_msg},,{success},0,0,0,0,,0\n")
    
        print(f"{timestamp},{timing},{interaction},{error_msg},{success}")
    
        if not success:
            if LOGIN_ACTION_NAME in interaction:
                globals.login_failed = True
>           raise Exception(error_msg, full_exception)
E           Exception: ('Failed measure: view_test_cases_by_status_action - TimeoutException', TimeoutException("Error in wait_until: Timed out after 20 sec waiting for <selenium.webdriver.support.expected_conditions.visibility_of_element_located object at 0x7f6ed17fad00>. \nLocator: ('tag name', 'macro-view')", None, None))

selenium_ui/conftest.py:155: Exception
05-25-2022, 08:23:41, 1653467021722, Action: test_1_selenium_zscale_view_test_cases_by_project_macro_in_page, Error: confluence_webdriver = <selenium.webdriver.chrome.webdriver.WebDriver (session="ecdecf98982d3c3b4bd032dfd9797808")>
confluence_datasets = {'blog_id': '8149589', 'blogs': [['25717138', 'OMM'], ['25715212', 'BTVF'], ['25717200', 'FLVT'], ['25715242', 'JSDTC'...716062', 'CCMB'], ['25715953', 'GHT'], ...], 'custom_page_id': '40140995', 'custom_pages': [['40140995', 'TEST']], ...}
confluence_screen_shots = None

    def test_1_selenium_zscale_view_test_cases_by_project_macro_in_page(confluence_webdriver, confluence_datasets, confluence_screen_shots):
>       extension_ui.zscale_view_test_cases_by_project_macro_in_page(confluence_webdriver, confluence_datasets)

selenium_ui/confluence_ui.py:46: 
_ _ _ _ _ _ _ _ _ _ _ _ _ _ _ _ _ _ _ _ _ _ _ _ _ _ _ _ _ _ _ _ _ _ _ _ _ _ _ _ 
extension/confluence/extension_ui.py:94: in zscale_view_test_cases_by_project_macro_in_page
    measure()
_ _ _ _ _ _ _ _ _ _ _ _ _ _ _ _ _ _ _ _ _ _ _ _ _ _ _ _ _ _ _ _ _ _ _ _ _ _ _ _ 

    @functools.wraps(func)
    def wrapper():
        if LOGIN_ACTION_NAME in interaction:
            globals.login_failed = False
        if globals.login_failed:
            pytest.skip(f"login is failed")
        start = time.time()
        error_msg = 'Success'
        full_exception = ''
        try:
            func()
            success = True
        except Exception:
            success = False
            # https://docs.python.org/2/library/sys.html#sys.exc_info
            exc_type, full_exception = sys.exc_info()[:2]
            error_msg = f"Failed measure: {interaction} - {exc_type.__name__}"
        end = time.time()
        timing = str(int((end - start) * 1000))
    
        lockfile = f'{selenium_results_file}.lock'
    
        with filelock.SoftFileLock(lockfile):
            with open(selenium_results_file, "a+") as jtl_file:
                timestamp = round(time.time() * 1000)
                jtl_file.write(f"{timestamp},{timing},{interaction},,{error_msg},,{success},0,0,0,0,,0\n")
    
        print(f"{timestamp},{timing},{interaction},{error_msg},{success}")
    
        if not success:
            if LOGIN_ACTION_NAME in interaction:
                globals.login_failed = True
>           raise Exception(error_msg, full_exception)
E           Exception: ('Failed measure: view_test_cases_by_project_action - TimeoutException', TimeoutException("Error in wait_until: Timed out after 20 sec waiting for <selenium.webdriver.support.expected_conditions.visibility_of_element_located object at 0x7f6ed17d34f0>. \nLocator: ('tag name', 'macro-view')", None, None))

selenium_ui/conftest.py:155: Exception
05-25-2022, 08:24:03, 1653467043201, Action: test_1_selenium_zscale_view_test_cases_by_folder_macro_in_page, Error: confluence_webdriver = <selenium.webdriver.chrome.webdriver.WebDriver (session="ecdecf98982d3c3b4bd032dfd9797808")>
confluence_datasets = {'blog_id': '8149589', 'blogs': [['25717138', 'OMM'], ['25715212', 'BTVF'], ['25717200', 'FLVT'], ['25715242', 'JSDTC'...716062', 'CCMB'], ['25715953', 'GHT'], ...], 'custom_page_id': '40140995', 'custom_pages': [['40140995', 'TEST']], ...}
confluence_screen_shots = None

    def test_1_selenium_zscale_view_test_cases_by_folder_macro_in_page(confluence_webdriver, confluence_datasets, confluence_screen_shots):
>       extension_ui.zscale_view_test_cases_by_folder_macro_in_page(confluence_webdriver, confluence_datasets)

selenium_ui/confluence_ui.py:49: 
_ _ _ _ _ _ _ _ _ _ _ _ _ _ _ _ _ _ _ _ _ _ _ _ _ _ _ _ _ _ _ _ _ _ _ _ _ _ _ _ 
extension/confluence/extension_ui.py:119: in zscale_view_test_cases_by_folder_macro_in_page
    measure()
_ _ _ _ _ _ _ _ _ _ _ _ _ _ _ _ _ _ _ _ _ _ _ _ _ _ _ _ _ _ _ _ _ _ _ _ _ _ _ _ 

    @functools.wraps(func)
    def wrapper():
        if LOGIN_ACTION_NAME in interaction:
            globals.login_failed = False
        if globals.login_failed:
            pytest.skip(f"login is failed")
        start = time.time()
        error_msg = 'Success'
        full_exception = ''
        try:
            func()
            success = True
        except Exception:
            success = False
            # https://docs.python.org/2/library/sys.html#sys.exc_info
            exc_type, full_exception = sys.exc_info()[:2]
            error_msg = f"Failed measure: {interaction} - {exc_type.__name__}"
        end = time.time()
        timing = str(int((end - start) * 1000))
    
        lockfile = f'{selenium_results_file}.lock'
    
        with filelock.SoftFileLock(lockfile):
            with open(selenium_results_file, "a+") as jtl_file:
                timestamp = round(time.time() * 1000)
                jtl_file.write(f"{timestamp},{timing},{interaction},,{error_msg},,{success},0,0,0,0,,0\n")
    
        print(f"{timestamp},{timing},{interaction},{error_msg},{success}")
    
        if not success:
            if LOGIN_ACTION_NAME in interaction:
                globals.login_failed = True
>           raise Exception(error_msg, full_exception)
E           Exception: ('Failed measure: view_test_cases_by_folder_action - TimeoutException', TimeoutException("Error in wait_until: Timed out after 20 sec waiting for <selenium.webdriver.support.expected_conditions.visibility_of_element_located object at 0x7f6ed175ba30>. \nLocator: ('tag name', 'macro-view')", None, None))

selenium_ui/conftest.py:155: Exception
05-25-2022, 08:24:32, 1653467072335, Action: test_1_selenium_zscale_view_test_cases_by_status_macro_in_page, Error: confluence_webdriver = <selenium.webdriver.chrome.webdriver.WebDriver (session="ecdecf98982d3c3b4bd032dfd9797808")>
confluence_datasets = {'blog_id': '25835846', 'blogs': [['25717138', 'OMM'], ['25715212', 'BTVF'], ['25717200', 'FLVT'], ['25715242', 'JSDTC...716062', 'CCMB'], ['25715953', 'GHT'], ...], 'custom_page_id': '40140995', 'custom_pages': [['40140995', 'TEST']], ...}
confluence_screen_shots = None

    def test_1_selenium_zscale_view_test_cases_by_status_macro_in_page(confluence_webdriver, confluence_datasets, confluence_screen_shots):
>       extension_ui.zscale_view_test_cases_by_status_macro_in_page(confluence_webdriver, confluence_datasets)

selenium_ui/confluence_ui.py:43: 
_ _ _ _ _ _ _ _ _ _ _ _ _ _ _ _ _ _ _ _ _ _ _ _ _ _ _ _ _ _ _ _ _ _ _ _ _ _ _ _ 
extension/confluence/extension_ui.py:69: in zscale_view_test_cases_by_status_macro_in_page
    measure()
_ _ _ _ _ _ _ _ _ _ _ _ _ _ _ _ _ _ _ _ _ _ _ _ _ _ _ _ _ _ _ _ _ _ _ _ _ _ _ _ 

    @functools.wraps(func)
    def wrapper():
        if LOGIN_ACTION_NAME in interaction:
            globals.login_failed = False
        if globals.login_failed:
            pytest.skip(f"login is failed")
        start = time.time()
        error_msg = 'Success'
        full_exception = ''
        try:
            func()
            success = True
        except Exception:
            success = False
            # https://docs.python.org/2/library/sys.html#sys.exc_info
            exc_type, full_exception = sys.exc_info()[:2]
            error_msg = f"Failed measure: {interaction} - {exc_type.__name__}"
        end = time.time()
        timing = str(int((end - start) * 1000))
    
        lockfile = f'{selenium_results_file}.lock'
    
        with filelock.SoftFileLock(lockfile):
            with open(selenium_results_file, "a+") as jtl_file:
                timestamp = round(time.time() * 1000)
                jtl_file.write(f"{timestamp},{timing},{interaction},,{error_msg},,{success},0,0,0,0,,0\n")
    
        print(f"{timestamp},{timing},{interaction},{error_msg},{success}")
    
        if not success:
            if LOGIN_ACTION_NAME in interaction:
                globals.login_failed = True
>           raise Exception(error_msg, full_exception)
E           Exception: ('Failed measure: view_test_cases_by_status_action - TimeoutException', TimeoutException("Error in wait_until: Timed out after 20 sec waiting for <selenium.webdriver.support.expected_conditions.visibility_of_element_located object at 0x7f6ed175d280>. \nLocator: ('tag name', 'macro-view')", None, None))

selenium_ui/conftest.py:155: Exception
05-25-2022, 08:24:54, 1653467094174, Action: test_1_selenium_zscale_view_test_cases_by_project_macro_in_page, Error: confluence_webdriver = <selenium.webdriver.chrome.webdriver.WebDriver (session="ecdecf98982d3c3b4bd032dfd9797808")>
confluence_datasets = {'blog_id': '25835846', 'blogs': [['25717138', 'OMM'], ['25715212', 'BTVF'], ['25717200', 'FLVT'], ['25715242', 'JSDTC...716062', 'CCMB'], ['25715953', 'GHT'], ...], 'custom_page_id': '40140995', 'custom_pages': [['40140995', 'TEST']], ...}
confluence_screen_shots = None

    def test_1_selenium_zscale_view_test_cases_by_project_macro_in_page(confluence_webdriver, confluence_datasets, confluence_screen_shots):
>       extension_ui.zscale_view_test_cases_by_project_macro_in_page(confluence_webdriver, confluence_datasets)

selenium_ui/confluence_ui.py:46: 
_ _ _ _ _ _ _ _ _ _ _ _ _ _ _ _ _ _ _ _ _ _ _ _ _ _ _ _ _ _ _ _ _ _ _ _ _ _ _ _ 
extension/confluence/extension_ui.py:94: in zscale_view_test_cases_by_project_macro_in_page
    measure()
_ _ _ _ _ _ _ _ _ _ _ _ _ _ _ _ _ _ _ _ _ _ _ _ _ _ _ _ _ _ _ _ _ _ _ _ _ _ _ _ 

    @functools.wraps(func)
    def wrapper():
        if LOGIN_ACTION_NAME in interaction:
            globals.login_failed = False
        if globals.login_failed:
            pytest.skip(f"login is failed")
        start = time.time()
        error_msg = 'Success'
        full_exception = ''
        try:
            func()
            success = True
        except Exception:
            success = False
            # https://docs.python.org/2/library/sys.html#sys.exc_info
            exc_type, full_exception = sys.exc_info()[:2]
            error_msg = f"Failed measure: {interaction} - {exc_type.__name__}"
        end = time.time()
        timing = str(int((end - start) * 1000))
    
        lockfile = f'{selenium_results_file}.lock'
    
        with filelock.SoftFileLock(lockfile):
            with open(selenium_results_file, "a+") as jtl_file:
                timestamp = round(time.time() * 1000)
                jtl_file.write(f"{timestamp},{timing},{interaction},,{error_msg},,{success},0,0,0,0,,0\n")
    
        print(f"{timestamp},{timing},{interaction},{error_msg},{success}")
    
        if not success:
            if LOGIN_ACTION_NAME in interaction:
                globals.login_failed = True
>           raise Exception(error_msg, full_exception)
E           Exception: ('Failed measure: view_test_cases_by_project_action - TimeoutException', TimeoutException("Error in wait_until: Timed out after 20 sec waiting for <selenium.webdriver.support.expected_conditions.visibility_of_element_located object at 0x7f6ed16eb700>. \nLocator: ('tag name', 'macro-view')", None, None))

selenium_ui/conftest.py:155: Exception
05-25-2022, 08:25:15, 1653467115974, Action: test_1_selenium_zscale_view_test_cases_by_folder_macro_in_page, Error: confluence_webdriver = <selenium.webdriver.chrome.webdriver.WebDriver (session="ecdecf98982d3c3b4bd032dfd9797808")>
confluence_datasets = {'blog_id': '25835846', 'blogs': [['25717138', 'OMM'], ['25715212', 'BTVF'], ['25717200', 'FLVT'], ['25715242', 'JSDTC...716062', 'CCMB'], ['25715953', 'GHT'], ...], 'custom_page_id': '40140995', 'custom_pages': [['40140995', 'TEST']], ...}
confluence_screen_shots = None

    def test_1_selenium_zscale_view_test_cases_by_folder_macro_in_page(confluence_webdriver, confluence_datasets, confluence_screen_shots):
>       extension_ui.zscale_view_test_cases_by_folder_macro_in_page(confluence_webdriver, confluence_datasets)

selenium_ui/confluence_ui.py:49: 
_ _ _ _ _ _ _ _ _ _ _ _ _ _ _ _ _ _ _ _ _ _ _ _ _ _ _ _ _ _ _ _ _ _ _ _ _ _ _ _ 
extension/confluence/extension_ui.py:119: in zscale_view_test_cases_by_folder_macro_in_page
    measure()
_ _ _ _ _ _ _ _ _ _ _ _ _ _ _ _ _ _ _ _ _ _ _ _ _ _ _ _ _ _ _ _ _ _ _ _ _ _ _ _ 

    @functools.wraps(func)
    def wrapper():
        if LOGIN_ACTION_NAME in interaction:
            globals.login_failed = False
        if globals.login_failed:
            pytest.skip(f"login is failed")
        start = time.time()
        error_msg = 'Success'
        full_exception = ''
        try:
            func()
            success = True
        except Exception:
            success = False
            # https://docs.python.org/2/library/sys.html#sys.exc_info
            exc_type, full_exception = sys.exc_info()[:2]
            error_msg = f"Failed measure: {interaction} - {exc_type.__name__}"
        end = time.time()
        timing = str(int((end - start) * 1000))
    
        lockfile = f'{selenium_results_file}.lock'
    
        with filelock.SoftFileLock(lockfile):
            with open(selenium_results_file, "a+") as jtl_file:
                timestamp = round(time.time() * 1000)
                jtl_file.write(f"{timestamp},{timing},{interaction},,{error_msg},,{success},0,0,0,0,,0\n")
    
        print(f"{timestamp},{timing},{interaction},{error_msg},{success}")
    
        if not success:
            if LOGIN_ACTION_NAME in interaction:
                globals.login_failed = True
>           raise Exception(error_msg, full_exception)
E           Exception: ('Failed measure: view_test_cases_by_folder_action - TimeoutException', TimeoutException("Error in wait_until: Timed out after 20 sec waiting for <selenium.webdriver.support.expected_conditions.visibility_of_element_located object at 0x7f6ed170aa60>. \nLocator: ('tag name', 'macro-view')", None, None))

selenium_ui/conftest.py:155: Exception
05-25-2022, 08:25:43, 1653467143989, Action: test_1_selenium_zscale_view_test_cases_by_status_macro_in_page, Error: confluence_webdriver = <selenium.webdriver.chrome.webdriver.WebDriver (session="ecdecf98982d3c3b4bd032dfd9797808")>
confluence_datasets = {'blog_id': '3567342', 'blogs': [['25717138', 'OMM'], ['25715212', 'BTVF'], ['25717200', 'FLVT'], ['25715242', 'JSDTC'...716062', 'CCMB'], ['25715953', 'GHT'], ...], 'custom_page_id': '40140995', 'custom_pages': [['40140995', 'TEST']], ...}
confluence_screen_shots = None

    def test_1_selenium_zscale_view_test_cases_by_status_macro_in_page(confluence_webdriver, confluence_datasets, confluence_screen_shots):
>       extension_ui.zscale_view_test_cases_by_status_macro_in_page(confluence_webdriver, confluence_datasets)

selenium_ui/confluence_ui.py:43: 
_ _ _ _ _ _ _ _ _ _ _ _ _ _ _ _ _ _ _ _ _ _ _ _ _ _ _ _ _ _ _ _ _ _ _ _ _ _ _ _ 
extension/confluence/extension_ui.py:69: in zscale_view_test_cases_by_status_macro_in_page
    measure()
_ _ _ _ _ _ _ _ _ _ _ _ _ _ _ _ _ _ _ _ _ _ _ _ _ _ _ _ _ _ _ _ _ _ _ _ _ _ _ _ 

    @functools.wraps(func)
    def wrapper():
        if LOGIN_ACTION_NAME in interaction:
            globals.login_failed = False
        if globals.login_failed:
            pytest.skip(f"login is failed")
        start = time.time()
        error_msg = 'Success'
        full_exception = ''
        try:
            func()
            success = True
        except Exception:
            success = False
            # https://docs.python.org/2/library/sys.html#sys.exc_info
            exc_type, full_exception = sys.exc_info()[:2]
            error_msg = f"Failed measure: {interaction} - {exc_type.__name__}"
        end = time.time()
        timing = str(int((end - start) * 1000))
    
        lockfile = f'{selenium_results_file}.lock'
    
        with filelock.SoftFileLock(lockfile):
            with open(selenium_results_file, "a+") as jtl_file:
                timestamp = round(time.time() * 1000)
                jtl_file.write(f"{timestamp},{timing},{interaction},,{error_msg},,{success},0,0,0,0,,0\n")
    
        print(f"{timestamp},{timing},{interaction},{error_msg},{success}")
    
        if not success:
            if LOGIN_ACTION_NAME in interaction:
                globals.login_failed = True
>           raise Exception(error_msg, full_exception)
E           Exception: ('Failed measure: view_test_cases_by_status_action - TimeoutException', TimeoutException("Error in wait_until: Timed out after 20 sec waiting for <selenium.webdriver.support.expected_conditions.visibility_of_element_located object at 0x7f6ed16ebb80>. \nLocator: ('tag name', 'macro-view')", None, None))

selenium_ui/conftest.py:155: Exception
05-25-2022, 08:26:05, 1653467165431, Action: test_1_selenium_zscale_view_test_cases_by_project_macro_in_page, Error: confluence_webdriver = <selenium.webdriver.chrome.webdriver.WebDriver (session="ecdecf98982d3c3b4bd032dfd9797808")>
confluence_datasets = {'blog_id': '3567342', 'blogs': [['25717138', 'OMM'], ['25715212', 'BTVF'], ['25717200', 'FLVT'], ['25715242', 'JSDTC'...716062', 'CCMB'], ['25715953', 'GHT'], ...], 'custom_page_id': '40140995', 'custom_pages': [['40140995', 'TEST']], ...}
confluence_screen_shots = None

    def test_1_selenium_zscale_view_test_cases_by_project_macro_in_page(confluence_webdriver, confluence_datasets, confluence_screen_shots):
>       extension_ui.zscale_view_test_cases_by_project_macro_in_page(confluence_webdriver, confluence_datasets)

selenium_ui/confluence_ui.py:46: 
_ _ _ _ _ _ _ _ _ _ _ _ _ _ _ _ _ _ _ _ _ _ _ _ _ _ _ _ _ _ _ _ _ _ _ _ _ _ _ _ 
extension/confluence/extension_ui.py:94: in zscale_view_test_cases_by_project_macro_in_page
    measure()
_ _ _ _ _ _ _ _ _ _ _ _ _ _ _ _ _ _ _ _ _ _ _ _ _ _ _ _ _ _ _ _ _ _ _ _ _ _ _ _ 

    @functools.wraps(func)
    def wrapper():
        if LOGIN_ACTION_NAME in interaction:
            globals.login_failed = False
        if globals.login_failed:
            pytest.skip(f"login is failed")
        start = time.time()
        error_msg = 'Success'
        full_exception = ''
        try:
            func()
            success = True
        except Exception:
            success = False
            # https://docs.python.org/2/library/sys.html#sys.exc_info
            exc_type, full_exception = sys.exc_info()[:2]
            error_msg = f"Failed measure: {interaction} - {exc_type.__name__}"
        end = time.time()
        timing = str(int((end - start) * 1000))
    
        lockfile = f'{selenium_results_file}.lock'
    
        with filelock.SoftFileLock(lockfile):
            with open(selenium_results_file, "a+") as jtl_file:
                timestamp = round(time.time() * 1000)
                jtl_file.write(f"{timestamp},{timing},{interaction},,{error_msg},,{success},0,0,0,0,,0\n")
    
        print(f"{timestamp},{timing},{interaction},{error_msg},{success}")
    
        if not success:
            if LOGIN_ACTION_NAME in interaction:
                globals.login_failed = True
>           raise Exception(error_msg, full_exception)
E           Exception: ('Failed measure: view_test_cases_by_project_action - TimeoutException', TimeoutException("Error in wait_until: Timed out after 20 sec waiting for <selenium.webdriver.support.expected_conditions.visibility_of_element_located object at 0x7f6ed1701bb0>. \nLocator: ('tag name', 'macro-view')", None, None))

selenium_ui/conftest.py:155: Exception
05-25-2022, 08:26:26, 1653467186896, Action: test_1_selenium_zscale_view_test_cases_by_folder_macro_in_page, Error: confluence_webdriver = <selenium.webdriver.chrome.webdriver.WebDriver (session="ecdecf98982d3c3b4bd032dfd9797808")>
confluence_datasets = {'blog_id': '3567342', 'blogs': [['25717138', 'OMM'], ['25715212', 'BTVF'], ['25717200', 'FLVT'], ['25715242', 'JSDTC'...716062', 'CCMB'], ['25715953', 'GHT'], ...], 'custom_page_id': '40140995', 'custom_pages': [['40140995', 'TEST']], ...}
confluence_screen_shots = None

    def test_1_selenium_zscale_view_test_cases_by_folder_macro_in_page(confluence_webdriver, confluence_datasets, confluence_screen_shots):
>       extension_ui.zscale_view_test_cases_by_folder_macro_in_page(confluence_webdriver, confluence_datasets)

selenium_ui/confluence_ui.py:49: 
_ _ _ _ _ _ _ _ _ _ _ _ _ _ _ _ _ _ _ _ _ _ _ _ _ _ _ _ _ _ _ _ _ _ _ _ _ _ _ _ 
extension/confluence/extension_ui.py:119: in zscale_view_test_cases_by_folder_macro_in_page
    measure()
_ _ _ _ _ _ _ _ _ _ _ _ _ _ _ _ _ _ _ _ _ _ _ _ _ _ _ _ _ _ _ _ _ _ _ _ _ _ _ _ 

    @functools.wraps(func)
    def wrapper():
        if LOGIN_ACTION_NAME in interaction:
            globals.login_failed = False
        if globals.login_failed:
            pytest.skip(f"login is failed")
        start = time.time()
        error_msg = 'Success'
        full_exception = ''
        try:
            func()
            success = True
        except Exception:
            success = False
            # https://docs.python.org/2/library/sys.html#sys.exc_info
            exc_type, full_exception = sys.exc_info()[:2]
            error_msg = f"Failed measure: {interaction} - {exc_type.__name__}"
        end = time.time()
        timing = str(int((end - start) * 1000))
    
        lockfile = f'{selenium_results_file}.lock'
    
        with filelock.SoftFileLock(lockfile):
            with open(selenium_results_file, "a+") as jtl_file:
                timestamp = round(time.time() * 1000)
                jtl_file.write(f"{timestamp},{timing},{interaction},,{error_msg},,{success},0,0,0,0,,0\n")
    
        print(f"{timestamp},{timing},{interaction},{error_msg},{success}")
    
        if not success:
            if LOGIN_ACTION_NAME in interaction:
                globals.login_failed = True
>           raise Exception(error_msg, full_exception)
E           Exception: ('Failed measure: view_test_cases_by_folder_action - TimeoutException', TimeoutException("Error in wait_until: Timed out after 20 sec waiting for <selenium.webdriver.support.expected_conditions.visibility_of_element_located object at 0x7f6ed16eb460>. \nLocator: ('tag name', 'macro-view')", None, None))

selenium_ui/conftest.py:155: Exception
05-25-2022, 08:26:55, 1653467215058, Action: test_1_selenium_zscale_view_test_cases_by_status_macro_in_page, Error: confluence_webdriver = <selenium.webdriver.chrome.webdriver.WebDriver (session="ecdecf98982d3c3b4bd032dfd9797808")>
confluence_datasets = {'blog_id': '3703376', 'blogs': [['25717138', 'OMM'], ['25715212', 'BTVF'], ['25717200', 'FLVT'], ['25715242', 'JSDTC'...716062', 'CCMB'], ['25715953', 'GHT'], ...], 'custom_page_id': '40140995', 'custom_pages': [['40140995', 'TEST']], ...}
confluence_screen_shots = None

    def test_1_selenium_zscale_view_test_cases_by_status_macro_in_page(confluence_webdriver, confluence_datasets, confluence_screen_shots):
>       extension_ui.zscale_view_test_cases_by_status_macro_in_page(confluence_webdriver, confluence_datasets)

selenium_ui/confluence_ui.py:43: 
_ _ _ _ _ _ _ _ _ _ _ _ _ _ _ _ _ _ _ _ _ _ _ _ _ _ _ _ _ _ _ _ _ _ _ _ _ _ _ _ 
extension/confluence/extension_ui.py:69: in zscale_view_test_cases_by_status_macro_in_page
    measure()
_ _ _ _ _ _ _ _ _ _ _ _ _ _ _ _ _ _ _ _ _ _ _ _ _ _ _ _ _ _ _ _ _ _ _ _ _ _ _ _ 

    @functools.wraps(func)
    def wrapper():
        if LOGIN_ACTION_NAME in interaction:
            globals.login_failed = False
        if globals.login_failed:
            pytest.skip(f"login is failed")
        start = time.time()
        error_msg = 'Success'
        full_exception = ''
        try:
            func()
            success = True
        except Exception:
            success = False
            # https://docs.python.org/2/library/sys.html#sys.exc_info
            exc_type, full_exception = sys.exc_info()[:2]
            error_msg = f"Failed measure: {interaction} - {exc_type.__name__}"
        end = time.time()
        timing = str(int((end - start) * 1000))
    
        lockfile = f'{selenium_results_file}.lock'
    
        with filelock.SoftFileLock(lockfile):
            with open(selenium_results_file, "a+") as jtl_file:
                timestamp = round(time.time() * 1000)
                jtl_file.write(f"{timestamp},{timing},{interaction},,{error_msg},,{success},0,0,0,0,,0\n")
    
        print(f"{timestamp},{timing},{interaction},{error_msg},{success}")
    
        if not success:
            if LOGIN_ACTION_NAME in interaction:
                globals.login_failed = True
>           raise Exception(error_msg, full_exception)
E           Exception: ('Failed measure: view_test_cases_by_status_action - TimeoutException', TimeoutException("Error in wait_until: Timed out after 20 sec waiting for <selenium.webdriver.support.expected_conditions.visibility_of_element_located object at 0x7f6ed17d6f10>. \nLocator: ('tag name', 'macro-view')", None, None))

selenium_ui/conftest.py:155: Exception
05-25-2022, 08:27:16, 1653467236463, Action: test_1_selenium_zscale_view_test_cases_by_project_macro_in_page, Error: confluence_webdriver = <selenium.webdriver.chrome.webdriver.WebDriver (session="ecdecf98982d3c3b4bd032dfd9797808")>
confluence_datasets = {'blog_id': '3703376', 'blogs': [['25717138', 'OMM'], ['25715212', 'BTVF'], ['25717200', 'FLVT'], ['25715242', 'JSDTC'...716062', 'CCMB'], ['25715953', 'GHT'], ...], 'custom_page_id': '40140995', 'custom_pages': [['40140995', 'TEST']], ...}
confluence_screen_shots = None

    def test_1_selenium_zscale_view_test_cases_by_project_macro_in_page(confluence_webdriver, confluence_datasets, confluence_screen_shots):
>       extension_ui.zscale_view_test_cases_by_project_macro_in_page(confluence_webdriver, confluence_datasets)

selenium_ui/confluence_ui.py:46: 
_ _ _ _ _ _ _ _ _ _ _ _ _ _ _ _ _ _ _ _ _ _ _ _ _ _ _ _ _ _ _ _ _ _ _ _ _ _ _ _ 
extension/confluence/extension_ui.py:94: in zscale_view_test_cases_by_project_macro_in_page
    measure()
_ _ _ _ _ _ _ _ _ _ _ _ _ _ _ _ _ _ _ _ _ _ _ _ _ _ _ _ _ _ _ _ _ _ _ _ _ _ _ _ 

    @functools.wraps(func)
    def wrapper():
        if LOGIN_ACTION_NAME in interaction:
            globals.login_failed = False
        if globals.login_failed:
            pytest.skip(f"login is failed")
        start = time.time()
        error_msg = 'Success'
        full_exception = ''
        try:
            func()
            success = True
        except Exception:
            success = False
            # https://docs.python.org/2/library/sys.html#sys.exc_info
            exc_type, full_exception = sys.exc_info()[:2]
            error_msg = f"Failed measure: {interaction} - {exc_type.__name__}"
        end = time.time()
        timing = str(int((end - start) * 1000))
    
        lockfile = f'{selenium_results_file}.lock'
    
        with filelock.SoftFileLock(lockfile):
            with open(selenium_results_file, "a+") as jtl_file:
                timestamp = round(time.time() * 1000)
                jtl_file.write(f"{timestamp},{timing},{interaction},,{error_msg},,{success},0,0,0,0,,0\n")
    
        print(f"{timestamp},{timing},{interaction},{error_msg},{success}")
    
        if not success:
            if LOGIN_ACTION_NAME in interaction:
                globals.login_failed = True
>           raise Exception(error_msg, full_exception)
E           Exception: ('Failed measure: view_test_cases_by_project_action - TimeoutException', TimeoutException("Error in wait_until: Timed out after 20 sec waiting for <selenium.webdriver.support.expected_conditions.visibility_of_element_located object at 0x7f6ed1887eb0>. \nLocator: ('tag name', 'macro-view')", None, None))

selenium_ui/conftest.py:155: Exception
05-25-2022, 08:27:37, 1653467257895, Action: test_1_selenium_zscale_view_test_cases_by_folder_macro_in_page, Error: confluence_webdriver = <selenium.webdriver.chrome.webdriver.WebDriver (session="ecdecf98982d3c3b4bd032dfd9797808")>
confluence_datasets = {'blog_id': '3703376', 'blogs': [['25717138', 'OMM'], ['25715212', 'BTVF'], ['25717200', 'FLVT'], ['25715242', 'JSDTC'...716062', 'CCMB'], ['25715953', 'GHT'], ...], 'custom_page_id': '40140995', 'custom_pages': [['40140995', 'TEST']], ...}
confluence_screen_shots = None

    def test_1_selenium_zscale_view_test_cases_by_folder_macro_in_page(confluence_webdriver, confluence_datasets, confluence_screen_shots):
>       extension_ui.zscale_view_test_cases_by_folder_macro_in_page(confluence_webdriver, confluence_datasets)

selenium_ui/confluence_ui.py:49: 
_ _ _ _ _ _ _ _ _ _ _ _ _ _ _ _ _ _ _ _ _ _ _ _ _ _ _ _ _ _ _ _ _ _ _ _ _ _ _ _ 
extension/confluence/extension_ui.py:119: in zscale_view_test_cases_by_folder_macro_in_page
    measure()
_ _ _ _ _ _ _ _ _ _ _ _ _ _ _ _ _ _ _ _ _ _ _ _ _ _ _ _ _ _ _ _ _ _ _ _ _ _ _ _ 

    @functools.wraps(func)
    def wrapper():
        if LOGIN_ACTION_NAME in interaction:
            globals.login_failed = False
        if globals.login_failed:
            pytest.skip(f"login is failed")
        start = time.time()
        error_msg = 'Success'
        full_exception = ''
        try:
            func()
            success = True
        except Exception:
            success = False
            # https://docs.python.org/2/library/sys.html#sys.exc_info
            exc_type, full_exception = sys.exc_info()[:2]
            error_msg = f"Failed measure: {interaction} - {exc_type.__name__}"
        end = time.time()
        timing = str(int((end - start) * 1000))
    
        lockfile = f'{selenium_results_file}.lock'
    
        with filelock.SoftFileLock(lockfile):
            with open(selenium_results_file, "a+") as jtl_file:
                timestamp = round(time.time() * 1000)
                jtl_file.write(f"{timestamp},{timing},{interaction},,{error_msg},,{success},0,0,0,0,,0\n")
    
        print(f"{timestamp},{timing},{interaction},{error_msg},{success}")
    
        if not success:
            if LOGIN_ACTION_NAME in interaction:
                globals.login_failed = True
>           raise Exception(error_msg, full_exception)
E           Exception: ('Failed measure: view_test_cases_by_folder_action - TimeoutException', TimeoutException("Error in wait_until: Timed out after 20 sec waiting for <selenium.webdriver.support.expected_conditions.visibility_of_element_located object at 0x7f6ed178caf0>. \nLocator: ('tag name', 'macro-view')", None, None))

selenium_ui/conftest.py:155: Exception
05-25-2022, 08:28:06, 1653467286350, Action: test_1_selenium_zscale_view_test_cases_by_status_macro_in_page, Error: confluence_webdriver = <selenium.webdriver.chrome.webdriver.WebDriver (session="ecdecf98982d3c3b4bd032dfd9797808")>
confluence_datasets = {'blog_id': '25843369', 'blogs': [['25717138', 'OMM'], ['25715212', 'BTVF'], ['25717200', 'FLVT'], ['25715242', 'JSDTC...716062', 'CCMB'], ['25715953', 'GHT'], ...], 'custom_page_id': '40140995', 'custom_pages': [['40140995', 'TEST']], ...}
confluence_screen_shots = None

    def test_1_selenium_zscale_view_test_cases_by_status_macro_in_page(confluence_webdriver, confluence_datasets, confluence_screen_shots):
>       extension_ui.zscale_view_test_cases_by_status_macro_in_page(confluence_webdriver, confluence_datasets)

selenium_ui/confluence_ui.py:43: 
_ _ _ _ _ _ _ _ _ _ _ _ _ _ _ _ _ _ _ _ _ _ _ _ _ _ _ _ _ _ _ _ _ _ _ _ _ _ _ _ 
extension/confluence/extension_ui.py:69: in zscale_view_test_cases_by_status_macro_in_page
    measure()
_ _ _ _ _ _ _ _ _ _ _ _ _ _ _ _ _ _ _ _ _ _ _ _ _ _ _ _ _ _ _ _ _ _ _ _ _ _ _ _ 

    @functools.wraps(func)
    def wrapper():
        if LOGIN_ACTION_NAME in interaction:
            globals.login_failed = False
        if globals.login_failed:
            pytest.skip(f"login is failed")
        start = time.time()
        error_msg = 'Success'
        full_exception = ''
        try:
            func()
            success = True
        except Exception:
            success = False
            # https://docs.python.org/2/library/sys.html#sys.exc_info
            exc_type, full_exception = sys.exc_info()[:2]
            error_msg = f"Failed measure: {interaction} - {exc_type.__name__}"
        end = time.time()
        timing = str(int((end - start) * 1000))
    
        lockfile = f'{selenium_results_file}.lock'
    
        with filelock.SoftFileLock(lockfile):
            with open(selenium_results_file, "a+") as jtl_file:
                timestamp = round(time.time() * 1000)
                jtl_file.write(f"{timestamp},{timing},{interaction},,{error_msg},,{success},0,0,0,0,,0\n")
    
        print(f"{timestamp},{timing},{interaction},{error_msg},{success}")
    
        if not success:
            if LOGIN_ACTION_NAME in interaction:
                globals.login_failed = True
>           raise Exception(error_msg, full_exception)
E           Exception: ('Failed measure: view_test_cases_by_status_action - TimeoutException', TimeoutException("Error in wait_until: Timed out after 20 sec waiting for <selenium.webdriver.support.expected_conditions.visibility_of_element_located object at 0x7f6ed16731c0>. \nLocator: ('tag name', 'macro-view')", None, None))

selenium_ui/conftest.py:155: Exception
05-25-2022, 08:28:27, 1653467307819, Action: test_1_selenium_zscale_view_test_cases_by_project_macro_in_page, Error: confluence_webdriver = <selenium.webdriver.chrome.webdriver.WebDriver (session="ecdecf98982d3c3b4bd032dfd9797808")>
confluence_datasets = {'blog_id': '25843369', 'blogs': [['25717138', 'OMM'], ['25715212', 'BTVF'], ['25717200', 'FLVT'], ['25715242', 'JSDTC...716062', 'CCMB'], ['25715953', 'GHT'], ...], 'custom_page_id': '40140995', 'custom_pages': [['40140995', 'TEST']], ...}
confluence_screen_shots = None

    def test_1_selenium_zscale_view_test_cases_by_project_macro_in_page(confluence_webdriver, confluence_datasets, confluence_screen_shots):
>       extension_ui.zscale_view_test_cases_by_project_macro_in_page(confluence_webdriver, confluence_datasets)

selenium_ui/confluence_ui.py:46: 
_ _ _ _ _ _ _ _ _ _ _ _ _ _ _ _ _ _ _ _ _ _ _ _ _ _ _ _ _ _ _ _ _ _ _ _ _ _ _ _ 
extension/confluence/extension_ui.py:94: in zscale_view_test_cases_by_project_macro_in_page
    measure()
_ _ _ _ _ _ _ _ _ _ _ _ _ _ _ _ _ _ _ _ _ _ _ _ _ _ _ _ _ _ _ _ _ _ _ _ _ _ _ _ 

    @functools.wraps(func)
    def wrapper():
        if LOGIN_ACTION_NAME in interaction:
            globals.login_failed = False
        if globals.login_failed:
            pytest.skip(f"login is failed")
        start = time.time()
        error_msg = 'Success'
        full_exception = ''
        try:
            func()
            success = True
        except Exception:
            success = False
            # https://docs.python.org/2/library/sys.html#sys.exc_info
            exc_type, full_exception = sys.exc_info()[:2]
            error_msg = f"Failed measure: {interaction} - {exc_type.__name__}"
        end = time.time()
        timing = str(int((end - start) * 1000))
    
        lockfile = f'{selenium_results_file}.lock'
    
        with filelock.SoftFileLock(lockfile):
            with open(selenium_results_file, "a+") as jtl_file:
                timestamp = round(time.time() * 1000)
                jtl_file.write(f"{timestamp},{timing},{interaction},,{error_msg},,{success},0,0,0,0,,0\n")
    
        print(f"{timestamp},{timing},{interaction},{error_msg},{success}")
    
        if not success:
            if LOGIN_ACTION_NAME in interaction:
                globals.login_failed = True
>           raise Exception(error_msg, full_exception)
E           Exception: ('Failed measure: view_test_cases_by_project_action - TimeoutException', TimeoutException("Error in wait_until: Timed out after 20 sec waiting for <selenium.webdriver.support.expected_conditions.visibility_of_element_located object at 0x7f6ed15bb970>. \nLocator: ('tag name', 'macro-view')", None, None))

selenium_ui/conftest.py:155: Exception
05-25-2022, 08:28:49, 1653467329281, Action: test_1_selenium_zscale_view_test_cases_by_folder_macro_in_page, Error: confluence_webdriver = <selenium.webdriver.chrome.webdriver.WebDriver (session="ecdecf98982d3c3b4bd032dfd9797808")>
confluence_datasets = {'blog_id': '25843369', 'blogs': [['25717138', 'OMM'], ['25715212', 'BTVF'], ['25717200', 'FLVT'], ['25715242', 'JSDTC...716062', 'CCMB'], ['25715953', 'GHT'], ...], 'custom_page_id': '40140995', 'custom_pages': [['40140995', 'TEST']], ...}
confluence_screen_shots = None

    def test_1_selenium_zscale_view_test_cases_by_folder_macro_in_page(confluence_webdriver, confluence_datasets, confluence_screen_shots):
>       extension_ui.zscale_view_test_cases_by_folder_macro_in_page(confluence_webdriver, confluence_datasets)

selenium_ui/confluence_ui.py:49: 
_ _ _ _ _ _ _ _ _ _ _ _ _ _ _ _ _ _ _ _ _ _ _ _ _ _ _ _ _ _ _ _ _ _ _ _ _ _ _ _ 
extension/confluence/extension_ui.py:119: in zscale_view_test_cases_by_folder_macro_in_page
    measure()
_ _ _ _ _ _ _ _ _ _ _ _ _ _ _ _ _ _ _ _ _ _ _ _ _ _ _ _ _ _ _ _ _ _ _ _ _ _ _ _ 

    @functools.wraps(func)
    def wrapper():
        if LOGIN_ACTION_NAME in interaction:
            globals.login_failed = False
        if globals.login_failed:
            pytest.skip(f"login is failed")
        start = time.time()
        error_msg = 'Success'
        full_exception = ''
        try:
            func()
            success = True
        except Exception:
            success = False
            # https://docs.python.org/2/library/sys.html#sys.exc_info
            exc_type, full_exception = sys.exc_info()[:2]
            error_msg = f"Failed measure: {interaction} - {exc_type.__name__}"
        end = time.time()
        timing = str(int((end - start) * 1000))
    
        lockfile = f'{selenium_results_file}.lock'
    
        with filelock.SoftFileLock(lockfile):
            with open(selenium_results_file, "a+") as jtl_file:
                timestamp = round(time.time() * 1000)
                jtl_file.write(f"{timestamp},{timing},{interaction},,{error_msg},,{success},0,0,0,0,,0\n")
    
        print(f"{timestamp},{timing},{interaction},{error_msg},{success}")
    
        if not success:
            if LOGIN_ACTION_NAME in interaction:
                globals.login_failed = True
>           raise Exception(error_msg, full_exception)
E           Exception: ('Failed measure: view_test_cases_by_folder_action - TimeoutException', TimeoutException("Error in wait_until: Timed out after 20 sec waiting for <selenium.webdriver.support.expected_conditions.visibility_of_element_located object at 0x7f6ed1670eb0>. \nLocator: ('tag name', 'macro-view')", None, None))

selenium_ui/conftest.py:155: Exception
05-25-2022, 08:29:18, 1653467358476, Action: test_1_selenium_zscale_view_test_cases_by_status_macro_in_page, Error: confluence_webdriver = <selenium.webdriver.chrome.webdriver.WebDriver (session="ecdecf98982d3c3b4bd032dfd9797808")>
confluence_datasets = {'blog_id': '3704708', 'blogs': [['25717138', 'OMM'], ['25715212', 'BTVF'], ['25717200', 'FLVT'], ['25715242', 'JSDTC'...716062', 'CCMB'], ['25715953', 'GHT'], ...], 'custom_page_id': '40140995', 'custom_pages': [['40140995', 'TEST']], ...}
confluence_screen_shots = None

    def test_1_selenium_zscale_view_test_cases_by_status_macro_in_page(confluence_webdriver, confluence_datasets, confluence_screen_shots):
>       extension_ui.zscale_view_test_cases_by_status_macro_in_page(confluence_webdriver, confluence_datasets)

selenium_ui/confluence_ui.py:43: 
_ _ _ _ _ _ _ _ _ _ _ _ _ _ _ _ _ _ _ _ _ _ _ _ _ _ _ _ _ _ _ _ _ _ _ _ _ _ _ _ 
extension/confluence/extension_ui.py:69: in zscale_view_test_cases_by_status_macro_in_page
    measure()
_ _ _ _ _ _ _ _ _ _ _ _ _ _ _ _ _ _ _ _ _ _ _ _ _ _ _ _ _ _ _ _ _ _ _ _ _ _ _ _ 

    @functools.wraps(func)
    def wrapper():
        if LOGIN_ACTION_NAME in interaction:
            globals.login_failed = False
        if globals.login_failed:
            pytest.skip(f"login is failed")
        start = time.time()
        error_msg = 'Success'
        full_exception = ''
        try:
            func()
            success = True
        except Exception:
            success = False
            # https://docs.python.org/2/library/sys.html#sys.exc_info
            exc_type, full_exception = sys.exc_info()[:2]
            error_msg = f"Failed measure: {interaction} - {exc_type.__name__}"
        end = time.time()
        timing = str(int((end - start) * 1000))
    
        lockfile = f'{selenium_results_file}.lock'
    
        with filelock.SoftFileLock(lockfile):
            with open(selenium_results_file, "a+") as jtl_file:
                timestamp = round(time.time() * 1000)
                jtl_file.write(f"{timestamp},{timing},{interaction},,{error_msg},,{success},0,0,0,0,,0\n")
    
        print(f"{timestamp},{timing},{interaction},{error_msg},{success}")
    
        if not success:
            if LOGIN_ACTION_NAME in interaction:
                globals.login_failed = True
>           raise Exception(error_msg, full_exception)
E           Exception: ('Failed measure: view_test_cases_by_status_action - TimeoutException', TimeoutException("Error in wait_until: Timed out after 20 sec waiting for <selenium.webdriver.support.expected_conditions.visibility_of_element_located object at 0x7f6ed15fa1f0>. \nLocator: ('tag name', 'macro-view')", None, None))

selenium_ui/conftest.py:155: Exception
05-25-2022, 08:29:40, 1653467380229, Action: test_1_selenium_zscale_view_test_cases_by_project_macro_in_page, Error: confluence_webdriver = <selenium.webdriver.chrome.webdriver.WebDriver (session="ecdecf98982d3c3b4bd032dfd9797808")>
confluence_datasets = {'blog_id': '3704708', 'blogs': [['25717138', 'OMM'], ['25715212', 'BTVF'], ['25717200', 'FLVT'], ['25715242', 'JSDTC'...716062', 'CCMB'], ['25715953', 'GHT'], ...], 'custom_page_id': '40140995', 'custom_pages': [['40140995', 'TEST']], ...}
confluence_screen_shots = None

    def test_1_selenium_zscale_view_test_cases_by_project_macro_in_page(confluence_webdriver, confluence_datasets, confluence_screen_shots):
>       extension_ui.zscale_view_test_cases_by_project_macro_in_page(confluence_webdriver, confluence_datasets)

selenium_ui/confluence_ui.py:46: 
_ _ _ _ _ _ _ _ _ _ _ _ _ _ _ _ _ _ _ _ _ _ _ _ _ _ _ _ _ _ _ _ _ _ _ _ _ _ _ _ 
extension/confluence/extension_ui.py:94: in zscale_view_test_cases_by_project_macro_in_page
    measure()
_ _ _ _ _ _ _ _ _ _ _ _ _ _ _ _ _ _ _ _ _ _ _ _ _ _ _ _ _ _ _ _ _ _ _ _ _ _ _ _ 

    @functools.wraps(func)
    def wrapper():
        if LOGIN_ACTION_NAME in interaction:
            globals.login_failed = False
        if globals.login_failed:
            pytest.skip(f"login is failed")
        start = time.time()
        error_msg = 'Success'
        full_exception = ''
        try:
            func()
            success = True
        except Exception:
            success = False
            # https://docs.python.org/2/library/sys.html#sys.exc_info
            exc_type, full_exception = sys.exc_info()[:2]
            error_msg = f"Failed measure: {interaction} - {exc_type.__name__}"
        end = time.time()
        timing = str(int((end - start) * 1000))
    
        lockfile = f'{selenium_results_file}.lock'
    
        with filelock.SoftFileLock(lockfile):
            with open(selenium_results_file, "a+") as jtl_file:
                timestamp = round(time.time() * 1000)
                jtl_file.write(f"{timestamp},{timing},{interaction},,{error_msg},,{success},0,0,0,0,,0\n")
    
        print(f"{timestamp},{timing},{interaction},{error_msg},{success}")
    
        if not success:
            if LOGIN_ACTION_NAME in interaction:
                globals.login_failed = True
>           raise Exception(error_msg, full_exception)
E           Exception: ('Failed measure: view_test_cases_by_project_action - TimeoutException', TimeoutException("Error in wait_until: Timed out after 20 sec waiting for <selenium.webdriver.support.expected_conditions.visibility_of_element_located object at 0x7f6ed15b40d0>. \nLocator: ('tag name', 'macro-view')", None, None))

selenium_ui/conftest.py:155: Exception
05-25-2022, 08:30:01, 1653467401839, Action: test_1_selenium_zscale_view_test_cases_by_folder_macro_in_page, Error: confluence_webdriver = <selenium.webdriver.chrome.webdriver.WebDriver (session="ecdecf98982d3c3b4bd032dfd9797808")>
confluence_datasets = {'blog_id': '3704708', 'blogs': [['25717138', 'OMM'], ['25715212', 'BTVF'], ['25717200', 'FLVT'], ['25715242', 'JSDTC'...716062', 'CCMB'], ['25715953', 'GHT'], ...], 'custom_page_id': '40140995', 'custom_pages': [['40140995', 'TEST']], ...}
confluence_screen_shots = None

    def test_1_selenium_zscale_view_test_cases_by_folder_macro_in_page(confluence_webdriver, confluence_datasets, confluence_screen_shots):
>       extension_ui.zscale_view_test_cases_by_folder_macro_in_page(confluence_webdriver, confluence_datasets)

selenium_ui/confluence_ui.py:49: 
_ _ _ _ _ _ _ _ _ _ _ _ _ _ _ _ _ _ _ _ _ _ _ _ _ _ _ _ _ _ _ _ _ _ _ _ _ _ _ _ 
extension/confluence/extension_ui.py:119: in zscale_view_test_cases_by_folder_macro_in_page
    measure()
_ _ _ _ _ _ _ _ _ _ _ _ _ _ _ _ _ _ _ _ _ _ _ _ _ _ _ _ _ _ _ _ _ _ _ _ _ _ _ _ 

    @functools.wraps(func)
    def wrapper():
        if LOGIN_ACTION_NAME in interaction:
            globals.login_failed = False
        if globals.login_failed:
            pytest.skip(f"login is failed")
        start = time.time()
        error_msg = 'Success'
        full_exception = ''
        try:
            func()
            success = True
        except Exception:
            success = False
            # https://docs.python.org/2/library/sys.html#sys.exc_info
            exc_type, full_exception = sys.exc_info()[:2]
            error_msg = f"Failed measure: {interaction} - {exc_type.__name__}"
        end = time.time()
        timing = str(int((end - start) * 1000))
    
        lockfile = f'{selenium_results_file}.lock'
    
        with filelock.SoftFileLock(lockfile):
            with open(selenium_results_file, "a+") as jtl_file:
                timestamp = round(time.time() * 1000)
                jtl_file.write(f"{timestamp},{timing},{interaction},,{error_msg},,{success},0,0,0,0,,0\n")
    
        print(f"{timestamp},{timing},{interaction},{error_msg},{success}")
    
        if not success:
            if LOGIN_ACTION_NAME in interaction:
                globals.login_failed = True
>           raise Exception(error_msg, full_exception)
E           Exception: ('Failed measure: view_test_cases_by_folder_action - TimeoutException', TimeoutException("Error in wait_until: Timed out after 20 sec waiting for <selenium.webdriver.support.expected_conditions.visibility_of_element_located object at 0x7f6ed15d2b50>. \nLocator: ('tag name', 'macro-view')", None, None))

selenium_ui/conftest.py:155: Exception
05-25-2022, 08:30:29, 1653467429403, Action: test_1_selenium_zscale_view_test_cases_by_status_macro_in_page, Error: confluence_webdriver = <selenium.webdriver.chrome.webdriver.WebDriver (session="ecdecf98982d3c3b4bd032dfd9797808")>
confluence_datasets = {'blog_id': '25824983', 'blogs': [['25717138', 'OMM'], ['25715212', 'BTVF'], ['25717200', 'FLVT'], ['25715242', 'JSDTC...716062', 'CCMB'], ['25715953', 'GHT'], ...], 'custom_page_id': '40140995', 'custom_pages': [['40140995', 'TEST']], ...}
confluence_screen_shots = None

    def test_1_selenium_zscale_view_test_cases_by_status_macro_in_page(confluence_webdriver, confluence_datasets, confluence_screen_shots):
>       extension_ui.zscale_view_test_cases_by_status_macro_in_page(confluence_webdriver, confluence_datasets)

selenium_ui/confluence_ui.py:43: 
_ _ _ _ _ _ _ _ _ _ _ _ _ _ _ _ _ _ _ _ _ _ _ _ _ _ _ _ _ _ _ _ _ _ _ _ _ _ _ _ 
extension/confluence/extension_ui.py:69: in zscale_view_test_cases_by_status_macro_in_page
    measure()
_ _ _ _ _ _ _ _ _ _ _ _ _ _ _ _ _ _ _ _ _ _ _ _ _ _ _ _ _ _ _ _ _ _ _ _ _ _ _ _ 

    @functools.wraps(func)
    def wrapper():
        if LOGIN_ACTION_NAME in interaction:
            globals.login_failed = False
        if globals.login_failed:
            pytest.skip(f"login is failed")
        start = time.time()
        error_msg = 'Success'
        full_exception = ''
        try:
            func()
            success = True
        except Exception:
            success = False
            # https://docs.python.org/2/library/sys.html#sys.exc_info
            exc_type, full_exception = sys.exc_info()[:2]
            error_msg = f"Failed measure: {interaction} - {exc_type.__name__}"
        end = time.time()
        timing = str(int((end - start) * 1000))
    
        lockfile = f'{selenium_results_file}.lock'
    
        with filelock.SoftFileLock(lockfile):
            with open(selenium_results_file, "a+") as jtl_file:
                timestamp = round(time.time() * 1000)
                jtl_file.write(f"{timestamp},{timing},{interaction},,{error_msg},,{success},0,0,0,0,,0\n")
    
        print(f"{timestamp},{timing},{interaction},{error_msg},{success}")
    
        if not success:
            if LOGIN_ACTION_NAME in interaction:
                globals.login_failed = True
>           raise Exception(error_msg, full_exception)
E           Exception: ('Failed measure: view_test_cases_by_status_action - TimeoutException', TimeoutException("Error in wait_until: Timed out after 20 sec waiting for <selenium.webdriver.support.expected_conditions.visibility_of_element_located object at 0x7f6ed15900a0>. \nLocator: ('tag name', 'macro-view')", None, None))

selenium_ui/conftest.py:155: Exception
05-25-2022, 08:30:50, 1653467450990, Action: test_1_selenium_zscale_view_test_cases_by_project_macro_in_page, Error: confluence_webdriver = <selenium.webdriver.chrome.webdriver.WebDriver (session="ecdecf98982d3c3b4bd032dfd9797808")>
confluence_datasets = {'blog_id': '25824983', 'blogs': [['25717138', 'OMM'], ['25715212', 'BTVF'], ['25717200', 'FLVT'], ['25715242', 'JSDTC...716062', 'CCMB'], ['25715953', 'GHT'], ...], 'custom_page_id': '40140995', 'custom_pages': [['40140995', 'TEST']], ...}
confluence_screen_shots = None

    def test_1_selenium_zscale_view_test_cases_by_project_macro_in_page(confluence_webdriver, confluence_datasets, confluence_screen_shots):
>       extension_ui.zscale_view_test_cases_by_project_macro_in_page(confluence_webdriver, confluence_datasets)

selenium_ui/confluence_ui.py:46: 
_ _ _ _ _ _ _ _ _ _ _ _ _ _ _ _ _ _ _ _ _ _ _ _ _ _ _ _ _ _ _ _ _ _ _ _ _ _ _ _ 
extension/confluence/extension_ui.py:94: in zscale_view_test_cases_by_project_macro_in_page
    measure()
_ _ _ _ _ _ _ _ _ _ _ _ _ _ _ _ _ _ _ _ _ _ _ _ _ _ _ _ _ _ _ _ _ _ _ _ _ _ _ _ 

    @functools.wraps(func)
    def wrapper():
        if LOGIN_ACTION_NAME in interaction:
            globals.login_failed = False
        if globals.login_failed:
            pytest.skip(f"login is failed")
        start = time.time()
        error_msg = 'Success'
        full_exception = ''
        try:
            func()
            success = True
        except Exception:
            success = False
            # https://docs.python.org/2/library/sys.html#sys.exc_info
            exc_type, full_exception = sys.exc_info()[:2]
            error_msg = f"Failed measure: {interaction} - {exc_type.__name__}"
        end = time.time()
        timing = str(int((end - start) * 1000))
    
        lockfile = f'{selenium_results_file}.lock'
    
        with filelock.SoftFileLock(lockfile):
            with open(selenium_results_file, "a+") as jtl_file:
                timestamp = round(time.time() * 1000)
                jtl_file.write(f"{timestamp},{timing},{interaction},,{error_msg},,{success},0,0,0,0,,0\n")
    
        print(f"{timestamp},{timing},{interaction},{error_msg},{success}")
    
        if not success:
            if LOGIN_ACTION_NAME in interaction:
                globals.login_failed = True
>           raise Exception(error_msg, full_exception)
E           Exception: ('Failed measure: view_test_cases_by_project_action - TimeoutException', TimeoutException("Error in wait_until: Timed out after 20 sec waiting for <selenium.webdriver.support.expected_conditions.visibility_of_element_located object at 0x7f6ed14ee940>. \nLocator: ('tag name', 'macro-view')", None, None))

selenium_ui/conftest.py:155: Exception
05-25-2022, 08:31:12, 1653467472778, Action: test_1_selenium_zscale_view_test_cases_by_folder_macro_in_page, Error: confluence_webdriver = <selenium.webdriver.chrome.webdriver.WebDriver (session="ecdecf98982d3c3b4bd032dfd9797808")>
confluence_datasets = {'blog_id': '25824983', 'blogs': [['25717138', 'OMM'], ['25715212', 'BTVF'], ['25717200', 'FLVT'], ['25715242', 'JSDTC...716062', 'CCMB'], ['25715953', 'GHT'], ...], 'custom_page_id': '40140995', 'custom_pages': [['40140995', 'TEST']], ...}
confluence_screen_shots = None

    def test_1_selenium_zscale_view_test_cases_by_folder_macro_in_page(confluence_webdriver, confluence_datasets, confluence_screen_shots):
>       extension_ui.zscale_view_test_cases_by_folder_macro_in_page(confluence_webdriver, confluence_datasets)

selenium_ui/confluence_ui.py:49: 
_ _ _ _ _ _ _ _ _ _ _ _ _ _ _ _ _ _ _ _ _ _ _ _ _ _ _ _ _ _ _ _ _ _ _ _ _ _ _ _ 
extension/confluence/extension_ui.py:119: in zscale_view_test_cases_by_folder_macro_in_page
    measure()
_ _ _ _ _ _ _ _ _ _ _ _ _ _ _ _ _ _ _ _ _ _ _ _ _ _ _ _ _ _ _ _ _ _ _ _ _ _ _ _ 

    @functools.wraps(func)
    def wrapper():
        if LOGIN_ACTION_NAME in interaction:
            globals.login_failed = False
        if globals.login_failed:
            pytest.skip(f"login is failed")
        start = time.time()
        error_msg = 'Success'
        full_exception = ''
        try:
            func()
            success = True
        except Exception:
            success = False
            # https://docs.python.org/2/library/sys.html#sys.exc_info
            exc_type, full_exception = sys.exc_info()[:2]
            error_msg = f"Failed measure: {interaction} - {exc_type.__name__}"
        end = time.time()
        timing = str(int((end - start) * 1000))
    
        lockfile = f'{selenium_results_file}.lock'
    
        with filelock.SoftFileLock(lockfile):
            with open(selenium_results_file, "a+") as jtl_file:
                timestamp = round(time.time() * 1000)
                jtl_file.write(f"{timestamp},{timing},{interaction},,{error_msg},,{success},0,0,0,0,,0\n")
    
        print(f"{timestamp},{timing},{interaction},{error_msg},{success}")
    
        if not success:
            if LOGIN_ACTION_NAME in interaction:
                globals.login_failed = True
>           raise Exception(error_msg, full_exception)
E           Exception: ('Failed measure: view_test_cases_by_folder_action - TimeoutException', TimeoutException("Error in wait_until: Timed out after 20 sec waiting for <selenium.webdriver.support.expected_conditions.visibility_of_element_located object at 0x7f6ed1553a60>. \nLocator: ('tag name', 'macro-view')", None, None))

selenium_ui/conftest.py:155: Exception
05-25-2022, 08:31:40, 1653467500667, Action: test_1_selenium_zscale_view_test_cases_by_status_macro_in_page, Error: confluence_webdriver = <selenium.webdriver.chrome.webdriver.WebDriver (session="ecdecf98982d3c3b4bd032dfd9797808")>
confluence_datasets = {'blog_id': '3704784', 'blogs': [['25717138', 'OMM'], ['25715212', 'BTVF'], ['25717200', 'FLVT'], ['25715242', 'JSDTC'...716062', 'CCMB'], ['25715953', 'GHT'], ...], 'custom_page_id': '40140995', 'custom_pages': [['40140995', 'TEST']], ...}
confluence_screen_shots = None

    def test_1_selenium_zscale_view_test_cases_by_status_macro_in_page(confluence_webdriver, confluence_datasets, confluence_screen_shots):
>       extension_ui.zscale_view_test_cases_by_status_macro_in_page(confluence_webdriver, confluence_datasets)

selenium_ui/confluence_ui.py:43: 
_ _ _ _ _ _ _ _ _ _ _ _ _ _ _ _ _ _ _ _ _ _ _ _ _ _ _ _ _ _ _ _ _ _ _ _ _ _ _ _ 
extension/confluence/extension_ui.py:69: in zscale_view_test_cases_by_status_macro_in_page
    measure()
_ _ _ _ _ _ _ _ _ _ _ _ _ _ _ _ _ _ _ _ _ _ _ _ _ _ _ _ _ _ _ _ _ _ _ _ _ _ _ _ 

    @functools.wraps(func)
    def wrapper():
        if LOGIN_ACTION_NAME in interaction:
            globals.login_failed = False
        if globals.login_failed:
            pytest.skip(f"login is failed")
        start = time.time()
        error_msg = 'Success'
        full_exception = ''
        try:
            func()
            success = True
        except Exception:
            success = False
            # https://docs.python.org/2/library/sys.html#sys.exc_info
            exc_type, full_exception = sys.exc_info()[:2]
            error_msg = f"Failed measure: {interaction} - {exc_type.__name__}"
        end = time.time()
        timing = str(int((end - start) * 1000))
    
        lockfile = f'{selenium_results_file}.lock'
    
        with filelock.SoftFileLock(lockfile):
            with open(selenium_results_file, "a+") as jtl_file:
                timestamp = round(time.time() * 1000)
                jtl_file.write(f"{timestamp},{timing},{interaction},,{error_msg},,{success},0,0,0,0,,0\n")
    
        print(f"{timestamp},{timing},{interaction},{error_msg},{success}")
    
        if not success:
            if LOGIN_ACTION_NAME in interaction:
                globals.login_failed = True
>           raise Exception(error_msg, full_exception)
E           Exception: ('Failed measure: view_test_cases_by_status_action - TimeoutException', TimeoutException("Error in wait_until: Timed out after 20 sec waiting for <selenium.webdriver.support.expected_conditions.visibility_of_element_located object at 0x7f6ed14ef820>. \nLocator: ('tag name', 'macro-view')", None, None))

selenium_ui/conftest.py:155: Exception
05-25-2022, 08:32:02, 1653467522198, Action: test_1_selenium_zscale_view_test_cases_by_project_macro_in_page, Error: confluence_webdriver = <selenium.webdriver.chrome.webdriver.WebDriver (session="ecdecf98982d3c3b4bd032dfd9797808")>
confluence_datasets = {'blog_id': '3704784', 'blogs': [['25717138', 'OMM'], ['25715212', 'BTVF'], ['25717200', 'FLVT'], ['25715242', 'JSDTC'...716062', 'CCMB'], ['25715953', 'GHT'], ...], 'custom_page_id': '40140995', 'custom_pages': [['40140995', 'TEST']], ...}
confluence_screen_shots = None

    def test_1_selenium_zscale_view_test_cases_by_project_macro_in_page(confluence_webdriver, confluence_datasets, confluence_screen_shots):
>       extension_ui.zscale_view_test_cases_by_project_macro_in_page(confluence_webdriver, confluence_datasets)

selenium_ui/confluence_ui.py:46: 
_ _ _ _ _ _ _ _ _ _ _ _ _ _ _ _ _ _ _ _ _ _ _ _ _ _ _ _ _ _ _ _ _ _ _ _ _ _ _ _ 
extension/confluence/extension_ui.py:94: in zscale_view_test_cases_by_project_macro_in_page
    measure()
_ _ _ _ _ _ _ _ _ _ _ _ _ _ _ _ _ _ _ _ _ _ _ _ _ _ _ _ _ _ _ _ _ _ _ _ _ _ _ _ 

    @functools.wraps(func)
    def wrapper():
        if LOGIN_ACTION_NAME in interaction:
            globals.login_failed = False
        if globals.login_failed:
            pytest.skip(f"login is failed")
        start = time.time()
        error_msg = 'Success'
        full_exception = ''
        try:
            func()
            success = True
        except Exception:
            success = False
            # https://docs.python.org/2/library/sys.html#sys.exc_info
            exc_type, full_exception = sys.exc_info()[:2]
            error_msg = f"Failed measure: {interaction} - {exc_type.__name__}"
        end = time.time()
        timing = str(int((end - start) * 1000))
    
        lockfile = f'{selenium_results_file}.lock'
    
        with filelock.SoftFileLock(lockfile):
            with open(selenium_results_file, "a+") as jtl_file:
                timestamp = round(time.time() * 1000)
                jtl_file.write(f"{timestamp},{timing},{interaction},,{error_msg},,{success},0,0,0,0,,0\n")
    
        print(f"{timestamp},{timing},{interaction},{error_msg},{success}")
    
        if not success:
            if LOGIN_ACTION_NAME in interaction:
                globals.login_failed = True
>           raise Exception(error_msg, full_exception)
E           Exception: ('Failed measure: view_test_cases_by_project_action - TimeoutException', TimeoutException("Error in wait_until: Timed out after 20 sec waiting for <selenium.webdriver.support.expected_conditions.visibility_of_element_located object at 0x7f6ed14acdc0>. \nLocator: ('tag name', 'macro-view')", None, None))

selenium_ui/conftest.py:155: Exception
05-25-2022, 08:32:23, 1653467543824, Action: test_1_selenium_zscale_view_test_cases_by_folder_macro_in_page, Error: confluence_webdriver = <selenium.webdriver.chrome.webdriver.WebDriver (session="ecdecf98982d3c3b4bd032dfd9797808")>
confluence_datasets = {'blog_id': '3704784', 'blogs': [['25717138', 'OMM'], ['25715212', 'BTVF'], ['25717200', 'FLVT'], ['25715242', 'JSDTC'...716062', 'CCMB'], ['25715953', 'GHT'], ...], 'custom_page_id': '40140995', 'custom_pages': [['40140995', 'TEST']], ...}
confluence_screen_shots = None

    def test_1_selenium_zscale_view_test_cases_by_folder_macro_in_page(confluence_webdriver, confluence_datasets, confluence_screen_shots):
>       extension_ui.zscale_view_test_cases_by_folder_macro_in_page(confluence_webdriver, confluence_datasets)

selenium_ui/confluence_ui.py:49: 
_ _ _ _ _ _ _ _ _ _ _ _ _ _ _ _ _ _ _ _ _ _ _ _ _ _ _ _ _ _ _ _ _ _ _ _ _ _ _ _ 
extension/confluence/extension_ui.py:119: in zscale_view_test_cases_by_folder_macro_in_page
    measure()
_ _ _ _ _ _ _ _ _ _ _ _ _ _ _ _ _ _ _ _ _ _ _ _ _ _ _ _ _ _ _ _ _ _ _ _ _ _ _ _ 

    @functools.wraps(func)
    def wrapper():
        if LOGIN_ACTION_NAME in interaction:
            globals.login_failed = False
        if globals.login_failed:
            pytest.skip(f"login is failed")
        start = time.time()
        error_msg = 'Success'
        full_exception = ''
        try:
            func()
            success = True
        except Exception:
            success = False
            # https://docs.python.org/2/library/sys.html#sys.exc_info
            exc_type, full_exception = sys.exc_info()[:2]
            error_msg = f"Failed measure: {interaction} - {exc_type.__name__}"
        end = time.time()
        timing = str(int((end - start) * 1000))
    
        lockfile = f'{selenium_results_file}.lock'
    
        with filelock.SoftFileLock(lockfile):
            with open(selenium_results_file, "a+") as jtl_file:
                timestamp = round(time.time() * 1000)
                jtl_file.write(f"{timestamp},{timing},{interaction},,{error_msg},,{success},0,0,0,0,,0\n")
    
        print(f"{timestamp},{timing},{interaction},{error_msg},{success}")
    
        if not success:
            if LOGIN_ACTION_NAME in interaction:
                globals.login_failed = True
>           raise Exception(error_msg, full_exception)
E           Exception: ('Failed measure: view_test_cases_by_folder_action - TimeoutException', TimeoutException("Error in wait_until: Timed out after 20 sec waiting for <selenium.webdriver.support.expected_conditions.visibility_of_element_located object at 0x7f6ed1545cd0>. \nLocator: ('tag name', 'macro-view')", None, None))

selenium_ui/conftest.py:155: Exception
05-25-2022, 08:32:51, 1653467571152, Action: test_1_selenium_zscale_view_test_cases_by_status_macro_in_page, Error: confluence_webdriver = <selenium.webdriver.chrome.webdriver.WebDriver (session="ecdecf98982d3c3b4bd032dfd9797808")>
confluence_datasets = {'blog_id': '3551479', 'blogs': [['25717138', 'OMM'], ['25715212', 'BTVF'], ['25717200', 'FLVT'], ['25715242', 'JSDTC'...716062', 'CCMB'], ['25715953', 'GHT'], ...], 'custom_page_id': '40140995', 'custom_pages': [['40140995', 'TEST']], ...}
confluence_screen_shots = None

    def test_1_selenium_zscale_view_test_cases_by_status_macro_in_page(confluence_webdriver, confluence_datasets, confluence_screen_shots):
>       extension_ui.zscale_view_test_cases_by_status_macro_in_page(confluence_webdriver, confluence_datasets)

selenium_ui/confluence_ui.py:43: 
_ _ _ _ _ _ _ _ _ _ _ _ _ _ _ _ _ _ _ _ _ _ _ _ _ _ _ _ _ _ _ _ _ _ _ _ _ _ _ _ 
extension/confluence/extension_ui.py:69: in zscale_view_test_cases_by_status_macro_in_page
    measure()
_ _ _ _ _ _ _ _ _ _ _ _ _ _ _ _ _ _ _ _ _ _ _ _ _ _ _ _ _ _ _ _ _ _ _ _ _ _ _ _ 

    @functools.wraps(func)
    def wrapper():
        if LOGIN_ACTION_NAME in interaction:
            globals.login_failed = False
        if globals.login_failed:
            pytest.skip(f"login is failed")
        start = time.time()
        error_msg = 'Success'
        full_exception = ''
        try:
            func()
            success = True
        except Exception:
            success = False
            # https://docs.python.org/2/library/sys.html#sys.exc_info
            exc_type, full_exception = sys.exc_info()[:2]
            error_msg = f"Failed measure: {interaction} - {exc_type.__name__}"
        end = time.time()
        timing = str(int((end - start) * 1000))
    
        lockfile = f'{selenium_results_file}.lock'
    
        with filelock.SoftFileLock(lockfile):
            with open(selenium_results_file, "a+") as jtl_file:
                timestamp = round(time.time() * 1000)
                jtl_file.write(f"{timestamp},{timing},{interaction},,{error_msg},,{success},0,0,0,0,,0\n")
    
        print(f"{timestamp},{timing},{interaction},{error_msg},{success}")
    
        if not success:
            if LOGIN_ACTION_NAME in interaction:
                globals.login_failed = True
>           raise Exception(error_msg, full_exception)
E           Exception: ('Failed measure: view_test_cases_by_status_action - TimeoutException', TimeoutException("Error in wait_until: Timed out after 20 sec waiting for <selenium.webdriver.support.expected_conditions.visibility_of_element_located object at 0x7f6ed21fdf10>. \nLocator: ('tag name', 'macro-view')", None, None))

selenium_ui/conftest.py:155: Exception
05-25-2022, 08:33:12, 1653467592608, Action: test_1_selenium_zscale_view_test_cases_by_project_macro_in_page, Error: confluence_webdriver = <selenium.webdriver.chrome.webdriver.WebDriver (session="ecdecf98982d3c3b4bd032dfd9797808")>
confluence_datasets = {'blog_id': '3551479', 'blogs': [['25717138', 'OMM'], ['25715212', 'BTVF'], ['25717200', 'FLVT'], ['25715242', 'JSDTC'...716062', 'CCMB'], ['25715953', 'GHT'], ...], 'custom_page_id': '40140995', 'custom_pages': [['40140995', 'TEST']], ...}
confluence_screen_shots = None

    def test_1_selenium_zscale_view_test_cases_by_project_macro_in_page(confluence_webdriver, confluence_datasets, confluence_screen_shots):
>       extension_ui.zscale_view_test_cases_by_project_macro_in_page(confluence_webdriver, confluence_datasets)

selenium_ui/confluence_ui.py:46: 
_ _ _ _ _ _ _ _ _ _ _ _ _ _ _ _ _ _ _ _ _ _ _ _ _ _ _ _ _ _ _ _ _ _ _ _ _ _ _ _ 
extension/confluence/extension_ui.py:94: in zscale_view_test_cases_by_project_macro_in_page
    measure()
_ _ _ _ _ _ _ _ _ _ _ _ _ _ _ _ _ _ _ _ _ _ _ _ _ _ _ _ _ _ _ _ _ _ _ _ _ _ _ _ 

    @functools.wraps(func)
    def wrapper():
        if LOGIN_ACTION_NAME in interaction:
            globals.login_failed = False
        if globals.login_failed:
            pytest.skip(f"login is failed")
        start = time.time()
        error_msg = 'Success'
        full_exception = ''
        try:
            func()
            success = True
        except Exception:
            success = False
            # https://docs.python.org/2/library/sys.html#sys.exc_info
            exc_type, full_exception = sys.exc_info()[:2]
            error_msg = f"Failed measure: {interaction} - {exc_type.__name__}"
        end = time.time()
        timing = str(int((end - start) * 1000))
    
        lockfile = f'{selenium_results_file}.lock'
    
        with filelock.SoftFileLock(lockfile):
            with open(selenium_results_file, "a+") as jtl_file:
                timestamp = round(time.time() * 1000)
                jtl_file.write(f"{timestamp},{timing},{interaction},,{error_msg},,{success},0,0,0,0,,0\n")
    
        print(f"{timestamp},{timing},{interaction},{error_msg},{success}")
    
        if not success:
            if LOGIN_ACTION_NAME in interaction:
                globals.login_failed = True
>           raise Exception(error_msg, full_exception)
E           Exception: ('Failed measure: view_test_cases_by_project_action - TimeoutException', TimeoutException("Error in wait_until: Timed out after 20 sec waiting for <selenium.webdriver.support.expected_conditions.visibility_of_element_located object at 0x7f6ed14d0340>. \nLocator: ('tag name', 'macro-view')", None, None))

selenium_ui/conftest.py:155: Exception
05-25-2022, 08:33:34, 1653467614083, Action: test_1_selenium_zscale_view_test_cases_by_folder_macro_in_page, Error: confluence_webdriver = <selenium.webdriver.chrome.webdriver.WebDriver (session="ecdecf98982d3c3b4bd032dfd9797808")>
confluence_datasets = {'blog_id': '3551479', 'blogs': [['25717138', 'OMM'], ['25715212', 'BTVF'], ['25717200', 'FLVT'], ['25715242', 'JSDTC'...716062', 'CCMB'], ['25715953', 'GHT'], ...], 'custom_page_id': '40140995', 'custom_pages': [['40140995', 'TEST']], ...}
confluence_screen_shots = None

    def test_1_selenium_zscale_view_test_cases_by_folder_macro_in_page(confluence_webdriver, confluence_datasets, confluence_screen_shots):
>       extension_ui.zscale_view_test_cases_by_folder_macro_in_page(confluence_webdriver, confluence_datasets)

selenium_ui/confluence_ui.py:49: 
_ _ _ _ _ _ _ _ _ _ _ _ _ _ _ _ _ _ _ _ _ _ _ _ _ _ _ _ _ _ _ _ _ _ _ _ _ _ _ _ 
extension/confluence/extension_ui.py:119: in zscale_view_test_cases_by_folder_macro_in_page
    measure()
_ _ _ _ _ _ _ _ _ _ _ _ _ _ _ _ _ _ _ _ _ _ _ _ _ _ _ _ _ _ _ _ _ _ _ _ _ _ _ _ 

    @functools.wraps(func)
    def wrapper():
        if LOGIN_ACTION_NAME in interaction:
            globals.login_failed = False
        if globals.login_failed:
            pytest.skip(f"login is failed")
        start = time.time()
        error_msg = 'Success'
        full_exception = ''
        try:
            func()
            success = True
        except Exception:
            success = False
            # https://docs.python.org/2/library/sys.html#sys.exc_info
            exc_type, full_exception = sys.exc_info()[:2]
            error_msg = f"Failed measure: {interaction} - {exc_type.__name__}"
        end = time.time()
        timing = str(int((end - start) * 1000))
    
        lockfile = f'{selenium_results_file}.lock'
    
        with filelock.SoftFileLock(lockfile):
            with open(selenium_results_file, "a+") as jtl_file:
                timestamp = round(time.time() * 1000)
                jtl_file.write(f"{timestamp},{timing},{interaction},,{error_msg},,{success},0,0,0,0,,0\n")
    
        print(f"{timestamp},{timing},{interaction},{error_msg},{success}")
    
        if not success:
            if LOGIN_ACTION_NAME in interaction:
                globals.login_failed = True
>           raise Exception(error_msg, full_exception)
E           Exception: ('Failed measure: view_test_cases_by_folder_action - TimeoutException', TimeoutException("Error in wait_until: Timed out after 20 sec waiting for <selenium.webdriver.support.expected_conditions.visibility_of_element_located object at 0x7f6ed20cda30>. \nLocator: ('tag name', 'macro-view')", None, None))

selenium_ui/conftest.py:155: Exception
05-25-2022, 08:34:02, 1653467642818, Action: test_1_selenium_zscale_view_test_cases_by_status_macro_in_page, Error: confluence_webdriver = <selenium.webdriver.chrome.webdriver.WebDriver (session="ecdecf98982d3c3b4bd032dfd9797808")>
confluence_datasets = {'blog_id': '3563456', 'blogs': [['25717138', 'OMM'], ['25715212', 'BTVF'], ['25717200', 'FLVT'], ['25715242', 'JSDTC'...716062', 'CCMB'], ['25715953', 'GHT'], ...], 'custom_page_id': '40140995', 'custom_pages': [['40140995', 'TEST']], ...}
confluence_screen_shots = None

    def test_1_selenium_zscale_view_test_cases_by_status_macro_in_page(confluence_webdriver, confluence_datasets, confluence_screen_shots):
>       extension_ui.zscale_view_test_cases_by_status_macro_in_page(confluence_webdriver, confluence_datasets)

selenium_ui/confluence_ui.py:43: 
_ _ _ _ _ _ _ _ _ _ _ _ _ _ _ _ _ _ _ _ _ _ _ _ _ _ _ _ _ _ _ _ _ _ _ _ _ _ _ _ 
extension/confluence/extension_ui.py:69: in zscale_view_test_cases_by_status_macro_in_page
    measure()
_ _ _ _ _ _ _ _ _ _ _ _ _ _ _ _ _ _ _ _ _ _ _ _ _ _ _ _ _ _ _ _ _ _ _ _ _ _ _ _ 

    @functools.wraps(func)
    def wrapper():
        if LOGIN_ACTION_NAME in interaction:
            globals.login_failed = False
        if globals.login_failed:
            pytest.skip(f"login is failed")
        start = time.time()
        error_msg = 'Success'
        full_exception = ''
        try:
            func()
            success = True
        except Exception:
            success = False
            # https://docs.python.org/2/library/sys.html#sys.exc_info
            exc_type, full_exception = sys.exc_info()[:2]
            error_msg = f"Failed measure: {interaction} - {exc_type.__name__}"
        end = time.time()
        timing = str(int((end - start) * 1000))
    
        lockfile = f'{selenium_results_file}.lock'
    
        with filelock.SoftFileLock(lockfile):
            with open(selenium_results_file, "a+") as jtl_file:
                timestamp = round(time.time() * 1000)
                jtl_file.write(f"{timestamp},{timing},{interaction},,{error_msg},,{success},0,0,0,0,,0\n")
    
        print(f"{timestamp},{timing},{interaction},{error_msg},{success}")
    
        if not success:
            if LOGIN_ACTION_NAME in interaction:
                globals.login_failed = True
>           raise Exception(error_msg, full_exception)
E           Exception: ('Failed measure: view_test_cases_by_status_action - TimeoutException', TimeoutException("Error in wait_until: Timed out after 20 sec waiting for <selenium.webdriver.support.expected_conditions.visibility_of_element_located object at 0x7f6ed207aa60>. \nLocator: ('tag name', 'macro-view')", None, None))

selenium_ui/conftest.py:155: Exception
05-25-2022, 08:34:24, 1653467664313, Action: test_1_selenium_zscale_view_test_cases_by_project_macro_in_page, Error: confluence_webdriver = <selenium.webdriver.chrome.webdriver.WebDriver (session="ecdecf98982d3c3b4bd032dfd9797808")>
confluence_datasets = {'blog_id': '3563456', 'blogs': [['25717138', 'OMM'], ['25715212', 'BTVF'], ['25717200', 'FLVT'], ['25715242', 'JSDTC'...716062', 'CCMB'], ['25715953', 'GHT'], ...], 'custom_page_id': '40140995', 'custom_pages': [['40140995', 'TEST']], ...}
confluence_screen_shots = None

    def test_1_selenium_zscale_view_test_cases_by_project_macro_in_page(confluence_webdriver, confluence_datasets, confluence_screen_shots):
>       extension_ui.zscale_view_test_cases_by_project_macro_in_page(confluence_webdriver, confluence_datasets)

selenium_ui/confluence_ui.py:46: 
_ _ _ _ _ _ _ _ _ _ _ _ _ _ _ _ _ _ _ _ _ _ _ _ _ _ _ _ _ _ _ _ _ _ _ _ _ _ _ _ 
extension/confluence/extension_ui.py:94: in zscale_view_test_cases_by_project_macro_in_page
    measure()
_ _ _ _ _ _ _ _ _ _ _ _ _ _ _ _ _ _ _ _ _ _ _ _ _ _ _ _ _ _ _ _ _ _ _ _ _ _ _ _ 

    @functools.wraps(func)
    def wrapper():
        if LOGIN_ACTION_NAME in interaction:
            globals.login_failed = False
        if globals.login_failed:
            pytest.skip(f"login is failed")
        start = time.time()
        error_msg = 'Success'
        full_exception = ''
        try:
            func()
            success = True
        except Exception:
            success = False
            # https://docs.python.org/2/library/sys.html#sys.exc_info
            exc_type, full_exception = sys.exc_info()[:2]
            error_msg = f"Failed measure: {interaction} - {exc_type.__name__}"
        end = time.time()
        timing = str(int((end - start) * 1000))
    
        lockfile = f'{selenium_results_file}.lock'
    
        with filelock.SoftFileLock(lockfile):
            with open(selenium_results_file, "a+") as jtl_file:
                timestamp = round(time.time() * 1000)
                jtl_file.write(f"{timestamp},{timing},{interaction},,{error_msg},,{success},0,0,0,0,,0\n")
    
        print(f"{timestamp},{timing},{interaction},{error_msg},{success}")
    
        if not success:
            if LOGIN_ACTION_NAME in interaction:
                globals.login_failed = True
>           raise Exception(error_msg, full_exception)
E           Exception: ('Failed measure: view_test_cases_by_project_action - TimeoutException', TimeoutException("Error in wait_until: Timed out after 20 sec waiting for <selenium.webdriver.support.expected_conditions.visibility_of_element_located object at 0x7f6ed207a3d0>. \nLocator: ('tag name', 'macro-view')", None, None))

selenium_ui/conftest.py:155: Exception
05-25-2022, 08:34:45, 1653467685789, Action: test_1_selenium_zscale_view_test_cases_by_folder_macro_in_page, Error: confluence_webdriver = <selenium.webdriver.chrome.webdriver.WebDriver (session="ecdecf98982d3c3b4bd032dfd9797808")>
confluence_datasets = {'blog_id': '3563456', 'blogs': [['25717138', 'OMM'], ['25715212', 'BTVF'], ['25717200', 'FLVT'], ['25715242', 'JSDTC'...716062', 'CCMB'], ['25715953', 'GHT'], ...], 'custom_page_id': '40140995', 'custom_pages': [['40140995', 'TEST']], ...}
confluence_screen_shots = None

    def test_1_selenium_zscale_view_test_cases_by_folder_macro_in_page(confluence_webdriver, confluence_datasets, confluence_screen_shots):
>       extension_ui.zscale_view_test_cases_by_folder_macro_in_page(confluence_webdriver, confluence_datasets)

selenium_ui/confluence_ui.py:49: 
_ _ _ _ _ _ _ _ _ _ _ _ _ _ _ _ _ _ _ _ _ _ _ _ _ _ _ _ _ _ _ _ _ _ _ _ _ _ _ _ 
extension/confluence/extension_ui.py:119: in zscale_view_test_cases_by_folder_macro_in_page
    measure()
_ _ _ _ _ _ _ _ _ _ _ _ _ _ _ _ _ _ _ _ _ _ _ _ _ _ _ _ _ _ _ _ _ _ _ _ _ _ _ _ 

    @functools.wraps(func)
    def wrapper():
        if LOGIN_ACTION_NAME in interaction:
            globals.login_failed = False
        if globals.login_failed:
            pytest.skip(f"login is failed")
        start = time.time()
        error_msg = 'Success'
        full_exception = ''
        try:
            func()
            success = True
        except Exception:
            success = False
            # https://docs.python.org/2/library/sys.html#sys.exc_info
            exc_type, full_exception = sys.exc_info()[:2]
            error_msg = f"Failed measure: {interaction} - {exc_type.__name__}"
        end = time.time()
        timing = str(int((end - start) * 1000))
    
        lockfile = f'{selenium_results_file}.lock'
    
        with filelock.SoftFileLock(lockfile):
            with open(selenium_results_file, "a+") as jtl_file:
                timestamp = round(time.time() * 1000)
                jtl_file.write(f"{timestamp},{timing},{interaction},,{error_msg},,{success},0,0,0,0,,0\n")
    
        print(f"{timestamp},{timing},{interaction},{error_msg},{success}")
    
        if not success:
            if LOGIN_ACTION_NAME in interaction:
                globals.login_failed = True
>           raise Exception(error_msg, full_exception)
E           Exception: ('Failed measure: view_test_cases_by_folder_action - TimeoutException', TimeoutException("Error in wait_until: Timed out after 20 sec waiting for <selenium.webdriver.support.expected_conditions.visibility_of_element_located object at 0x7f6ed14d8550>. \nLocator: ('tag name', 'macro-view')", None, None))

selenium_ui/conftest.py:155: Exception
