06-09-2023, 10:24:45, 1686306285138, Action: test_1_selenium_zscale_view_test_case_in_issue_view, Error: jira_webdriver = <selenium.webdriver.chrome.webdriver.WebDriver (session="3d79493cb96f6fbd622ed69a5a6ca15d")>
jira_datasets = {'custom_issues': [], 'issue_id': '211587', 'issue_key': 'AAFAIA-6079', 'issues': [['AABIS-1', '914565', 'AABIS'], ['A...', 'AABIS'], ['AABIS-4', '914568', 'AABIS'], ['AABIS-5', '914569', 'AABIS'], ['AABIS-6', '914570', 'AABIS'], ...], ...}
jira_screen_shots = None

    def test_1_selenium_zscale_view_test_case_in_issue_view(jira_webdriver, jira_datasets, jira_screen_shots):
>       extension_ui.zscale_view_test_case_in_issue_view(jira_webdriver, jira_datasets)

selenium_ui/jira_ui.py:69: 
_ _ _ _ _ _ _ _ _ _ _ _ _ _ _ _ _ _ _ _ _ _ _ _ _ _ _ _ _ _ _ _ _ _ _ _ _ _ _ _ 
extension/jira/extension_ui.py:55: in zscale_view_test_case_in_issue_view
    measure()
_ _ _ _ _ _ _ _ _ _ _ _ _ _ _ _ _ _ _ _ _ _ _ _ _ _ _ _ _ _ _ _ _ _ _ _ _ _ _ _ 

args = (), kwargs = {}, node_ip = '', start = 1686306262.613985
error_msg = 'Failed measure: zephyr_scale_view_test_case_in_issue_view - TimeoutException'
full_exception = TimeoutException(), success = False
exc_type = <class 'selenium.common.exceptions.TimeoutException'>
end = 1686306285.102801, timing = '22488'
lockfile = '/dc-app-performance-toolkit/app/results/jira/2023-06-09_10-23-15/selenium.jtl.lock'

    @functools.wraps(func)
    def wrapper(*args, **kwargs):
        if LOGIN_ACTION_NAME in interaction:
            globals.login_failed = False
        if globals.login_failed:
            pytest.skip("login is failed")
        node_ip = ""
        start = time.time()
        error_msg = 'Success'
        full_exception = ''
        if args:
            driver = [arg for arg in args if isinstance(arg, Chrome)]
            node_ip = "" if not driver else getattr(driver[0], "node_ip", "")
        try:
            func(*args, **kwargs)
            success = True
        except Exception:
            success = False
            # https://docs.python.org/2/library/sys.html#sys.exc_info
            exc_type, full_exception = sys.exc_info()[:2]
            error_msg = f"Failed measure: {interaction} - {exc_type.__name__}"
        end = time.time()
        timing = str(int((end - start) * 1000))
    
        lockfile = f'{selenium_results_file}.lock'
    
        with filelock.SoftFileLock(lockfile):
            with open(selenium_results_file, "a+") as jtl_file:
                timestamp = round(time.time() * 1000)
                if explicit_timing:
                    jtl_file.write(f"{timestamp},{explicit_timing*1000},{interaction},,{error_msg},"
                                   f",{success},0,0,0,0,,0\n")
                else:
                    jtl_file.write(f"{timestamp},{timing},{interaction},,{error_msg}"
                                   f",,{success},0,0,0,0,{node_ip},0\n")
    
        print(f"{timestamp},{timing},{interaction},{error_msg},{success},{node_ip}")
    
        if not success:
            if LOGIN_ACTION_NAME in interaction:
                globals.login_failed = True
>           raise Exception(error_msg, full_exception)
E           Exception: ('Failed measure: zephyr_scale_view_test_case_in_issue_view - TimeoutException', TimeoutException())

selenium_ui/conftest.py:171: Exception
06-09-2023, 10:25:05, 1686306305947, Action: test_1_selenium_zscale_view_test_cycle_in_issue_view, Error: jira_webdriver = <selenium.webdriver.chrome.webdriver.WebDriver (session="3d79493cb96f6fbd622ed69a5a6ca15d")>
jira_datasets = {'custom_issues': [], 'issue_id': '211587', 'issue_key': 'AAFAIA-6079', 'issues': [['AABIS-1', '914565', 'AABIS'], ['A...', 'AABIS'], ['AABIS-4', '914568', 'AABIS'], ['AABIS-5', '914569', 'AABIS'], ['AABIS-6', '914570', 'AABIS'], ...], ...}
jira_screen_shots = None

    def test_1_selenium_zscale_view_test_cycle_in_issue_view(jira_webdriver, jira_datasets, jira_screen_shots):
>       extension_ui.zscale_view_test_cycle_in_issue_view(jira_webdriver, jira_datasets)

selenium_ui/jira_ui.py:72: 
_ _ _ _ _ _ _ _ _ _ _ _ _ _ _ _ _ _ _ _ _ _ _ _ _ _ _ _ _ _ _ _ _ _ _ _ _ _ _ _ 
extension/jira/extension_ui.py:67: in zscale_view_test_cycle_in_issue_view
    measure()
_ _ _ _ _ _ _ _ _ _ _ _ _ _ _ _ _ _ _ _ _ _ _ _ _ _ _ _ _ _ _ _ _ _ _ _ _ _ _ _ 

args = (), kwargs = {}, node_ip = '', start = 1686306285.5691411
error_msg = 'Failed measure: zephyr_scale_view_test_cycle_in_issue_view - TimeoutException'
full_exception = TimeoutException(), success = False
exc_type = <class 'selenium.common.exceptions.TimeoutException'>
end = 1686306305.9364948, timing = '20367'
lockfile = '/dc-app-performance-toolkit/app/results/jira/2023-06-09_10-23-15/selenium.jtl.lock'

    @functools.wraps(func)
    def wrapper(*args, **kwargs):
        if LOGIN_ACTION_NAME in interaction:
            globals.login_failed = False
        if globals.login_failed:
            pytest.skip("login is failed")
        node_ip = ""
        start = time.time()
        error_msg = 'Success'
        full_exception = ''
        if args:
            driver = [arg for arg in args if isinstance(arg, Chrome)]
            node_ip = "" if not driver else getattr(driver[0], "node_ip", "")
        try:
            func(*args, **kwargs)
            success = True
        except Exception:
            success = False
            # https://docs.python.org/2/library/sys.html#sys.exc_info
            exc_type, full_exception = sys.exc_info()[:2]
            error_msg = f"Failed measure: {interaction} - {exc_type.__name__}"
        end = time.time()
        timing = str(int((end - start) * 1000))
    
        lockfile = f'{selenium_results_file}.lock'
    
        with filelock.SoftFileLock(lockfile):
            with open(selenium_results_file, "a+") as jtl_file:
                timestamp = round(time.time() * 1000)
                if explicit_timing:
                    jtl_file.write(f"{timestamp},{explicit_timing*1000},{interaction},,{error_msg},"
                                   f",{success},0,0,0,0,,0\n")
                else:
                    jtl_file.write(f"{timestamp},{timing},{interaction},,{error_msg}"
                                   f",,{success},0,0,0,0,{node_ip},0\n")
    
        print(f"{timestamp},{timing},{interaction},{error_msg},{success},{node_ip}")
    
        if not success:
            if LOGIN_ACTION_NAME in interaction:
                globals.login_failed = True
>           raise Exception(error_msg, full_exception)
E           Exception: ('Failed measure: zephyr_scale_view_test_cycle_in_issue_view - TimeoutException', TimeoutException())

selenium_ui/conftest.py:171: Exception
06-09-2023, 10:25:26, 1686306326772, Action: test_1_selenium_zscale_view_test_plan_in_issue_view, Error: jira_webdriver = <selenium.webdriver.chrome.webdriver.WebDriver (session="3d79493cb96f6fbd622ed69a5a6ca15d")>
jira_datasets = {'custom_issues': [], 'issue_id': '211587', 'issue_key': 'AAFAIA-6079', 'issues': [['AABIS-1', '914565', 'AABIS'], ['A...', 'AABIS'], ['AABIS-4', '914568', 'AABIS'], ['AABIS-5', '914569', 'AABIS'], ['AABIS-6', '914570', 'AABIS'], ...], ...}
jira_screen_shots = None

    def test_1_selenium_zscale_view_test_plan_in_issue_view(jira_webdriver, jira_datasets, jira_screen_shots):
>       extension_ui.zscale_view_test_plan_in_issue_view(jira_webdriver, jira_datasets)

selenium_ui/jira_ui.py:75: 
_ _ _ _ _ _ _ _ _ _ _ _ _ _ _ _ _ _ _ _ _ _ _ _ _ _ _ _ _ _ _ _ _ _ _ _ _ _ _ _ 
extension/jira/extension_ui.py:79: in zscale_view_test_plan_in_issue_view
    measure()
_ _ _ _ _ _ _ _ _ _ _ _ _ _ _ _ _ _ _ _ _ _ _ _ _ _ _ _ _ _ _ _ _ _ _ _ _ _ _ _ 

args = (), kwargs = {}, node_ip = '', start = 1686306306.372857
error_msg = 'Failed measure: zephyr_scale_view_test_plan_in_issue_view - TimeoutException'
full_exception = TimeoutException(), success = False
exc_type = <class 'selenium.common.exceptions.TimeoutException'>
end = 1686306326.7613747, timing = '20388'
lockfile = '/dc-app-performance-toolkit/app/results/jira/2023-06-09_10-23-15/selenium.jtl.lock'

    @functools.wraps(func)
    def wrapper(*args, **kwargs):
        if LOGIN_ACTION_NAME in interaction:
            globals.login_failed = False
        if globals.login_failed:
            pytest.skip("login is failed")
        node_ip = ""
        start = time.time()
        error_msg = 'Success'
        full_exception = ''
        if args:
            driver = [arg for arg in args if isinstance(arg, Chrome)]
            node_ip = "" if not driver else getattr(driver[0], "node_ip", "")
        try:
            func(*args, **kwargs)
            success = True
        except Exception:
            success = False
            # https://docs.python.org/2/library/sys.html#sys.exc_info
            exc_type, full_exception = sys.exc_info()[:2]
            error_msg = f"Failed measure: {interaction} - {exc_type.__name__}"
        end = time.time()
        timing = str(int((end - start) * 1000))
    
        lockfile = f'{selenium_results_file}.lock'
    
        with filelock.SoftFileLock(lockfile):
            with open(selenium_results_file, "a+") as jtl_file:
                timestamp = round(time.time() * 1000)
                if explicit_timing:
                    jtl_file.write(f"{timestamp},{explicit_timing*1000},{interaction},,{error_msg},"
                                   f",{success},0,0,0,0,,0\n")
                else:
                    jtl_file.write(f"{timestamp},{timing},{interaction},,{error_msg}"
                                   f",,{success},0,0,0,0,{node_ip},0\n")
    
        print(f"{timestamp},{timing},{interaction},{error_msg},{success},{node_ip}")
    
        if not success:
            if LOGIN_ACTION_NAME in interaction:
                globals.login_failed = True
>           raise Exception(error_msg, full_exception)
E           Exception: ('Failed measure: zephyr_scale_view_test_plan_in_issue_view - TimeoutException', TimeoutException())

selenium_ui/conftest.py:171: Exception
06-09-2023, 10:26:01, 1686306361882, Action: test_1_selenium_zscale_view_test_case_in_issue_view, Error: jira_webdriver = <selenium.webdriver.chrome.webdriver.WebDriver (session="3d79493cb96f6fbd622ed69a5a6ca15d")>
jira_datasets = {'custom_issues': [], 'issue_id': '208092', 'issue_key': 'AAFAIA-2584', 'issues': [['AABIS-1', '914565', 'AABIS'], ['A...', 'AABIS'], ['AABIS-4', '914568', 'AABIS'], ['AABIS-5', '914569', 'AABIS'], ['AABIS-6', '914570', 'AABIS'], ...], ...}
jira_screen_shots = None

    def test_1_selenium_zscale_view_test_case_in_issue_view(jira_webdriver, jira_datasets, jira_screen_shots):
>       extension_ui.zscale_view_test_case_in_issue_view(jira_webdriver, jira_datasets)

selenium_ui/jira_ui.py:69: 
_ _ _ _ _ _ _ _ _ _ _ _ _ _ _ _ _ _ _ _ _ _ _ _ _ _ _ _ _ _ _ _ _ _ _ _ _ _ _ _ 
extension/jira/extension_ui.py:55: in zscale_view_test_case_in_issue_view
    measure()
_ _ _ _ _ _ _ _ _ _ _ _ _ _ _ _ _ _ _ _ _ _ _ _ _ _ _ _ _ _ _ _ _ _ _ _ _ _ _ _ 

args = (), kwargs = {}, node_ip = '', start = 1686306341.3696187
error_msg = 'Failed measure: zephyr_scale_view_test_case_in_issue_view - TimeoutException'
full_exception = TimeoutException(), success = False
exc_type = <class 'selenium.common.exceptions.TimeoutException'>
end = 1686306361.8699212, timing = '20500'
lockfile = '/dc-app-performance-toolkit/app/results/jira/2023-06-09_10-23-15/selenium.jtl.lock'

    @functools.wraps(func)
    def wrapper(*args, **kwargs):
        if LOGIN_ACTION_NAME in interaction:
            globals.login_failed = False
        if globals.login_failed:
            pytest.skip("login is failed")
        node_ip = ""
        start = time.time()
        error_msg = 'Success'
        full_exception = ''
        if args:
            driver = [arg for arg in args if isinstance(arg, Chrome)]
            node_ip = "" if not driver else getattr(driver[0], "node_ip", "")
        try:
            func(*args, **kwargs)
            success = True
        except Exception:
            success = False
            # https://docs.python.org/2/library/sys.html#sys.exc_info
            exc_type, full_exception = sys.exc_info()[:2]
            error_msg = f"Failed measure: {interaction} - {exc_type.__name__}"
        end = time.time()
        timing = str(int((end - start) * 1000))
    
        lockfile = f'{selenium_results_file}.lock'
    
        with filelock.SoftFileLock(lockfile):
            with open(selenium_results_file, "a+") as jtl_file:
                timestamp = round(time.time() * 1000)
                if explicit_timing:
                    jtl_file.write(f"{timestamp},{explicit_timing*1000},{interaction},,{error_msg},"
                                   f",{success},0,0,0,0,,0\n")
                else:
                    jtl_file.write(f"{timestamp},{timing},{interaction},,{error_msg}"
                                   f",,{success},0,0,0,0,{node_ip},0\n")
    
        print(f"{timestamp},{timing},{interaction},{error_msg},{success},{node_ip}")
    
        if not success:
            if LOGIN_ACTION_NAME in interaction:
                globals.login_failed = True
>           raise Exception(error_msg, full_exception)
E           Exception: ('Failed measure: zephyr_scale_view_test_case_in_issue_view - TimeoutException', TimeoutException())

selenium_ui/conftest.py:171: Exception
06-09-2023, 10:26:22, 1686306382950, Action: test_1_selenium_zscale_view_test_cycle_in_issue_view, Error: jira_webdriver = <selenium.webdriver.chrome.webdriver.WebDriver (session="3d79493cb96f6fbd622ed69a5a6ca15d")>
jira_datasets = {'custom_issues': [], 'issue_id': '208092', 'issue_key': 'AAFAIA-2584', 'issues': [['AABIS-1', '914565', 'AABIS'], ['A...', 'AABIS'], ['AABIS-4', '914568', 'AABIS'], ['AABIS-5', '914569', 'AABIS'], ['AABIS-6', '914570', 'AABIS'], ...], ...}
jira_screen_shots = None

    def test_1_selenium_zscale_view_test_cycle_in_issue_view(jira_webdriver, jira_datasets, jira_screen_shots):
>       extension_ui.zscale_view_test_cycle_in_issue_view(jira_webdriver, jira_datasets)

selenium_ui/jira_ui.py:72: 
_ _ _ _ _ _ _ _ _ _ _ _ _ _ _ _ _ _ _ _ _ _ _ _ _ _ _ _ _ _ _ _ _ _ _ _ _ _ _ _ 
extension/jira/extension_ui.py:67: in zscale_view_test_cycle_in_issue_view
    measure()
_ _ _ _ _ _ _ _ _ _ _ _ _ _ _ _ _ _ _ _ _ _ _ _ _ _ _ _ _ _ _ _ _ _ _ _ _ _ _ _ 

args = (), kwargs = {}, node_ip = '', start = 1686306362.3588161
error_msg = 'Failed measure: zephyr_scale_view_test_cycle_in_issue_view - TimeoutException'
full_exception = TimeoutException(), success = False
exc_type = <class 'selenium.common.exceptions.TimeoutException'>
end = 1686306382.9391782, timing = '20580'
lockfile = '/dc-app-performance-toolkit/app/results/jira/2023-06-09_10-23-15/selenium.jtl.lock'

    @functools.wraps(func)
    def wrapper(*args, **kwargs):
        if LOGIN_ACTION_NAME in interaction:
            globals.login_failed = False
        if globals.login_failed:
            pytest.skip("login is failed")
        node_ip = ""
        start = time.time()
        error_msg = 'Success'
        full_exception = ''
        if args:
            driver = [arg for arg in args if isinstance(arg, Chrome)]
            node_ip = "" if not driver else getattr(driver[0], "node_ip", "")
        try:
            func(*args, **kwargs)
            success = True
        except Exception:
            success = False
            # https://docs.python.org/2/library/sys.html#sys.exc_info
            exc_type, full_exception = sys.exc_info()[:2]
            error_msg = f"Failed measure: {interaction} - {exc_type.__name__}"
        end = time.time()
        timing = str(int((end - start) * 1000))
    
        lockfile = f'{selenium_results_file}.lock'
    
        with filelock.SoftFileLock(lockfile):
            with open(selenium_results_file, "a+") as jtl_file:
                timestamp = round(time.time() * 1000)
                if explicit_timing:
                    jtl_file.write(f"{timestamp},{explicit_timing*1000},{interaction},,{error_msg},"
                                   f",{success},0,0,0,0,,0\n")
                else:
                    jtl_file.write(f"{timestamp},{timing},{interaction},,{error_msg}"
                                   f",,{success},0,0,0,0,{node_ip},0\n")
    
        print(f"{timestamp},{timing},{interaction},{error_msg},{success},{node_ip}")
    
        if not success:
            if LOGIN_ACTION_NAME in interaction:
                globals.login_failed = True
>           raise Exception(error_msg, full_exception)
E           Exception: ('Failed measure: zephyr_scale_view_test_cycle_in_issue_view - TimeoutException', TimeoutException())

selenium_ui/conftest.py:171: Exception
06-09-2023, 10:26:44, 1686306404074, Action: test_1_selenium_zscale_view_test_plan_in_issue_view, Error: jira_webdriver = <selenium.webdriver.chrome.webdriver.WebDriver (session="3d79493cb96f6fbd622ed69a5a6ca15d")>
jira_datasets = {'custom_issues': [], 'issue_id': '208092', 'issue_key': 'AAFAIA-2584', 'issues': [['AABIS-1', '914565', 'AABIS'], ['A...', 'AABIS'], ['AABIS-4', '914568', 'AABIS'], ['AABIS-5', '914569', 'AABIS'], ['AABIS-6', '914570', 'AABIS'], ...], ...}
jira_screen_shots = None

    def test_1_selenium_zscale_view_test_plan_in_issue_view(jira_webdriver, jira_datasets, jira_screen_shots):
>       extension_ui.zscale_view_test_plan_in_issue_view(jira_webdriver, jira_datasets)

selenium_ui/jira_ui.py:75: 
_ _ _ _ _ _ _ _ _ _ _ _ _ _ _ _ _ _ _ _ _ _ _ _ _ _ _ _ _ _ _ _ _ _ _ _ _ _ _ _ 
extension/jira/extension_ui.py:79: in zscale_view_test_plan_in_issue_view
    measure()
_ _ _ _ _ _ _ _ _ _ _ _ _ _ _ _ _ _ _ _ _ _ _ _ _ _ _ _ _ _ _ _ _ _ _ _ _ _ _ _ 

args = (), kwargs = {}, node_ip = '', start = 1686306383.404188
error_msg = 'Failed measure: zephyr_scale_view_test_plan_in_issue_view - TimeoutException'
full_exception = TimeoutException(), success = False
exc_type = <class 'selenium.common.exceptions.TimeoutException'>
end = 1686306404.0567994, timing = '20652'
lockfile = '/dc-app-performance-toolkit/app/results/jira/2023-06-09_10-23-15/selenium.jtl.lock'

    @functools.wraps(func)
    def wrapper(*args, **kwargs):
        if LOGIN_ACTION_NAME in interaction:
            globals.login_failed = False
        if globals.login_failed:
            pytest.skip("login is failed")
        node_ip = ""
        start = time.time()
        error_msg = 'Success'
        full_exception = ''
        if args:
            driver = [arg for arg in args if isinstance(arg, Chrome)]
            node_ip = "" if not driver else getattr(driver[0], "node_ip", "")
        try:
            func(*args, **kwargs)
            success = True
        except Exception:
            success = False
            # https://docs.python.org/2/library/sys.html#sys.exc_info
            exc_type, full_exception = sys.exc_info()[:2]
            error_msg = f"Failed measure: {interaction} - {exc_type.__name__}"
        end = time.time()
        timing = str(int((end - start) * 1000))
    
        lockfile = f'{selenium_results_file}.lock'
    
        with filelock.SoftFileLock(lockfile):
            with open(selenium_results_file, "a+") as jtl_file:
                timestamp = round(time.time() * 1000)
                if explicit_timing:
                    jtl_file.write(f"{timestamp},{explicit_timing*1000},{interaction},,{error_msg},"
                                   f",{success},0,0,0,0,,0\n")
                else:
                    jtl_file.write(f"{timestamp},{timing},{interaction},,{error_msg}"
                                   f",,{success},0,0,0,0,{node_ip},0\n")
    
        print(f"{timestamp},{timing},{interaction},{error_msg},{success},{node_ip}")
    
        if not success:
            if LOGIN_ACTION_NAME in interaction:
                globals.login_failed = True
>           raise Exception(error_msg, full_exception)
E           Exception: ('Failed measure: zephyr_scale_view_test_plan_in_issue_view - TimeoutException', TimeoutException())

selenium_ui/conftest.py:171: Exception
06-09-2023, 10:27:19, 1686306439667, Action: test_1_selenium_zscale_view_test_case_in_issue_view, Error: jira_webdriver = <selenium.webdriver.chrome.webdriver.WebDriver (session="3d79493cb96f6fbd622ed69a5a6ca15d")>
jira_datasets = {'custom_issues': [], 'issue_id': '207740', 'issue_key': 'AAFAIA-2232', 'issues': [['AABIS-1', '914565', 'AABIS'], ['A...', 'AABIS'], ['AABIS-4', '914568', 'AABIS'], ['AABIS-5', '914569', 'AABIS'], ['AABIS-6', '914570', 'AABIS'], ...], ...}
jira_screen_shots = None

    def test_1_selenium_zscale_view_test_case_in_issue_view(jira_webdriver, jira_datasets, jira_screen_shots):
>       extension_ui.zscale_view_test_case_in_issue_view(jira_webdriver, jira_datasets)

selenium_ui/jira_ui.py:69: 
_ _ _ _ _ _ _ _ _ _ _ _ _ _ _ _ _ _ _ _ _ _ _ _ _ _ _ _ _ _ _ _ _ _ _ _ _ _ _ _ 
extension/jira/extension_ui.py:55: in zscale_view_test_case_in_issue_view
    measure()
_ _ _ _ _ _ _ _ _ _ _ _ _ _ _ _ _ _ _ _ _ _ _ _ _ _ _ _ _ _ _ _ _ _ _ _ _ _ _ _ 

args = (), kwargs = {}, node_ip = '', start = 1686306419.000353
error_msg = 'Failed measure: zephyr_scale_view_test_case_in_issue_view - TimeoutException'
full_exception = TimeoutException(), success = False
exc_type = <class 'selenium.common.exceptions.TimeoutException'>
end = 1686306439.6556706, timing = '20655'
lockfile = '/dc-app-performance-toolkit/app/results/jira/2023-06-09_10-23-15/selenium.jtl.lock'

    @functools.wraps(func)
    def wrapper(*args, **kwargs):
        if LOGIN_ACTION_NAME in interaction:
            globals.login_failed = False
        if globals.login_failed:
            pytest.skip("login is failed")
        node_ip = ""
        start = time.time()
        error_msg = 'Success'
        full_exception = ''
        if args:
            driver = [arg for arg in args if isinstance(arg, Chrome)]
            node_ip = "" if not driver else getattr(driver[0], "node_ip", "")
        try:
            func(*args, **kwargs)
            success = True
        except Exception:
            success = False
            # https://docs.python.org/2/library/sys.html#sys.exc_info
            exc_type, full_exception = sys.exc_info()[:2]
            error_msg = f"Failed measure: {interaction} - {exc_type.__name__}"
        end = time.time()
        timing = str(int((end - start) * 1000))
    
        lockfile = f'{selenium_results_file}.lock'
    
        with filelock.SoftFileLock(lockfile):
            with open(selenium_results_file, "a+") as jtl_file:
                timestamp = round(time.time() * 1000)
                if explicit_timing:
                    jtl_file.write(f"{timestamp},{explicit_timing*1000},{interaction},,{error_msg},"
                                   f",{success},0,0,0,0,,0\n")
                else:
                    jtl_file.write(f"{timestamp},{timing},{interaction},,{error_msg}"
                                   f",,{success},0,0,0,0,{node_ip},0\n")
    
        print(f"{timestamp},{timing},{interaction},{error_msg},{success},{node_ip}")
    
        if not success:
            if LOGIN_ACTION_NAME in interaction:
                globals.login_failed = True
>           raise Exception(error_msg, full_exception)
E           Exception: ('Failed measure: zephyr_scale_view_test_case_in_issue_view - TimeoutException', TimeoutException())

selenium_ui/conftest.py:171: Exception
06-09-2023, 10:27:40, 1686306460868, Action: test_1_selenium_zscale_view_test_cycle_in_issue_view, Error: jira_webdriver = <selenium.webdriver.chrome.webdriver.WebDriver (session="3d79493cb96f6fbd622ed69a5a6ca15d")>
jira_datasets = {'custom_issues': [], 'issue_id': '207740', 'issue_key': 'AAFAIA-2232', 'issues': [['AABIS-1', '914565', 'AABIS'], ['A...', 'AABIS'], ['AABIS-4', '914568', 'AABIS'], ['AABIS-5', '914569', 'AABIS'], ['AABIS-6', '914570', 'AABIS'], ...], ...}
jira_screen_shots = None

    def test_1_selenium_zscale_view_test_cycle_in_issue_view(jira_webdriver, jira_datasets, jira_screen_shots):
>       extension_ui.zscale_view_test_cycle_in_issue_view(jira_webdriver, jira_datasets)

selenium_ui/jira_ui.py:72: 
_ _ _ _ _ _ _ _ _ _ _ _ _ _ _ _ _ _ _ _ _ _ _ _ _ _ _ _ _ _ _ _ _ _ _ _ _ _ _ _ 
extension/jira/extension_ui.py:67: in zscale_view_test_cycle_in_issue_view
    measure()
_ _ _ _ _ _ _ _ _ _ _ _ _ _ _ _ _ _ _ _ _ _ _ _ _ _ _ _ _ _ _ _ _ _ _ _ _ _ _ _ 

args = (), kwargs = {}, node_ip = '', start = 1686306440.113825
error_msg = 'Failed measure: zephyr_scale_view_test_cycle_in_issue_view - TimeoutException'
full_exception = TimeoutException(), success = False
exc_type = <class 'selenium.common.exceptions.TimeoutException'>
end = 1686306460.8569815, timing = '20743'
lockfile = '/dc-app-performance-toolkit/app/results/jira/2023-06-09_10-23-15/selenium.jtl.lock'

    @functools.wraps(func)
    def wrapper(*args, **kwargs):
        if LOGIN_ACTION_NAME in interaction:
            globals.login_failed = False
        if globals.login_failed:
            pytest.skip("login is failed")
        node_ip = ""
        start = time.time()
        error_msg = 'Success'
        full_exception = ''
        if args:
            driver = [arg for arg in args if isinstance(arg, Chrome)]
            node_ip = "" if not driver else getattr(driver[0], "node_ip", "")
        try:
            func(*args, **kwargs)
            success = True
        except Exception:
            success = False
            # https://docs.python.org/2/library/sys.html#sys.exc_info
            exc_type, full_exception = sys.exc_info()[:2]
            error_msg = f"Failed measure: {interaction} - {exc_type.__name__}"
        end = time.time()
        timing = str(int((end - start) * 1000))
    
        lockfile = f'{selenium_results_file}.lock'
    
        with filelock.SoftFileLock(lockfile):
            with open(selenium_results_file, "a+") as jtl_file:
                timestamp = round(time.time() * 1000)
                if explicit_timing:
                    jtl_file.write(f"{timestamp},{explicit_timing*1000},{interaction},,{error_msg},"
                                   f",{success},0,0,0,0,,0\n")
                else:
                    jtl_file.write(f"{timestamp},{timing},{interaction},,{error_msg}"
                                   f",,{success},0,0,0,0,{node_ip},0\n")
    
        print(f"{timestamp},{timing},{interaction},{error_msg},{success},{node_ip}")
    
        if not success:
            if LOGIN_ACTION_NAME in interaction:
                globals.login_failed = True
>           raise Exception(error_msg, full_exception)
E           Exception: ('Failed measure: zephyr_scale_view_test_cycle_in_issue_view - TimeoutException', TimeoutException())

selenium_ui/conftest.py:171: Exception
06-09-2023, 10:28:02, 1686306482016, Action: test_1_selenium_zscale_view_test_plan_in_issue_view, Error: jira_webdriver = <selenium.webdriver.chrome.webdriver.WebDriver (session="3d79493cb96f6fbd622ed69a5a6ca15d")>
jira_datasets = {'custom_issues': [], 'issue_id': '207740', 'issue_key': 'AAFAIA-2232', 'issues': [['AABIS-1', '914565', 'AABIS'], ['A...', 'AABIS'], ['AABIS-4', '914568', 'AABIS'], ['AABIS-5', '914569', 'AABIS'], ['AABIS-6', '914570', 'AABIS'], ...], ...}
jira_screen_shots = None

    def test_1_selenium_zscale_view_test_plan_in_issue_view(jira_webdriver, jira_datasets, jira_screen_shots):
>       extension_ui.zscale_view_test_plan_in_issue_view(jira_webdriver, jira_datasets)

selenium_ui/jira_ui.py:75: 
_ _ _ _ _ _ _ _ _ _ _ _ _ _ _ _ _ _ _ _ _ _ _ _ _ _ _ _ _ _ _ _ _ _ _ _ _ _ _ _ 
extension/jira/extension_ui.py:79: in zscale_view_test_plan_in_issue_view
    measure()
_ _ _ _ _ _ _ _ _ _ _ _ _ _ _ _ _ _ _ _ _ _ _ _ _ _ _ _ _ _ _ _ _ _ _ _ _ _ _ _ 

args = (), kwargs = {}, node_ip = '', start = 1686306461.3076997
error_msg = 'Failed measure: zephyr_scale_view_test_plan_in_issue_view - TimeoutException'
full_exception = TimeoutException(), success = False
exc_type = <class 'selenium.common.exceptions.TimeoutException'>
end = 1686306482.006119, timing = '20698'
lockfile = '/dc-app-performance-toolkit/app/results/jira/2023-06-09_10-23-15/selenium.jtl.lock'

    @functools.wraps(func)
    def wrapper(*args, **kwargs):
        if LOGIN_ACTION_NAME in interaction:
            globals.login_failed = False
        if globals.login_failed:
            pytest.skip("login is failed")
        node_ip = ""
        start = time.time()
        error_msg = 'Success'
        full_exception = ''
        if args:
            driver = [arg for arg in args if isinstance(arg, Chrome)]
            node_ip = "" if not driver else getattr(driver[0], "node_ip", "")
        try:
            func(*args, **kwargs)
            success = True
        except Exception:
            success = False
            # https://docs.python.org/2/library/sys.html#sys.exc_info
            exc_type, full_exception = sys.exc_info()[:2]
            error_msg = f"Failed measure: {interaction} - {exc_type.__name__}"
        end = time.time()
        timing = str(int((end - start) * 1000))
    
        lockfile = f'{selenium_results_file}.lock'
    
        with filelock.SoftFileLock(lockfile):
            with open(selenium_results_file, "a+") as jtl_file:
                timestamp = round(time.time() * 1000)
                if explicit_timing:
                    jtl_file.write(f"{timestamp},{explicit_timing*1000},{interaction},,{error_msg},"
                                   f",{success},0,0,0,0,,0\n")
                else:
                    jtl_file.write(f"{timestamp},{timing},{interaction},,{error_msg}"
                                   f",,{success},0,0,0,0,{node_ip},0\n")
    
        print(f"{timestamp},{timing},{interaction},{error_msg},{success},{node_ip}")
    
        if not success:
            if LOGIN_ACTION_NAME in interaction:
                globals.login_failed = True
>           raise Exception(error_msg, full_exception)
E           Exception: ('Failed measure: zephyr_scale_view_test_plan_in_issue_view - TimeoutException', TimeoutException())

selenium_ui/conftest.py:171: Exception
06-09-2023, 10:28:36, 1686306516817, Action: test_1_selenium_zscale_view_test_case_in_issue_view, Error: jira_webdriver = <selenium.webdriver.chrome.webdriver.WebDriver (session="3d79493cb96f6fbd622ed69a5a6ca15d")>
jira_datasets = {'custom_issues': [], 'issue_id': '207202', 'issue_key': 'AAFAIA-1694', 'issues': [['AABIS-1', '914565', 'AABIS'], ['A...', 'AABIS'], ['AABIS-4', '914568', 'AABIS'], ['AABIS-5', '914569', 'AABIS'], ['AABIS-6', '914570', 'AABIS'], ...], ...}
jira_screen_shots = None

    def test_1_selenium_zscale_view_test_case_in_issue_view(jira_webdriver, jira_datasets, jira_screen_shots):
>       extension_ui.zscale_view_test_case_in_issue_view(jira_webdriver, jira_datasets)

selenium_ui/jira_ui.py:69: 
_ _ _ _ _ _ _ _ _ _ _ _ _ _ _ _ _ _ _ _ _ _ _ _ _ _ _ _ _ _ _ _ _ _ _ _ _ _ _ _ 
extension/jira/extension_ui.py:55: in zscale_view_test_case_in_issue_view
    measure()
_ _ _ _ _ _ _ _ _ _ _ _ _ _ _ _ _ _ _ _ _ _ _ _ _ _ _ _ _ _ _ _ _ _ _ _ _ _ _ _ 

args = (), kwargs = {}, node_ip = '', start = 1686306496.469727
error_msg = 'Failed measure: zephyr_scale_view_test_case_in_issue_view - TimeoutException'
full_exception = TimeoutException(), success = False
exc_type = <class 'selenium.common.exceptions.TimeoutException'>
end = 1686306516.8056188, timing = '20335'
lockfile = '/dc-app-performance-toolkit/app/results/jira/2023-06-09_10-23-15/selenium.jtl.lock'

    @functools.wraps(func)
    def wrapper(*args, **kwargs):
        if LOGIN_ACTION_NAME in interaction:
            globals.login_failed = False
        if globals.login_failed:
            pytest.skip("login is failed")
        node_ip = ""
        start = time.time()
        error_msg = 'Success'
        full_exception = ''
        if args:
            driver = [arg for arg in args if isinstance(arg, Chrome)]
            node_ip = "" if not driver else getattr(driver[0], "node_ip", "")
        try:
            func(*args, **kwargs)
            success = True
        except Exception:
            success = False
            # https://docs.python.org/2/library/sys.html#sys.exc_info
            exc_type, full_exception = sys.exc_info()[:2]
            error_msg = f"Failed measure: {interaction} - {exc_type.__name__}"
        end = time.time()
        timing = str(int((end - start) * 1000))
    
        lockfile = f'{selenium_results_file}.lock'
    
        with filelock.SoftFileLock(lockfile):
            with open(selenium_results_file, "a+") as jtl_file:
                timestamp = round(time.time() * 1000)
                if explicit_timing:
                    jtl_file.write(f"{timestamp},{explicit_timing*1000},{interaction},,{error_msg},"
                                   f",{success},0,0,0,0,,0\n")
                else:
                    jtl_file.write(f"{timestamp},{timing},{interaction},,{error_msg}"
                                   f",,{success},0,0,0,0,{node_ip},0\n")
    
        print(f"{timestamp},{timing},{interaction},{error_msg},{success},{node_ip}")
    
        if not success:
            if LOGIN_ACTION_NAME in interaction:
                globals.login_failed = True
>           raise Exception(error_msg, full_exception)
E           Exception: ('Failed measure: zephyr_scale_view_test_case_in_issue_view - TimeoutException', TimeoutException())

selenium_ui/conftest.py:171: Exception
06-09-2023, 10:28:57, 1686306537722, Action: test_1_selenium_zscale_view_test_cycle_in_issue_view, Error: jira_webdriver = <selenium.webdriver.chrome.webdriver.WebDriver (session="3d79493cb96f6fbd622ed69a5a6ca15d")>
jira_datasets = {'custom_issues': [], 'issue_id': '207202', 'issue_key': 'AAFAIA-1694', 'issues': [['AABIS-1', '914565', 'AABIS'], ['A...', 'AABIS'], ['AABIS-4', '914568', 'AABIS'], ['AABIS-5', '914569', 'AABIS'], ['AABIS-6', '914570', 'AABIS'], ...], ...}
jira_screen_shots = None

    def test_1_selenium_zscale_view_test_cycle_in_issue_view(jira_webdriver, jira_datasets, jira_screen_shots):
>       extension_ui.zscale_view_test_cycle_in_issue_view(jira_webdriver, jira_datasets)

selenium_ui/jira_ui.py:72: 
_ _ _ _ _ _ _ _ _ _ _ _ _ _ _ _ _ _ _ _ _ _ _ _ _ _ _ _ _ _ _ _ _ _ _ _ _ _ _ _ 
extension/jira/extension_ui.py:67: in zscale_view_test_cycle_in_issue_view
    measure()
_ _ _ _ _ _ _ _ _ _ _ _ _ _ _ _ _ _ _ _ _ _ _ _ _ _ _ _ _ _ _ _ _ _ _ _ _ _ _ _ 

args = (), kwargs = {}, node_ip = '', start = 1686306517.235533
error_msg = 'Failed measure: zephyr_scale_view_test_cycle_in_issue_view - TimeoutException'
full_exception = TimeoutException(), success = False
exc_type = <class 'selenium.common.exceptions.TimeoutException'>
end = 1686306537.7120311, timing = '20476'
lockfile = '/dc-app-performance-toolkit/app/results/jira/2023-06-09_10-23-15/selenium.jtl.lock'

    @functools.wraps(func)
    def wrapper(*args, **kwargs):
        if LOGIN_ACTION_NAME in interaction:
            globals.login_failed = False
        if globals.login_failed:
            pytest.skip("login is failed")
        node_ip = ""
        start = time.time()
        error_msg = 'Success'
        full_exception = ''
        if args:
            driver = [arg for arg in args if isinstance(arg, Chrome)]
            node_ip = "" if not driver else getattr(driver[0], "node_ip", "")
        try:
            func(*args, **kwargs)
            success = True
        except Exception:
            success = False
            # https://docs.python.org/2/library/sys.html#sys.exc_info
            exc_type, full_exception = sys.exc_info()[:2]
            error_msg = f"Failed measure: {interaction} - {exc_type.__name__}"
        end = time.time()
        timing = str(int((end - start) * 1000))
    
        lockfile = f'{selenium_results_file}.lock'
    
        with filelock.SoftFileLock(lockfile):
            with open(selenium_results_file, "a+") as jtl_file:
                timestamp = round(time.time() * 1000)
                if explicit_timing:
                    jtl_file.write(f"{timestamp},{explicit_timing*1000},{interaction},,{error_msg},"
                                   f",{success},0,0,0,0,,0\n")
                else:
                    jtl_file.write(f"{timestamp},{timing},{interaction},,{error_msg}"
                                   f",,{success},0,0,0,0,{node_ip},0\n")
    
        print(f"{timestamp},{timing},{interaction},{error_msg},{success},{node_ip}")
    
        if not success:
            if LOGIN_ACTION_NAME in interaction:
                globals.login_failed = True
>           raise Exception(error_msg, full_exception)
E           Exception: ('Failed measure: zephyr_scale_view_test_cycle_in_issue_view - TimeoutException', TimeoutException())

selenium_ui/conftest.py:171: Exception
06-09-2023, 10:29:18, 1686306558592, Action: test_1_selenium_zscale_view_test_plan_in_issue_view, Error: jira_webdriver = <selenium.webdriver.chrome.webdriver.WebDriver (session="3d79493cb96f6fbd622ed69a5a6ca15d")>
jira_datasets = {'custom_issues': [], 'issue_id': '207202', 'issue_key': 'AAFAIA-1694', 'issues': [['AABIS-1', '914565', 'AABIS'], ['A...', 'AABIS'], ['AABIS-4', '914568', 'AABIS'], ['AABIS-5', '914569', 'AABIS'], ['AABIS-6', '914570', 'AABIS'], ...], ...}
jira_screen_shots = None

    def test_1_selenium_zscale_view_test_plan_in_issue_view(jira_webdriver, jira_datasets, jira_screen_shots):
>       extension_ui.zscale_view_test_plan_in_issue_view(jira_webdriver, jira_datasets)

selenium_ui/jira_ui.py:75: 
_ _ _ _ _ _ _ _ _ _ _ _ _ _ _ _ _ _ _ _ _ _ _ _ _ _ _ _ _ _ _ _ _ _ _ _ _ _ _ _ 
extension/jira/extension_ui.py:79: in zscale_view_test_plan_in_issue_view
    measure()
_ _ _ _ _ _ _ _ _ _ _ _ _ _ _ _ _ _ _ _ _ _ _ _ _ _ _ _ _ _ _ _ _ _ _ _ _ _ _ _ 

args = (), kwargs = {}, node_ip = '', start = 1686306538.211209
error_msg = 'Failed measure: zephyr_scale_view_test_plan_in_issue_view - TimeoutException'
full_exception = TimeoutException(), success = False
exc_type = <class 'selenium.common.exceptions.TimeoutException'>
end = 1686306558.5812917, timing = '20370'
lockfile = '/dc-app-performance-toolkit/app/results/jira/2023-06-09_10-23-15/selenium.jtl.lock'

    @functools.wraps(func)
    def wrapper(*args, **kwargs):
        if LOGIN_ACTION_NAME in interaction:
            globals.login_failed = False
        if globals.login_failed:
            pytest.skip("login is failed")
        node_ip = ""
        start = time.time()
        error_msg = 'Success'
        full_exception = ''
        if args:
            driver = [arg for arg in args if isinstance(arg, Chrome)]
            node_ip = "" if not driver else getattr(driver[0], "node_ip", "")
        try:
            func(*args, **kwargs)
            success = True
        except Exception:
            success = False
            # https://docs.python.org/2/library/sys.html#sys.exc_info
            exc_type, full_exception = sys.exc_info()[:2]
            error_msg = f"Failed measure: {interaction} - {exc_type.__name__}"
        end = time.time()
        timing = str(int((end - start) * 1000))
    
        lockfile = f'{selenium_results_file}.lock'
    
        with filelock.SoftFileLock(lockfile):
            with open(selenium_results_file, "a+") as jtl_file:
                timestamp = round(time.time() * 1000)
                if explicit_timing:
                    jtl_file.write(f"{timestamp},{explicit_timing*1000},{interaction},,{error_msg},"
                                   f",{success},0,0,0,0,,0\n")
                else:
                    jtl_file.write(f"{timestamp},{timing},{interaction},,{error_msg}"
                                   f",,{success},0,0,0,0,{node_ip},0\n")
    
        print(f"{timestamp},{timing},{interaction},{error_msg},{success},{node_ip}")
    
        if not success:
            if LOGIN_ACTION_NAME in interaction:
                globals.login_failed = True
>           raise Exception(error_msg, full_exception)
E           Exception: ('Failed measure: zephyr_scale_view_test_plan_in_issue_view - TimeoutException', TimeoutException())

selenium_ui/conftest.py:171: Exception
06-09-2023, 10:29:54, 1686306594055, Action: test_1_selenium_zscale_view_test_case_in_issue_view, Error: jira_webdriver = <selenium.webdriver.chrome.webdriver.WebDriver (session="3d79493cb96f6fbd622ed69a5a6ca15d")>
jira_datasets = {'custom_issues': [], 'issue_id': '205674', 'issue_key': 'AAFAIA-166', 'issues': [['AABIS-1', '914565', 'AABIS'], ['AA...', 'AABIS'], ['AABIS-4', '914568', 'AABIS'], ['AABIS-5', '914569', 'AABIS'], ['AABIS-6', '914570', 'AABIS'], ...], ...}
jira_screen_shots = None

    def test_1_selenium_zscale_view_test_case_in_issue_view(jira_webdriver, jira_datasets, jira_screen_shots):
>       extension_ui.zscale_view_test_case_in_issue_view(jira_webdriver, jira_datasets)

selenium_ui/jira_ui.py:69: 
_ _ _ _ _ _ _ _ _ _ _ _ _ _ _ _ _ _ _ _ _ _ _ _ _ _ _ _ _ _ _ _ _ _ _ _ _ _ _ _ 
extension/jira/extension_ui.py:55: in zscale_view_test_case_in_issue_view
    measure()
_ _ _ _ _ _ _ _ _ _ _ _ _ _ _ _ _ _ _ _ _ _ _ _ _ _ _ _ _ _ _ _ _ _ _ _ _ _ _ _ 

args = (), kwargs = {}, node_ip = '', start = 1686306573.4753876
error_msg = 'Failed measure: zephyr_scale_view_test_case_in_issue_view - TimeoutException'
full_exception = TimeoutException(), success = False
exc_type = <class 'selenium.common.exceptions.TimeoutException'>
end = 1686306594.0434904, timing = '20568'
lockfile = '/dc-app-performance-toolkit/app/results/jira/2023-06-09_10-23-15/selenium.jtl.lock'

    @functools.wraps(func)
    def wrapper(*args, **kwargs):
        if LOGIN_ACTION_NAME in interaction:
            globals.login_failed = False
        if globals.login_failed:
            pytest.skip("login is failed")
        node_ip = ""
        start = time.time()
        error_msg = 'Success'
        full_exception = ''
        if args:
            driver = [arg for arg in args if isinstance(arg, Chrome)]
            node_ip = "" if not driver else getattr(driver[0], "node_ip", "")
        try:
            func(*args, **kwargs)
            success = True
        except Exception:
            success = False
            # https://docs.python.org/2/library/sys.html#sys.exc_info
            exc_type, full_exception = sys.exc_info()[:2]
            error_msg = f"Failed measure: {interaction} - {exc_type.__name__}"
        end = time.time()
        timing = str(int((end - start) * 1000))
    
        lockfile = f'{selenium_results_file}.lock'
    
        with filelock.SoftFileLock(lockfile):
            with open(selenium_results_file, "a+") as jtl_file:
                timestamp = round(time.time() * 1000)
                if explicit_timing:
                    jtl_file.write(f"{timestamp},{explicit_timing*1000},{interaction},,{error_msg},"
                                   f",{success},0,0,0,0,,0\n")
                else:
                    jtl_file.write(f"{timestamp},{timing},{interaction},,{error_msg}"
                                   f",,{success},0,0,0,0,{node_ip},0\n")
    
        print(f"{timestamp},{timing},{interaction},{error_msg},{success},{node_ip}")
    
        if not success:
            if LOGIN_ACTION_NAME in interaction:
                globals.login_failed = True
>           raise Exception(error_msg, full_exception)
E           Exception: ('Failed measure: zephyr_scale_view_test_case_in_issue_view - TimeoutException', TimeoutException())

selenium_ui/conftest.py:171: Exception
06-09-2023, 10:30:15, 1686306615141, Action: test_1_selenium_zscale_view_test_cycle_in_issue_view, Error: jira_webdriver = <selenium.webdriver.chrome.webdriver.WebDriver (session="3d79493cb96f6fbd622ed69a5a6ca15d")>
jira_datasets = {'custom_issues': [], 'issue_id': '205674', 'issue_key': 'AAFAIA-166', 'issues': [['AABIS-1', '914565', 'AABIS'], ['AA...', 'AABIS'], ['AABIS-4', '914568', 'AABIS'], ['AABIS-5', '914569', 'AABIS'], ['AABIS-6', '914570', 'AABIS'], ...], ...}
jira_screen_shots = None

    def test_1_selenium_zscale_view_test_cycle_in_issue_view(jira_webdriver, jira_datasets, jira_screen_shots):
>       extension_ui.zscale_view_test_cycle_in_issue_view(jira_webdriver, jira_datasets)

selenium_ui/jira_ui.py:72: 
_ _ _ _ _ _ _ _ _ _ _ _ _ _ _ _ _ _ _ _ _ _ _ _ _ _ _ _ _ _ _ _ _ _ _ _ _ _ _ _ 
extension/jira/extension_ui.py:67: in zscale_view_test_cycle_in_issue_view
    measure()
_ _ _ _ _ _ _ _ _ _ _ _ _ _ _ _ _ _ _ _ _ _ _ _ _ _ _ _ _ _ _ _ _ _ _ _ _ _ _ _ 

args = (), kwargs = {}, node_ip = '', start = 1686306594.4973881
error_msg = 'Failed measure: zephyr_scale_view_test_cycle_in_issue_view - TimeoutException'
full_exception = TimeoutException(), success = False
exc_type = <class 'selenium.common.exceptions.TimeoutException'>
end = 1686306615.1303391, timing = '20632'
lockfile = '/dc-app-performance-toolkit/app/results/jira/2023-06-09_10-23-15/selenium.jtl.lock'

    @functools.wraps(func)
    def wrapper(*args, **kwargs):
        if LOGIN_ACTION_NAME in interaction:
            globals.login_failed = False
        if globals.login_failed:
            pytest.skip("login is failed")
        node_ip = ""
        start = time.time()
        error_msg = 'Success'
        full_exception = ''
        if args:
            driver = [arg for arg in args if isinstance(arg, Chrome)]
            node_ip = "" if not driver else getattr(driver[0], "node_ip", "")
        try:
            func(*args, **kwargs)
            success = True
        except Exception:
            success = False
            # https://docs.python.org/2/library/sys.html#sys.exc_info
            exc_type, full_exception = sys.exc_info()[:2]
            error_msg = f"Failed measure: {interaction} - {exc_type.__name__}"
        end = time.time()
        timing = str(int((end - start) * 1000))
    
        lockfile = f'{selenium_results_file}.lock'
    
        with filelock.SoftFileLock(lockfile):
            with open(selenium_results_file, "a+") as jtl_file:
                timestamp = round(time.time() * 1000)
                if explicit_timing:
                    jtl_file.write(f"{timestamp},{explicit_timing*1000},{interaction},,{error_msg},"
                                   f",{success},0,0,0,0,,0\n")
                else:
                    jtl_file.write(f"{timestamp},{timing},{interaction},,{error_msg}"
                                   f",,{success},0,0,0,0,{node_ip},0\n")
    
        print(f"{timestamp},{timing},{interaction},{error_msg},{success},{node_ip}")
    
        if not success:
            if LOGIN_ACTION_NAME in interaction:
                globals.login_failed = True
>           raise Exception(error_msg, full_exception)
E           Exception: ('Failed measure: zephyr_scale_view_test_cycle_in_issue_view - TimeoutException', TimeoutException())

selenium_ui/conftest.py:171: Exception
06-09-2023, 10:30:36, 1686306636232, Action: test_1_selenium_zscale_view_test_plan_in_issue_view, Error: jira_webdriver = <selenium.webdriver.chrome.webdriver.WebDriver (session="3d79493cb96f6fbd622ed69a5a6ca15d")>
jira_datasets = {'custom_issues': [], 'issue_id': '205674', 'issue_key': 'AAFAIA-166', 'issues': [['AABIS-1', '914565', 'AABIS'], ['AA...', 'AABIS'], ['AABIS-4', '914568', 'AABIS'], ['AABIS-5', '914569', 'AABIS'], ['AABIS-6', '914570', 'AABIS'], ...], ...}
jira_screen_shots = None

    def test_1_selenium_zscale_view_test_plan_in_issue_view(jira_webdriver, jira_datasets, jira_screen_shots):
>       extension_ui.zscale_view_test_plan_in_issue_view(jira_webdriver, jira_datasets)

selenium_ui/jira_ui.py:75: 
_ _ _ _ _ _ _ _ _ _ _ _ _ _ _ _ _ _ _ _ _ _ _ _ _ _ _ _ _ _ _ _ _ _ _ _ _ _ _ _ 
extension/jira/extension_ui.py:79: in zscale_view_test_plan_in_issue_view
    measure()
_ _ _ _ _ _ _ _ _ _ _ _ _ _ _ _ _ _ _ _ _ _ _ _ _ _ _ _ _ _ _ _ _ _ _ _ _ _ _ _ 

args = (), kwargs = {}, node_ip = '', start = 1686306615.5846884
error_msg = 'Failed measure: zephyr_scale_view_test_plan_in_issue_view - TimeoutException'
full_exception = TimeoutException(), success = False
exc_type = <class 'selenium.common.exceptions.TimeoutException'>
end = 1686306636.2211566, timing = '20636'
lockfile = '/dc-app-performance-toolkit/app/results/jira/2023-06-09_10-23-15/selenium.jtl.lock'

    @functools.wraps(func)
    def wrapper(*args, **kwargs):
        if LOGIN_ACTION_NAME in interaction:
            globals.login_failed = False
        if globals.login_failed:
            pytest.skip("login is failed")
        node_ip = ""
        start = time.time()
        error_msg = 'Success'
        full_exception = ''
        if args:
            driver = [arg for arg in args if isinstance(arg, Chrome)]
            node_ip = "" if not driver else getattr(driver[0], "node_ip", "")
        try:
            func(*args, **kwargs)
            success = True
        except Exception:
            success = False
            # https://docs.python.org/2/library/sys.html#sys.exc_info
            exc_type, full_exception = sys.exc_info()[:2]
            error_msg = f"Failed measure: {interaction} - {exc_type.__name__}"
        end = time.time()
        timing = str(int((end - start) * 1000))
    
        lockfile = f'{selenium_results_file}.lock'
    
        with filelock.SoftFileLock(lockfile):
            with open(selenium_results_file, "a+") as jtl_file:
                timestamp = round(time.time() * 1000)
                if explicit_timing:
                    jtl_file.write(f"{timestamp},{explicit_timing*1000},{interaction},,{error_msg},"
                                   f",{success},0,0,0,0,,0\n")
                else:
                    jtl_file.write(f"{timestamp},{timing},{interaction},,{error_msg}"
                                   f",,{success},0,0,0,0,{node_ip},0\n")
    
        print(f"{timestamp},{timing},{interaction},{error_msg},{success},{node_ip}")
    
        if not success:
            if LOGIN_ACTION_NAME in interaction:
                globals.login_failed = True
>           raise Exception(error_msg, full_exception)
E           Exception: ('Failed measure: zephyr_scale_view_test_plan_in_issue_view - TimeoutException', TimeoutException())

selenium_ui/conftest.py:171: Exception
06-09-2023, 10:31:11, 1686306671370, Action: test_1_selenium_zscale_view_test_case_in_issue_view, Error: jira_webdriver = <selenium.webdriver.chrome.webdriver.WebDriver (session="3d79493cb96f6fbd622ed69a5a6ca15d")>
jira_datasets = {'custom_issues': [], 'issue_id': '209427', 'issue_key': 'AAFAIA-3919', 'issues': [['AABIS-1', '914565', 'AABIS'], ['A...', 'AABIS'], ['AABIS-4', '914568', 'AABIS'], ['AABIS-5', '914569', 'AABIS'], ['AABIS-6', '914570', 'AABIS'], ...], ...}
jira_screen_shots = None

    def test_1_selenium_zscale_view_test_case_in_issue_view(jira_webdriver, jira_datasets, jira_screen_shots):
>       extension_ui.zscale_view_test_case_in_issue_view(jira_webdriver, jira_datasets)

selenium_ui/jira_ui.py:69: 
_ _ _ _ _ _ _ _ _ _ _ _ _ _ _ _ _ _ _ _ _ _ _ _ _ _ _ _ _ _ _ _ _ _ _ _ _ _ _ _ 
extension/jira/extension_ui.py:55: in zscale_view_test_case_in_issue_view
    measure()
_ _ _ _ _ _ _ _ _ _ _ _ _ _ _ _ _ _ _ _ _ _ _ _ _ _ _ _ _ _ _ _ _ _ _ _ _ _ _ _ 

args = (), kwargs = {}, node_ip = '', start = 1686306651.1125002
error_msg = 'Failed measure: zephyr_scale_view_test_case_in_issue_view - TimeoutException'
full_exception = TimeoutException(), success = False
exc_type = <class 'selenium.common.exceptions.TimeoutException'>
end = 1686306671.3585196, timing = '20246'
lockfile = '/dc-app-performance-toolkit/app/results/jira/2023-06-09_10-23-15/selenium.jtl.lock'

    @functools.wraps(func)
    def wrapper(*args, **kwargs):
        if LOGIN_ACTION_NAME in interaction:
            globals.login_failed = False
        if globals.login_failed:
            pytest.skip("login is failed")
        node_ip = ""
        start = time.time()
        error_msg = 'Success'
        full_exception = ''
        if args:
            driver = [arg for arg in args if isinstance(arg, Chrome)]
            node_ip = "" if not driver else getattr(driver[0], "node_ip", "")
        try:
            func(*args, **kwargs)
            success = True
        except Exception:
            success = False
            # https://docs.python.org/2/library/sys.html#sys.exc_info
            exc_type, full_exception = sys.exc_info()[:2]
            error_msg = f"Failed measure: {interaction} - {exc_type.__name__}"
        end = time.time()
        timing = str(int((end - start) * 1000))
    
        lockfile = f'{selenium_results_file}.lock'
    
        with filelock.SoftFileLock(lockfile):
            with open(selenium_results_file, "a+") as jtl_file:
                timestamp = round(time.time() * 1000)
                if explicit_timing:
                    jtl_file.write(f"{timestamp},{explicit_timing*1000},{interaction},,{error_msg},"
                                   f",{success},0,0,0,0,,0\n")
                else:
                    jtl_file.write(f"{timestamp},{timing},{interaction},,{error_msg}"
                                   f",,{success},0,0,0,0,{node_ip},0\n")
    
        print(f"{timestamp},{timing},{interaction},{error_msg},{success},{node_ip}")
    
        if not success:
            if LOGIN_ACTION_NAME in interaction:
                globals.login_failed = True
>           raise Exception(error_msg, full_exception)
E           Exception: ('Failed measure: zephyr_scale_view_test_case_in_issue_view - TimeoutException', TimeoutException())

selenium_ui/conftest.py:171: Exception
06-09-2023, 10:31:32, 1686306692173, Action: test_1_selenium_zscale_view_test_cycle_in_issue_view, Error: jira_webdriver = <selenium.webdriver.chrome.webdriver.WebDriver (session="3d79493cb96f6fbd622ed69a5a6ca15d")>
jira_datasets = {'custom_issues': [], 'issue_id': '209427', 'issue_key': 'AAFAIA-3919', 'issues': [['AABIS-1', '914565', 'AABIS'], ['A...', 'AABIS'], ['AABIS-4', '914568', 'AABIS'], ['AABIS-5', '914569', 'AABIS'], ['AABIS-6', '914570', 'AABIS'], ...], ...}
jira_screen_shots = None

    def test_1_selenium_zscale_view_test_cycle_in_issue_view(jira_webdriver, jira_datasets, jira_screen_shots):
>       extension_ui.zscale_view_test_cycle_in_issue_view(jira_webdriver, jira_datasets)

selenium_ui/jira_ui.py:72: 
_ _ _ _ _ _ _ _ _ _ _ _ _ _ _ _ _ _ _ _ _ _ _ _ _ _ _ _ _ _ _ _ _ _ _ _ _ _ _ _ 
extension/jira/extension_ui.py:67: in zscale_view_test_cycle_in_issue_view
    measure()
_ _ _ _ _ _ _ _ _ _ _ _ _ _ _ _ _ _ _ _ _ _ _ _ _ _ _ _ _ _ _ _ _ _ _ _ _ _ _ _ 

args = (), kwargs = {}, node_ip = '', start = 1686306671.8390288
error_msg = 'Failed measure: zephyr_scale_view_test_cycle_in_issue_view - TimeoutException'
full_exception = TimeoutException(), success = False
exc_type = <class 'selenium.common.exceptions.TimeoutException'>
end = 1686306692.162841, timing = '20323'
lockfile = '/dc-app-performance-toolkit/app/results/jira/2023-06-09_10-23-15/selenium.jtl.lock'

    @functools.wraps(func)
    def wrapper(*args, **kwargs):
        if LOGIN_ACTION_NAME in interaction:
            globals.login_failed = False
        if globals.login_failed:
            pytest.skip("login is failed")
        node_ip = ""
        start = time.time()
        error_msg = 'Success'
        full_exception = ''
        if args:
            driver = [arg for arg in args if isinstance(arg, Chrome)]
            node_ip = "" if not driver else getattr(driver[0], "node_ip", "")
        try:
            func(*args, **kwargs)
            success = True
        except Exception:
            success = False
            # https://docs.python.org/2/library/sys.html#sys.exc_info
            exc_type, full_exception = sys.exc_info()[:2]
            error_msg = f"Failed measure: {interaction} - {exc_type.__name__}"
        end = time.time()
        timing = str(int((end - start) * 1000))
    
        lockfile = f'{selenium_results_file}.lock'
    
        with filelock.SoftFileLock(lockfile):
            with open(selenium_results_file, "a+") as jtl_file:
                timestamp = round(time.time() * 1000)
                if explicit_timing:
                    jtl_file.write(f"{timestamp},{explicit_timing*1000},{interaction},,{error_msg},"
                                   f",{success},0,0,0,0,,0\n")
                else:
                    jtl_file.write(f"{timestamp},{timing},{interaction},,{error_msg}"
                                   f",,{success},0,0,0,0,{node_ip},0\n")
    
        print(f"{timestamp},{timing},{interaction},{error_msg},{success},{node_ip}")
    
        if not success:
            if LOGIN_ACTION_NAME in interaction:
                globals.login_failed = True
>           raise Exception(error_msg, full_exception)
E           Exception: ('Failed measure: zephyr_scale_view_test_cycle_in_issue_view - TimeoutException', TimeoutException())

selenium_ui/conftest.py:171: Exception
06-09-2023, 10:31:52, 1686306712943, Action: test_1_selenium_zscale_view_test_plan_in_issue_view, Error: jira_webdriver = <selenium.webdriver.chrome.webdriver.WebDriver (session="3d79493cb96f6fbd622ed69a5a6ca15d")>
jira_datasets = {'custom_issues': [], 'issue_id': '209427', 'issue_key': 'AAFAIA-3919', 'issues': [['AABIS-1', '914565', 'AABIS'], ['A...', 'AABIS'], ['AABIS-4', '914568', 'AABIS'], ['AABIS-5', '914569', 'AABIS'], ['AABIS-6', '914570', 'AABIS'], ...], ...}
jira_screen_shots = None

    def test_1_selenium_zscale_view_test_plan_in_issue_view(jira_webdriver, jira_datasets, jira_screen_shots):
>       extension_ui.zscale_view_test_plan_in_issue_view(jira_webdriver, jira_datasets)

selenium_ui/jira_ui.py:75: 
_ _ _ _ _ _ _ _ _ _ _ _ _ _ _ _ _ _ _ _ _ _ _ _ _ _ _ _ _ _ _ _ _ _ _ _ _ _ _ _ 
extension/jira/extension_ui.py:79: in zscale_view_test_plan_in_issue_view
    measure()
_ _ _ _ _ _ _ _ _ _ _ _ _ _ _ _ _ _ _ _ _ _ _ _ _ _ _ _ _ _ _ _ _ _ _ _ _ _ _ _ 

args = (), kwargs = {}, node_ip = '', start = 1686306692.6271443
error_msg = 'Failed measure: zephyr_scale_view_test_plan_in_issue_view - TimeoutException'
full_exception = TimeoutException(), success = False
exc_type = <class 'selenium.common.exceptions.TimeoutException'>
end = 1686306712.9324222, timing = '20305'
lockfile = '/dc-app-performance-toolkit/app/results/jira/2023-06-09_10-23-15/selenium.jtl.lock'

    @functools.wraps(func)
    def wrapper(*args, **kwargs):
        if LOGIN_ACTION_NAME in interaction:
            globals.login_failed = False
        if globals.login_failed:
            pytest.skip("login is failed")
        node_ip = ""
        start = time.time()
        error_msg = 'Success'
        full_exception = ''
        if args:
            driver = [arg for arg in args if isinstance(arg, Chrome)]
            node_ip = "" if not driver else getattr(driver[0], "node_ip", "")
        try:
            func(*args, **kwargs)
            success = True
        except Exception:
            success = False
            # https://docs.python.org/2/library/sys.html#sys.exc_info
            exc_type, full_exception = sys.exc_info()[:2]
            error_msg = f"Failed measure: {interaction} - {exc_type.__name__}"
        end = time.time()
        timing = str(int((end - start) * 1000))
    
        lockfile = f'{selenium_results_file}.lock'
    
        with filelock.SoftFileLock(lockfile):
            with open(selenium_results_file, "a+") as jtl_file:
                timestamp = round(time.time() * 1000)
                if explicit_timing:
                    jtl_file.write(f"{timestamp},{explicit_timing*1000},{interaction},,{error_msg},"
                                   f",{success},0,0,0,0,,0\n")
                else:
                    jtl_file.write(f"{timestamp},{timing},{interaction},,{error_msg}"
                                   f",,{success},0,0,0,0,{node_ip},0\n")
    
        print(f"{timestamp},{timing},{interaction},{error_msg},{success},{node_ip}")
    
        if not success:
            if LOGIN_ACTION_NAME in interaction:
                globals.login_failed = True
>           raise Exception(error_msg, full_exception)
E           Exception: ('Failed measure: zephyr_scale_view_test_plan_in_issue_view - TimeoutException', TimeoutException())

selenium_ui/conftest.py:171: Exception
06-09-2023, 10:32:28, 1686306748378, Action: test_1_selenium_zscale_view_test_case_in_issue_view, Error: jira_webdriver = <selenium.webdriver.chrome.webdriver.WebDriver (session="3d79493cb96f6fbd622ed69a5a6ca15d")>
jira_datasets = {'custom_issues': [], 'issue_id': '914963', 'issue_key': 'AABIS-399', 'issues': [['AABIS-1', '914565', 'AABIS'], ['AAB...', 'AABIS'], ['AABIS-4', '914568', 'AABIS'], ['AABIS-5', '914569', 'AABIS'], ['AABIS-6', '914570', 'AABIS'], ...], ...}
jira_screen_shots = None

    def test_1_selenium_zscale_view_test_case_in_issue_view(jira_webdriver, jira_datasets, jira_screen_shots):
>       extension_ui.zscale_view_test_case_in_issue_view(jira_webdriver, jira_datasets)

selenium_ui/jira_ui.py:69: 
_ _ _ _ _ _ _ _ _ _ _ _ _ _ _ _ _ _ _ _ _ _ _ _ _ _ _ _ _ _ _ _ _ _ _ _ _ _ _ _ 
extension/jira/extension_ui.py:55: in zscale_view_test_case_in_issue_view
    measure()
_ _ _ _ _ _ _ _ _ _ _ _ _ _ _ _ _ _ _ _ _ _ _ _ _ _ _ _ _ _ _ _ _ _ _ _ _ _ _ _ 

args = (), kwargs = {}, node_ip = '', start = 1686306727.8477402
error_msg = 'Failed measure: zephyr_scale_view_test_case_in_issue_view - TimeoutException'
full_exception = TimeoutException(), success = False
exc_type = <class 'selenium.common.exceptions.TimeoutException'>
end = 1686306748.3675375, timing = '20519'
lockfile = '/dc-app-performance-toolkit/app/results/jira/2023-06-09_10-23-15/selenium.jtl.lock'

    @functools.wraps(func)
    def wrapper(*args, **kwargs):
        if LOGIN_ACTION_NAME in interaction:
            globals.login_failed = False
        if globals.login_failed:
            pytest.skip("login is failed")
        node_ip = ""
        start = time.time()
        error_msg = 'Success'
        full_exception = ''
        if args:
            driver = [arg for arg in args if isinstance(arg, Chrome)]
            node_ip = "" if not driver else getattr(driver[0], "node_ip", "")
        try:
            func(*args, **kwargs)
            success = True
        except Exception:
            success = False
            # https://docs.python.org/2/library/sys.html#sys.exc_info
            exc_type, full_exception = sys.exc_info()[:2]
            error_msg = f"Failed measure: {interaction} - {exc_type.__name__}"
        end = time.time()
        timing = str(int((end - start) * 1000))
    
        lockfile = f'{selenium_results_file}.lock'
    
        with filelock.SoftFileLock(lockfile):
            with open(selenium_results_file, "a+") as jtl_file:
                timestamp = round(time.time() * 1000)
                if explicit_timing:
                    jtl_file.write(f"{timestamp},{explicit_timing*1000},{interaction},,{error_msg},"
                                   f",{success},0,0,0,0,,0\n")
                else:
                    jtl_file.write(f"{timestamp},{timing},{interaction},,{error_msg}"
                                   f",,{success},0,0,0,0,{node_ip},0\n")
    
        print(f"{timestamp},{timing},{interaction},{error_msg},{success},{node_ip}")
    
        if not success:
            if LOGIN_ACTION_NAME in interaction:
                globals.login_failed = True
>           raise Exception(error_msg, full_exception)
E           Exception: ('Failed measure: zephyr_scale_view_test_case_in_issue_view - TimeoutException', TimeoutException())

selenium_ui/conftest.py:171: Exception
06-09-2023, 10:32:49, 1686306769444, Action: test_1_selenium_zscale_view_test_cycle_in_issue_view, Error: jira_webdriver = <selenium.webdriver.chrome.webdriver.WebDriver (session="3d79493cb96f6fbd622ed69a5a6ca15d")>
jira_datasets = {'custom_issues': [], 'issue_id': '914963', 'issue_key': 'AABIS-399', 'issues': [['AABIS-1', '914565', 'AABIS'], ['AAB...', 'AABIS'], ['AABIS-4', '914568', 'AABIS'], ['AABIS-5', '914569', 'AABIS'], ['AABIS-6', '914570', 'AABIS'], ...], ...}
jira_screen_shots = None

    def test_1_selenium_zscale_view_test_cycle_in_issue_view(jira_webdriver, jira_datasets, jira_screen_shots):
>       extension_ui.zscale_view_test_cycle_in_issue_view(jira_webdriver, jira_datasets)

selenium_ui/jira_ui.py:72: 
_ _ _ _ _ _ _ _ _ _ _ _ _ _ _ _ _ _ _ _ _ _ _ _ _ _ _ _ _ _ _ _ _ _ _ _ _ _ _ _ 
extension/jira/extension_ui.py:67: in zscale_view_test_cycle_in_issue_view
    measure()
_ _ _ _ _ _ _ _ _ _ _ _ _ _ _ _ _ _ _ _ _ _ _ _ _ _ _ _ _ _ _ _ _ _ _ _ _ _ _ _ 

args = (), kwargs = {}, node_ip = '', start = 1686306748.8643453
error_msg = 'Failed measure: zephyr_scale_view_test_cycle_in_issue_view - TimeoutException'
full_exception = TimeoutException(), success = False
exc_type = <class 'selenium.common.exceptions.TimeoutException'>
end = 1686306769.4336622, timing = '20569'
lockfile = '/dc-app-performance-toolkit/app/results/jira/2023-06-09_10-23-15/selenium.jtl.lock'

    @functools.wraps(func)
    def wrapper(*args, **kwargs):
        if LOGIN_ACTION_NAME in interaction:
            globals.login_failed = False
        if globals.login_failed:
            pytest.skip("login is failed")
        node_ip = ""
        start = time.time()
        error_msg = 'Success'
        full_exception = ''
        if args:
            driver = [arg for arg in args if isinstance(arg, Chrome)]
            node_ip = "" if not driver else getattr(driver[0], "node_ip", "")
        try:
            func(*args, **kwargs)
            success = True
        except Exception:
            success = False
            # https://docs.python.org/2/library/sys.html#sys.exc_info
            exc_type, full_exception = sys.exc_info()[:2]
            error_msg = f"Failed measure: {interaction} - {exc_type.__name__}"
        end = time.time()
        timing = str(int((end - start) * 1000))
    
        lockfile = f'{selenium_results_file}.lock'
    
        with filelock.SoftFileLock(lockfile):
            with open(selenium_results_file, "a+") as jtl_file:
                timestamp = round(time.time() * 1000)
                if explicit_timing:
                    jtl_file.write(f"{timestamp},{explicit_timing*1000},{interaction},,{error_msg},"
                                   f",{success},0,0,0,0,,0\n")
                else:
                    jtl_file.write(f"{timestamp},{timing},{interaction},,{error_msg}"
                                   f",,{success},0,0,0,0,{node_ip},0\n")
    
        print(f"{timestamp},{timing},{interaction},{error_msg},{success},{node_ip}")
    
        if not success:
            if LOGIN_ACTION_NAME in interaction:
                globals.login_failed = True
>           raise Exception(error_msg, full_exception)
E           Exception: ('Failed measure: zephyr_scale_view_test_cycle_in_issue_view - TimeoutException', TimeoutException())

selenium_ui/conftest.py:171: Exception
06-09-2023, 10:33:10, 1686306790525, Action: test_1_selenium_zscale_view_test_plan_in_issue_view, Error: jira_webdriver = <selenium.webdriver.chrome.webdriver.WebDriver (session="3d79493cb96f6fbd622ed69a5a6ca15d")>
jira_datasets = {'custom_issues': [], 'issue_id': '914963', 'issue_key': 'AABIS-399', 'issues': [['AABIS-1', '914565', 'AABIS'], ['AAB...', 'AABIS'], ['AABIS-4', '914568', 'AABIS'], ['AABIS-5', '914569', 'AABIS'], ['AABIS-6', '914570', 'AABIS'], ...], ...}
jira_screen_shots = None

    def test_1_selenium_zscale_view_test_plan_in_issue_view(jira_webdriver, jira_datasets, jira_screen_shots):
>       extension_ui.zscale_view_test_plan_in_issue_view(jira_webdriver, jira_datasets)

selenium_ui/jira_ui.py:75: 
_ _ _ _ _ _ _ _ _ _ _ _ _ _ _ _ _ _ _ _ _ _ _ _ _ _ _ _ _ _ _ _ _ _ _ _ _ _ _ _ 
extension/jira/extension_ui.py:79: in zscale_view_test_plan_in_issue_view
    measure()
_ _ _ _ _ _ _ _ _ _ _ _ _ _ _ _ _ _ _ _ _ _ _ _ _ _ _ _ _ _ _ _ _ _ _ _ _ _ _ _ 

args = (), kwargs = {}, node_ip = '', start = 1686306769.9528885
error_msg = 'Failed measure: zephyr_scale_view_test_plan_in_issue_view - TimeoutException'
full_exception = TimeoutException(), success = False
exc_type = <class 'selenium.common.exceptions.TimeoutException'>
end = 1686306790.4911816, timing = '20538'
lockfile = '/dc-app-performance-toolkit/app/results/jira/2023-06-09_10-23-15/selenium.jtl.lock'

    @functools.wraps(func)
    def wrapper(*args, **kwargs):
        if LOGIN_ACTION_NAME in interaction:
            globals.login_failed = False
        if globals.login_failed:
            pytest.skip("login is failed")
        node_ip = ""
        start = time.time()
        error_msg = 'Success'
        full_exception = ''
        if args:
            driver = [arg for arg in args if isinstance(arg, Chrome)]
            node_ip = "" if not driver else getattr(driver[0], "node_ip", "")
        try:
            func(*args, **kwargs)
            success = True
        except Exception:
            success = False
            # https://docs.python.org/2/library/sys.html#sys.exc_info
            exc_type, full_exception = sys.exc_info()[:2]
            error_msg = f"Failed measure: {interaction} - {exc_type.__name__}"
        end = time.time()
        timing = str(int((end - start) * 1000))
    
        lockfile = f'{selenium_results_file}.lock'
    
        with filelock.SoftFileLock(lockfile):
            with open(selenium_results_file, "a+") as jtl_file:
                timestamp = round(time.time() * 1000)
                if explicit_timing:
                    jtl_file.write(f"{timestamp},{explicit_timing*1000},{interaction},,{error_msg},"
                                   f",{success},0,0,0,0,,0\n")
                else:
                    jtl_file.write(f"{timestamp},{timing},{interaction},,{error_msg}"
                                   f",,{success},0,0,0,0,{node_ip},0\n")
    
        print(f"{timestamp},{timing},{interaction},{error_msg},{success},{node_ip}")
    
        if not success:
            if LOGIN_ACTION_NAME in interaction:
                globals.login_failed = True
>           raise Exception(error_msg, full_exception)
E           Exception: ('Failed measure: zephyr_scale_view_test_plan_in_issue_view - TimeoutException', TimeoutException())

selenium_ui/conftest.py:171: Exception
06-09-2023, 10:33:47, 1686306827239, Action: test_1_selenium_zscale_view_test_case_in_issue_view, Error: jira_webdriver = <selenium.webdriver.chrome.webdriver.WebDriver (session="3d79493cb96f6fbd622ed69a5a6ca15d")>
jira_datasets = {'custom_issues': [], 'issue_id': '206378', 'issue_key': 'AAFAIA-870', 'issues': [['AABIS-1', '914565', 'AABIS'], ['AA...', 'AABIS'], ['AABIS-4', '914568', 'AABIS'], ['AABIS-5', '914569', 'AABIS'], ['AABIS-6', '914570', 'AABIS'], ...], ...}
jira_screen_shots = None

    def test_1_selenium_zscale_view_test_case_in_issue_view(jira_webdriver, jira_datasets, jira_screen_shots):
>       extension_ui.zscale_view_test_case_in_issue_view(jira_webdriver, jira_datasets)

selenium_ui/jira_ui.py:69: 
_ _ _ _ _ _ _ _ _ _ _ _ _ _ _ _ _ _ _ _ _ _ _ _ _ _ _ _ _ _ _ _ _ _ _ _ _ _ _ _ 
extension/jira/extension_ui.py:55: in zscale_view_test_case_in_issue_view
    measure()
_ _ _ _ _ _ _ _ _ _ _ _ _ _ _ _ _ _ _ _ _ _ _ _ _ _ _ _ _ _ _ _ _ _ _ _ _ _ _ _ 

args = (), kwargs = {}, node_ip = '', start = 1686306806.526168
error_msg = 'Failed measure: zephyr_scale_view_test_case_in_issue_view - TimeoutException'
full_exception = TimeoutException(), success = False
exc_type = <class 'selenium.common.exceptions.TimeoutException'>
end = 1686306827.2279027, timing = '20701'
lockfile = '/dc-app-performance-toolkit/app/results/jira/2023-06-09_10-23-15/selenium.jtl.lock'

    @functools.wraps(func)
    def wrapper(*args, **kwargs):
        if LOGIN_ACTION_NAME in interaction:
            globals.login_failed = False
        if globals.login_failed:
            pytest.skip("login is failed")
        node_ip = ""
        start = time.time()
        error_msg = 'Success'
        full_exception = ''
        if args:
            driver = [arg for arg in args if isinstance(arg, Chrome)]
            node_ip = "" if not driver else getattr(driver[0], "node_ip", "")
        try:
            func(*args, **kwargs)
            success = True
        except Exception:
            success = False
            # https://docs.python.org/2/library/sys.html#sys.exc_info
            exc_type, full_exception = sys.exc_info()[:2]
            error_msg = f"Failed measure: {interaction} - {exc_type.__name__}"
        end = time.time()
        timing = str(int((end - start) * 1000))
    
        lockfile = f'{selenium_results_file}.lock'
    
        with filelock.SoftFileLock(lockfile):
            with open(selenium_results_file, "a+") as jtl_file:
                timestamp = round(time.time() * 1000)
                if explicit_timing:
                    jtl_file.write(f"{timestamp},{explicit_timing*1000},{interaction},,{error_msg},"
                                   f",{success},0,0,0,0,,0\n")
                else:
                    jtl_file.write(f"{timestamp},{timing},{interaction},,{error_msg}"
                                   f",,{success},0,0,0,0,{node_ip},0\n")
    
        print(f"{timestamp},{timing},{interaction},{error_msg},{success},{node_ip}")
    
        if not success:
            if LOGIN_ACTION_NAME in interaction:
                globals.login_failed = True
>           raise Exception(error_msg, full_exception)
E           Exception: ('Failed measure: zephyr_scale_view_test_case_in_issue_view - TimeoutException', TimeoutException())

selenium_ui/conftest.py:171: Exception
06-09-2023, 10:34:08, 1686306848492, Action: test_1_selenium_zscale_view_test_cycle_in_issue_view, Error: jira_webdriver = <selenium.webdriver.chrome.webdriver.WebDriver (session="3d79493cb96f6fbd622ed69a5a6ca15d")>
jira_datasets = {'custom_issues': [], 'issue_id': '206378', 'issue_key': 'AAFAIA-870', 'issues': [['AABIS-1', '914565', 'AABIS'], ['AA...', 'AABIS'], ['AABIS-4', '914568', 'AABIS'], ['AABIS-5', '914569', 'AABIS'], ['AABIS-6', '914570', 'AABIS'], ...], ...}
jira_screen_shots = None

    def test_1_selenium_zscale_view_test_cycle_in_issue_view(jira_webdriver, jira_datasets, jira_screen_shots):
>       extension_ui.zscale_view_test_cycle_in_issue_view(jira_webdriver, jira_datasets)

selenium_ui/jira_ui.py:72: 
_ _ _ _ _ _ _ _ _ _ _ _ _ _ _ _ _ _ _ _ _ _ _ _ _ _ _ _ _ _ _ _ _ _ _ _ _ _ _ _ 
extension/jira/extension_ui.py:67: in zscale_view_test_cycle_in_issue_view
    measure()
_ _ _ _ _ _ _ _ _ _ _ _ _ _ _ _ _ _ _ _ _ _ _ _ _ _ _ _ _ _ _ _ _ _ _ _ _ _ _ _ 

args = (), kwargs = {}, node_ip = '', start = 1686306827.6899476
error_msg = 'Failed measure: zephyr_scale_view_test_cycle_in_issue_view - TimeoutException'
full_exception = TimeoutException(), success = False
exc_type = <class 'selenium.common.exceptions.TimeoutException'>
end = 1686306848.4807343, timing = '20790'
lockfile = '/dc-app-performance-toolkit/app/results/jira/2023-06-09_10-23-15/selenium.jtl.lock'

    @functools.wraps(func)
    def wrapper(*args, **kwargs):
        if LOGIN_ACTION_NAME in interaction:
            globals.login_failed = False
        if globals.login_failed:
            pytest.skip("login is failed")
        node_ip = ""
        start = time.time()
        error_msg = 'Success'
        full_exception = ''
        if args:
            driver = [arg for arg in args if isinstance(arg, Chrome)]
            node_ip = "" if not driver else getattr(driver[0], "node_ip", "")
        try:
            func(*args, **kwargs)
            success = True
        except Exception:
            success = False
            # https://docs.python.org/2/library/sys.html#sys.exc_info
            exc_type, full_exception = sys.exc_info()[:2]
            error_msg = f"Failed measure: {interaction} - {exc_type.__name__}"
        end = time.time()
        timing = str(int((end - start) * 1000))
    
        lockfile = f'{selenium_results_file}.lock'
    
        with filelock.SoftFileLock(lockfile):
            with open(selenium_results_file, "a+") as jtl_file:
                timestamp = round(time.time() * 1000)
                if explicit_timing:
                    jtl_file.write(f"{timestamp},{explicit_timing*1000},{interaction},,{error_msg},"
                                   f",{success},0,0,0,0,,0\n")
                else:
                    jtl_file.write(f"{timestamp},{timing},{interaction},,{error_msg}"
                                   f",,{success},0,0,0,0,{node_ip},0\n")
    
        print(f"{timestamp},{timing},{interaction},{error_msg},{success},{node_ip}")
    
        if not success:
            if LOGIN_ACTION_NAME in interaction:
                globals.login_failed = True
>           raise Exception(error_msg, full_exception)
E           Exception: ('Failed measure: zephyr_scale_view_test_cycle_in_issue_view - TimeoutException', TimeoutException())

selenium_ui/conftest.py:171: Exception
06-09-2023, 10:34:29, 1686306869690, Action: test_1_selenium_zscale_view_test_plan_in_issue_view, Error: jira_webdriver = <selenium.webdriver.chrome.webdriver.WebDriver (session="3d79493cb96f6fbd622ed69a5a6ca15d")>
jira_datasets = {'custom_issues': [], 'issue_id': '206378', 'issue_key': 'AAFAIA-870', 'issues': [['AABIS-1', '914565', 'AABIS'], ['AA...', 'AABIS'], ['AABIS-4', '914568', 'AABIS'], ['AABIS-5', '914569', 'AABIS'], ['AABIS-6', '914570', 'AABIS'], ...], ...}
jira_screen_shots = None

    def test_1_selenium_zscale_view_test_plan_in_issue_view(jira_webdriver, jira_datasets, jira_screen_shots):
>       extension_ui.zscale_view_test_plan_in_issue_view(jira_webdriver, jira_datasets)

selenium_ui/jira_ui.py:75: 
_ _ _ _ _ _ _ _ _ _ _ _ _ _ _ _ _ _ _ _ _ _ _ _ _ _ _ _ _ _ _ _ _ _ _ _ _ _ _ _ 
extension/jira/extension_ui.py:79: in zscale_view_test_plan_in_issue_view
    measure()
_ _ _ _ _ _ _ _ _ _ _ _ _ _ _ _ _ _ _ _ _ _ _ _ _ _ _ _ _ _ _ _ _ _ _ _ _ _ _ _ 

args = (), kwargs = {}, node_ip = '', start = 1686306848.9640636
error_msg = 'Failed measure: zephyr_scale_view_test_plan_in_issue_view - TimeoutException'
full_exception = TimeoutException(), success = False
exc_type = <class 'selenium.common.exceptions.TimeoutException'>
end = 1686306869.6785314, timing = '20714'
lockfile = '/dc-app-performance-toolkit/app/results/jira/2023-06-09_10-23-15/selenium.jtl.lock'

    @functools.wraps(func)
    def wrapper(*args, **kwargs):
        if LOGIN_ACTION_NAME in interaction:
            globals.login_failed = False
        if globals.login_failed:
            pytest.skip("login is failed")
        node_ip = ""
        start = time.time()
        error_msg = 'Success'
        full_exception = ''
        if args:
            driver = [arg for arg in args if isinstance(arg, Chrome)]
            node_ip = "" if not driver else getattr(driver[0], "node_ip", "")
        try:
            func(*args, **kwargs)
            success = True
        except Exception:
            success = False
            # https://docs.python.org/2/library/sys.html#sys.exc_info
            exc_type, full_exception = sys.exc_info()[:2]
            error_msg = f"Failed measure: {interaction} - {exc_type.__name__}"
        end = time.time()
        timing = str(int((end - start) * 1000))
    
        lockfile = f'{selenium_results_file}.lock'
    
        with filelock.SoftFileLock(lockfile):
            with open(selenium_results_file, "a+") as jtl_file:
                timestamp = round(time.time() * 1000)
                if explicit_timing:
                    jtl_file.write(f"{timestamp},{explicit_timing*1000},{interaction},,{error_msg},"
                                   f",{success},0,0,0,0,,0\n")
                else:
                    jtl_file.write(f"{timestamp},{timing},{interaction},,{error_msg}"
                                   f",,{success},0,0,0,0,{node_ip},0\n")
    
        print(f"{timestamp},{timing},{interaction},{error_msg},{success},{node_ip}")
    
        if not success:
            if LOGIN_ACTION_NAME in interaction:
                globals.login_failed = True
>           raise Exception(error_msg, full_exception)
E           Exception: ('Failed measure: zephyr_scale_view_test_plan_in_issue_view - TimeoutException', TimeoutException())

selenium_ui/conftest.py:171: Exception
06-09-2023, 10:35:05, 1686306905599, Action: test_1_selenium_zscale_view_test_case_in_issue_view, Error: jira_webdriver = <selenium.webdriver.chrome.webdriver.WebDriver (session="3d79493cb96f6fbd622ed69a5a6ca15d")>
jira_datasets = {'custom_issues': [], 'issue_id': '915033', 'issue_key': 'AABIS-469', 'issues': [['AABIS-1', '914565', 'AABIS'], ['AAB...', 'AABIS'], ['AABIS-4', '914568', 'AABIS'], ['AABIS-5', '914569', 'AABIS'], ['AABIS-6', '914570', 'AABIS'], ...], ...}
jira_screen_shots = None

    def test_1_selenium_zscale_view_test_case_in_issue_view(jira_webdriver, jira_datasets, jira_screen_shots):
>       extension_ui.zscale_view_test_case_in_issue_view(jira_webdriver, jira_datasets)

selenium_ui/jira_ui.py:69: 
_ _ _ _ _ _ _ _ _ _ _ _ _ _ _ _ _ _ _ _ _ _ _ _ _ _ _ _ _ _ _ _ _ _ _ _ _ _ _ _ 
extension/jira/extension_ui.py:55: in zscale_view_test_case_in_issue_view
    measure()
_ _ _ _ _ _ _ _ _ _ _ _ _ _ _ _ _ _ _ _ _ _ _ _ _ _ _ _ _ _ _ _ _ _ _ _ _ _ _ _ 

args = (), kwargs = {}, node_ip = '', start = 1686306885.2672307
error_msg = 'Failed measure: zephyr_scale_view_test_case_in_issue_view - TimeoutException'
full_exception = TimeoutException(), success = False
exc_type = <class 'selenium.common.exceptions.TimeoutException'>
end = 1686306905.5874674, timing = '20320'
lockfile = '/dc-app-performance-toolkit/app/results/jira/2023-06-09_10-23-15/selenium.jtl.lock'

    @functools.wraps(func)
    def wrapper(*args, **kwargs):
        if LOGIN_ACTION_NAME in interaction:
            globals.login_failed = False
        if globals.login_failed:
            pytest.skip("login is failed")
        node_ip = ""
        start = time.time()
        error_msg = 'Success'
        full_exception = ''
        if args:
            driver = [arg for arg in args if isinstance(arg, Chrome)]
            node_ip = "" if not driver else getattr(driver[0], "node_ip", "")
        try:
            func(*args, **kwargs)
            success = True
        except Exception:
            success = False
            # https://docs.python.org/2/library/sys.html#sys.exc_info
            exc_type, full_exception = sys.exc_info()[:2]
            error_msg = f"Failed measure: {interaction} - {exc_type.__name__}"
        end = time.time()
        timing = str(int((end - start) * 1000))
    
        lockfile = f'{selenium_results_file}.lock'
    
        with filelock.SoftFileLock(lockfile):
            with open(selenium_results_file, "a+") as jtl_file:
                timestamp = round(time.time() * 1000)
                if explicit_timing:
                    jtl_file.write(f"{timestamp},{explicit_timing*1000},{interaction},,{error_msg},"
                                   f",{success},0,0,0,0,,0\n")
                else:
                    jtl_file.write(f"{timestamp},{timing},{interaction},,{error_msg}"
                                   f",,{success},0,0,0,0,{node_ip},0\n")
    
        print(f"{timestamp},{timing},{interaction},{error_msg},{success},{node_ip}")
    
        if not success:
            if LOGIN_ACTION_NAME in interaction:
                globals.login_failed = True
>           raise Exception(error_msg, full_exception)
E           Exception: ('Failed measure: zephyr_scale_view_test_case_in_issue_view - TimeoutException', TimeoutException())

selenium_ui/conftest.py:171: Exception
06-09-2023, 10:35:26, 1686306926499, Action: test_1_selenium_zscale_view_test_cycle_in_issue_view, Error: jira_webdriver = <selenium.webdriver.chrome.webdriver.WebDriver (session="3d79493cb96f6fbd622ed69a5a6ca15d")>
jira_datasets = {'custom_issues': [], 'issue_id': '915033', 'issue_key': 'AABIS-469', 'issues': [['AABIS-1', '914565', 'AABIS'], ['AAB...', 'AABIS'], ['AABIS-4', '914568', 'AABIS'], ['AABIS-5', '914569', 'AABIS'], ['AABIS-6', '914570', 'AABIS'], ...], ...}
jira_screen_shots = None

    def test_1_selenium_zscale_view_test_cycle_in_issue_view(jira_webdriver, jira_datasets, jira_screen_shots):
>       extension_ui.zscale_view_test_cycle_in_issue_view(jira_webdriver, jira_datasets)

selenium_ui/jira_ui.py:72: 
_ _ _ _ _ _ _ _ _ _ _ _ _ _ _ _ _ _ _ _ _ _ _ _ _ _ _ _ _ _ _ _ _ _ _ _ _ _ _ _ 
extension/jira/extension_ui.py:67: in zscale_view_test_cycle_in_issue_view
    measure()
_ _ _ _ _ _ _ _ _ _ _ _ _ _ _ _ _ _ _ _ _ _ _ _ _ _ _ _ _ _ _ _ _ _ _ _ _ _ _ _ 

args = (), kwargs = {}, node_ip = '', start = 1686306906.0731761
error_msg = 'Failed measure: zephyr_scale_view_test_cycle_in_issue_view - TimeoutException'
full_exception = TimeoutException(), success = False
exc_type = <class 'selenium.common.exceptions.TimeoutException'>
end = 1686306926.488452, timing = '20415'
lockfile = '/dc-app-performance-toolkit/app/results/jira/2023-06-09_10-23-15/selenium.jtl.lock'

    @functools.wraps(func)
    def wrapper(*args, **kwargs):
        if LOGIN_ACTION_NAME in interaction:
            globals.login_failed = False
        if globals.login_failed:
            pytest.skip("login is failed")
        node_ip = ""
        start = time.time()
        error_msg = 'Success'
        full_exception = ''
        if args:
            driver = [arg for arg in args if isinstance(arg, Chrome)]
            node_ip = "" if not driver else getattr(driver[0], "node_ip", "")
        try:
            func(*args, **kwargs)
            success = True
        except Exception:
            success = False
            # https://docs.python.org/2/library/sys.html#sys.exc_info
            exc_type, full_exception = sys.exc_info()[:2]
            error_msg = f"Failed measure: {interaction} - {exc_type.__name__}"
        end = time.time()
        timing = str(int((end - start) * 1000))
    
        lockfile = f'{selenium_results_file}.lock'
    
        with filelock.SoftFileLock(lockfile):
            with open(selenium_results_file, "a+") as jtl_file:
                timestamp = round(time.time() * 1000)
                if explicit_timing:
                    jtl_file.write(f"{timestamp},{explicit_timing*1000},{interaction},,{error_msg},"
                                   f",{success},0,0,0,0,,0\n")
                else:
                    jtl_file.write(f"{timestamp},{timing},{interaction},,{error_msg}"
                                   f",,{success},0,0,0,0,{node_ip},0\n")
    
        print(f"{timestamp},{timing},{interaction},{error_msg},{success},{node_ip}")
    
        if not success:
            if LOGIN_ACTION_NAME in interaction:
                globals.login_failed = True
>           raise Exception(error_msg, full_exception)
E           Exception: ('Failed measure: zephyr_scale_view_test_cycle_in_issue_view - TimeoutException', TimeoutException())

selenium_ui/conftest.py:171: Exception
06-09-2023, 10:35:47, 1686306947511, Action: test_1_selenium_zscale_view_test_plan_in_issue_view, Error: jira_webdriver = <selenium.webdriver.chrome.webdriver.WebDriver (session="3d79493cb96f6fbd622ed69a5a6ca15d")>
jira_datasets = {'custom_issues': [], 'issue_id': '915033', 'issue_key': 'AABIS-469', 'issues': [['AABIS-1', '914565', 'AABIS'], ['AAB...', 'AABIS'], ['AABIS-4', '914568', 'AABIS'], ['AABIS-5', '914569', 'AABIS'], ['AABIS-6', '914570', 'AABIS'], ...], ...}
jira_screen_shots = None

    def test_1_selenium_zscale_view_test_plan_in_issue_view(jira_webdriver, jira_datasets, jira_screen_shots):
>       extension_ui.zscale_view_test_plan_in_issue_view(jira_webdriver, jira_datasets)

selenium_ui/jira_ui.py:75: 
_ _ _ _ _ _ _ _ _ _ _ _ _ _ _ _ _ _ _ _ _ _ _ _ _ _ _ _ _ _ _ _ _ _ _ _ _ _ _ _ 
extension/jira/extension_ui.py:79: in zscale_view_test_plan_in_issue_view
    measure()
_ _ _ _ _ _ _ _ _ _ _ _ _ _ _ _ _ _ _ _ _ _ _ _ _ _ _ _ _ _ _ _ _ _ _ _ _ _ _ _ 

args = (), kwargs = {}, node_ip = '', start = 1686306927.0257585
error_msg = 'Failed measure: zephyr_scale_view_test_plan_in_issue_view - TimeoutException'
full_exception = TimeoutException(), success = False
exc_type = <class 'selenium.common.exceptions.TimeoutException'>
end = 1686306947.500169, timing = '20474'
lockfile = '/dc-app-performance-toolkit/app/results/jira/2023-06-09_10-23-15/selenium.jtl.lock'

    @functools.wraps(func)
    def wrapper(*args, **kwargs):
        if LOGIN_ACTION_NAME in interaction:
            globals.login_failed = False
        if globals.login_failed:
            pytest.skip("login is failed")
        node_ip = ""
        start = time.time()
        error_msg = 'Success'
        full_exception = ''
        if args:
            driver = [arg for arg in args if isinstance(arg, Chrome)]
            node_ip = "" if not driver else getattr(driver[0], "node_ip", "")
        try:
            func(*args, **kwargs)
            success = True
        except Exception:
            success = False
            # https://docs.python.org/2/library/sys.html#sys.exc_info
            exc_type, full_exception = sys.exc_info()[:2]
            error_msg = f"Failed measure: {interaction} - {exc_type.__name__}"
        end = time.time()
        timing = str(int((end - start) * 1000))
    
        lockfile = f'{selenium_results_file}.lock'
    
        with filelock.SoftFileLock(lockfile):
            with open(selenium_results_file, "a+") as jtl_file:
                timestamp = round(time.time() * 1000)
                if explicit_timing:
                    jtl_file.write(f"{timestamp},{explicit_timing*1000},{interaction},,{error_msg},"
                                   f",{success},0,0,0,0,,0\n")
                else:
                    jtl_file.write(f"{timestamp},{timing},{interaction},,{error_msg}"
                                   f",,{success},0,0,0,0,{node_ip},0\n")
    
        print(f"{timestamp},{timing},{interaction},{error_msg},{success},{node_ip}")
    
        if not success:
            if LOGIN_ACTION_NAME in interaction:
                globals.login_failed = True
>           raise Exception(error_msg, full_exception)
E           Exception: ('Failed measure: zephyr_scale_view_test_plan_in_issue_view - TimeoutException', TimeoutException())

selenium_ui/conftest.py:171: Exception
06-09-2023, 10:36:24, 1686306984181, Action: test_1_selenium_zscale_view_test_case_in_issue_view, Error: jira_webdriver = <selenium.webdriver.chrome.webdriver.WebDriver (session="3d79493cb96f6fbd622ed69a5a6ca15d")>
jira_datasets = {'custom_issues': [], 'issue_id': '207783', 'issue_key': 'AAFAIA-2275', 'issues': [['AABIS-1', '914565', 'AABIS'], ['A...', 'AABIS'], ['AABIS-4', '914568', 'AABIS'], ['AABIS-5', '914569', 'AABIS'], ['AABIS-6', '914570', 'AABIS'], ...], ...}
jira_screen_shots = None

    def test_1_selenium_zscale_view_test_case_in_issue_view(jira_webdriver, jira_datasets, jira_screen_shots):
>       extension_ui.zscale_view_test_case_in_issue_view(jira_webdriver, jira_datasets)

selenium_ui/jira_ui.py:69: 
_ _ _ _ _ _ _ _ _ _ _ _ _ _ _ _ _ _ _ _ _ _ _ _ _ _ _ _ _ _ _ _ _ _ _ _ _ _ _ _ 
extension/jira/extension_ui.py:55: in zscale_view_test_case_in_issue_view
    measure()
_ _ _ _ _ _ _ _ _ _ _ _ _ _ _ _ _ _ _ _ _ _ _ _ _ _ _ _ _ _ _ _ _ _ _ _ _ _ _ _ 

args = (), kwargs = {}, node_ip = '', start = 1686306963.6384363
error_msg = 'Failed measure: zephyr_scale_view_test_case_in_issue_view - TimeoutException'
full_exception = TimeoutException(), success = False
exc_type = <class 'selenium.common.exceptions.TimeoutException'>
end = 1686306984.169009, timing = '20530'
lockfile = '/dc-app-performance-toolkit/app/results/jira/2023-06-09_10-23-15/selenium.jtl.lock'

    @functools.wraps(func)
    def wrapper(*args, **kwargs):
        if LOGIN_ACTION_NAME in interaction:
            globals.login_failed = False
        if globals.login_failed:
            pytest.skip("login is failed")
        node_ip = ""
        start = time.time()
        error_msg = 'Success'
        full_exception = ''
        if args:
            driver = [arg for arg in args if isinstance(arg, Chrome)]
            node_ip = "" if not driver else getattr(driver[0], "node_ip", "")
        try:
            func(*args, **kwargs)
            success = True
        except Exception:
            success = False
            # https://docs.python.org/2/library/sys.html#sys.exc_info
            exc_type, full_exception = sys.exc_info()[:2]
            error_msg = f"Failed measure: {interaction} - {exc_type.__name__}"
        end = time.time()
        timing = str(int((end - start) * 1000))
    
        lockfile = f'{selenium_results_file}.lock'
    
        with filelock.SoftFileLock(lockfile):
            with open(selenium_results_file, "a+") as jtl_file:
                timestamp = round(time.time() * 1000)
                if explicit_timing:
                    jtl_file.write(f"{timestamp},{explicit_timing*1000},{interaction},,{error_msg},"
                                   f",{success},0,0,0,0,,0\n")
                else:
                    jtl_file.write(f"{timestamp},{timing},{interaction},,{error_msg}"
                                   f",,{success},0,0,0,0,{node_ip},0\n")
    
        print(f"{timestamp},{timing},{interaction},{error_msg},{success},{node_ip}")
    
        if not success:
            if LOGIN_ACTION_NAME in interaction:
                globals.login_failed = True
>           raise Exception(error_msg, full_exception)
E           Exception: ('Failed measure: zephyr_scale_view_test_case_in_issue_view - TimeoutException', TimeoutException())

selenium_ui/conftest.py:171: Exception
06-09-2023, 10:36:45, 1686307005339, Action: test_1_selenium_zscale_view_test_cycle_in_issue_view, Error: jira_webdriver = <selenium.webdriver.chrome.webdriver.WebDriver (session="3d79493cb96f6fbd622ed69a5a6ca15d")>
jira_datasets = {'custom_issues': [], 'issue_id': '207783', 'issue_key': 'AAFAIA-2275', 'issues': [['AABIS-1', '914565', 'AABIS'], ['A...', 'AABIS'], ['AABIS-4', '914568', 'AABIS'], ['AABIS-5', '914569', 'AABIS'], ['AABIS-6', '914570', 'AABIS'], ...], ...}
jira_screen_shots = None

    def test_1_selenium_zscale_view_test_cycle_in_issue_view(jira_webdriver, jira_datasets, jira_screen_shots):
>       extension_ui.zscale_view_test_cycle_in_issue_view(jira_webdriver, jira_datasets)

selenium_ui/jira_ui.py:72: 
_ _ _ _ _ _ _ _ _ _ _ _ _ _ _ _ _ _ _ _ _ _ _ _ _ _ _ _ _ _ _ _ _ _ _ _ _ _ _ _ 
extension/jira/extension_ui.py:67: in zscale_view_test_cycle_in_issue_view
    measure()
_ _ _ _ _ _ _ _ _ _ _ _ _ _ _ _ _ _ _ _ _ _ _ _ _ _ _ _ _ _ _ _ _ _ _ _ _ _ _ _ 

args = (), kwargs = {}, node_ip = '', start = 1686306984.6836336
error_msg = 'Failed measure: zephyr_scale_view_test_cycle_in_issue_view - TimeoutException'
full_exception = TimeoutException(), success = False
exc_type = <class 'selenium.common.exceptions.TimeoutException'>
end = 1686307005.3266265, timing = '20642'
lockfile = '/dc-app-performance-toolkit/app/results/jira/2023-06-09_10-23-15/selenium.jtl.lock'

    @functools.wraps(func)
    def wrapper(*args, **kwargs):
        if LOGIN_ACTION_NAME in interaction:
            globals.login_failed = False
        if globals.login_failed:
            pytest.skip("login is failed")
        node_ip = ""
        start = time.time()
        error_msg = 'Success'
        full_exception = ''
        if args:
            driver = [arg for arg in args if isinstance(arg, Chrome)]
            node_ip = "" if not driver else getattr(driver[0], "node_ip", "")
        try:
            func(*args, **kwargs)
            success = True
        except Exception:
            success = False
            # https://docs.python.org/2/library/sys.html#sys.exc_info
            exc_type, full_exception = sys.exc_info()[:2]
            error_msg = f"Failed measure: {interaction} - {exc_type.__name__}"
        end = time.time()
        timing = str(int((end - start) * 1000))
    
        lockfile = f'{selenium_results_file}.lock'
    
        with filelock.SoftFileLock(lockfile):
            with open(selenium_results_file, "a+") as jtl_file:
                timestamp = round(time.time() * 1000)
                if explicit_timing:
                    jtl_file.write(f"{timestamp},{explicit_timing*1000},{interaction},,{error_msg},"
                                   f",{success},0,0,0,0,,0\n")
                else:
                    jtl_file.write(f"{timestamp},{timing},{interaction},,{error_msg}"
                                   f",,{success},0,0,0,0,{node_ip},0\n")
    
        print(f"{timestamp},{timing},{interaction},{error_msg},{success},{node_ip}")
    
        if not success:
            if LOGIN_ACTION_NAME in interaction:
                globals.login_failed = True
>           raise Exception(error_msg, full_exception)
E           Exception: ('Failed measure: zephyr_scale_view_test_cycle_in_issue_view - TimeoutException', TimeoutException())

selenium_ui/conftest.py:171: Exception
06-09-2023, 10:37:06, 1686307026388, Action: test_1_selenium_zscale_view_test_plan_in_issue_view, Error: jira_webdriver = <selenium.webdriver.chrome.webdriver.WebDriver (session="3d79493cb96f6fbd622ed69a5a6ca15d")>
jira_datasets = {'custom_issues': [], 'issue_id': '207783', 'issue_key': 'AAFAIA-2275', 'issues': [['AABIS-1', '914565', 'AABIS'], ['A...', 'AABIS'], ['AABIS-4', '914568', 'AABIS'], ['AABIS-5', '914569', 'AABIS'], ['AABIS-6', '914570', 'AABIS'], ...], ...}
jira_screen_shots = None

    def test_1_selenium_zscale_view_test_plan_in_issue_view(jira_webdriver, jira_datasets, jira_screen_shots):
>       extension_ui.zscale_view_test_plan_in_issue_view(jira_webdriver, jira_datasets)

selenium_ui/jira_ui.py:75: 
_ _ _ _ _ _ _ _ _ _ _ _ _ _ _ _ _ _ _ _ _ _ _ _ _ _ _ _ _ _ _ _ _ _ _ _ _ _ _ _ 
extension/jira/extension_ui.py:79: in zscale_view_test_plan_in_issue_view
    measure()
_ _ _ _ _ _ _ _ _ _ _ _ _ _ _ _ _ _ _ _ _ _ _ _ _ _ _ _ _ _ _ _ _ _ _ _ _ _ _ _ 

args = (), kwargs = {}, node_ip = '', start = 1686307005.7772183
error_msg = 'Failed measure: zephyr_scale_view_test_plan_in_issue_view - TimeoutException'
full_exception = TimeoutException(), success = False
exc_type = <class 'selenium.common.exceptions.TimeoutException'>
end = 1686307026.377695, timing = '20600'
lockfile = '/dc-app-performance-toolkit/app/results/jira/2023-06-09_10-23-15/selenium.jtl.lock'

    @functools.wraps(func)
    def wrapper(*args, **kwargs):
        if LOGIN_ACTION_NAME in interaction:
            globals.login_failed = False
        if globals.login_failed:
            pytest.skip("login is failed")
        node_ip = ""
        start = time.time()
        error_msg = 'Success'
        full_exception = ''
        if args:
            driver = [arg for arg in args if isinstance(arg, Chrome)]
            node_ip = "" if not driver else getattr(driver[0], "node_ip", "")
        try:
            func(*args, **kwargs)
            success = True
        except Exception:
            success = False
            # https://docs.python.org/2/library/sys.html#sys.exc_info
            exc_type, full_exception = sys.exc_info()[:2]
            error_msg = f"Failed measure: {interaction} - {exc_type.__name__}"
        end = time.time()
        timing = str(int((end - start) * 1000))
    
        lockfile = f'{selenium_results_file}.lock'
    
        with filelock.SoftFileLock(lockfile):
            with open(selenium_results_file, "a+") as jtl_file:
                timestamp = round(time.time() * 1000)
                if explicit_timing:
                    jtl_file.write(f"{timestamp},{explicit_timing*1000},{interaction},,{error_msg},"
                                   f",{success},0,0,0,0,,0\n")
                else:
                    jtl_file.write(f"{timestamp},{timing},{interaction},,{error_msg}"
                                   f",,{success},0,0,0,0,{node_ip},0\n")
    
        print(f"{timestamp},{timing},{interaction},{error_msg},{success},{node_ip}")
    
        if not success:
            if LOGIN_ACTION_NAME in interaction:
                globals.login_failed = True
>           raise Exception(error_msg, full_exception)
E           Exception: ('Failed measure: zephyr_scale_view_test_plan_in_issue_view - TimeoutException', TimeoutException())

selenium_ui/conftest.py:171: Exception
06-09-2023, 10:37:42, 1686307062621, Action: test_1_selenium_zscale_view_test_case_in_issue_view, Error: jira_webdriver = <selenium.webdriver.chrome.webdriver.WebDriver (session="3d79493cb96f6fbd622ed69a5a6ca15d")>
jira_datasets = {'custom_issues': [], 'issue_id': '207676', 'issue_key': 'AAFAIA-2168', 'issues': [['AABIS-1', '914565', 'AABIS'], ['A...', 'AABIS'], ['AABIS-4', '914568', 'AABIS'], ['AABIS-5', '914569', 'AABIS'], ['AABIS-6', '914570', 'AABIS'], ...], ...}
jira_screen_shots = None

    def test_1_selenium_zscale_view_test_case_in_issue_view(jira_webdriver, jira_datasets, jira_screen_shots):
>       extension_ui.zscale_view_test_case_in_issue_view(jira_webdriver, jira_datasets)

selenium_ui/jira_ui.py:69: 
_ _ _ _ _ _ _ _ _ _ _ _ _ _ _ _ _ _ _ _ _ _ _ _ _ _ _ _ _ _ _ _ _ _ _ _ _ _ _ _ 
extension/jira/extension_ui.py:55: in zscale_view_test_case_in_issue_view
    measure()
_ _ _ _ _ _ _ _ _ _ _ _ _ _ _ _ _ _ _ _ _ _ _ _ _ _ _ _ _ _ _ _ _ _ _ _ _ _ _ _ 

args = (), kwargs = {}, node_ip = '', start = 1686307041.8688607
error_msg = 'Failed measure: zephyr_scale_view_test_case_in_issue_view - TimeoutException'
full_exception = TimeoutException(), success = False
exc_type = <class 'selenium.common.exceptions.TimeoutException'>
end = 1686307062.6096437, timing = '20740'
lockfile = '/dc-app-performance-toolkit/app/results/jira/2023-06-09_10-23-15/selenium.jtl.lock'

    @functools.wraps(func)
    def wrapper(*args, **kwargs):
        if LOGIN_ACTION_NAME in interaction:
            globals.login_failed = False
        if globals.login_failed:
            pytest.skip("login is failed")
        node_ip = ""
        start = time.time()
        error_msg = 'Success'
        full_exception = ''
        if args:
            driver = [arg for arg in args if isinstance(arg, Chrome)]
            node_ip = "" if not driver else getattr(driver[0], "node_ip", "")
        try:
            func(*args, **kwargs)
            success = True
        except Exception:
            success = False
            # https://docs.python.org/2/library/sys.html#sys.exc_info
            exc_type, full_exception = sys.exc_info()[:2]
            error_msg = f"Failed measure: {interaction} - {exc_type.__name__}"
        end = time.time()
        timing = str(int((end - start) * 1000))
    
        lockfile = f'{selenium_results_file}.lock'
    
        with filelock.SoftFileLock(lockfile):
            with open(selenium_results_file, "a+") as jtl_file:
                timestamp = round(time.time() * 1000)
                if explicit_timing:
                    jtl_file.write(f"{timestamp},{explicit_timing*1000},{interaction},,{error_msg},"
                                   f",{success},0,0,0,0,,0\n")
                else:
                    jtl_file.write(f"{timestamp},{timing},{interaction},,{error_msg}"
                                   f",,{success},0,0,0,0,{node_ip},0\n")
    
        print(f"{timestamp},{timing},{interaction},{error_msg},{success},{node_ip}")
    
        if not success:
            if LOGIN_ACTION_NAME in interaction:
                globals.login_failed = True
>           raise Exception(error_msg, full_exception)
E           Exception: ('Failed measure: zephyr_scale_view_test_case_in_issue_view - TimeoutException', TimeoutException())

selenium_ui/conftest.py:171: Exception
06-09-2023, 10:38:03, 1686307083983, Action: test_1_selenium_zscale_view_test_cycle_in_issue_view, Error: jira_webdriver = <selenium.webdriver.chrome.webdriver.WebDriver (session="3d79493cb96f6fbd622ed69a5a6ca15d")>
jira_datasets = {'custom_issues': [], 'issue_id': '207676', 'issue_key': 'AAFAIA-2168', 'issues': [['AABIS-1', '914565', 'AABIS'], ['A...', 'AABIS'], ['AABIS-4', '914568', 'AABIS'], ['AABIS-5', '914569', 'AABIS'], ['AABIS-6', '914570', 'AABIS'], ...], ...}
jira_screen_shots = None

    def test_1_selenium_zscale_view_test_cycle_in_issue_view(jira_webdriver, jira_datasets, jira_screen_shots):
>       extension_ui.zscale_view_test_cycle_in_issue_view(jira_webdriver, jira_datasets)

selenium_ui/jira_ui.py:72: 
_ _ _ _ _ _ _ _ _ _ _ _ _ _ _ _ _ _ _ _ _ _ _ _ _ _ _ _ _ _ _ _ _ _ _ _ _ _ _ _ 
extension/jira/extension_ui.py:67: in zscale_view_test_cycle_in_issue_view
    measure()
_ _ _ _ _ _ _ _ _ _ _ _ _ _ _ _ _ _ _ _ _ _ _ _ _ _ _ _ _ _ _ _ _ _ _ _ _ _ _ _ 

args = (), kwargs = {}, node_ip = '', start = 1686307063.0952132
error_msg = 'Failed measure: zephyr_scale_view_test_cycle_in_issue_view - TimeoutException'
full_exception = TimeoutException(), success = False
exc_type = <class 'selenium.common.exceptions.TimeoutException'>
end = 1686307083.97222, timing = '20877'
lockfile = '/dc-app-performance-toolkit/app/results/jira/2023-06-09_10-23-15/selenium.jtl.lock'

    @functools.wraps(func)
    def wrapper(*args, **kwargs):
        if LOGIN_ACTION_NAME in interaction:
            globals.login_failed = False
        if globals.login_failed:
            pytest.skip("login is failed")
        node_ip = ""
        start = time.time()
        error_msg = 'Success'
        full_exception = ''
        if args:
            driver = [arg for arg in args if isinstance(arg, Chrome)]
            node_ip = "" if not driver else getattr(driver[0], "node_ip", "")
        try:
            func(*args, **kwargs)
            success = True
        except Exception:
            success = False
            # https://docs.python.org/2/library/sys.html#sys.exc_info
            exc_type, full_exception = sys.exc_info()[:2]
            error_msg = f"Failed measure: {interaction} - {exc_type.__name__}"
        end = time.time()
        timing = str(int((end - start) * 1000))
    
        lockfile = f'{selenium_results_file}.lock'
    
        with filelock.SoftFileLock(lockfile):
            with open(selenium_results_file, "a+") as jtl_file:
                timestamp = round(time.time() * 1000)
                if explicit_timing:
                    jtl_file.write(f"{timestamp},{explicit_timing*1000},{interaction},,{error_msg},"
                                   f",{success},0,0,0,0,,0\n")
                else:
                    jtl_file.write(f"{timestamp},{timing},{interaction},,{error_msg}"
                                   f",,{success},0,0,0,0,{node_ip},0\n")
    
        print(f"{timestamp},{timing},{interaction},{error_msg},{success},{node_ip}")
    
        if not success:
            if LOGIN_ACTION_NAME in interaction:
                globals.login_failed = True
>           raise Exception(error_msg, full_exception)
E           Exception: ('Failed measure: zephyr_scale_view_test_cycle_in_issue_view - TimeoutException', TimeoutException())

selenium_ui/conftest.py:171: Exception
06-09-2023, 10:38:25, 1686307105364, Action: test_1_selenium_zscale_view_test_plan_in_issue_view, Error: jira_webdriver = <selenium.webdriver.chrome.webdriver.WebDriver (session="3d79493cb96f6fbd622ed69a5a6ca15d")>
jira_datasets = {'custom_issues': [], 'issue_id': '207676', 'issue_key': 'AAFAIA-2168', 'issues': [['AABIS-1', '914565', 'AABIS'], ['A...', 'AABIS'], ['AABIS-4', '914568', 'AABIS'], ['AABIS-5', '914569', 'AABIS'], ['AABIS-6', '914570', 'AABIS'], ...], ...}
jira_screen_shots = None

    def test_1_selenium_zscale_view_test_plan_in_issue_view(jira_webdriver, jira_datasets, jira_screen_shots):
>       extension_ui.zscale_view_test_plan_in_issue_view(jira_webdriver, jira_datasets)

selenium_ui/jira_ui.py:75: 
_ _ _ _ _ _ _ _ _ _ _ _ _ _ _ _ _ _ _ _ _ _ _ _ _ _ _ _ _ _ _ _ _ _ _ _ _ _ _ _ 
extension/jira/extension_ui.py:79: in zscale_view_test_plan_in_issue_view
    measure()
_ _ _ _ _ _ _ _ _ _ _ _ _ _ _ _ _ _ _ _ _ _ _ _ _ _ _ _ _ _ _ _ _ _ _ _ _ _ _ _ 

args = (), kwargs = {}, node_ip = '', start = 1686307084.433479
error_msg = 'Failed measure: zephyr_scale_view_test_plan_in_issue_view - TimeoutException'
full_exception = TimeoutException(), success = False
exc_type = <class 'selenium.common.exceptions.TimeoutException'>
end = 1686307105.3314552, timing = '20897'
lockfile = '/dc-app-performance-toolkit/app/results/jira/2023-06-09_10-23-15/selenium.jtl.lock'

    @functools.wraps(func)
    def wrapper(*args, **kwargs):
        if LOGIN_ACTION_NAME in interaction:
            globals.login_failed = False
        if globals.login_failed:
            pytest.skip("login is failed")
        node_ip = ""
        start = time.time()
        error_msg = 'Success'
        full_exception = ''
        if args:
            driver = [arg for arg in args if isinstance(arg, Chrome)]
            node_ip = "" if not driver else getattr(driver[0], "node_ip", "")
        try:
            func(*args, **kwargs)
            success = True
        except Exception:
            success = False
            # https://docs.python.org/2/library/sys.html#sys.exc_info
            exc_type, full_exception = sys.exc_info()[:2]
            error_msg = f"Failed measure: {interaction} - {exc_type.__name__}"
        end = time.time()
        timing = str(int((end - start) * 1000))
    
        lockfile = f'{selenium_results_file}.lock'
    
        with filelock.SoftFileLock(lockfile):
            with open(selenium_results_file, "a+") as jtl_file:
                timestamp = round(time.time() * 1000)
                if explicit_timing:
                    jtl_file.write(f"{timestamp},{explicit_timing*1000},{interaction},,{error_msg},"
                                   f",{success},0,0,0,0,,0\n")
                else:
                    jtl_file.write(f"{timestamp},{timing},{interaction},,{error_msg}"
                                   f",,{success},0,0,0,0,{node_ip},0\n")
    
        print(f"{timestamp},{timing},{interaction},{error_msg},{success},{node_ip}")
    
        if not success:
            if LOGIN_ACTION_NAME in interaction:
                globals.login_failed = True
>           raise Exception(error_msg, full_exception)
E           Exception: ('Failed measure: zephyr_scale_view_test_plan_in_issue_view - TimeoutException', TimeoutException())

selenium_ui/conftest.py:171: Exception
06-09-2023, 10:39:02, 1686307142294, Action: test_1_selenium_zscale_view_test_case_in_issue_view, Error: jira_webdriver = <selenium.webdriver.chrome.webdriver.WebDriver (session="3d79493cb96f6fbd622ed69a5a6ca15d")>
jira_datasets = {'custom_issues': [], 'issue_id': '206352', 'issue_key': 'AAFAIA-844', 'issues': [['AABIS-1', '914565', 'AABIS'], ['AA...', 'AABIS'], ['AABIS-4', '914568', 'AABIS'], ['AABIS-5', '914569', 'AABIS'], ['AABIS-6', '914570', 'AABIS'], ...], ...}
jira_screen_shots = None

    def test_1_selenium_zscale_view_test_case_in_issue_view(jira_webdriver, jira_datasets, jira_screen_shots):
>       extension_ui.zscale_view_test_case_in_issue_view(jira_webdriver, jira_datasets)

selenium_ui/jira_ui.py:69: 
_ _ _ _ _ _ _ _ _ _ _ _ _ _ _ _ _ _ _ _ _ _ _ _ _ _ _ _ _ _ _ _ _ _ _ _ _ _ _ _ 
extension/jira/extension_ui.py:55: in zscale_view_test_case_in_issue_view
    measure()
_ _ _ _ _ _ _ _ _ _ _ _ _ _ _ _ _ _ _ _ _ _ _ _ _ _ _ _ _ _ _ _ _ _ _ _ _ _ _ _ 

args = (), kwargs = {}, node_ip = '', start = 1686307121.847025
error_msg = 'Failed measure: zephyr_scale_view_test_case_in_issue_view - TimeoutException'
full_exception = TimeoutException(), success = False
exc_type = <class 'selenium.common.exceptions.TimeoutException'>
end = 1686307142.2828696, timing = '20435'
lockfile = '/dc-app-performance-toolkit/app/results/jira/2023-06-09_10-23-15/selenium.jtl.lock'

    @functools.wraps(func)
    def wrapper(*args, **kwargs):
        if LOGIN_ACTION_NAME in interaction:
            globals.login_failed = False
        if globals.login_failed:
            pytest.skip("login is failed")
        node_ip = ""
        start = time.time()
        error_msg = 'Success'
        full_exception = ''
        if args:
            driver = [arg for arg in args if isinstance(arg, Chrome)]
            node_ip = "" if not driver else getattr(driver[0], "node_ip", "")
        try:
            func(*args, **kwargs)
            success = True
        except Exception:
            success = False
            # https://docs.python.org/2/library/sys.html#sys.exc_info
            exc_type, full_exception = sys.exc_info()[:2]
            error_msg = f"Failed measure: {interaction} - {exc_type.__name__}"
        end = time.time()
        timing = str(int((end - start) * 1000))
    
        lockfile = f'{selenium_results_file}.lock'
    
        with filelock.SoftFileLock(lockfile):
            with open(selenium_results_file, "a+") as jtl_file:
                timestamp = round(time.time() * 1000)
                if explicit_timing:
                    jtl_file.write(f"{timestamp},{explicit_timing*1000},{interaction},,{error_msg},"
                                   f",{success},0,0,0,0,,0\n")
                else:
                    jtl_file.write(f"{timestamp},{timing},{interaction},,{error_msg}"
                                   f",,{success},0,0,0,0,{node_ip},0\n")
    
        print(f"{timestamp},{timing},{interaction},{error_msg},{success},{node_ip}")
    
        if not success:
            if LOGIN_ACTION_NAME in interaction:
                globals.login_failed = True
>           raise Exception(error_msg, full_exception)
E           Exception: ('Failed measure: zephyr_scale_view_test_case_in_issue_view - TimeoutException', TimeoutException())

selenium_ui/conftest.py:171: Exception
06-09-2023, 10:39:23, 1686307163289, Action: test_1_selenium_zscale_view_test_cycle_in_issue_view, Error: jira_webdriver = <selenium.webdriver.chrome.webdriver.WebDriver (session="3d79493cb96f6fbd622ed69a5a6ca15d")>
jira_datasets = {'custom_issues': [], 'issue_id': '206352', 'issue_key': 'AAFAIA-844', 'issues': [['AABIS-1', '914565', 'AABIS'], ['AA...', 'AABIS'], ['AABIS-4', '914568', 'AABIS'], ['AABIS-5', '914569', 'AABIS'], ['AABIS-6', '914570', 'AABIS'], ...], ...}
jira_screen_shots = None

    def test_1_selenium_zscale_view_test_cycle_in_issue_view(jira_webdriver, jira_datasets, jira_screen_shots):
>       extension_ui.zscale_view_test_cycle_in_issue_view(jira_webdriver, jira_datasets)

selenium_ui/jira_ui.py:72: 
_ _ _ _ _ _ _ _ _ _ _ _ _ _ _ _ _ _ _ _ _ _ _ _ _ _ _ _ _ _ _ _ _ _ _ _ _ _ _ _ 
extension/jira/extension_ui.py:67: in zscale_view_test_cycle_in_issue_view
    measure()
_ _ _ _ _ _ _ _ _ _ _ _ _ _ _ _ _ _ _ _ _ _ _ _ _ _ _ _ _ _ _ _ _ _ _ _ _ _ _ _ 

args = (), kwargs = {}, node_ip = '', start = 1686307142.785061
error_msg = 'Failed measure: zephyr_scale_view_test_cycle_in_issue_view - TimeoutException'
full_exception = TimeoutException(), success = False
exc_type = <class 'selenium.common.exceptions.TimeoutException'>
end = 1686307163.2780097, timing = '20492'
lockfile = '/dc-app-performance-toolkit/app/results/jira/2023-06-09_10-23-15/selenium.jtl.lock'

    @functools.wraps(func)
    def wrapper(*args, **kwargs):
        if LOGIN_ACTION_NAME in interaction:
            globals.login_failed = False
        if globals.login_failed:
            pytest.skip("login is failed")
        node_ip = ""
        start = time.time()
        error_msg = 'Success'
        full_exception = ''
        if args:
            driver = [arg for arg in args if isinstance(arg, Chrome)]
            node_ip = "" if not driver else getattr(driver[0], "node_ip", "")
        try:
            func(*args, **kwargs)
            success = True
        except Exception:
            success = False
            # https://docs.python.org/2/library/sys.html#sys.exc_info
            exc_type, full_exception = sys.exc_info()[:2]
            error_msg = f"Failed measure: {interaction} - {exc_type.__name__}"
        end = time.time()
        timing = str(int((end - start) * 1000))
    
        lockfile = f'{selenium_results_file}.lock'
    
        with filelock.SoftFileLock(lockfile):
            with open(selenium_results_file, "a+") as jtl_file:
                timestamp = round(time.time() * 1000)
                if explicit_timing:
                    jtl_file.write(f"{timestamp},{explicit_timing*1000},{interaction},,{error_msg},"
                                   f",{success},0,0,0,0,,0\n")
                else:
                    jtl_file.write(f"{timestamp},{timing},{interaction},,{error_msg}"
                                   f",,{success},0,0,0,0,{node_ip},0\n")
    
        print(f"{timestamp},{timing},{interaction},{error_msg},{success},{node_ip}")
    
        if not success:
            if LOGIN_ACTION_NAME in interaction:
                globals.login_failed = True
>           raise Exception(error_msg, full_exception)
E           Exception: ('Failed measure: zephyr_scale_view_test_cycle_in_issue_view - TimeoutException', TimeoutException())

selenium_ui/conftest.py:171: Exception
06-09-2023, 10:39:44, 1686307184218, Action: test_1_selenium_zscale_view_test_plan_in_issue_view, Error: jira_webdriver = <selenium.webdriver.chrome.webdriver.WebDriver (session="3d79493cb96f6fbd622ed69a5a6ca15d")>
jira_datasets = {'custom_issues': [], 'issue_id': '206352', 'issue_key': 'AAFAIA-844', 'issues': [['AABIS-1', '914565', 'AABIS'], ['AA...', 'AABIS'], ['AABIS-4', '914568', 'AABIS'], ['AABIS-5', '914569', 'AABIS'], ['AABIS-6', '914570', 'AABIS'], ...], ...}
jira_screen_shots = None

    def test_1_selenium_zscale_view_test_plan_in_issue_view(jira_webdriver, jira_datasets, jira_screen_shots):
>       extension_ui.zscale_view_test_plan_in_issue_view(jira_webdriver, jira_datasets)

selenium_ui/jira_ui.py:75: 
_ _ _ _ _ _ _ _ _ _ _ _ _ _ _ _ _ _ _ _ _ _ _ _ _ _ _ _ _ _ _ _ _ _ _ _ _ _ _ _ 
extension/jira/extension_ui.py:79: in zscale_view_test_plan_in_issue_view
    measure()
_ _ _ _ _ _ _ _ _ _ _ _ _ _ _ _ _ _ _ _ _ _ _ _ _ _ _ _ _ _ _ _ _ _ _ _ _ _ _ _ 

args = (), kwargs = {}, node_ip = '', start = 1686307163.7268074
error_msg = 'Failed measure: zephyr_scale_view_test_plan_in_issue_view - TimeoutException'
full_exception = TimeoutException(), success = False
exc_type = <class 'selenium.common.exceptions.TimeoutException'>
end = 1686307184.2074661, timing = '20480'
lockfile = '/dc-app-performance-toolkit/app/results/jira/2023-06-09_10-23-15/selenium.jtl.lock'

    @functools.wraps(func)
    def wrapper(*args, **kwargs):
        if LOGIN_ACTION_NAME in interaction:
            globals.login_failed = False
        if globals.login_failed:
            pytest.skip("login is failed")
        node_ip = ""
        start = time.time()
        error_msg = 'Success'
        full_exception = ''
        if args:
            driver = [arg for arg in args if isinstance(arg, Chrome)]
            node_ip = "" if not driver else getattr(driver[0], "node_ip", "")
        try:
            func(*args, **kwargs)
            success = True
        except Exception:
            success = False
            # https://docs.python.org/2/library/sys.html#sys.exc_info
            exc_type, full_exception = sys.exc_info()[:2]
            error_msg = f"Failed measure: {interaction} - {exc_type.__name__}"
        end = time.time()
        timing = str(int((end - start) * 1000))
    
        lockfile = f'{selenium_results_file}.lock'
    
        with filelock.SoftFileLock(lockfile):
            with open(selenium_results_file, "a+") as jtl_file:
                timestamp = round(time.time() * 1000)
                if explicit_timing:
                    jtl_file.write(f"{timestamp},{explicit_timing*1000},{interaction},,{error_msg},"
                                   f",{success},0,0,0,0,,0\n")
                else:
                    jtl_file.write(f"{timestamp},{timing},{interaction},,{error_msg}"
                                   f",,{success},0,0,0,0,{node_ip},0\n")
    
        print(f"{timestamp},{timing},{interaction},{error_msg},{success},{node_ip}")
    
        if not success:
            if LOGIN_ACTION_NAME in interaction:
                globals.login_failed = True
>           raise Exception(error_msg, full_exception)
E           Exception: ('Failed measure: zephyr_scale_view_test_plan_in_issue_view - TimeoutException', TimeoutException())

selenium_ui/conftest.py:171: Exception
06-09-2023, 10:40:20, 1686307220781, Action: test_1_selenium_zscale_view_test_case_in_issue_view, Error: jira_webdriver = <selenium.webdriver.chrome.webdriver.WebDriver (session="3d79493cb96f6fbd622ed69a5a6ca15d")>
jira_datasets = {'custom_issues': [], 'issue_id': '915511', 'issue_key': 'AABIS-947', 'issues': [['AABIS-1', '914565', 'AABIS'], ['AAB...', 'AABIS'], ['AABIS-4', '914568', 'AABIS'], ['AABIS-5', '914569', 'AABIS'], ['AABIS-6', '914570', 'AABIS'], ...], ...}
jira_screen_shots = None

    def test_1_selenium_zscale_view_test_case_in_issue_view(jira_webdriver, jira_datasets, jira_screen_shots):
>       extension_ui.zscale_view_test_case_in_issue_view(jira_webdriver, jira_datasets)

selenium_ui/jira_ui.py:69: 
_ _ _ _ _ _ _ _ _ _ _ _ _ _ _ _ _ _ _ _ _ _ _ _ _ _ _ _ _ _ _ _ _ _ _ _ _ _ _ _ 
extension/jira/extension_ui.py:55: in zscale_view_test_case_in_issue_view
    measure()
_ _ _ _ _ _ _ _ _ _ _ _ _ _ _ _ _ _ _ _ _ _ _ _ _ _ _ _ _ _ _ _ _ _ _ _ _ _ _ _ 

args = (), kwargs = {}, node_ip = '', start = 1686307200.1265619
error_msg = 'Failed measure: zephyr_scale_view_test_case_in_issue_view - TimeoutException'
full_exception = TimeoutException(), success = False
exc_type = <class 'selenium.common.exceptions.TimeoutException'>
end = 1686307220.7703722, timing = '20643'
lockfile = '/dc-app-performance-toolkit/app/results/jira/2023-06-09_10-23-15/selenium.jtl.lock'

    @functools.wraps(func)
    def wrapper(*args, **kwargs):
        if LOGIN_ACTION_NAME in interaction:
            globals.login_failed = False
        if globals.login_failed:
            pytest.skip("login is failed")
        node_ip = ""
        start = time.time()
        error_msg = 'Success'
        full_exception = ''
        if args:
            driver = [arg for arg in args if isinstance(arg, Chrome)]
            node_ip = "" if not driver else getattr(driver[0], "node_ip", "")
        try:
            func(*args, **kwargs)
            success = True
        except Exception:
            success = False
            # https://docs.python.org/2/library/sys.html#sys.exc_info
            exc_type, full_exception = sys.exc_info()[:2]
            error_msg = f"Failed measure: {interaction} - {exc_type.__name__}"
        end = time.time()
        timing = str(int((end - start) * 1000))
    
        lockfile = f'{selenium_results_file}.lock'
    
        with filelock.SoftFileLock(lockfile):
            with open(selenium_results_file, "a+") as jtl_file:
                timestamp = round(time.time() * 1000)
                if explicit_timing:
                    jtl_file.write(f"{timestamp},{explicit_timing*1000},{interaction},,{error_msg},"
                                   f",{success},0,0,0,0,,0\n")
                else:
                    jtl_file.write(f"{timestamp},{timing},{interaction},,{error_msg}"
                                   f",,{success},0,0,0,0,{node_ip},0\n")
    
        print(f"{timestamp},{timing},{interaction},{error_msg},{success},{node_ip}")
    
        if not success:
            if LOGIN_ACTION_NAME in interaction:
                globals.login_failed = True
>           raise Exception(error_msg, full_exception)
E           Exception: ('Failed measure: zephyr_scale_view_test_case_in_issue_view - TimeoutException', TimeoutException())

selenium_ui/conftest.py:171: Exception
06-09-2023, 10:40:42, 1686307242016, Action: test_1_selenium_zscale_view_test_cycle_in_issue_view, Error: jira_webdriver = <selenium.webdriver.chrome.webdriver.WebDriver (session="3d79493cb96f6fbd622ed69a5a6ca15d")>
jira_datasets = {'custom_issues': [], 'issue_id': '915511', 'issue_key': 'AABIS-947', 'issues': [['AABIS-1', '914565', 'AABIS'], ['AAB...', 'AABIS'], ['AABIS-4', '914568', 'AABIS'], ['AABIS-5', '914569', 'AABIS'], ['AABIS-6', '914570', 'AABIS'], ...], ...}
jira_screen_shots = None

    def test_1_selenium_zscale_view_test_cycle_in_issue_view(jira_webdriver, jira_datasets, jira_screen_shots):
>       extension_ui.zscale_view_test_cycle_in_issue_view(jira_webdriver, jira_datasets)

selenium_ui/jira_ui.py:72: 
_ _ _ _ _ _ _ _ _ _ _ _ _ _ _ _ _ _ _ _ _ _ _ _ _ _ _ _ _ _ _ _ _ _ _ _ _ _ _ _ 
extension/jira/extension_ui.py:67: in zscale_view_test_cycle_in_issue_view
    measure()
_ _ _ _ _ _ _ _ _ _ _ _ _ _ _ _ _ _ _ _ _ _ _ _ _ _ _ _ _ _ _ _ _ _ _ _ _ _ _ _ 

args = (), kwargs = {}, node_ip = '', start = 1686307221.2433186
error_msg = 'Failed measure: zephyr_scale_view_test_cycle_in_issue_view - TimeoutException'
full_exception = TimeoutException(), success = False
exc_type = <class 'selenium.common.exceptions.TimeoutException'>
end = 1686307242.0053704, timing = '20762'
lockfile = '/dc-app-performance-toolkit/app/results/jira/2023-06-09_10-23-15/selenium.jtl.lock'

    @functools.wraps(func)
    def wrapper(*args, **kwargs):
        if LOGIN_ACTION_NAME in interaction:
            globals.login_failed = False
        if globals.login_failed:
            pytest.skip("login is failed")
        node_ip = ""
        start = time.time()
        error_msg = 'Success'
        full_exception = ''
        if args:
            driver = [arg for arg in args if isinstance(arg, Chrome)]
            node_ip = "" if not driver else getattr(driver[0], "node_ip", "")
        try:
            func(*args, **kwargs)
            success = True
        except Exception:
            success = False
            # https://docs.python.org/2/library/sys.html#sys.exc_info
            exc_type, full_exception = sys.exc_info()[:2]
            error_msg = f"Failed measure: {interaction} - {exc_type.__name__}"
        end = time.time()
        timing = str(int((end - start) * 1000))
    
        lockfile = f'{selenium_results_file}.lock'
    
        with filelock.SoftFileLock(lockfile):
            with open(selenium_results_file, "a+") as jtl_file:
                timestamp = round(time.time() * 1000)
                if explicit_timing:
                    jtl_file.write(f"{timestamp},{explicit_timing*1000},{interaction},,{error_msg},"
                                   f",{success},0,0,0,0,,0\n")
                else:
                    jtl_file.write(f"{timestamp},{timing},{interaction},,{error_msg}"
                                   f",,{success},0,0,0,0,{node_ip},0\n")
    
        print(f"{timestamp},{timing},{interaction},{error_msg},{success},{node_ip}")
    
        if not success:
            if LOGIN_ACTION_NAME in interaction:
                globals.login_failed = True
>           raise Exception(error_msg, full_exception)
E           Exception: ('Failed measure: zephyr_scale_view_test_cycle_in_issue_view - TimeoutException', TimeoutException())

selenium_ui/conftest.py:171: Exception
06-09-2023, 10:41:03, 1686307263237, Action: test_1_selenium_zscale_view_test_plan_in_issue_view, Error: jira_webdriver = <selenium.webdriver.chrome.webdriver.WebDriver (session="3d79493cb96f6fbd622ed69a5a6ca15d")>
jira_datasets = {'custom_issues': [], 'issue_id': '915511', 'issue_key': 'AABIS-947', 'issues': [['AABIS-1', '914565', 'AABIS'], ['AAB...', 'AABIS'], ['AABIS-4', '914568', 'AABIS'], ['AABIS-5', '914569', 'AABIS'], ['AABIS-6', '914570', 'AABIS'], ...], ...}
jira_screen_shots = None

    def test_1_selenium_zscale_view_test_plan_in_issue_view(jira_webdriver, jira_datasets, jira_screen_shots):
>       extension_ui.zscale_view_test_plan_in_issue_view(jira_webdriver, jira_datasets)

selenium_ui/jira_ui.py:75: 
_ _ _ _ _ _ _ _ _ _ _ _ _ _ _ _ _ _ _ _ _ _ _ _ _ _ _ _ _ _ _ _ _ _ _ _ _ _ _ _ 
extension/jira/extension_ui.py:79: in zscale_view_test_plan_in_issue_view
    measure()
_ _ _ _ _ _ _ _ _ _ _ _ _ _ _ _ _ _ _ _ _ _ _ _ _ _ _ _ _ _ _ _ _ _ _ _ _ _ _ _ 

args = (), kwargs = {}, node_ip = '', start = 1686307242.4661465
error_msg = 'Failed measure: zephyr_scale_view_test_plan_in_issue_view - TimeoutException'
full_exception = TimeoutException(), success = False
exc_type = <class 'selenium.common.exceptions.TimeoutException'>
end = 1686307263.2261176, timing = '20759'
lockfile = '/dc-app-performance-toolkit/app/results/jira/2023-06-09_10-23-15/selenium.jtl.lock'

    @functools.wraps(func)
    def wrapper(*args, **kwargs):
        if LOGIN_ACTION_NAME in interaction:
            globals.login_failed = False
        if globals.login_failed:
            pytest.skip("login is failed")
        node_ip = ""
        start = time.time()
        error_msg = 'Success'
        full_exception = ''
        if args:
            driver = [arg for arg in args if isinstance(arg, Chrome)]
            node_ip = "" if not driver else getattr(driver[0], "node_ip", "")
        try:
            func(*args, **kwargs)
            success = True
        except Exception:
            success = False
            # https://docs.python.org/2/library/sys.html#sys.exc_info
            exc_type, full_exception = sys.exc_info()[:2]
            error_msg = f"Failed measure: {interaction} - {exc_type.__name__}"
        end = time.time()
        timing = str(int((end - start) * 1000))
    
        lockfile = f'{selenium_results_file}.lock'
    
        with filelock.SoftFileLock(lockfile):
            with open(selenium_results_file, "a+") as jtl_file:
                timestamp = round(time.time() * 1000)
                if explicit_timing:
                    jtl_file.write(f"{timestamp},{explicit_timing*1000},{interaction},,{error_msg},"
                                   f",{success},0,0,0,0,,0\n")
                else:
                    jtl_file.write(f"{timestamp},{timing},{interaction},,{error_msg}"
                                   f",,{success},0,0,0,0,{node_ip},0\n")
    
        print(f"{timestamp},{timing},{interaction},{error_msg},{success},{node_ip}")
    
        if not success:
            if LOGIN_ACTION_NAME in interaction:
                globals.login_failed = True
>           raise Exception(error_msg, full_exception)
E           Exception: ('Failed measure: zephyr_scale_view_test_plan_in_issue_view - TimeoutException', TimeoutException())

selenium_ui/conftest.py:171: Exception
06-09-2023, 10:41:40, 1686307300288, Action: test_1_selenium_zscale_view_test_case_in_issue_view, Error: jira_webdriver = <selenium.webdriver.chrome.webdriver.WebDriver (session="3d79493cb96f6fbd622ed69a5a6ca15d")>
jira_datasets = {'custom_issues': [], 'issue_id': '208290', 'issue_key': 'AAFAIA-2782', 'issues': [['AABIS-1', '914565', 'AABIS'], ['A...', 'AABIS'], ['AABIS-4', '914568', 'AABIS'], ['AABIS-5', '914569', 'AABIS'], ['AABIS-6', '914570', 'AABIS'], ...], ...}
jira_screen_shots = None

    def test_1_selenium_zscale_view_test_case_in_issue_view(jira_webdriver, jira_datasets, jira_screen_shots):
>       extension_ui.zscale_view_test_case_in_issue_view(jira_webdriver, jira_datasets)

selenium_ui/jira_ui.py:69: 
_ _ _ _ _ _ _ _ _ _ _ _ _ _ _ _ _ _ _ _ _ _ _ _ _ _ _ _ _ _ _ _ _ _ _ _ _ _ _ _ 
extension/jira/extension_ui.py:55: in zscale_view_test_case_in_issue_view
    measure()
_ _ _ _ _ _ _ _ _ _ _ _ _ _ _ _ _ _ _ _ _ _ _ _ _ _ _ _ _ _ _ _ _ _ _ _ _ _ _ _ 

args = (), kwargs = {}, node_ip = '', start = 1686307279.893114
error_msg = 'Failed measure: zephyr_scale_view_test_case_in_issue_view - TimeoutException'
full_exception = TimeoutException(), success = False
exc_type = <class 'selenium.common.exceptions.TimeoutException'>
end = 1686307300.2762148, timing = '20383'
lockfile = '/dc-app-performance-toolkit/app/results/jira/2023-06-09_10-23-15/selenium.jtl.lock'

    @functools.wraps(func)
    def wrapper(*args, **kwargs):
        if LOGIN_ACTION_NAME in interaction:
            globals.login_failed = False
        if globals.login_failed:
            pytest.skip("login is failed")
        node_ip = ""
        start = time.time()
        error_msg = 'Success'
        full_exception = ''
        if args:
            driver = [arg for arg in args if isinstance(arg, Chrome)]
            node_ip = "" if not driver else getattr(driver[0], "node_ip", "")
        try:
            func(*args, **kwargs)
            success = True
        except Exception:
            success = False
            # https://docs.python.org/2/library/sys.html#sys.exc_info
            exc_type, full_exception = sys.exc_info()[:2]
            error_msg = f"Failed measure: {interaction} - {exc_type.__name__}"
        end = time.time()
        timing = str(int((end - start) * 1000))
    
        lockfile = f'{selenium_results_file}.lock'
    
        with filelock.SoftFileLock(lockfile):
            with open(selenium_results_file, "a+") as jtl_file:
                timestamp = round(time.time() * 1000)
                if explicit_timing:
                    jtl_file.write(f"{timestamp},{explicit_timing*1000},{interaction},,{error_msg},"
                                   f",{success},0,0,0,0,,0\n")
                else:
                    jtl_file.write(f"{timestamp},{timing},{interaction},,{error_msg}"
                                   f",,{success},0,0,0,0,{node_ip},0\n")
    
        print(f"{timestamp},{timing},{interaction},{error_msg},{success},{node_ip}")
    
        if not success:
            if LOGIN_ACTION_NAME in interaction:
                globals.login_failed = True
>           raise Exception(error_msg, full_exception)
E           Exception: ('Failed measure: zephyr_scale_view_test_case_in_issue_view - TimeoutException', TimeoutException())

selenium_ui/conftest.py:171: Exception
06-09-2023, 10:42:01, 1686307321207, Action: test_1_selenium_zscale_view_test_cycle_in_issue_view, Error: jira_webdriver = <selenium.webdriver.chrome.webdriver.WebDriver (session="3d79493cb96f6fbd622ed69a5a6ca15d")>
jira_datasets = {'custom_issues': [], 'issue_id': '208290', 'issue_key': 'AAFAIA-2782', 'issues': [['AABIS-1', '914565', 'AABIS'], ['A...', 'AABIS'], ['AABIS-4', '914568', 'AABIS'], ['AABIS-5', '914569', 'AABIS'], ['AABIS-6', '914570', 'AABIS'], ...], ...}
jira_screen_shots = None

    def test_1_selenium_zscale_view_test_cycle_in_issue_view(jira_webdriver, jira_datasets, jira_screen_shots):
>       extension_ui.zscale_view_test_cycle_in_issue_view(jira_webdriver, jira_datasets)

selenium_ui/jira_ui.py:72: 
_ _ _ _ _ _ _ _ _ _ _ _ _ _ _ _ _ _ _ _ _ _ _ _ _ _ _ _ _ _ _ _ _ _ _ _ _ _ _ _ 
extension/jira/extension_ui.py:67: in zscale_view_test_cycle_in_issue_view
    measure()
_ _ _ _ _ _ _ _ _ _ _ _ _ _ _ _ _ _ _ _ _ _ _ _ _ _ _ _ _ _ _ _ _ _ _ _ _ _ _ _ 

args = (), kwargs = {}, node_ip = '', start = 1686307300.7797477
error_msg = 'Failed measure: zephyr_scale_view_test_cycle_in_issue_view - TimeoutException'
full_exception = TimeoutException(), success = False
exc_type = <class 'selenium.common.exceptions.TimeoutException'>
end = 1686307321.1966782, timing = '20416'
lockfile = '/dc-app-performance-toolkit/app/results/jira/2023-06-09_10-23-15/selenium.jtl.lock'

    @functools.wraps(func)
    def wrapper(*args, **kwargs):
        if LOGIN_ACTION_NAME in interaction:
            globals.login_failed = False
        if globals.login_failed:
            pytest.skip("login is failed")
        node_ip = ""
        start = time.time()
        error_msg = 'Success'
        full_exception = ''
        if args:
            driver = [arg for arg in args if isinstance(arg, Chrome)]
            node_ip = "" if not driver else getattr(driver[0], "node_ip", "")
        try:
            func(*args, **kwargs)
            success = True
        except Exception:
            success = False
            # https://docs.python.org/2/library/sys.html#sys.exc_info
            exc_type, full_exception = sys.exc_info()[:2]
            error_msg = f"Failed measure: {interaction} - {exc_type.__name__}"
        end = time.time()
        timing = str(int((end - start) * 1000))
    
        lockfile = f'{selenium_results_file}.lock'
    
        with filelock.SoftFileLock(lockfile):
            with open(selenium_results_file, "a+") as jtl_file:
                timestamp = round(time.time() * 1000)
                if explicit_timing:
                    jtl_file.write(f"{timestamp},{explicit_timing*1000},{interaction},,{error_msg},"
                                   f",{success},0,0,0,0,,0\n")
                else:
                    jtl_file.write(f"{timestamp},{timing},{interaction},,{error_msg}"
                                   f",,{success},0,0,0,0,{node_ip},0\n")
    
        print(f"{timestamp},{timing},{interaction},{error_msg},{success},{node_ip}")
    
        if not success:
            if LOGIN_ACTION_NAME in interaction:
                globals.login_failed = True
>           raise Exception(error_msg, full_exception)
E           Exception: ('Failed measure: zephyr_scale_view_test_cycle_in_issue_view - TimeoutException', TimeoutException())

selenium_ui/conftest.py:171: Exception
06-09-2023, 10:42:22, 1686307342069, Action: test_1_selenium_zscale_view_test_plan_in_issue_view, Error: jira_webdriver = <selenium.webdriver.chrome.webdriver.WebDriver (session="3d79493cb96f6fbd622ed69a5a6ca15d")>
jira_datasets = {'custom_issues': [], 'issue_id': '208290', 'issue_key': 'AAFAIA-2782', 'issues': [['AABIS-1', '914565', 'AABIS'], ['A...', 'AABIS'], ['AABIS-4', '914568', 'AABIS'], ['AABIS-5', '914569', 'AABIS'], ['AABIS-6', '914570', 'AABIS'], ...], ...}
jira_screen_shots = None

    def test_1_selenium_zscale_view_test_plan_in_issue_view(jira_webdriver, jira_datasets, jira_screen_shots):
>       extension_ui.zscale_view_test_plan_in_issue_view(jira_webdriver, jira_datasets)

selenium_ui/jira_ui.py:75: 
_ _ _ _ _ _ _ _ _ _ _ _ _ _ _ _ _ _ _ _ _ _ _ _ _ _ _ _ _ _ _ _ _ _ _ _ _ _ _ _ 
extension/jira/extension_ui.py:79: in zscale_view_test_plan_in_issue_view
    measure()
_ _ _ _ _ _ _ _ _ _ _ _ _ _ _ _ _ _ _ _ _ _ _ _ _ _ _ _ _ _ _ _ _ _ _ _ _ _ _ _ 

args = (), kwargs = {}, node_ip = '', start = 1686307321.6800299
error_msg = 'Failed measure: zephyr_scale_view_test_plan_in_issue_view - TimeoutException'
full_exception = TimeoutException(), success = False
exc_type = <class 'selenium.common.exceptions.TimeoutException'>
end = 1686307342.058129, timing = '20378'
lockfile = '/dc-app-performance-toolkit/app/results/jira/2023-06-09_10-23-15/selenium.jtl.lock'

    @functools.wraps(func)
    def wrapper(*args, **kwargs):
        if LOGIN_ACTION_NAME in interaction:
            globals.login_failed = False
        if globals.login_failed:
            pytest.skip("login is failed")
        node_ip = ""
        start = time.time()
        error_msg = 'Success'
        full_exception = ''
        if args:
            driver = [arg for arg in args if isinstance(arg, Chrome)]
            node_ip = "" if not driver else getattr(driver[0], "node_ip", "")
        try:
            func(*args, **kwargs)
            success = True
        except Exception:
            success = False
            # https://docs.python.org/2/library/sys.html#sys.exc_info
            exc_type, full_exception = sys.exc_info()[:2]
            error_msg = f"Failed measure: {interaction} - {exc_type.__name__}"
        end = time.time()
        timing = str(int((end - start) * 1000))
    
        lockfile = f'{selenium_results_file}.lock'
    
        with filelock.SoftFileLock(lockfile):
            with open(selenium_results_file, "a+") as jtl_file:
                timestamp = round(time.time() * 1000)
                if explicit_timing:
                    jtl_file.write(f"{timestamp},{explicit_timing*1000},{interaction},,{error_msg},"
                                   f",{success},0,0,0,0,,0\n")
                else:
                    jtl_file.write(f"{timestamp},{timing},{interaction},,{error_msg}"
                                   f",,{success},0,0,0,0,{node_ip},0\n")
    
        print(f"{timestamp},{timing},{interaction},{error_msg},{success},{node_ip}")
    
        if not success:
            if LOGIN_ACTION_NAME in interaction:
                globals.login_failed = True
>           raise Exception(error_msg, full_exception)
E           Exception: ('Failed measure: zephyr_scale_view_test_plan_in_issue_view - TimeoutException', TimeoutException())

selenium_ui/conftest.py:171: Exception
06-09-2023, 10:42:59, 1686307379681, Action: test_1_selenium_zscale_view_test_case_in_issue_view, Error: jira_webdriver = <selenium.webdriver.chrome.webdriver.WebDriver (session="3d79493cb96f6fbd622ed69a5a6ca15d")>
jira_datasets = {'custom_issues': [], 'issue_id': '211806', 'issue_key': 'AAFAIA-6298', 'issues': [['AABIS-1', '914565', 'AABIS'], ['A...', 'AABIS'], ['AABIS-4', '914568', 'AABIS'], ['AABIS-5', '914569', 'AABIS'], ['AABIS-6', '914570', 'AABIS'], ...], ...}
jira_screen_shots = None

    def test_1_selenium_zscale_view_test_case_in_issue_view(jira_webdriver, jira_datasets, jira_screen_shots):
>       extension_ui.zscale_view_test_case_in_issue_view(jira_webdriver, jira_datasets)

selenium_ui/jira_ui.py:69: 
_ _ _ _ _ _ _ _ _ _ _ _ _ _ _ _ _ _ _ _ _ _ _ _ _ _ _ _ _ _ _ _ _ _ _ _ _ _ _ _ 
extension/jira/extension_ui.py:55: in zscale_view_test_case_in_issue_view
    measure()
_ _ _ _ _ _ _ _ _ _ _ _ _ _ _ _ _ _ _ _ _ _ _ _ _ _ _ _ _ _ _ _ _ _ _ _ _ _ _ _ 

args = (), kwargs = {}, node_ip = '', start = 1686307359.0928168
error_msg = 'Failed measure: zephyr_scale_view_test_case_in_issue_view - TimeoutException'
full_exception = TimeoutException(), success = False
exc_type = <class 'selenium.common.exceptions.TimeoutException'>
end = 1686307379.669743, timing = '20576'
lockfile = '/dc-app-performance-toolkit/app/results/jira/2023-06-09_10-23-15/selenium.jtl.lock'

    @functools.wraps(func)
    def wrapper(*args, **kwargs):
        if LOGIN_ACTION_NAME in interaction:
            globals.login_failed = False
        if globals.login_failed:
            pytest.skip("login is failed")
        node_ip = ""
        start = time.time()
        error_msg = 'Success'
        full_exception = ''
        if args:
            driver = [arg for arg in args if isinstance(arg, Chrome)]
            node_ip = "" if not driver else getattr(driver[0], "node_ip", "")
        try:
            func(*args, **kwargs)
            success = True
        except Exception:
            success = False
            # https://docs.python.org/2/library/sys.html#sys.exc_info
            exc_type, full_exception = sys.exc_info()[:2]
            error_msg = f"Failed measure: {interaction} - {exc_type.__name__}"
        end = time.time()
        timing = str(int((end - start) * 1000))
    
        lockfile = f'{selenium_results_file}.lock'
    
        with filelock.SoftFileLock(lockfile):
            with open(selenium_results_file, "a+") as jtl_file:
                timestamp = round(time.time() * 1000)
                if explicit_timing:
                    jtl_file.write(f"{timestamp},{explicit_timing*1000},{interaction},,{error_msg},"
                                   f",{success},0,0,0,0,,0\n")
                else:
                    jtl_file.write(f"{timestamp},{timing},{interaction},,{error_msg}"
                                   f",,{success},0,0,0,0,{node_ip},0\n")
    
        print(f"{timestamp},{timing},{interaction},{error_msg},{success},{node_ip}")
    
        if not success:
            if LOGIN_ACTION_NAME in interaction:
                globals.login_failed = True
>           raise Exception(error_msg, full_exception)
E           Exception: ('Failed measure: zephyr_scale_view_test_case_in_issue_view - TimeoutException', TimeoutException())

selenium_ui/conftest.py:171: Exception
06-09-2023, 10:43:20, 1686307400821, Action: test_1_selenium_zscale_view_test_cycle_in_issue_view, Error: jira_webdriver = <selenium.webdriver.chrome.webdriver.WebDriver (session="3d79493cb96f6fbd622ed69a5a6ca15d")>
jira_datasets = {'custom_issues': [], 'issue_id': '211806', 'issue_key': 'AAFAIA-6298', 'issues': [['AABIS-1', '914565', 'AABIS'], ['A...', 'AABIS'], ['AABIS-4', '914568', 'AABIS'], ['AABIS-5', '914569', 'AABIS'], ['AABIS-6', '914570', 'AABIS'], ...], ...}
jira_screen_shots = None

    def test_1_selenium_zscale_view_test_cycle_in_issue_view(jira_webdriver, jira_datasets, jira_screen_shots):
>       extension_ui.zscale_view_test_cycle_in_issue_view(jira_webdriver, jira_datasets)

selenium_ui/jira_ui.py:72: 
_ _ _ _ _ _ _ _ _ _ _ _ _ _ _ _ _ _ _ _ _ _ _ _ _ _ _ _ _ _ _ _ _ _ _ _ _ _ _ _ 
extension/jira/extension_ui.py:67: in zscale_view_test_cycle_in_issue_view
    measure()
_ _ _ _ _ _ _ _ _ _ _ _ _ _ _ _ _ _ _ _ _ _ _ _ _ _ _ _ _ _ _ _ _ _ _ _ _ _ _ _ 

args = (), kwargs = {}, node_ip = '', start = 1686307380.202165
error_msg = 'Failed measure: zephyr_scale_view_test_cycle_in_issue_view - TimeoutException'
full_exception = TimeoutException(), success = False
exc_type = <class 'selenium.common.exceptions.TimeoutException'>
end = 1686307400.7867916, timing = '20584'
lockfile = '/dc-app-performance-toolkit/app/results/jira/2023-06-09_10-23-15/selenium.jtl.lock'

    @functools.wraps(func)
    def wrapper(*args, **kwargs):
        if LOGIN_ACTION_NAME in interaction:
            globals.login_failed = False
        if globals.login_failed:
            pytest.skip("login is failed")
        node_ip = ""
        start = time.time()
        error_msg = 'Success'
        full_exception = ''
        if args:
            driver = [arg for arg in args if isinstance(arg, Chrome)]
            node_ip = "" if not driver else getattr(driver[0], "node_ip", "")
        try:
            func(*args, **kwargs)
            success = True
        except Exception:
            success = False
            # https://docs.python.org/2/library/sys.html#sys.exc_info
            exc_type, full_exception = sys.exc_info()[:2]
            error_msg = f"Failed measure: {interaction} - {exc_type.__name__}"
        end = time.time()
        timing = str(int((end - start) * 1000))
    
        lockfile = f'{selenium_results_file}.lock'
    
        with filelock.SoftFileLock(lockfile):
            with open(selenium_results_file, "a+") as jtl_file:
                timestamp = round(time.time() * 1000)
                if explicit_timing:
                    jtl_file.write(f"{timestamp},{explicit_timing*1000},{interaction},,{error_msg},"
                                   f",{success},0,0,0,0,,0\n")
                else:
                    jtl_file.write(f"{timestamp},{timing},{interaction},,{error_msg}"
                                   f",,{success},0,0,0,0,{node_ip},0\n")
    
        print(f"{timestamp},{timing},{interaction},{error_msg},{success},{node_ip}")
    
        if not success:
            if LOGIN_ACTION_NAME in interaction:
                globals.login_failed = True
>           raise Exception(error_msg, full_exception)
E           Exception: ('Failed measure: zephyr_scale_view_test_cycle_in_issue_view - TimeoutException', TimeoutException())

selenium_ui/conftest.py:171: Exception
06-09-2023, 10:43:41, 1686307421897, Action: test_1_selenium_zscale_view_test_plan_in_issue_view, Error: jira_webdriver = <selenium.webdriver.chrome.webdriver.WebDriver (session="3d79493cb96f6fbd622ed69a5a6ca15d")>
jira_datasets = {'custom_issues': [], 'issue_id': '211806', 'issue_key': 'AAFAIA-6298', 'issues': [['AABIS-1', '914565', 'AABIS'], ['A...', 'AABIS'], ['AABIS-4', '914568', 'AABIS'], ['AABIS-5', '914569', 'AABIS'], ['AABIS-6', '914570', 'AABIS'], ...], ...}
jira_screen_shots = None

    def test_1_selenium_zscale_view_test_plan_in_issue_view(jira_webdriver, jira_datasets, jira_screen_shots):
>       extension_ui.zscale_view_test_plan_in_issue_view(jira_webdriver, jira_datasets)

selenium_ui/jira_ui.py:75: 
_ _ _ _ _ _ _ _ _ _ _ _ _ _ _ _ _ _ _ _ _ _ _ _ _ _ _ _ _ _ _ _ _ _ _ _ _ _ _ _ 
extension/jira/extension_ui.py:79: in zscale_view_test_plan_in_issue_view
    measure()
_ _ _ _ _ _ _ _ _ _ _ _ _ _ _ _ _ _ _ _ _ _ _ _ _ _ _ _ _ _ _ _ _ _ _ _ _ _ _ _ 

args = (), kwargs = {}, node_ip = '', start = 1686307401.2913196
error_msg = 'Failed measure: zephyr_scale_view_test_plan_in_issue_view - TimeoutException'
full_exception = TimeoutException(), success = False
exc_type = <class 'selenium.common.exceptions.TimeoutException'>
end = 1686307421.8862247, timing = '20594'
lockfile = '/dc-app-performance-toolkit/app/results/jira/2023-06-09_10-23-15/selenium.jtl.lock'

    @functools.wraps(func)
    def wrapper(*args, **kwargs):
        if LOGIN_ACTION_NAME in interaction:
            globals.login_failed = False
        if globals.login_failed:
            pytest.skip("login is failed")
        node_ip = ""
        start = time.time()
        error_msg = 'Success'
        full_exception = ''
        if args:
            driver = [arg for arg in args if isinstance(arg, Chrome)]
            node_ip = "" if not driver else getattr(driver[0], "node_ip", "")
        try:
            func(*args, **kwargs)
            success = True
        except Exception:
            success = False
            # https://docs.python.org/2/library/sys.html#sys.exc_info
            exc_type, full_exception = sys.exc_info()[:2]
            error_msg = f"Failed measure: {interaction} - {exc_type.__name__}"
        end = time.time()
        timing = str(int((end - start) * 1000))
    
        lockfile = f'{selenium_results_file}.lock'
    
        with filelock.SoftFileLock(lockfile):
            with open(selenium_results_file, "a+") as jtl_file:
                timestamp = round(time.time() * 1000)
                if explicit_timing:
                    jtl_file.write(f"{timestamp},{explicit_timing*1000},{interaction},,{error_msg},"
                                   f",{success},0,0,0,0,,0\n")
                else:
                    jtl_file.write(f"{timestamp},{timing},{interaction},,{error_msg}"
                                   f",,{success},0,0,0,0,{node_ip},0\n")
    
        print(f"{timestamp},{timing},{interaction},{error_msg},{success},{node_ip}")
    
        if not success:
            if LOGIN_ACTION_NAME in interaction:
                globals.login_failed = True
>           raise Exception(error_msg, full_exception)
E           Exception: ('Failed measure: zephyr_scale_view_test_plan_in_issue_view - TimeoutException', TimeoutException())

selenium_ui/conftest.py:171: Exception
06-09-2023, 10:44:19, 1686307459117, Action: test_1_selenium_zscale_view_test_case_in_issue_view, Error: jira_webdriver = <selenium.webdriver.chrome.webdriver.WebDriver (session="3d79493cb96f6fbd622ed69a5a6ca15d")>
jira_datasets = {'custom_issues': [], 'issue_id': '206650', 'issue_key': 'AAFAIA-1142', 'issues': [['AABIS-1', '914565', 'AABIS'], ['A...', 'AABIS'], ['AABIS-4', '914568', 'AABIS'], ['AABIS-5', '914569', 'AABIS'], ['AABIS-6', '914570', 'AABIS'], ...], ...}
jira_screen_shots = None

    def test_1_selenium_zscale_view_test_case_in_issue_view(jira_webdriver, jira_datasets, jira_screen_shots):
>       extension_ui.zscale_view_test_case_in_issue_view(jira_webdriver, jira_datasets)

selenium_ui/jira_ui.py:69: 
_ _ _ _ _ _ _ _ _ _ _ _ _ _ _ _ _ _ _ _ _ _ _ _ _ _ _ _ _ _ _ _ _ _ _ _ _ _ _ _ 
extension/jira/extension_ui.py:55: in zscale_view_test_case_in_issue_view
    measure()
_ _ _ _ _ _ _ _ _ _ _ _ _ _ _ _ _ _ _ _ _ _ _ _ _ _ _ _ _ _ _ _ _ _ _ _ _ _ _ _ 

args = (), kwargs = {}, node_ip = '', start = 1686307438.4032855
error_msg = 'Failed measure: zephyr_scale_view_test_case_in_issue_view - TimeoutException'
full_exception = TimeoutException(), success = False
exc_type = <class 'selenium.common.exceptions.TimeoutException'>
end = 1686307459.1052454, timing = '20701'
lockfile = '/dc-app-performance-toolkit/app/results/jira/2023-06-09_10-23-15/selenium.jtl.lock'

    @functools.wraps(func)
    def wrapper(*args, **kwargs):
        if LOGIN_ACTION_NAME in interaction:
            globals.login_failed = False
        if globals.login_failed:
            pytest.skip("login is failed")
        node_ip = ""
        start = time.time()
        error_msg = 'Success'
        full_exception = ''
        if args:
            driver = [arg for arg in args if isinstance(arg, Chrome)]
            node_ip = "" if not driver else getattr(driver[0], "node_ip", "")
        try:
            func(*args, **kwargs)
            success = True
        except Exception:
            success = False
            # https://docs.python.org/2/library/sys.html#sys.exc_info
            exc_type, full_exception = sys.exc_info()[:2]
            error_msg = f"Failed measure: {interaction} - {exc_type.__name__}"
        end = time.time()
        timing = str(int((end - start) * 1000))
    
        lockfile = f'{selenium_results_file}.lock'
    
        with filelock.SoftFileLock(lockfile):
            with open(selenium_results_file, "a+") as jtl_file:
                timestamp = round(time.time() * 1000)
                if explicit_timing:
                    jtl_file.write(f"{timestamp},{explicit_timing*1000},{interaction},,{error_msg},"
                                   f",{success},0,0,0,0,,0\n")
                else:
                    jtl_file.write(f"{timestamp},{timing},{interaction},,{error_msg}"
                                   f",,{success},0,0,0,0,{node_ip},0\n")
    
        print(f"{timestamp},{timing},{interaction},{error_msg},{success},{node_ip}")
    
        if not success:
            if LOGIN_ACTION_NAME in interaction:
                globals.login_failed = True
>           raise Exception(error_msg, full_exception)
E           Exception: ('Failed measure: zephyr_scale_view_test_case_in_issue_view - TimeoutException', TimeoutException())

selenium_ui/conftest.py:171: Exception
06-09-2023, 10:44:40, 1686307480426, Action: test_1_selenium_zscale_view_test_cycle_in_issue_view, Error: jira_webdriver = <selenium.webdriver.chrome.webdriver.WebDriver (session="3d79493cb96f6fbd622ed69a5a6ca15d")>
jira_datasets = {'custom_issues': [], 'issue_id': '206650', 'issue_key': 'AAFAIA-1142', 'issues': [['AABIS-1', '914565', 'AABIS'], ['A...', 'AABIS'], ['AABIS-4', '914568', 'AABIS'], ['AABIS-5', '914569', 'AABIS'], ['AABIS-6', '914570', 'AABIS'], ...], ...}
jira_screen_shots = None

    def test_1_selenium_zscale_view_test_cycle_in_issue_view(jira_webdriver, jira_datasets, jira_screen_shots):
>       extension_ui.zscale_view_test_cycle_in_issue_view(jira_webdriver, jira_datasets)

selenium_ui/jira_ui.py:72: 
_ _ _ _ _ _ _ _ _ _ _ _ _ _ _ _ _ _ _ _ _ _ _ _ _ _ _ _ _ _ _ _ _ _ _ _ _ _ _ _ 
extension/jira/extension_ui.py:67: in zscale_view_test_cycle_in_issue_view
    measure()
_ _ _ _ _ _ _ _ _ _ _ _ _ _ _ _ _ _ _ _ _ _ _ _ _ _ _ _ _ _ _ _ _ _ _ _ _ _ _ _ 

args = (), kwargs = {}, node_ip = '', start = 1686307459.5781379
error_msg = 'Failed measure: zephyr_scale_view_test_cycle_in_issue_view - TimeoutException'
full_exception = TimeoutException(), success = False
exc_type = <class 'selenium.common.exceptions.TimeoutException'>
end = 1686307480.414951, timing = '20836'
lockfile = '/dc-app-performance-toolkit/app/results/jira/2023-06-09_10-23-15/selenium.jtl.lock'

    @functools.wraps(func)
    def wrapper(*args, **kwargs):
        if LOGIN_ACTION_NAME in interaction:
            globals.login_failed = False
        if globals.login_failed:
            pytest.skip("login is failed")
        node_ip = ""
        start = time.time()
        error_msg = 'Success'
        full_exception = ''
        if args:
            driver = [arg for arg in args if isinstance(arg, Chrome)]
            node_ip = "" if not driver else getattr(driver[0], "node_ip", "")
        try:
            func(*args, **kwargs)
            success = True
        except Exception:
            success = False
            # https://docs.python.org/2/library/sys.html#sys.exc_info
            exc_type, full_exception = sys.exc_info()[:2]
            error_msg = f"Failed measure: {interaction} - {exc_type.__name__}"
        end = time.time()
        timing = str(int((end - start) * 1000))
    
        lockfile = f'{selenium_results_file}.lock'
    
        with filelock.SoftFileLock(lockfile):
            with open(selenium_results_file, "a+") as jtl_file:
                timestamp = round(time.time() * 1000)
                if explicit_timing:
                    jtl_file.write(f"{timestamp},{explicit_timing*1000},{interaction},,{error_msg},"
                                   f",{success},0,0,0,0,,0\n")
                else:
                    jtl_file.write(f"{timestamp},{timing},{interaction},,{error_msg}"
                                   f",,{success},0,0,0,0,{node_ip},0\n")
    
        print(f"{timestamp},{timing},{interaction},{error_msg},{success},{node_ip}")
    
        if not success:
            if LOGIN_ACTION_NAME in interaction:
                globals.login_failed = True
>           raise Exception(error_msg, full_exception)
E           Exception: ('Failed measure: zephyr_scale_view_test_cycle_in_issue_view - TimeoutException', TimeoutException())

selenium_ui/conftest.py:171: Exception
06-09-2023, 10:45:01, 1686307501717, Action: test_1_selenium_zscale_view_test_plan_in_issue_view, Error: jira_webdriver = <selenium.webdriver.chrome.webdriver.WebDriver (session="3d79493cb96f6fbd622ed69a5a6ca15d")>
jira_datasets = {'custom_issues': [], 'issue_id': '206650', 'issue_key': 'AAFAIA-1142', 'issues': [['AABIS-1', '914565', 'AABIS'], ['A...', 'AABIS'], ['AABIS-4', '914568', 'AABIS'], ['AABIS-5', '914569', 'AABIS'], ['AABIS-6', '914570', 'AABIS'], ...], ...}
jira_screen_shots = None

    def test_1_selenium_zscale_view_test_plan_in_issue_view(jira_webdriver, jira_datasets, jira_screen_shots):
>       extension_ui.zscale_view_test_plan_in_issue_view(jira_webdriver, jira_datasets)

selenium_ui/jira_ui.py:75: 
_ _ _ _ _ _ _ _ _ _ _ _ _ _ _ _ _ _ _ _ _ _ _ _ _ _ _ _ _ _ _ _ _ _ _ _ _ _ _ _ 
extension/jira/extension_ui.py:79: in zscale_view_test_plan_in_issue_view
    measure()
_ _ _ _ _ _ _ _ _ _ _ _ _ _ _ _ _ _ _ _ _ _ _ _ _ _ _ _ _ _ _ _ _ _ _ _ _ _ _ _ 

args = (), kwargs = {}, node_ip = '', start = 1686307480.8935637
error_msg = 'Failed measure: zephyr_scale_view_test_plan_in_issue_view - TimeoutException'
full_exception = TimeoutException(), success = False
exc_type = <class 'selenium.common.exceptions.TimeoutException'>
end = 1686307501.7059739, timing = '20812'
lockfile = '/dc-app-performance-toolkit/app/results/jira/2023-06-09_10-23-15/selenium.jtl.lock'

    @functools.wraps(func)
    def wrapper(*args, **kwargs):
        if LOGIN_ACTION_NAME in interaction:
            globals.login_failed = False
        if globals.login_failed:
            pytest.skip("login is failed")
        node_ip = ""
        start = time.time()
        error_msg = 'Success'
        full_exception = ''
        if args:
            driver = [arg for arg in args if isinstance(arg, Chrome)]
            node_ip = "" if not driver else getattr(driver[0], "node_ip", "")
        try:
            func(*args, **kwargs)
            success = True
        except Exception:
            success = False
            # https://docs.python.org/2/library/sys.html#sys.exc_info
            exc_type, full_exception = sys.exc_info()[:2]
            error_msg = f"Failed measure: {interaction} - {exc_type.__name__}"
        end = time.time()
        timing = str(int((end - start) * 1000))
    
        lockfile = f'{selenium_results_file}.lock'
    
        with filelock.SoftFileLock(lockfile):
            with open(selenium_results_file, "a+") as jtl_file:
                timestamp = round(time.time() * 1000)
                if explicit_timing:
                    jtl_file.write(f"{timestamp},{explicit_timing*1000},{interaction},,{error_msg},"
                                   f",{success},0,0,0,0,,0\n")
                else:
                    jtl_file.write(f"{timestamp},{timing},{interaction},,{error_msg}"
                                   f",,{success},0,0,0,0,{node_ip},0\n")
    
        print(f"{timestamp},{timing},{interaction},{error_msg},{success},{node_ip}")
    
        if not success:
            if LOGIN_ACTION_NAME in interaction:
                globals.login_failed = True
>           raise Exception(error_msg, full_exception)
E           Exception: ('Failed measure: zephyr_scale_view_test_plan_in_issue_view - TimeoutException', TimeoutException())

selenium_ui/conftest.py:171: Exception
06-09-2023, 10:45:37, 1686307537737, Action: test_1_selenium_zscale_view_test_case_in_issue_view, Error: jira_webdriver = <selenium.webdriver.chrome.webdriver.WebDriver (session="3d79493cb96f6fbd622ed69a5a6ca15d")>
jira_datasets = {'custom_issues': [], 'issue_id': '210798', 'issue_key': 'AAFAIA-5290', 'issues': [['AABIS-1', '914565', 'AABIS'], ['A...', 'AABIS'], ['AABIS-4', '914568', 'AABIS'], ['AABIS-5', '914569', 'AABIS'], ['AABIS-6', '914570', 'AABIS'], ...], ...}
jira_screen_shots = None

    def test_1_selenium_zscale_view_test_case_in_issue_view(jira_webdriver, jira_datasets, jira_screen_shots):
>       extension_ui.zscale_view_test_case_in_issue_view(jira_webdriver, jira_datasets)

selenium_ui/jira_ui.py:69: 
_ _ _ _ _ _ _ _ _ _ _ _ _ _ _ _ _ _ _ _ _ _ _ _ _ _ _ _ _ _ _ _ _ _ _ _ _ _ _ _ 
extension/jira/extension_ui.py:55: in zscale_view_test_case_in_issue_view
    measure()
_ _ _ _ _ _ _ _ _ _ _ _ _ _ _ _ _ _ _ _ _ _ _ _ _ _ _ _ _ _ _ _ _ _ _ _ _ _ _ _ 

args = (), kwargs = {}, node_ip = '', start = 1686307517.2420423
error_msg = 'Failed measure: zephyr_scale_view_test_case_in_issue_view - TimeoutException'
full_exception = TimeoutException(), success = False
exc_type = <class 'selenium.common.exceptions.TimeoutException'>
end = 1686307537.7256184, timing = '20483'
lockfile = '/dc-app-performance-toolkit/app/results/jira/2023-06-09_10-23-15/selenium.jtl.lock'

    @functools.wraps(func)
    def wrapper(*args, **kwargs):
        if LOGIN_ACTION_NAME in interaction:
            globals.login_failed = False
        if globals.login_failed:
            pytest.skip("login is failed")
        node_ip = ""
        start = time.time()
        error_msg = 'Success'
        full_exception = ''
        if args:
            driver = [arg for arg in args if isinstance(arg, Chrome)]
            node_ip = "" if not driver else getattr(driver[0], "node_ip", "")
        try:
            func(*args, **kwargs)
            success = True
        except Exception:
            success = False
            # https://docs.python.org/2/library/sys.html#sys.exc_info
            exc_type, full_exception = sys.exc_info()[:2]
            error_msg = f"Failed measure: {interaction} - {exc_type.__name__}"
        end = time.time()
        timing = str(int((end - start) * 1000))
    
        lockfile = f'{selenium_results_file}.lock'
    
        with filelock.SoftFileLock(lockfile):
            with open(selenium_results_file, "a+") as jtl_file:
                timestamp = round(time.time() * 1000)
                if explicit_timing:
                    jtl_file.write(f"{timestamp},{explicit_timing*1000},{interaction},,{error_msg},"
                                   f",{success},0,0,0,0,,0\n")
                else:
                    jtl_file.write(f"{timestamp},{timing},{interaction},,{error_msg}"
                                   f",,{success},0,0,0,0,{node_ip},0\n")
    
        print(f"{timestamp},{timing},{interaction},{error_msg},{success},{node_ip}")
    
        if not success:
            if LOGIN_ACTION_NAME in interaction:
                globals.login_failed = True
>           raise Exception(error_msg, full_exception)
E           Exception: ('Failed measure: zephyr_scale_view_test_case_in_issue_view - TimeoutException', TimeoutException())

selenium_ui/conftest.py:171: Exception
06-09-2023, 10:45:58, 1686307558605, Action: test_1_selenium_zscale_view_test_cycle_in_issue_view, Error: jira_webdriver = <selenium.webdriver.chrome.webdriver.WebDriver (session="3d79493cb96f6fbd622ed69a5a6ca15d")>
jira_datasets = {'custom_issues': [], 'issue_id': '210798', 'issue_key': 'AAFAIA-5290', 'issues': [['AABIS-1', '914565', 'AABIS'], ['A...', 'AABIS'], ['AABIS-4', '914568', 'AABIS'], ['AABIS-5', '914569', 'AABIS'], ['AABIS-6', '914570', 'AABIS'], ...], ...}
jira_screen_shots = None

    def test_1_selenium_zscale_view_test_cycle_in_issue_view(jira_webdriver, jira_datasets, jira_screen_shots):
>       extension_ui.zscale_view_test_cycle_in_issue_view(jira_webdriver, jira_datasets)

selenium_ui/jira_ui.py:72: 
_ _ _ _ _ _ _ _ _ _ _ _ _ _ _ _ _ _ _ _ _ _ _ _ _ _ _ _ _ _ _ _ _ _ _ _ _ _ _ _ 
extension/jira/extension_ui.py:67: in zscale_view_test_cycle_in_issue_view
    measure()
_ _ _ _ _ _ _ _ _ _ _ _ _ _ _ _ _ _ _ _ _ _ _ _ _ _ _ _ _ _ _ _ _ _ _ _ _ _ _ _ 

args = (), kwargs = {}, node_ip = '', start = 1686307538.1614208
error_msg = 'Failed measure: zephyr_scale_view_test_cycle_in_issue_view - TimeoutException'
full_exception = TimeoutException(), success = False
exc_type = <class 'selenium.common.exceptions.TimeoutException'>
end = 1686307558.594195, timing = '20432'
lockfile = '/dc-app-performance-toolkit/app/results/jira/2023-06-09_10-23-15/selenium.jtl.lock'

    @functools.wraps(func)
    def wrapper(*args, **kwargs):
        if LOGIN_ACTION_NAME in interaction:
            globals.login_failed = False
        if globals.login_failed:
            pytest.skip("login is failed")
        node_ip = ""
        start = time.time()
        error_msg = 'Success'
        full_exception = ''
        if args:
            driver = [arg for arg in args if isinstance(arg, Chrome)]
            node_ip = "" if not driver else getattr(driver[0], "node_ip", "")
        try:
            func(*args, **kwargs)
            success = True
        except Exception:
            success = False
            # https://docs.python.org/2/library/sys.html#sys.exc_info
            exc_type, full_exception = sys.exc_info()[:2]
            error_msg = f"Failed measure: {interaction} - {exc_type.__name__}"
        end = time.time()
        timing = str(int((end - start) * 1000))
    
        lockfile = f'{selenium_results_file}.lock'
    
        with filelock.SoftFileLock(lockfile):
            with open(selenium_results_file, "a+") as jtl_file:
                timestamp = round(time.time() * 1000)
                if explicit_timing:
                    jtl_file.write(f"{timestamp},{explicit_timing*1000},{interaction},,{error_msg},"
                                   f",{success},0,0,0,0,,0\n")
                else:
                    jtl_file.write(f"{timestamp},{timing},{interaction},,{error_msg}"
                                   f",,{success},0,0,0,0,{node_ip},0\n")
    
        print(f"{timestamp},{timing},{interaction},{error_msg},{success},{node_ip}")
    
        if not success:
            if LOGIN_ACTION_NAME in interaction:
                globals.login_failed = True
>           raise Exception(error_msg, full_exception)
E           Exception: ('Failed measure: zephyr_scale_view_test_cycle_in_issue_view - TimeoutException', TimeoutException())

selenium_ui/conftest.py:171: Exception
06-09-2023, 10:46:19, 1686307579492, Action: test_1_selenium_zscale_view_test_plan_in_issue_view, Error: jira_webdriver = <selenium.webdriver.chrome.webdriver.WebDriver (session="3d79493cb96f6fbd622ed69a5a6ca15d")>
jira_datasets = {'custom_issues': [], 'issue_id': '210798', 'issue_key': 'AAFAIA-5290', 'issues': [['AABIS-1', '914565', 'AABIS'], ['A...', 'AABIS'], ['AABIS-4', '914568', 'AABIS'], ['AABIS-5', '914569', 'AABIS'], ['AABIS-6', '914570', 'AABIS'], ...], ...}
jira_screen_shots = None

    def test_1_selenium_zscale_view_test_plan_in_issue_view(jira_webdriver, jira_datasets, jira_screen_shots):
>       extension_ui.zscale_view_test_plan_in_issue_view(jira_webdriver, jira_datasets)

selenium_ui/jira_ui.py:75: 
_ _ _ _ _ _ _ _ _ _ _ _ _ _ _ _ _ _ _ _ _ _ _ _ _ _ _ _ _ _ _ _ _ _ _ _ _ _ _ _ 
extension/jira/extension_ui.py:79: in zscale_view_test_plan_in_issue_view
    measure()
_ _ _ _ _ _ _ _ _ _ _ _ _ _ _ _ _ _ _ _ _ _ _ _ _ _ _ _ _ _ _ _ _ _ _ _ _ _ _ _ 

args = (), kwargs = {}, node_ip = '', start = 1686307559.0528579
error_msg = 'Failed measure: zephyr_scale_view_test_plan_in_issue_view - TimeoutException'
full_exception = TimeoutException(), success = False
exc_type = <class 'selenium.common.exceptions.TimeoutException'>
end = 1686307579.4795523, timing = '20426'
lockfile = '/dc-app-performance-toolkit/app/results/jira/2023-06-09_10-23-15/selenium.jtl.lock'

    @functools.wraps(func)
    def wrapper(*args, **kwargs):
        if LOGIN_ACTION_NAME in interaction:
            globals.login_failed = False
        if globals.login_failed:
            pytest.skip("login is failed")
        node_ip = ""
        start = time.time()
        error_msg = 'Success'
        full_exception = ''
        if args:
            driver = [arg for arg in args if isinstance(arg, Chrome)]
            node_ip = "" if not driver else getattr(driver[0], "node_ip", "")
        try:
            func(*args, **kwargs)
            success = True
        except Exception:
            success = False
            # https://docs.python.org/2/library/sys.html#sys.exc_info
            exc_type, full_exception = sys.exc_info()[:2]
            error_msg = f"Failed measure: {interaction} - {exc_type.__name__}"
        end = time.time()
        timing = str(int((end - start) * 1000))
    
        lockfile = f'{selenium_results_file}.lock'
    
        with filelock.SoftFileLock(lockfile):
            with open(selenium_results_file, "a+") as jtl_file:
                timestamp = round(time.time() * 1000)
                if explicit_timing:
                    jtl_file.write(f"{timestamp},{explicit_timing*1000},{interaction},,{error_msg},"
                                   f",{success},0,0,0,0,,0\n")
                else:
                    jtl_file.write(f"{timestamp},{timing},{interaction},,{error_msg}"
                                   f",,{success},0,0,0,0,{node_ip},0\n")
    
        print(f"{timestamp},{timing},{interaction},{error_msg},{success},{node_ip}")
    
        if not success:
            if LOGIN_ACTION_NAME in interaction:
                globals.login_failed = True
>           raise Exception(error_msg, full_exception)
E           Exception: ('Failed measure: zephyr_scale_view_test_plan_in_issue_view - TimeoutException', TimeoutException())

selenium_ui/conftest.py:171: Exception
06-09-2023, 10:46:56, 1686307616624, Action: test_1_selenium_zscale_view_test_case_in_issue_view, Error: jira_webdriver = <selenium.webdriver.chrome.webdriver.WebDriver (session="3d79493cb96f6fbd622ed69a5a6ca15d")>
jira_datasets = {'custom_issues': [], 'issue_id': '206244', 'issue_key': 'AAFAIA-736', 'issues': [['AABIS-1', '914565', 'AABIS'], ['AA...', 'AABIS'], ['AABIS-4', '914568', 'AABIS'], ['AABIS-5', '914569', 'AABIS'], ['AABIS-6', '914570', 'AABIS'], ...], ...}
jira_screen_shots = None

    def test_1_selenium_zscale_view_test_case_in_issue_view(jira_webdriver, jira_datasets, jira_screen_shots):
>       extension_ui.zscale_view_test_case_in_issue_view(jira_webdriver, jira_datasets)

selenium_ui/jira_ui.py:69: 
_ _ _ _ _ _ _ _ _ _ _ _ _ _ _ _ _ _ _ _ _ _ _ _ _ _ _ _ _ _ _ _ _ _ _ _ _ _ _ _ 
extension/jira/extension_ui.py:55: in zscale_view_test_case_in_issue_view
    measure()
_ _ _ _ _ _ _ _ _ _ _ _ _ _ _ _ _ _ _ _ _ _ _ _ _ _ _ _ _ _ _ _ _ _ _ _ _ _ _ _ 

args = (), kwargs = {}, node_ip = '', start = 1686307596.0374796
error_msg = 'Failed measure: zephyr_scale_view_test_case_in_issue_view - TimeoutException'
full_exception = TimeoutException(), success = False
exc_type = <class 'selenium.common.exceptions.TimeoutException'>
end = 1686307616.6128345, timing = '20575'
lockfile = '/dc-app-performance-toolkit/app/results/jira/2023-06-09_10-23-15/selenium.jtl.lock'

    @functools.wraps(func)
    def wrapper(*args, **kwargs):
        if LOGIN_ACTION_NAME in interaction:
            globals.login_failed = False
        if globals.login_failed:
            pytest.skip("login is failed")
        node_ip = ""
        start = time.time()
        error_msg = 'Success'
        full_exception = ''
        if args:
            driver = [arg for arg in args if isinstance(arg, Chrome)]
            node_ip = "" if not driver else getattr(driver[0], "node_ip", "")
        try:
            func(*args, **kwargs)
            success = True
        except Exception:
            success = False
            # https://docs.python.org/2/library/sys.html#sys.exc_info
            exc_type, full_exception = sys.exc_info()[:2]
            error_msg = f"Failed measure: {interaction} - {exc_type.__name__}"
        end = time.time()
        timing = str(int((end - start) * 1000))
    
        lockfile = f'{selenium_results_file}.lock'
    
        with filelock.SoftFileLock(lockfile):
            with open(selenium_results_file, "a+") as jtl_file:
                timestamp = round(time.time() * 1000)
                if explicit_timing:
                    jtl_file.write(f"{timestamp},{explicit_timing*1000},{interaction},,{error_msg},"
                                   f",{success},0,0,0,0,,0\n")
                else:
                    jtl_file.write(f"{timestamp},{timing},{interaction},,{error_msg}"
                                   f",,{success},0,0,0,0,{node_ip},0\n")
    
        print(f"{timestamp},{timing},{interaction},{error_msg},{success},{node_ip}")
    
        if not success:
            if LOGIN_ACTION_NAME in interaction:
                globals.login_failed = True
>           raise Exception(error_msg, full_exception)
E           Exception: ('Failed measure: zephyr_scale_view_test_case_in_issue_view - TimeoutException', TimeoutException())

selenium_ui/conftest.py:171: Exception
06-09-2023, 10:47:17, 1686307637729, Action: test_1_selenium_zscale_view_test_cycle_in_issue_view, Error: jira_webdriver = <selenium.webdriver.chrome.webdriver.WebDriver (session="3d79493cb96f6fbd622ed69a5a6ca15d")>
jira_datasets = {'custom_issues': [], 'issue_id': '206244', 'issue_key': 'AAFAIA-736', 'issues': [['AABIS-1', '914565', 'AABIS'], ['AA...', 'AABIS'], ['AABIS-4', '914568', 'AABIS'], ['AABIS-5', '914569', 'AABIS'], ['AABIS-6', '914570', 'AABIS'], ...], ...}
jira_screen_shots = None

    def test_1_selenium_zscale_view_test_cycle_in_issue_view(jira_webdriver, jira_datasets, jira_screen_shots):
>       extension_ui.zscale_view_test_cycle_in_issue_view(jira_webdriver, jira_datasets)

selenium_ui/jira_ui.py:72: 
_ _ _ _ _ _ _ _ _ _ _ _ _ _ _ _ _ _ _ _ _ _ _ _ _ _ _ _ _ _ _ _ _ _ _ _ _ _ _ _ 
extension/jira/extension_ui.py:67: in zscale_view_test_cycle_in_issue_view
    measure()
_ _ _ _ _ _ _ _ _ _ _ _ _ _ _ _ _ _ _ _ _ _ _ _ _ _ _ _ _ _ _ _ _ _ _ _ _ _ _ _ 

args = (), kwargs = {}, node_ip = '', start = 1686307617.073965
error_msg = 'Failed measure: zephyr_scale_view_test_cycle_in_issue_view - TimeoutException'
full_exception = TimeoutException(), success = False
exc_type = <class 'selenium.common.exceptions.TimeoutException'>
end = 1686307637.7186182, timing = '20644'
lockfile = '/dc-app-performance-toolkit/app/results/jira/2023-06-09_10-23-15/selenium.jtl.lock'

    @functools.wraps(func)
    def wrapper(*args, **kwargs):
        if LOGIN_ACTION_NAME in interaction:
            globals.login_failed = False
        if globals.login_failed:
            pytest.skip("login is failed")
        node_ip = ""
        start = time.time()
        error_msg = 'Success'
        full_exception = ''
        if args:
            driver = [arg for arg in args if isinstance(arg, Chrome)]
            node_ip = "" if not driver else getattr(driver[0], "node_ip", "")
        try:
            func(*args, **kwargs)
            success = True
        except Exception:
            success = False
            # https://docs.python.org/2/library/sys.html#sys.exc_info
            exc_type, full_exception = sys.exc_info()[:2]
            error_msg = f"Failed measure: {interaction} - {exc_type.__name__}"
        end = time.time()
        timing = str(int((end - start) * 1000))
    
        lockfile = f'{selenium_results_file}.lock'
    
        with filelock.SoftFileLock(lockfile):
            with open(selenium_results_file, "a+") as jtl_file:
                timestamp = round(time.time() * 1000)
                if explicit_timing:
                    jtl_file.write(f"{timestamp},{explicit_timing*1000},{interaction},,{error_msg},"
                                   f",{success},0,0,0,0,,0\n")
                else:
                    jtl_file.write(f"{timestamp},{timing},{interaction},,{error_msg}"
                                   f",,{success},0,0,0,0,{node_ip},0\n")
    
        print(f"{timestamp},{timing},{interaction},{error_msg},{success},{node_ip}")
    
        if not success:
            if LOGIN_ACTION_NAME in interaction:
                globals.login_failed = True
>           raise Exception(error_msg, full_exception)
E           Exception: ('Failed measure: zephyr_scale_view_test_cycle_in_issue_view - TimeoutException', TimeoutException())

selenium_ui/conftest.py:171: Exception
06-09-2023, 10:47:38, 1686307658793, Action: test_1_selenium_zscale_view_test_plan_in_issue_view, Error: jira_webdriver = <selenium.webdriver.chrome.webdriver.WebDriver (session="3d79493cb96f6fbd622ed69a5a6ca15d")>
jira_datasets = {'custom_issues': [], 'issue_id': '206244', 'issue_key': 'AAFAIA-736', 'issues': [['AABIS-1', '914565', 'AABIS'], ['AA...', 'AABIS'], ['AABIS-4', '914568', 'AABIS'], ['AABIS-5', '914569', 'AABIS'], ['AABIS-6', '914570', 'AABIS'], ...], ...}
jira_screen_shots = None

    def test_1_selenium_zscale_view_test_plan_in_issue_view(jira_webdriver, jira_datasets, jira_screen_shots):
>       extension_ui.zscale_view_test_plan_in_issue_view(jira_webdriver, jira_datasets)

selenium_ui/jira_ui.py:75: 
_ _ _ _ _ _ _ _ _ _ _ _ _ _ _ _ _ _ _ _ _ _ _ _ _ _ _ _ _ _ _ _ _ _ _ _ _ _ _ _ 
extension/jira/extension_ui.py:79: in zscale_view_test_plan_in_issue_view
    measure()
_ _ _ _ _ _ _ _ _ _ _ _ _ _ _ _ _ _ _ _ _ _ _ _ _ _ _ _ _ _ _ _ _ _ _ _ _ _ _ _ 

args = (), kwargs = {}, node_ip = '', start = 1686307638.1654494
error_msg = 'Failed measure: zephyr_scale_view_test_plan_in_issue_view - TimeoutException'
full_exception = TimeoutException(), success = False
exc_type = <class 'selenium.common.exceptions.TimeoutException'>
end = 1686307658.781754, timing = '20616'
lockfile = '/dc-app-performance-toolkit/app/results/jira/2023-06-09_10-23-15/selenium.jtl.lock'

    @functools.wraps(func)
    def wrapper(*args, **kwargs):
        if LOGIN_ACTION_NAME in interaction:
            globals.login_failed = False
        if globals.login_failed:
            pytest.skip("login is failed")
        node_ip = ""
        start = time.time()
        error_msg = 'Success'
        full_exception = ''
        if args:
            driver = [arg for arg in args if isinstance(arg, Chrome)]
            node_ip = "" if not driver else getattr(driver[0], "node_ip", "")
        try:
            func(*args, **kwargs)
            success = True
        except Exception:
            success = False
            # https://docs.python.org/2/library/sys.html#sys.exc_info
            exc_type, full_exception = sys.exc_info()[:2]
            error_msg = f"Failed measure: {interaction} - {exc_type.__name__}"
        end = time.time()
        timing = str(int((end - start) * 1000))
    
        lockfile = f'{selenium_results_file}.lock'
    
        with filelock.SoftFileLock(lockfile):
            with open(selenium_results_file, "a+") as jtl_file:
                timestamp = round(time.time() * 1000)
                if explicit_timing:
                    jtl_file.write(f"{timestamp},{explicit_timing*1000},{interaction},,{error_msg},"
                                   f",{success},0,0,0,0,,0\n")
                else:
                    jtl_file.write(f"{timestamp},{timing},{interaction},,{error_msg}"
                                   f",,{success},0,0,0,0,{node_ip},0\n")
    
        print(f"{timestamp},{timing},{interaction},{error_msg},{success},{node_ip}")
    
        if not success:
            if LOGIN_ACTION_NAME in interaction:
                globals.login_failed = True
>           raise Exception(error_msg, full_exception)
E           Exception: ('Failed measure: zephyr_scale_view_test_plan_in_issue_view - TimeoutException', TimeoutException())

selenium_ui/conftest.py:171: Exception
06-09-2023, 10:48:17, 1686307697093, Action: test_1_selenium_zscale_view_test_case_in_issue_view, Error: jira_webdriver = <selenium.webdriver.chrome.webdriver.WebDriver (session="3d79493cb96f6fbd622ed69a5a6ca15d")>
jira_datasets = {'custom_issues': [], 'issue_id': '209598', 'issue_key': 'AAFAIA-4090', 'issues': [['AABIS-1', '914565', 'AABIS'], ['A...', 'AABIS'], ['AABIS-4', '914568', 'AABIS'], ['AABIS-5', '914569', 'AABIS'], ['AABIS-6', '914570', 'AABIS'], ...], ...}
jira_screen_shots = None

    def test_1_selenium_zscale_view_test_case_in_issue_view(jira_webdriver, jira_datasets, jira_screen_shots):
>       extension_ui.zscale_view_test_case_in_issue_view(jira_webdriver, jira_datasets)

selenium_ui/jira_ui.py:69: 
_ _ _ _ _ _ _ _ _ _ _ _ _ _ _ _ _ _ _ _ _ _ _ _ _ _ _ _ _ _ _ _ _ _ _ _ _ _ _ _ 
extension/jira/extension_ui.py:55: in zscale_view_test_case_in_issue_view
    measure()
_ _ _ _ _ _ _ _ _ _ _ _ _ _ _ _ _ _ _ _ _ _ _ _ _ _ _ _ _ _ _ _ _ _ _ _ _ _ _ _ 

args = (), kwargs = {}, node_ip = '', start = 1686307676.3613908
error_msg = 'Failed measure: zephyr_scale_view_test_case_in_issue_view - TimeoutException'
full_exception = TimeoutException(), success = False
exc_type = <class 'selenium.common.exceptions.TimeoutException'>
end = 1686307697.0824242, timing = '20721'
lockfile = '/dc-app-performance-toolkit/app/results/jira/2023-06-09_10-23-15/selenium.jtl.lock'

    @functools.wraps(func)
    def wrapper(*args, **kwargs):
        if LOGIN_ACTION_NAME in interaction:
            globals.login_failed = False
        if globals.login_failed:
            pytest.skip("login is failed")
        node_ip = ""
        start = time.time()
        error_msg = 'Success'
        full_exception = ''
        if args:
            driver = [arg for arg in args if isinstance(arg, Chrome)]
            node_ip = "" if not driver else getattr(driver[0], "node_ip", "")
        try:
            func(*args, **kwargs)
            success = True
        except Exception:
            success = False
            # https://docs.python.org/2/library/sys.html#sys.exc_info
            exc_type, full_exception = sys.exc_info()[:2]
            error_msg = f"Failed measure: {interaction} - {exc_type.__name__}"
        end = time.time()
        timing = str(int((end - start) * 1000))
    
        lockfile = f'{selenium_results_file}.lock'
    
        with filelock.SoftFileLock(lockfile):
            with open(selenium_results_file, "a+") as jtl_file:
                timestamp = round(time.time() * 1000)
                if explicit_timing:
                    jtl_file.write(f"{timestamp},{explicit_timing*1000},{interaction},,{error_msg},"
                                   f",{success},0,0,0,0,,0\n")
                else:
                    jtl_file.write(f"{timestamp},{timing},{interaction},,{error_msg}"
                                   f",,{success},0,0,0,0,{node_ip},0\n")
    
        print(f"{timestamp},{timing},{interaction},{error_msg},{success},{node_ip}")
    
        if not success:
            if LOGIN_ACTION_NAME in interaction:
                globals.login_failed = True
>           raise Exception(error_msg, full_exception)
E           Exception: ('Failed measure: zephyr_scale_view_test_case_in_issue_view - TimeoutException', TimeoutException())

selenium_ui/conftest.py:171: Exception
06-09-2023, 10:48:38, 1686307718403, Action: test_1_selenium_zscale_view_test_cycle_in_issue_view, Error: jira_webdriver = <selenium.webdriver.chrome.webdriver.WebDriver (session="3d79493cb96f6fbd622ed69a5a6ca15d")>
jira_datasets = {'custom_issues': [], 'issue_id': '209598', 'issue_key': 'AAFAIA-4090', 'issues': [['AABIS-1', '914565', 'AABIS'], ['A...', 'AABIS'], ['AABIS-4', '914568', 'AABIS'], ['AABIS-5', '914569', 'AABIS'], ['AABIS-6', '914570', 'AABIS'], ...], ...}
jira_screen_shots = None

    def test_1_selenium_zscale_view_test_cycle_in_issue_view(jira_webdriver, jira_datasets, jira_screen_shots):
>       extension_ui.zscale_view_test_cycle_in_issue_view(jira_webdriver, jira_datasets)

selenium_ui/jira_ui.py:72: 
_ _ _ _ _ _ _ _ _ _ _ _ _ _ _ _ _ _ _ _ _ _ _ _ _ _ _ _ _ _ _ _ _ _ _ _ _ _ _ _ 
extension/jira/extension_ui.py:67: in zscale_view_test_cycle_in_issue_view
    measure()
_ _ _ _ _ _ _ _ _ _ _ _ _ _ _ _ _ _ _ _ _ _ _ _ _ _ _ _ _ _ _ _ _ _ _ _ _ _ _ _ 

args = (), kwargs = {}, node_ip = '', start = 1686307697.5633378
error_msg = 'Failed measure: zephyr_scale_view_test_cycle_in_issue_view - TimeoutException'
full_exception = TimeoutException(), success = False
exc_type = <class 'selenium.common.exceptions.TimeoutException'>
end = 1686307718.3716679, timing = '20808'
lockfile = '/dc-app-performance-toolkit/app/results/jira/2023-06-09_10-23-15/selenium.jtl.lock'

    @functools.wraps(func)
    def wrapper(*args, **kwargs):
        if LOGIN_ACTION_NAME in interaction:
            globals.login_failed = False
        if globals.login_failed:
            pytest.skip("login is failed")
        node_ip = ""
        start = time.time()
        error_msg = 'Success'
        full_exception = ''
        if args:
            driver = [arg for arg in args if isinstance(arg, Chrome)]
            node_ip = "" if not driver else getattr(driver[0], "node_ip", "")
        try:
            func(*args, **kwargs)
            success = True
        except Exception:
            success = False
            # https://docs.python.org/2/library/sys.html#sys.exc_info
            exc_type, full_exception = sys.exc_info()[:2]
            error_msg = f"Failed measure: {interaction} - {exc_type.__name__}"
        end = time.time()
        timing = str(int((end - start) * 1000))
    
        lockfile = f'{selenium_results_file}.lock'
    
        with filelock.SoftFileLock(lockfile):
            with open(selenium_results_file, "a+") as jtl_file:
                timestamp = round(time.time() * 1000)
                if explicit_timing:
                    jtl_file.write(f"{timestamp},{explicit_timing*1000},{interaction},,{error_msg},"
                                   f",{success},0,0,0,0,,0\n")
                else:
                    jtl_file.write(f"{timestamp},{timing},{interaction},,{error_msg}"
                                   f",,{success},0,0,0,0,{node_ip},0\n")
    
        print(f"{timestamp},{timing},{interaction},{error_msg},{success},{node_ip}")
    
        if not success:
            if LOGIN_ACTION_NAME in interaction:
                globals.login_failed = True
>           raise Exception(error_msg, full_exception)
E           Exception: ('Failed measure: zephyr_scale_view_test_cycle_in_issue_view - TimeoutException', TimeoutException())

selenium_ui/conftest.py:171: Exception
06-09-2023, 10:48:59, 1686307739698, Action: test_1_selenium_zscale_view_test_plan_in_issue_view, Error: jira_webdriver = <selenium.webdriver.chrome.webdriver.WebDriver (session="3d79493cb96f6fbd622ed69a5a6ca15d")>
jira_datasets = {'custom_issues': [], 'issue_id': '209598', 'issue_key': 'AAFAIA-4090', 'issues': [['AABIS-1', '914565', 'AABIS'], ['A...', 'AABIS'], ['AABIS-4', '914568', 'AABIS'], ['AABIS-5', '914569', 'AABIS'], ['AABIS-6', '914570', 'AABIS'], ...], ...}
jira_screen_shots = None

    def test_1_selenium_zscale_view_test_plan_in_issue_view(jira_webdriver, jira_datasets, jira_screen_shots):
>       extension_ui.zscale_view_test_plan_in_issue_view(jira_webdriver, jira_datasets)

selenium_ui/jira_ui.py:75: 
_ _ _ _ _ _ _ _ _ _ _ _ _ _ _ _ _ _ _ _ _ _ _ _ _ _ _ _ _ _ _ _ _ _ _ _ _ _ _ _ 
extension/jira/extension_ui.py:79: in zscale_view_test_plan_in_issue_view
    measure()
_ _ _ _ _ _ _ _ _ _ _ _ _ _ _ _ _ _ _ _ _ _ _ _ _ _ _ _ _ _ _ _ _ _ _ _ _ _ _ _ 

args = (), kwargs = {}, node_ip = '', start = 1686307718.86141
error_msg = 'Failed measure: zephyr_scale_view_test_plan_in_issue_view - TimeoutException'
full_exception = TimeoutException(), success = False
exc_type = <class 'selenium.common.exceptions.TimeoutException'>
end = 1686307739.6866198, timing = '20825'
lockfile = '/dc-app-performance-toolkit/app/results/jira/2023-06-09_10-23-15/selenium.jtl.lock'

    @functools.wraps(func)
    def wrapper(*args, **kwargs):
        if LOGIN_ACTION_NAME in interaction:
            globals.login_failed = False
        if globals.login_failed:
            pytest.skip("login is failed")
        node_ip = ""
        start = time.time()
        error_msg = 'Success'
        full_exception = ''
        if args:
            driver = [arg for arg in args if isinstance(arg, Chrome)]
            node_ip = "" if not driver else getattr(driver[0], "node_ip", "")
        try:
            func(*args, **kwargs)
            success = True
        except Exception:
            success = False
            # https://docs.python.org/2/library/sys.html#sys.exc_info
            exc_type, full_exception = sys.exc_info()[:2]
            error_msg = f"Failed measure: {interaction} - {exc_type.__name__}"
        end = time.time()
        timing = str(int((end - start) * 1000))
    
        lockfile = f'{selenium_results_file}.lock'
    
        with filelock.SoftFileLock(lockfile):
            with open(selenium_results_file, "a+") as jtl_file:
                timestamp = round(time.time() * 1000)
                if explicit_timing:
                    jtl_file.write(f"{timestamp},{explicit_timing*1000},{interaction},,{error_msg},"
                                   f",{success},0,0,0,0,,0\n")
                else:
                    jtl_file.write(f"{timestamp},{timing},{interaction},,{error_msg}"
                                   f",,{success},0,0,0,0,{node_ip},0\n")
    
        print(f"{timestamp},{timing},{interaction},{error_msg},{success},{node_ip}")
    
        if not success:
            if LOGIN_ACTION_NAME in interaction:
                globals.login_failed = True
>           raise Exception(error_msg, full_exception)
E           Exception: ('Failed measure: zephyr_scale_view_test_plan_in_issue_view - TimeoutException', TimeoutException())

selenium_ui/conftest.py:171: Exception
06-09-2023, 10:49:37, 1686307777130, Action: test_1_selenium_zscale_view_test_case_in_issue_view, Error: jira_webdriver = <selenium.webdriver.chrome.webdriver.WebDriver (session="3d79493cb96f6fbd622ed69a5a6ca15d")>
jira_datasets = {'custom_issues': [], 'issue_id': '205727', 'issue_key': 'AAFAIA-219', 'issues': [['AABIS-1', '914565', 'AABIS'], ['AA...', 'AABIS'], ['AABIS-4', '914568', 'AABIS'], ['AABIS-5', '914569', 'AABIS'], ['AABIS-6', '914570', 'AABIS'], ...], ...}
jira_screen_shots = None

    def test_1_selenium_zscale_view_test_case_in_issue_view(jira_webdriver, jira_datasets, jira_screen_shots):
>       extension_ui.zscale_view_test_case_in_issue_view(jira_webdriver, jira_datasets)

selenium_ui/jira_ui.py:69: 
_ _ _ _ _ _ _ _ _ _ _ _ _ _ _ _ _ _ _ _ _ _ _ _ _ _ _ _ _ _ _ _ _ _ _ _ _ _ _ _ 
extension/jira/extension_ui.py:55: in zscale_view_test_case_in_issue_view
    measure()
_ _ _ _ _ _ _ _ _ _ _ _ _ _ _ _ _ _ _ _ _ _ _ _ _ _ _ _ _ _ _ _ _ _ _ _ _ _ _ _ 

args = (), kwargs = {}, node_ip = '', start = 1686307756.811491
error_msg = 'Failed measure: zephyr_scale_view_test_case_in_issue_view - TimeoutException'
full_exception = TimeoutException(), success = False
exc_type = <class 'selenium.common.exceptions.TimeoutException'>
end = 1686307777.1187413, timing = '20307'
lockfile = '/dc-app-performance-toolkit/app/results/jira/2023-06-09_10-23-15/selenium.jtl.lock'

    @functools.wraps(func)
    def wrapper(*args, **kwargs):
        if LOGIN_ACTION_NAME in interaction:
            globals.login_failed = False
        if globals.login_failed:
            pytest.skip("login is failed")
        node_ip = ""
        start = time.time()
        error_msg = 'Success'
        full_exception = ''
        if args:
            driver = [arg for arg in args if isinstance(arg, Chrome)]
            node_ip = "" if not driver else getattr(driver[0], "node_ip", "")
        try:
            func(*args, **kwargs)
            success = True
        except Exception:
            success = False
            # https://docs.python.org/2/library/sys.html#sys.exc_info
            exc_type, full_exception = sys.exc_info()[:2]
            error_msg = f"Failed measure: {interaction} - {exc_type.__name__}"
        end = time.time()
        timing = str(int((end - start) * 1000))
    
        lockfile = f'{selenium_results_file}.lock'
    
        with filelock.SoftFileLock(lockfile):
            with open(selenium_results_file, "a+") as jtl_file:
                timestamp = round(time.time() * 1000)
                if explicit_timing:
                    jtl_file.write(f"{timestamp},{explicit_timing*1000},{interaction},,{error_msg},"
                                   f",{success},0,0,0,0,,0\n")
                else:
                    jtl_file.write(f"{timestamp},{timing},{interaction},,{error_msg}"
                                   f",,{success},0,0,0,0,{node_ip},0\n")
    
        print(f"{timestamp},{timing},{interaction},{error_msg},{success},{node_ip}")
    
        if not success:
            if LOGIN_ACTION_NAME in interaction:
                globals.login_failed = True
>           raise Exception(error_msg, full_exception)
E           Exception: ('Failed measure: zephyr_scale_view_test_case_in_issue_view - TimeoutException', TimeoutException())

selenium_ui/conftest.py:171: Exception
06-09-2023, 10:49:58, 1686307798006, Action: test_1_selenium_zscale_view_test_cycle_in_issue_view, Error: jira_webdriver = <selenium.webdriver.chrome.webdriver.WebDriver (session="3d79493cb96f6fbd622ed69a5a6ca15d")>
jira_datasets = {'custom_issues': [], 'issue_id': '205727', 'issue_key': 'AAFAIA-219', 'issues': [['AABIS-1', '914565', 'AABIS'], ['AA...', 'AABIS'], ['AABIS-4', '914568', 'AABIS'], ['AABIS-5', '914569', 'AABIS'], ['AABIS-6', '914570', 'AABIS'], ...], ...}
jira_screen_shots = None

    def test_1_selenium_zscale_view_test_cycle_in_issue_view(jira_webdriver, jira_datasets, jira_screen_shots):
>       extension_ui.zscale_view_test_cycle_in_issue_view(jira_webdriver, jira_datasets)

selenium_ui/jira_ui.py:72: 
_ _ _ _ _ _ _ _ _ _ _ _ _ _ _ _ _ _ _ _ _ _ _ _ _ _ _ _ _ _ _ _ _ _ _ _ _ _ _ _ 
extension/jira/extension_ui.py:67: in zscale_view_test_cycle_in_issue_view
    measure()
_ _ _ _ _ _ _ _ _ _ _ _ _ _ _ _ _ _ _ _ _ _ _ _ _ _ _ _ _ _ _ _ _ _ _ _ _ _ _ _ 

args = (), kwargs = {}, node_ip = '', start = 1686307777.5919666
error_msg = 'Failed measure: zephyr_scale_view_test_cycle_in_issue_view - TimeoutException'
full_exception = TimeoutException(), success = False
exc_type = <class 'selenium.common.exceptions.TimeoutException'>
end = 1686307797.9955082, timing = '20403'
lockfile = '/dc-app-performance-toolkit/app/results/jira/2023-06-09_10-23-15/selenium.jtl.lock'

    @functools.wraps(func)
    def wrapper(*args, **kwargs):
        if LOGIN_ACTION_NAME in interaction:
            globals.login_failed = False
        if globals.login_failed:
            pytest.skip("login is failed")
        node_ip = ""
        start = time.time()
        error_msg = 'Success'
        full_exception = ''
        if args:
            driver = [arg for arg in args if isinstance(arg, Chrome)]
            node_ip = "" if not driver else getattr(driver[0], "node_ip", "")
        try:
            func(*args, **kwargs)
            success = True
        except Exception:
            success = False
            # https://docs.python.org/2/library/sys.html#sys.exc_info
            exc_type, full_exception = sys.exc_info()[:2]
            error_msg = f"Failed measure: {interaction} - {exc_type.__name__}"
        end = time.time()
        timing = str(int((end - start) * 1000))
    
        lockfile = f'{selenium_results_file}.lock'
    
        with filelock.SoftFileLock(lockfile):
            with open(selenium_results_file, "a+") as jtl_file:
                timestamp = round(time.time() * 1000)
                if explicit_timing:
                    jtl_file.write(f"{timestamp},{explicit_timing*1000},{interaction},,{error_msg},"
                                   f",{success},0,0,0,0,,0\n")
                else:
                    jtl_file.write(f"{timestamp},{timing},{interaction},,{error_msg}"
                                   f",,{success},0,0,0,0,{node_ip},0\n")
    
        print(f"{timestamp},{timing},{interaction},{error_msg},{success},{node_ip}")
    
        if not success:
            if LOGIN_ACTION_NAME in interaction:
                globals.login_failed = True
>           raise Exception(error_msg, full_exception)
E           Exception: ('Failed measure: zephyr_scale_view_test_cycle_in_issue_view - TimeoutException', TimeoutException())

selenium_ui/conftest.py:171: Exception
06-09-2023, 10:50:18, 1686307818922, Action: test_1_selenium_zscale_view_test_plan_in_issue_view, Error: jira_webdriver = <selenium.webdriver.chrome.webdriver.WebDriver (session="3d79493cb96f6fbd622ed69a5a6ca15d")>
jira_datasets = {'custom_issues': [], 'issue_id': '205727', 'issue_key': 'AAFAIA-219', 'issues': [['AABIS-1', '914565', 'AABIS'], ['AA...', 'AABIS'], ['AABIS-4', '914568', 'AABIS'], ['AABIS-5', '914569', 'AABIS'], ['AABIS-6', '914570', 'AABIS'], ...], ...}
jira_screen_shots = None

    def test_1_selenium_zscale_view_test_plan_in_issue_view(jira_webdriver, jira_datasets, jira_screen_shots):
>       extension_ui.zscale_view_test_plan_in_issue_view(jira_webdriver, jira_datasets)

selenium_ui/jira_ui.py:75: 
_ _ _ _ _ _ _ _ _ _ _ _ _ _ _ _ _ _ _ _ _ _ _ _ _ _ _ _ _ _ _ _ _ _ _ _ _ _ _ _ 
extension/jira/extension_ui.py:79: in zscale_view_test_plan_in_issue_view
    measure()
_ _ _ _ _ _ _ _ _ _ _ _ _ _ _ _ _ _ _ _ _ _ _ _ _ _ _ _ _ _ _ _ _ _ _ _ _ _ _ _ 

args = (), kwargs = {}, node_ip = '', start = 1686307798.4796164
error_msg = 'Failed measure: zephyr_scale_view_test_plan_in_issue_view - TimeoutException'
full_exception = TimeoutException(), success = False
exc_type = <class 'selenium.common.exceptions.TimeoutException'>
end = 1686307818.9113028, timing = '20431'
lockfile = '/dc-app-performance-toolkit/app/results/jira/2023-06-09_10-23-15/selenium.jtl.lock'

    @functools.wraps(func)
    def wrapper(*args, **kwargs):
        if LOGIN_ACTION_NAME in interaction:
            globals.login_failed = False
        if globals.login_failed:
            pytest.skip("login is failed")
        node_ip = ""
        start = time.time()
        error_msg = 'Success'
        full_exception = ''
        if args:
            driver = [arg for arg in args if isinstance(arg, Chrome)]
            node_ip = "" if not driver else getattr(driver[0], "node_ip", "")
        try:
            func(*args, **kwargs)
            success = True
        except Exception:
            success = False
            # https://docs.python.org/2/library/sys.html#sys.exc_info
            exc_type, full_exception = sys.exc_info()[:2]
            error_msg = f"Failed measure: {interaction} - {exc_type.__name__}"
        end = time.time()
        timing = str(int((end - start) * 1000))
    
        lockfile = f'{selenium_results_file}.lock'
    
        with filelock.SoftFileLock(lockfile):
            with open(selenium_results_file, "a+") as jtl_file:
                timestamp = round(time.time() * 1000)
                if explicit_timing:
                    jtl_file.write(f"{timestamp},{explicit_timing*1000},{interaction},,{error_msg},"
                                   f",{success},0,0,0,0,,0\n")
                else:
                    jtl_file.write(f"{timestamp},{timing},{interaction},,{error_msg}"
                                   f",,{success},0,0,0,0,{node_ip},0\n")
    
        print(f"{timestamp},{timing},{interaction},{error_msg},{success},{node_ip}")
    
        if not success:
            if LOGIN_ACTION_NAME in interaction:
                globals.login_failed = True
>           raise Exception(error_msg, full_exception)
E           Exception: ('Failed measure: zephyr_scale_view_test_plan_in_issue_view - TimeoutException', TimeoutException())

selenium_ui/conftest.py:171: Exception
06-09-2023, 10:50:56, 1686307856613, Action: test_1_selenium_zscale_view_test_case_in_issue_view, Error: jira_webdriver = <selenium.webdriver.chrome.webdriver.WebDriver (session="3d79493cb96f6fbd622ed69a5a6ca15d")>
jira_datasets = {'custom_issues': [], 'issue_id': '209333', 'issue_key': 'AAFAIA-3825', 'issues': [['AABIS-1', '914565', 'AABIS'], ['A...', 'AABIS'], ['AABIS-4', '914568', 'AABIS'], ['AABIS-5', '914569', 'AABIS'], ['AABIS-6', '914570', 'AABIS'], ...], ...}
jira_screen_shots = None

    def test_1_selenium_zscale_view_test_case_in_issue_view(jira_webdriver, jira_datasets, jira_screen_shots):
>       extension_ui.zscale_view_test_case_in_issue_view(jira_webdriver, jira_datasets)

selenium_ui/jira_ui.py:69: 
_ _ _ _ _ _ _ _ _ _ _ _ _ _ _ _ _ _ _ _ _ _ _ _ _ _ _ _ _ _ _ _ _ _ _ _ _ _ _ _ 
extension/jira/extension_ui.py:55: in zscale_view_test_case_in_issue_view
    measure()
_ _ _ _ _ _ _ _ _ _ _ _ _ _ _ _ _ _ _ _ _ _ _ _ _ _ _ _ _ _ _ _ _ _ _ _ _ _ _ _ 

args = (), kwargs = {}, node_ip = '', start = 1686307836.0839903
error_msg = 'Failed measure: zephyr_scale_view_test_case_in_issue_view - TimeoutException'
full_exception = TimeoutException(), success = False
exc_type = <class 'selenium.common.exceptions.TimeoutException'>
end = 1686307856.6018095, timing = '20517'
lockfile = '/dc-app-performance-toolkit/app/results/jira/2023-06-09_10-23-15/selenium.jtl.lock'

    @functools.wraps(func)
    def wrapper(*args, **kwargs):
        if LOGIN_ACTION_NAME in interaction:
            globals.login_failed = False
        if globals.login_failed:
            pytest.skip("login is failed")
        node_ip = ""
        start = time.time()
        error_msg = 'Success'
        full_exception = ''
        if args:
            driver = [arg for arg in args if isinstance(arg, Chrome)]
            node_ip = "" if not driver else getattr(driver[0], "node_ip", "")
        try:
            func(*args, **kwargs)
            success = True
        except Exception:
            success = False
            # https://docs.python.org/2/library/sys.html#sys.exc_info
            exc_type, full_exception = sys.exc_info()[:2]
            error_msg = f"Failed measure: {interaction} - {exc_type.__name__}"
        end = time.time()
        timing = str(int((end - start) * 1000))
    
        lockfile = f'{selenium_results_file}.lock'
    
        with filelock.SoftFileLock(lockfile):
            with open(selenium_results_file, "a+") as jtl_file:
                timestamp = round(time.time() * 1000)
                if explicit_timing:
                    jtl_file.write(f"{timestamp},{explicit_timing*1000},{interaction},,{error_msg},"
                                   f",{success},0,0,0,0,,0\n")
                else:
                    jtl_file.write(f"{timestamp},{timing},{interaction},,{error_msg}"
                                   f",,{success},0,0,0,0,{node_ip},0\n")
    
        print(f"{timestamp},{timing},{interaction},{error_msg},{success},{node_ip}")
    
        if not success:
            if LOGIN_ACTION_NAME in interaction:
                globals.login_failed = True
>           raise Exception(error_msg, full_exception)
E           Exception: ('Failed measure: zephyr_scale_view_test_case_in_issue_view - TimeoutException', TimeoutException())

selenium_ui/conftest.py:171: Exception
06-09-2023, 10:51:17, 1686307877739, Action: test_1_selenium_zscale_view_test_cycle_in_issue_view, Error: jira_webdriver = <selenium.webdriver.chrome.webdriver.WebDriver (session="3d79493cb96f6fbd622ed69a5a6ca15d")>
jira_datasets = {'custom_issues': [], 'issue_id': '209333', 'issue_key': 'AAFAIA-3825', 'issues': [['AABIS-1', '914565', 'AABIS'], ['A...', 'AABIS'], ['AABIS-4', '914568', 'AABIS'], ['AABIS-5', '914569', 'AABIS'], ['AABIS-6', '914570', 'AABIS'], ...], ...}
jira_screen_shots = None

    def test_1_selenium_zscale_view_test_cycle_in_issue_view(jira_webdriver, jira_datasets, jira_screen_shots):
>       extension_ui.zscale_view_test_cycle_in_issue_view(jira_webdriver, jira_datasets)

selenium_ui/jira_ui.py:72: 
_ _ _ _ _ _ _ _ _ _ _ _ _ _ _ _ _ _ _ _ _ _ _ _ _ _ _ _ _ _ _ _ _ _ _ _ _ _ _ _ 
extension/jira/extension_ui.py:67: in zscale_view_test_cycle_in_issue_view
    measure()
_ _ _ _ _ _ _ _ _ _ _ _ _ _ _ _ _ _ _ _ _ _ _ _ _ _ _ _ _ _ _ _ _ _ _ _ _ _ _ _ 

args = (), kwargs = {}, node_ip = '', start = 1686307857.075272
error_msg = 'Failed measure: zephyr_scale_view_test_cycle_in_issue_view - TimeoutException'
full_exception = TimeoutException(), success = False
exc_type = <class 'selenium.common.exceptions.TimeoutException'>
end = 1686307877.7273912, timing = '20652'
lockfile = '/dc-app-performance-toolkit/app/results/jira/2023-06-09_10-23-15/selenium.jtl.lock'

    @functools.wraps(func)
    def wrapper(*args, **kwargs):
        if LOGIN_ACTION_NAME in interaction:
            globals.login_failed = False
        if globals.login_failed:
            pytest.skip("login is failed")
        node_ip = ""
        start = time.time()
        error_msg = 'Success'
        full_exception = ''
        if args:
            driver = [arg for arg in args if isinstance(arg, Chrome)]
            node_ip = "" if not driver else getattr(driver[0], "node_ip", "")
        try:
            func(*args, **kwargs)
            success = True
        except Exception:
            success = False
            # https://docs.python.org/2/library/sys.html#sys.exc_info
            exc_type, full_exception = sys.exc_info()[:2]
            error_msg = f"Failed measure: {interaction} - {exc_type.__name__}"
        end = time.time()
        timing = str(int((end - start) * 1000))
    
        lockfile = f'{selenium_results_file}.lock'
    
        with filelock.SoftFileLock(lockfile):
            with open(selenium_results_file, "a+") as jtl_file:
                timestamp = round(time.time() * 1000)
                if explicit_timing:
                    jtl_file.write(f"{timestamp},{explicit_timing*1000},{interaction},,{error_msg},"
                                   f",{success},0,0,0,0,,0\n")
                else:
                    jtl_file.write(f"{timestamp},{timing},{interaction},,{error_msg}"
                                   f",,{success},0,0,0,0,{node_ip},0\n")
    
        print(f"{timestamp},{timing},{interaction},{error_msg},{success},{node_ip}")
    
        if not success:
            if LOGIN_ACTION_NAME in interaction:
                globals.login_failed = True
>           raise Exception(error_msg, full_exception)
E           Exception: ('Failed measure: zephyr_scale_view_test_cycle_in_issue_view - TimeoutException', TimeoutException())

selenium_ui/conftest.py:171: Exception
06-09-2023, 10:51:38, 1686307898803, Action: test_1_selenium_zscale_view_test_plan_in_issue_view, Error: jira_webdriver = <selenium.webdriver.chrome.webdriver.WebDriver (session="3d79493cb96f6fbd622ed69a5a6ca15d")>
jira_datasets = {'custom_issues': [], 'issue_id': '209333', 'issue_key': 'AAFAIA-3825', 'issues': [['AABIS-1', '914565', 'AABIS'], ['A...', 'AABIS'], ['AABIS-4', '914568', 'AABIS'], ['AABIS-5', '914569', 'AABIS'], ['AABIS-6', '914570', 'AABIS'], ...], ...}
jira_screen_shots = None

    def test_1_selenium_zscale_view_test_plan_in_issue_view(jira_webdriver, jira_datasets, jira_screen_shots):
>       extension_ui.zscale_view_test_plan_in_issue_view(jira_webdriver, jira_datasets)

selenium_ui/jira_ui.py:75: 
_ _ _ _ _ _ _ _ _ _ _ _ _ _ _ _ _ _ _ _ _ _ _ _ _ _ _ _ _ _ _ _ _ _ _ _ _ _ _ _ 
extension/jira/extension_ui.py:79: in zscale_view_test_plan_in_issue_view
    measure()
_ _ _ _ _ _ _ _ _ _ _ _ _ _ _ _ _ _ _ _ _ _ _ _ _ _ _ _ _ _ _ _ _ _ _ _ _ _ _ _ 

args = (), kwargs = {}, node_ip = '', start = 1686307878.2126317
error_msg = 'Failed measure: zephyr_scale_view_test_plan_in_issue_view - TimeoutException'
full_exception = TimeoutException(), success = False
exc_type = <class 'selenium.common.exceptions.TimeoutException'>
end = 1686307898.791692, timing = '20579'
lockfile = '/dc-app-performance-toolkit/app/results/jira/2023-06-09_10-23-15/selenium.jtl.lock'

    @functools.wraps(func)
    def wrapper(*args, **kwargs):
        if LOGIN_ACTION_NAME in interaction:
            globals.login_failed = False
        if globals.login_failed:
            pytest.skip("login is failed")
        node_ip = ""
        start = time.time()
        error_msg = 'Success'
        full_exception = ''
        if args:
            driver = [arg for arg in args if isinstance(arg, Chrome)]
            node_ip = "" if not driver else getattr(driver[0], "node_ip", "")
        try:
            func(*args, **kwargs)
            success = True
        except Exception:
            success = False
            # https://docs.python.org/2/library/sys.html#sys.exc_info
            exc_type, full_exception = sys.exc_info()[:2]
            error_msg = f"Failed measure: {interaction} - {exc_type.__name__}"
        end = time.time()
        timing = str(int((end - start) * 1000))
    
        lockfile = f'{selenium_results_file}.lock'
    
        with filelock.SoftFileLock(lockfile):
            with open(selenium_results_file, "a+") as jtl_file:
                timestamp = round(time.time() * 1000)
                if explicit_timing:
                    jtl_file.write(f"{timestamp},{explicit_timing*1000},{interaction},,{error_msg},"
                                   f",{success},0,0,0,0,,0\n")
                else:
                    jtl_file.write(f"{timestamp},{timing},{interaction},,{error_msg}"
                                   f",,{success},0,0,0,0,{node_ip},0\n")
    
        print(f"{timestamp},{timing},{interaction},{error_msg},{success},{node_ip}")
    
        if not success:
            if LOGIN_ACTION_NAME in interaction:
                globals.login_failed = True
>           raise Exception(error_msg, full_exception)
E           Exception: ('Failed measure: zephyr_scale_view_test_plan_in_issue_view - TimeoutException', TimeoutException())

selenium_ui/conftest.py:171: Exception
06-09-2023, 10:52:17, 1686307937392, Action: test_1_selenium_zscale_view_test_case_in_issue_view, Error: jira_webdriver = <selenium.webdriver.chrome.webdriver.WebDriver (session="3d79493cb96f6fbd622ed69a5a6ca15d")>
jira_datasets = {'custom_issues': [], 'issue_id': '210835', 'issue_key': 'AAFAIA-5327', 'issues': [['AABIS-1', '914565', 'AABIS'], ['A...', 'AABIS'], ['AABIS-4', '914568', 'AABIS'], ['AABIS-5', '914569', 'AABIS'], ['AABIS-6', '914570', 'AABIS'], ...], ...}
jira_screen_shots = None

    def test_1_selenium_zscale_view_test_case_in_issue_view(jira_webdriver, jira_datasets, jira_screen_shots):
>       extension_ui.zscale_view_test_case_in_issue_view(jira_webdriver, jira_datasets)

selenium_ui/jira_ui.py:69: 
_ _ _ _ _ _ _ _ _ _ _ _ _ _ _ _ _ _ _ _ _ _ _ _ _ _ _ _ _ _ _ _ _ _ _ _ _ _ _ _ 
extension/jira/extension_ui.py:55: in zscale_view_test_case_in_issue_view
    measure()
_ _ _ _ _ _ _ _ _ _ _ _ _ _ _ _ _ _ _ _ _ _ _ _ _ _ _ _ _ _ _ _ _ _ _ _ _ _ _ _ 

args = (), kwargs = {}, node_ip = '', start = 1686307916.6341794
error_msg = 'Failed measure: zephyr_scale_view_test_case_in_issue_view - TimeoutException'
full_exception = TimeoutException(), success = False
exc_type = <class 'selenium.common.exceptions.TimeoutException'>
end = 1686307937.3802605, timing = '20746'
lockfile = '/dc-app-performance-toolkit/app/results/jira/2023-06-09_10-23-15/selenium.jtl.lock'

    @functools.wraps(func)
    def wrapper(*args, **kwargs):
        if LOGIN_ACTION_NAME in interaction:
            globals.login_failed = False
        if globals.login_failed:
            pytest.skip("login is failed")
        node_ip = ""
        start = time.time()
        error_msg = 'Success'
        full_exception = ''
        if args:
            driver = [arg for arg in args if isinstance(arg, Chrome)]
            node_ip = "" if not driver else getattr(driver[0], "node_ip", "")
        try:
            func(*args, **kwargs)
            success = True
        except Exception:
            success = False
            # https://docs.python.org/2/library/sys.html#sys.exc_info
            exc_type, full_exception = sys.exc_info()[:2]
            error_msg = f"Failed measure: {interaction} - {exc_type.__name__}"
        end = time.time()
        timing = str(int((end - start) * 1000))
    
        lockfile = f'{selenium_results_file}.lock'
    
        with filelock.SoftFileLock(lockfile):
            with open(selenium_results_file, "a+") as jtl_file:
                timestamp = round(time.time() * 1000)
                if explicit_timing:
                    jtl_file.write(f"{timestamp},{explicit_timing*1000},{interaction},,{error_msg},"
                                   f",{success},0,0,0,0,,0\n")
                else:
                    jtl_file.write(f"{timestamp},{timing},{interaction},,{error_msg}"
                                   f",,{success},0,0,0,0,{node_ip},0\n")
    
        print(f"{timestamp},{timing},{interaction},{error_msg},{success},{node_ip}")
    
        if not success:
            if LOGIN_ACTION_NAME in interaction:
                globals.login_failed = True
>           raise Exception(error_msg, full_exception)
E           Exception: ('Failed measure: zephyr_scale_view_test_case_in_issue_view - TimeoutException', TimeoutException())

selenium_ui/conftest.py:171: Exception
06-09-2023, 10:52:38, 1686307958608, Action: test_1_selenium_zscale_view_test_cycle_in_issue_view, Error: jira_webdriver = <selenium.webdriver.chrome.webdriver.WebDriver (session="3d79493cb96f6fbd622ed69a5a6ca15d")>
jira_datasets = {'custom_issues': [], 'issue_id': '210835', 'issue_key': 'AAFAIA-5327', 'issues': [['AABIS-1', '914565', 'AABIS'], ['A...', 'AABIS'], ['AABIS-4', '914568', 'AABIS'], ['AABIS-5', '914569', 'AABIS'], ['AABIS-6', '914570', 'AABIS'], ...], ...}
jira_screen_shots = None

    def test_1_selenium_zscale_view_test_cycle_in_issue_view(jira_webdriver, jira_datasets, jira_screen_shots):
>       extension_ui.zscale_view_test_cycle_in_issue_view(jira_webdriver, jira_datasets)

selenium_ui/jira_ui.py:72: 
_ _ _ _ _ _ _ _ _ _ _ _ _ _ _ _ _ _ _ _ _ _ _ _ _ _ _ _ _ _ _ _ _ _ _ _ _ _ _ _ 
extension/jira/extension_ui.py:67: in zscale_view_test_cycle_in_issue_view
    measure()
_ _ _ _ _ _ _ _ _ _ _ _ _ _ _ _ _ _ _ _ _ _ _ _ _ _ _ _ _ _ _ _ _ _ _ _ _ _ _ _ 

args = (), kwargs = {}, node_ip = '', start = 1686307937.826863
error_msg = 'Failed measure: zephyr_scale_view_test_cycle_in_issue_view - TimeoutException'
full_exception = TimeoutException(), success = False
exc_type = <class 'selenium.common.exceptions.TimeoutException'>
end = 1686307958.5975227, timing = '20770'
lockfile = '/dc-app-performance-toolkit/app/results/jira/2023-06-09_10-23-15/selenium.jtl.lock'

    @functools.wraps(func)
    def wrapper(*args, **kwargs):
        if LOGIN_ACTION_NAME in interaction:
            globals.login_failed = False
        if globals.login_failed:
            pytest.skip("login is failed")
        node_ip = ""
        start = time.time()
        error_msg = 'Success'
        full_exception = ''
        if args:
            driver = [arg for arg in args if isinstance(arg, Chrome)]
            node_ip = "" if not driver else getattr(driver[0], "node_ip", "")
        try:
            func(*args, **kwargs)
            success = True
        except Exception:
            success = False
            # https://docs.python.org/2/library/sys.html#sys.exc_info
            exc_type, full_exception = sys.exc_info()[:2]
            error_msg = f"Failed measure: {interaction} - {exc_type.__name__}"
        end = time.time()
        timing = str(int((end - start) * 1000))
    
        lockfile = f'{selenium_results_file}.lock'
    
        with filelock.SoftFileLock(lockfile):
            with open(selenium_results_file, "a+") as jtl_file:
                timestamp = round(time.time() * 1000)
                if explicit_timing:
                    jtl_file.write(f"{timestamp},{explicit_timing*1000},{interaction},,{error_msg},"
                                   f",{success},0,0,0,0,,0\n")
                else:
                    jtl_file.write(f"{timestamp},{timing},{interaction},,{error_msg}"
                                   f",,{success},0,0,0,0,{node_ip},0\n")
    
        print(f"{timestamp},{timing},{interaction},{error_msg},{success},{node_ip}")
    
        if not success:
            if LOGIN_ACTION_NAME in interaction:
                globals.login_failed = True
>           raise Exception(error_msg, full_exception)
E           Exception: ('Failed measure: zephyr_scale_view_test_cycle_in_issue_view - TimeoutException', TimeoutException())

selenium_ui/conftest.py:171: Exception
06-09-2023, 10:52:59, 1686307979867, Action: test_1_selenium_zscale_view_test_plan_in_issue_view, Error: jira_webdriver = <selenium.webdriver.chrome.webdriver.WebDriver (session="3d79493cb96f6fbd622ed69a5a6ca15d")>
jira_datasets = {'custom_issues': [], 'issue_id': '210835', 'issue_key': 'AAFAIA-5327', 'issues': [['AABIS-1', '914565', 'AABIS'], ['A...', 'AABIS'], ['AABIS-4', '914568', 'AABIS'], ['AABIS-5', '914569', 'AABIS'], ['AABIS-6', '914570', 'AABIS'], ...], ...}
jira_screen_shots = None

    def test_1_selenium_zscale_view_test_plan_in_issue_view(jira_webdriver, jira_datasets, jira_screen_shots):
>       extension_ui.zscale_view_test_plan_in_issue_view(jira_webdriver, jira_datasets)

selenium_ui/jira_ui.py:75: 
_ _ _ _ _ _ _ _ _ _ _ _ _ _ _ _ _ _ _ _ _ _ _ _ _ _ _ _ _ _ _ _ _ _ _ _ _ _ _ _ 
extension/jira/extension_ui.py:79: in zscale_view_test_plan_in_issue_view
    measure()
_ _ _ _ _ _ _ _ _ _ _ _ _ _ _ _ _ _ _ _ _ _ _ _ _ _ _ _ _ _ _ _ _ _ _ _ _ _ _ _ 

args = (), kwargs = {}, node_ip = '', start = 1686307959.072965
error_msg = 'Failed measure: zephyr_scale_view_test_plan_in_issue_view - TimeoutException'
full_exception = TimeoutException(), success = False
exc_type = <class 'selenium.common.exceptions.TimeoutException'>
end = 1686307979.8565814, timing = '20783'
lockfile = '/dc-app-performance-toolkit/app/results/jira/2023-06-09_10-23-15/selenium.jtl.lock'

    @functools.wraps(func)
    def wrapper(*args, **kwargs):
        if LOGIN_ACTION_NAME in interaction:
            globals.login_failed = False
        if globals.login_failed:
            pytest.skip("login is failed")
        node_ip = ""
        start = time.time()
        error_msg = 'Success'
        full_exception = ''
        if args:
            driver = [arg for arg in args if isinstance(arg, Chrome)]
            node_ip = "" if not driver else getattr(driver[0], "node_ip", "")
        try:
            func(*args, **kwargs)
            success = True
        except Exception:
            success = False
            # https://docs.python.org/2/library/sys.html#sys.exc_info
            exc_type, full_exception = sys.exc_info()[:2]
            error_msg = f"Failed measure: {interaction} - {exc_type.__name__}"
        end = time.time()
        timing = str(int((end - start) * 1000))
    
        lockfile = f'{selenium_results_file}.lock'
    
        with filelock.SoftFileLock(lockfile):
            with open(selenium_results_file, "a+") as jtl_file:
                timestamp = round(time.time() * 1000)
                if explicit_timing:
                    jtl_file.write(f"{timestamp},{explicit_timing*1000},{interaction},,{error_msg},"
                                   f",{success},0,0,0,0,,0\n")
                else:
                    jtl_file.write(f"{timestamp},{timing},{interaction},,{error_msg}"
                                   f",,{success},0,0,0,0,{node_ip},0\n")
    
        print(f"{timestamp},{timing},{interaction},{error_msg},{success},{node_ip}")
    
        if not success:
            if LOGIN_ACTION_NAME in interaction:
                globals.login_failed = True
>           raise Exception(error_msg, full_exception)
E           Exception: ('Failed measure: zephyr_scale_view_test_plan_in_issue_view - TimeoutException', TimeoutException())

selenium_ui/conftest.py:171: Exception
06-09-2023, 10:53:37, 1686308017615, Action: test_1_selenium_zscale_view_test_case_in_issue_view, Error: jira_webdriver = <selenium.webdriver.chrome.webdriver.WebDriver (session="3d79493cb96f6fbd622ed69a5a6ca15d")>
jira_datasets = {'custom_issues': [], 'issue_id': '212019', 'issue_key': 'AAFAIA-6511', 'issues': [['AABIS-1', '914565', 'AABIS'], ['A...', 'AABIS'], ['AABIS-4', '914568', 'AABIS'], ['AABIS-5', '914569', 'AABIS'], ['AABIS-6', '914570', 'AABIS'], ...], ...}
jira_screen_shots = None

    def test_1_selenium_zscale_view_test_case_in_issue_view(jira_webdriver, jira_datasets, jira_screen_shots):
>       extension_ui.zscale_view_test_case_in_issue_view(jira_webdriver, jira_datasets)

selenium_ui/jira_ui.py:69: 
_ _ _ _ _ _ _ _ _ _ _ _ _ _ _ _ _ _ _ _ _ _ _ _ _ _ _ _ _ _ _ _ _ _ _ _ _ _ _ _ 
extension/jira/extension_ui.py:55: in zscale_view_test_case_in_issue_view
    measure()
_ _ _ _ _ _ _ _ _ _ _ _ _ _ _ _ _ _ _ _ _ _ _ _ _ _ _ _ _ _ _ _ _ _ _ _ _ _ _ _ 

args = (), kwargs = {}, node_ip = '', start = 1686307997.3156173
error_msg = 'Failed measure: zephyr_scale_view_test_case_in_issue_view - TimeoutException'
full_exception = TimeoutException(), success = False
exc_type = <class 'selenium.common.exceptions.TimeoutException'>
end = 1686308017.5821445, timing = '20266'
lockfile = '/dc-app-performance-toolkit/app/results/jira/2023-06-09_10-23-15/selenium.jtl.lock'

    @functools.wraps(func)
    def wrapper(*args, **kwargs):
        if LOGIN_ACTION_NAME in interaction:
            globals.login_failed = False
        if globals.login_failed:
            pytest.skip("login is failed")
        node_ip = ""
        start = time.time()
        error_msg = 'Success'
        full_exception = ''
        if args:
            driver = [arg for arg in args if isinstance(arg, Chrome)]
            node_ip = "" if not driver else getattr(driver[0], "node_ip", "")
        try:
            func(*args, **kwargs)
            success = True
        except Exception:
            success = False
            # https://docs.python.org/2/library/sys.html#sys.exc_info
            exc_type, full_exception = sys.exc_info()[:2]
            error_msg = f"Failed measure: {interaction} - {exc_type.__name__}"
        end = time.time()
        timing = str(int((end - start) * 1000))
    
        lockfile = f'{selenium_results_file}.lock'
    
        with filelock.SoftFileLock(lockfile):
            with open(selenium_results_file, "a+") as jtl_file:
                timestamp = round(time.time() * 1000)
                if explicit_timing:
                    jtl_file.write(f"{timestamp},{explicit_timing*1000},{interaction},,{error_msg},"
                                   f",{success},0,0,0,0,,0\n")
                else:
                    jtl_file.write(f"{timestamp},{timing},{interaction},,{error_msg}"
                                   f",,{success},0,0,0,0,{node_ip},0\n")
    
        print(f"{timestamp},{timing},{interaction},{error_msg},{success},{node_ip}")
    
        if not success:
            if LOGIN_ACTION_NAME in interaction:
                globals.login_failed = True
>           raise Exception(error_msg, full_exception)
E           Exception: ('Failed measure: zephyr_scale_view_test_case_in_issue_view - TimeoutException', TimeoutException())

selenium_ui/conftest.py:171: Exception
06-09-2023, 10:53:58, 1686308038502, Action: test_1_selenium_zscale_view_test_cycle_in_issue_view, Error: jira_webdriver = <selenium.webdriver.chrome.webdriver.WebDriver (session="3d79493cb96f6fbd622ed69a5a6ca15d")>
jira_datasets = {'custom_issues': [], 'issue_id': '212019', 'issue_key': 'AAFAIA-6511', 'issues': [['AABIS-1', '914565', 'AABIS'], ['A...', 'AABIS'], ['AABIS-4', '914568', 'AABIS'], ['AABIS-5', '914569', 'AABIS'], ['AABIS-6', '914570', 'AABIS'], ...], ...}
jira_screen_shots = None

    def test_1_selenium_zscale_view_test_cycle_in_issue_view(jira_webdriver, jira_datasets, jira_screen_shots):
>       extension_ui.zscale_view_test_cycle_in_issue_view(jira_webdriver, jira_datasets)

selenium_ui/jira_ui.py:72: 
_ _ _ _ _ _ _ _ _ _ _ _ _ _ _ _ _ _ _ _ _ _ _ _ _ _ _ _ _ _ _ _ _ _ _ _ _ _ _ _ 
extension/jira/extension_ui.py:67: in zscale_view_test_cycle_in_issue_view
    measure()
_ _ _ _ _ _ _ _ _ _ _ _ _ _ _ _ _ _ _ _ _ _ _ _ _ _ _ _ _ _ _ _ _ _ _ _ _ _ _ _ 

args = (), kwargs = {}, node_ip = '', start = 1686308018.0668964
error_msg = 'Failed measure: zephyr_scale_view_test_cycle_in_issue_view - TimeoutException'
full_exception = TimeoutException(), success = False
exc_type = <class 'selenium.common.exceptions.TimeoutException'>
end = 1686308038.491397, timing = '20424'
lockfile = '/dc-app-performance-toolkit/app/results/jira/2023-06-09_10-23-15/selenium.jtl.lock'

    @functools.wraps(func)
    def wrapper(*args, **kwargs):
        if LOGIN_ACTION_NAME in interaction:
            globals.login_failed = False
        if globals.login_failed:
            pytest.skip("login is failed")
        node_ip = ""
        start = time.time()
        error_msg = 'Success'
        full_exception = ''
        if args:
            driver = [arg for arg in args if isinstance(arg, Chrome)]
            node_ip = "" if not driver else getattr(driver[0], "node_ip", "")
        try:
            func(*args, **kwargs)
            success = True
        except Exception:
            success = False
            # https://docs.python.org/2/library/sys.html#sys.exc_info
            exc_type, full_exception = sys.exc_info()[:2]
            error_msg = f"Failed measure: {interaction} - {exc_type.__name__}"
        end = time.time()
        timing = str(int((end - start) * 1000))
    
        lockfile = f'{selenium_results_file}.lock'
    
        with filelock.SoftFileLock(lockfile):
            with open(selenium_results_file, "a+") as jtl_file:
                timestamp = round(time.time() * 1000)
                if explicit_timing:
                    jtl_file.write(f"{timestamp},{explicit_timing*1000},{interaction},,{error_msg},"
                                   f",{success},0,0,0,0,,0\n")
                else:
                    jtl_file.write(f"{timestamp},{timing},{interaction},,{error_msg}"
                                   f",,{success},0,0,0,0,{node_ip},0\n")
    
        print(f"{timestamp},{timing},{interaction},{error_msg},{success},{node_ip}")
    
        if not success:
            if LOGIN_ACTION_NAME in interaction:
                globals.login_failed = True
>           raise Exception(error_msg, full_exception)
E           Exception: ('Failed measure: zephyr_scale_view_test_cycle_in_issue_view - TimeoutException', TimeoutException())

selenium_ui/conftest.py:171: Exception
06-09-2023, 10:54:19, 1686308059284, Action: test_1_selenium_zscale_view_test_plan_in_issue_view, Error: jira_webdriver = <selenium.webdriver.chrome.webdriver.WebDriver (session="3d79493cb96f6fbd622ed69a5a6ca15d")>
jira_datasets = {'custom_issues': [], 'issue_id': '212019', 'issue_key': 'AAFAIA-6511', 'issues': [['AABIS-1', '914565', 'AABIS'], ['A...', 'AABIS'], ['AABIS-4', '914568', 'AABIS'], ['AABIS-5', '914569', 'AABIS'], ['AABIS-6', '914570', 'AABIS'], ...], ...}
jira_screen_shots = None

    def test_1_selenium_zscale_view_test_plan_in_issue_view(jira_webdriver, jira_datasets, jira_screen_shots):
>       extension_ui.zscale_view_test_plan_in_issue_view(jira_webdriver, jira_datasets)

selenium_ui/jira_ui.py:75: 
_ _ _ _ _ _ _ _ _ _ _ _ _ _ _ _ _ _ _ _ _ _ _ _ _ _ _ _ _ _ _ _ _ _ _ _ _ _ _ _ 
extension/jira/extension_ui.py:79: in zscale_view_test_plan_in_issue_view
    measure()
_ _ _ _ _ _ _ _ _ _ _ _ _ _ _ _ _ _ _ _ _ _ _ _ _ _ _ _ _ _ _ _ _ _ _ _ _ _ _ _ 

args = (), kwargs = {}, node_ip = '', start = 1686308038.9293933
error_msg = 'Failed measure: zephyr_scale_view_test_plan_in_issue_view - TimeoutException'
full_exception = TimeoutException(), success = False
exc_type = <class 'selenium.common.exceptions.TimeoutException'>
end = 1686308059.2734895, timing = '20344'
lockfile = '/dc-app-performance-toolkit/app/results/jira/2023-06-09_10-23-15/selenium.jtl.lock'

    @functools.wraps(func)
    def wrapper(*args, **kwargs):
        if LOGIN_ACTION_NAME in interaction:
            globals.login_failed = False
        if globals.login_failed:
            pytest.skip("login is failed")
        node_ip = ""
        start = time.time()
        error_msg = 'Success'
        full_exception = ''
        if args:
            driver = [arg for arg in args if isinstance(arg, Chrome)]
            node_ip = "" if not driver else getattr(driver[0], "node_ip", "")
        try:
            func(*args, **kwargs)
            success = True
        except Exception:
            success = False
            # https://docs.python.org/2/library/sys.html#sys.exc_info
            exc_type, full_exception = sys.exc_info()[:2]
            error_msg = f"Failed measure: {interaction} - {exc_type.__name__}"
        end = time.time()
        timing = str(int((end - start) * 1000))
    
        lockfile = f'{selenium_results_file}.lock'
    
        with filelock.SoftFileLock(lockfile):
            with open(selenium_results_file, "a+") as jtl_file:
                timestamp = round(time.time() * 1000)
                if explicit_timing:
                    jtl_file.write(f"{timestamp},{explicit_timing*1000},{interaction},,{error_msg},"
                                   f",{success},0,0,0,0,,0\n")
                else:
                    jtl_file.write(f"{timestamp},{timing},{interaction},,{error_msg}"
                                   f",,{success},0,0,0,0,{node_ip},0\n")
    
        print(f"{timestamp},{timing},{interaction},{error_msg},{success},{node_ip}")
    
        if not success:
            if LOGIN_ACTION_NAME in interaction:
                globals.login_failed = True
>           raise Exception(error_msg, full_exception)
E           Exception: ('Failed measure: zephyr_scale_view_test_plan_in_issue_view - TimeoutException', TimeoutException())

selenium_ui/conftest.py:171: Exception
06-09-2023, 10:54:57, 1686308097795, Action: test_1_selenium_zscale_view_test_case_in_issue_view, Error: jira_webdriver = <selenium.webdriver.chrome.webdriver.WebDriver (session="3d79493cb96f6fbd622ed69a5a6ca15d")>
jira_datasets = {'custom_issues': [], 'issue_id': '209857', 'issue_key': 'AAFAIA-4349', 'issues': [['AABIS-1', '914565', 'AABIS'], ['A...', 'AABIS'], ['AABIS-4', '914568', 'AABIS'], ['AABIS-5', '914569', 'AABIS'], ['AABIS-6', '914570', 'AABIS'], ...], ...}
jira_screen_shots = None

    def test_1_selenium_zscale_view_test_case_in_issue_view(jira_webdriver, jira_datasets, jira_screen_shots):
>       extension_ui.zscale_view_test_case_in_issue_view(jira_webdriver, jira_datasets)

selenium_ui/jira_ui.py:69: 
_ _ _ _ _ _ _ _ _ _ _ _ _ _ _ _ _ _ _ _ _ _ _ _ _ _ _ _ _ _ _ _ _ _ _ _ _ _ _ _ 
extension/jira/extension_ui.py:55: in zscale_view_test_case_in_issue_view
    measure()
_ _ _ _ _ _ _ _ _ _ _ _ _ _ _ _ _ _ _ _ _ _ _ _ _ _ _ _ _ _ _ _ _ _ _ _ _ _ _ _ 

args = (), kwargs = {}, node_ip = '', start = 1686308077.165602
error_msg = 'Failed measure: zephyr_scale_view_test_case_in_issue_view - TimeoutException'
full_exception = TimeoutException(), success = False
exc_type = <class 'selenium.common.exceptions.TimeoutException'>
end = 1686308097.7835448, timing = '20617'
lockfile = '/dc-app-performance-toolkit/app/results/jira/2023-06-09_10-23-15/selenium.jtl.lock'

    @functools.wraps(func)
    def wrapper(*args, **kwargs):
        if LOGIN_ACTION_NAME in interaction:
            globals.login_failed = False
        if globals.login_failed:
            pytest.skip("login is failed")
        node_ip = ""
        start = time.time()
        error_msg = 'Success'
        full_exception = ''
        if args:
            driver = [arg for arg in args if isinstance(arg, Chrome)]
            node_ip = "" if not driver else getattr(driver[0], "node_ip", "")
        try:
            func(*args, **kwargs)
            success = True
        except Exception:
            success = False
            # https://docs.python.org/2/library/sys.html#sys.exc_info
            exc_type, full_exception = sys.exc_info()[:2]
            error_msg = f"Failed measure: {interaction} - {exc_type.__name__}"
        end = time.time()
        timing = str(int((end - start) * 1000))
    
        lockfile = f'{selenium_results_file}.lock'
    
        with filelock.SoftFileLock(lockfile):
            with open(selenium_results_file, "a+") as jtl_file:
                timestamp = round(time.time() * 1000)
                if explicit_timing:
                    jtl_file.write(f"{timestamp},{explicit_timing*1000},{interaction},,{error_msg},"
                                   f",{success},0,0,0,0,,0\n")
                else:
                    jtl_file.write(f"{timestamp},{timing},{interaction},,{error_msg}"
                                   f",,{success},0,0,0,0,{node_ip},0\n")
    
        print(f"{timestamp},{timing},{interaction},{error_msg},{success},{node_ip}")
    
        if not success:
            if LOGIN_ACTION_NAME in interaction:
                globals.login_failed = True
>           raise Exception(error_msg, full_exception)
E           Exception: ('Failed measure: zephyr_scale_view_test_case_in_issue_view - TimeoutException', TimeoutException())

selenium_ui/conftest.py:171: Exception
06-09-2023, 10:55:18, 1686308118877, Action: test_1_selenium_zscale_view_test_cycle_in_issue_view, Error: jira_webdriver = <selenium.webdriver.chrome.webdriver.WebDriver (session="3d79493cb96f6fbd622ed69a5a6ca15d")>
jira_datasets = {'custom_issues': [], 'issue_id': '209857', 'issue_key': 'AAFAIA-4349', 'issues': [['AABIS-1', '914565', 'AABIS'], ['A...', 'AABIS'], ['AABIS-4', '914568', 'AABIS'], ['AABIS-5', '914569', 'AABIS'], ['AABIS-6', '914570', 'AABIS'], ...], ...}
jira_screen_shots = None

    def test_1_selenium_zscale_view_test_cycle_in_issue_view(jira_webdriver, jira_datasets, jira_screen_shots):
>       extension_ui.zscale_view_test_cycle_in_issue_view(jira_webdriver, jira_datasets)

selenium_ui/jira_ui.py:72: 
_ _ _ _ _ _ _ _ _ _ _ _ _ _ _ _ _ _ _ _ _ _ _ _ _ _ _ _ _ _ _ _ _ _ _ _ _ _ _ _ 
extension/jira/extension_ui.py:67: in zscale_view_test_cycle_in_issue_view
    measure()
_ _ _ _ _ _ _ _ _ _ _ _ _ _ _ _ _ _ _ _ _ _ _ _ _ _ _ _ _ _ _ _ _ _ _ _ _ _ _ _ 

args = (), kwargs = {}, node_ip = '', start = 1686308098.2636716
error_msg = 'Failed measure: zephyr_scale_view_test_cycle_in_issue_view - TimeoutException'
full_exception = TimeoutException(), success = False
exc_type = <class 'selenium.common.exceptions.TimeoutException'>
end = 1686308118.866564, timing = '20602'
lockfile = '/dc-app-performance-toolkit/app/results/jira/2023-06-09_10-23-15/selenium.jtl.lock'

    @functools.wraps(func)
    def wrapper(*args, **kwargs):
        if LOGIN_ACTION_NAME in interaction:
            globals.login_failed = False
        if globals.login_failed:
            pytest.skip("login is failed")
        node_ip = ""
        start = time.time()
        error_msg = 'Success'
        full_exception = ''
        if args:
            driver = [arg for arg in args if isinstance(arg, Chrome)]
            node_ip = "" if not driver else getattr(driver[0], "node_ip", "")
        try:
            func(*args, **kwargs)
            success = True
        except Exception:
            success = False
            # https://docs.python.org/2/library/sys.html#sys.exc_info
            exc_type, full_exception = sys.exc_info()[:2]
            error_msg = f"Failed measure: {interaction} - {exc_type.__name__}"
        end = time.time()
        timing = str(int((end - start) * 1000))
    
        lockfile = f'{selenium_results_file}.lock'
    
        with filelock.SoftFileLock(lockfile):
            with open(selenium_results_file, "a+") as jtl_file:
                timestamp = round(time.time() * 1000)
                if explicit_timing:
                    jtl_file.write(f"{timestamp},{explicit_timing*1000},{interaction},,{error_msg},"
                                   f",{success},0,0,0,0,,0\n")
                else:
                    jtl_file.write(f"{timestamp},{timing},{interaction},,{error_msg}"
                                   f",,{success},0,0,0,0,{node_ip},0\n")
    
        print(f"{timestamp},{timing},{interaction},{error_msg},{success},{node_ip}")
    
        if not success:
            if LOGIN_ACTION_NAME in interaction:
                globals.login_failed = True
>           raise Exception(error_msg, full_exception)
E           Exception: ('Failed measure: zephyr_scale_view_test_cycle_in_issue_view - TimeoutException', TimeoutException())

selenium_ui/conftest.py:171: Exception
06-09-2023, 10:55:39, 1686308139941, Action: test_1_selenium_zscale_view_test_plan_in_issue_view, Error: jira_webdriver = <selenium.webdriver.chrome.webdriver.WebDriver (session="3d79493cb96f6fbd622ed69a5a6ca15d")>
jira_datasets = {'custom_issues': [], 'issue_id': '209857', 'issue_key': 'AAFAIA-4349', 'issues': [['AABIS-1', '914565', 'AABIS'], ['A...', 'AABIS'], ['AABIS-4', '914568', 'AABIS'], ['AABIS-5', '914569', 'AABIS'], ['AABIS-6', '914570', 'AABIS'], ...], ...}
jira_screen_shots = None

    def test_1_selenium_zscale_view_test_plan_in_issue_view(jira_webdriver, jira_datasets, jira_screen_shots):
>       extension_ui.zscale_view_test_plan_in_issue_view(jira_webdriver, jira_datasets)

selenium_ui/jira_ui.py:75: 
_ _ _ _ _ _ _ _ _ _ _ _ _ _ _ _ _ _ _ _ _ _ _ _ _ _ _ _ _ _ _ _ _ _ _ _ _ _ _ _ 
extension/jira/extension_ui.py:79: in zscale_view_test_plan_in_issue_view
    measure()
_ _ _ _ _ _ _ _ _ _ _ _ _ _ _ _ _ _ _ _ _ _ _ _ _ _ _ _ _ _ _ _ _ _ _ _ _ _ _ _ 

args = (), kwargs = {}, node_ip = '', start = 1686308119.3361876
error_msg = 'Failed measure: zephyr_scale_view_test_plan_in_issue_view - TimeoutException'
full_exception = TimeoutException(), success = False
exc_type = <class 'selenium.common.exceptions.TimeoutException'>
end = 1686308139.929446, timing = '20593'
lockfile = '/dc-app-performance-toolkit/app/results/jira/2023-06-09_10-23-15/selenium.jtl.lock'

    @functools.wraps(func)
    def wrapper(*args, **kwargs):
        if LOGIN_ACTION_NAME in interaction:
            globals.login_failed = False
        if globals.login_failed:
            pytest.skip("login is failed")
        node_ip = ""
        start = time.time()
        error_msg = 'Success'
        full_exception = ''
        if args:
            driver = [arg for arg in args if isinstance(arg, Chrome)]
            node_ip = "" if not driver else getattr(driver[0], "node_ip", "")
        try:
            func(*args, **kwargs)
            success = True
        except Exception:
            success = False
            # https://docs.python.org/2/library/sys.html#sys.exc_info
            exc_type, full_exception = sys.exc_info()[:2]
            error_msg = f"Failed measure: {interaction} - {exc_type.__name__}"
        end = time.time()
        timing = str(int((end - start) * 1000))
    
        lockfile = f'{selenium_results_file}.lock'
    
        with filelock.SoftFileLock(lockfile):
            with open(selenium_results_file, "a+") as jtl_file:
                timestamp = round(time.time() * 1000)
                if explicit_timing:
                    jtl_file.write(f"{timestamp},{explicit_timing*1000},{interaction},,{error_msg},"
                                   f",{success},0,0,0,0,,0\n")
                else:
                    jtl_file.write(f"{timestamp},{timing},{interaction},,{error_msg}"
                                   f",,{success},0,0,0,0,{node_ip},0\n")
    
        print(f"{timestamp},{timing},{interaction},{error_msg},{success},{node_ip}")
    
        if not success:
            if LOGIN_ACTION_NAME in interaction:
                globals.login_failed = True
>           raise Exception(error_msg, full_exception)
E           Exception: ('Failed measure: zephyr_scale_view_test_plan_in_issue_view - TimeoutException', TimeoutException())

selenium_ui/conftest.py:171: Exception
06-09-2023, 10:56:19, 1686308179078, Action: test_1_selenium_zscale_view_test_case_in_issue_view, Error: jira_webdriver = <selenium.webdriver.chrome.webdriver.WebDriver (session="3d79493cb96f6fbd622ed69a5a6ca15d")>
jira_datasets = {'custom_issues': [], 'issue_id': '915400', 'issue_key': 'AABIS-836', 'issues': [['AABIS-1', '914565', 'AABIS'], ['AAB...', 'AABIS'], ['AABIS-4', '914568', 'AABIS'], ['AABIS-5', '914569', 'AABIS'], ['AABIS-6', '914570', 'AABIS'], ...], ...}
jira_screen_shots = None

    def test_1_selenium_zscale_view_test_case_in_issue_view(jira_webdriver, jira_datasets, jira_screen_shots):
>       extension_ui.zscale_view_test_case_in_issue_view(jira_webdriver, jira_datasets)

selenium_ui/jira_ui.py:69: 
_ _ _ _ _ _ _ _ _ _ _ _ _ _ _ _ _ _ _ _ _ _ _ _ _ _ _ _ _ _ _ _ _ _ _ _ _ _ _ _ 
extension/jira/extension_ui.py:55: in zscale_view_test_case_in_issue_view
    measure()
_ _ _ _ _ _ _ _ _ _ _ _ _ _ _ _ _ _ _ _ _ _ _ _ _ _ _ _ _ _ _ _ _ _ _ _ _ _ _ _ 

args = (), kwargs = {}, node_ip = '', start = 1686308158.283922
error_msg = 'Failed measure: zephyr_scale_view_test_case_in_issue_view - TimeoutException'
full_exception = TimeoutException(), success = False
exc_type = <class 'selenium.common.exceptions.TimeoutException'>
end = 1686308179.0668628, timing = '20782'
lockfile = '/dc-app-performance-toolkit/app/results/jira/2023-06-09_10-23-15/selenium.jtl.lock'

    @functools.wraps(func)
    def wrapper(*args, **kwargs):
        if LOGIN_ACTION_NAME in interaction:
            globals.login_failed = False
        if globals.login_failed:
            pytest.skip("login is failed")
        node_ip = ""
        start = time.time()
        error_msg = 'Success'
        full_exception = ''
        if args:
            driver = [arg for arg in args if isinstance(arg, Chrome)]
            node_ip = "" if not driver else getattr(driver[0], "node_ip", "")
        try:
            func(*args, **kwargs)
            success = True
        except Exception:
            success = False
            # https://docs.python.org/2/library/sys.html#sys.exc_info
            exc_type, full_exception = sys.exc_info()[:2]
            error_msg = f"Failed measure: {interaction} - {exc_type.__name__}"
        end = time.time()
        timing = str(int((end - start) * 1000))
    
        lockfile = f'{selenium_results_file}.lock'
    
        with filelock.SoftFileLock(lockfile):
            with open(selenium_results_file, "a+") as jtl_file:
                timestamp = round(time.time() * 1000)
                if explicit_timing:
                    jtl_file.write(f"{timestamp},{explicit_timing*1000},{interaction},,{error_msg},"
                                   f",{success},0,0,0,0,,0\n")
                else:
                    jtl_file.write(f"{timestamp},{timing},{interaction},,{error_msg}"
                                   f",,{success},0,0,0,0,{node_ip},0\n")
    
        print(f"{timestamp},{timing},{interaction},{error_msg},{success},{node_ip}")
    
        if not success:
            if LOGIN_ACTION_NAME in interaction:
                globals.login_failed = True
>           raise Exception(error_msg, full_exception)
E           Exception: ('Failed measure: zephyr_scale_view_test_case_in_issue_view - TimeoutException', TimeoutException())

selenium_ui/conftest.py:171: Exception
06-09-2023, 10:56:40, 1686308200301, Action: test_1_selenium_zscale_view_test_cycle_in_issue_view, Error: jira_webdriver = <selenium.webdriver.chrome.webdriver.WebDriver (session="3d79493cb96f6fbd622ed69a5a6ca15d")>
jira_datasets = {'custom_issues': [], 'issue_id': '915400', 'issue_key': 'AABIS-836', 'issues': [['AABIS-1', '914565', 'AABIS'], ['AAB...', 'AABIS'], ['AABIS-4', '914568', 'AABIS'], ['AABIS-5', '914569', 'AABIS'], ['AABIS-6', '914570', 'AABIS'], ...], ...}
jira_screen_shots = None

    def test_1_selenium_zscale_view_test_cycle_in_issue_view(jira_webdriver, jira_datasets, jira_screen_shots):
>       extension_ui.zscale_view_test_cycle_in_issue_view(jira_webdriver, jira_datasets)

selenium_ui/jira_ui.py:72: 
_ _ _ _ _ _ _ _ _ _ _ _ _ _ _ _ _ _ _ _ _ _ _ _ _ _ _ _ _ _ _ _ _ _ _ _ _ _ _ _ 
extension/jira/extension_ui.py:67: in zscale_view_test_cycle_in_issue_view
    measure()
_ _ _ _ _ _ _ _ _ _ _ _ _ _ _ _ _ _ _ _ _ _ _ _ _ _ _ _ _ _ _ _ _ _ _ _ _ _ _ _ 

args = (), kwargs = {}, node_ip = '', start = 1686308179.5615606
error_msg = 'Failed measure: zephyr_scale_view_test_cycle_in_issue_view - TimeoutException'
full_exception = TimeoutException(), success = False
exc_type = <class 'selenium.common.exceptions.TimeoutException'>
end = 1686308200.290155, timing = '20728'
lockfile = '/dc-app-performance-toolkit/app/results/jira/2023-06-09_10-23-15/selenium.jtl.lock'

    @functools.wraps(func)
    def wrapper(*args, **kwargs):
        if LOGIN_ACTION_NAME in interaction:
            globals.login_failed = False
        if globals.login_failed:
            pytest.skip("login is failed")
        node_ip = ""
        start = time.time()
        error_msg = 'Success'
        full_exception = ''
        if args:
            driver = [arg for arg in args if isinstance(arg, Chrome)]
            node_ip = "" if not driver else getattr(driver[0], "node_ip", "")
        try:
            func(*args, **kwargs)
            success = True
        except Exception:
            success = False
            # https://docs.python.org/2/library/sys.html#sys.exc_info
            exc_type, full_exception = sys.exc_info()[:2]
            error_msg = f"Failed measure: {interaction} - {exc_type.__name__}"
        end = time.time()
        timing = str(int((end - start) * 1000))
    
        lockfile = f'{selenium_results_file}.lock'
    
        with filelock.SoftFileLock(lockfile):
            with open(selenium_results_file, "a+") as jtl_file:
                timestamp = round(time.time() * 1000)
                if explicit_timing:
                    jtl_file.write(f"{timestamp},{explicit_timing*1000},{interaction},,{error_msg},"
                                   f",{success},0,0,0,0,,0\n")
                else:
                    jtl_file.write(f"{timestamp},{timing},{interaction},,{error_msg}"
                                   f",,{success},0,0,0,0,{node_ip},0\n")
    
        print(f"{timestamp},{timing},{interaction},{error_msg},{success},{node_ip}")
    
        if not success:
            if LOGIN_ACTION_NAME in interaction:
                globals.login_failed = True
>           raise Exception(error_msg, full_exception)
E           Exception: ('Failed measure: zephyr_scale_view_test_cycle_in_issue_view - TimeoutException', TimeoutException())

selenium_ui/conftest.py:171: Exception
06-09-2023, 10:57:01, 1686308221554, Action: test_1_selenium_zscale_view_test_plan_in_issue_view, Error: jira_webdriver = <selenium.webdriver.chrome.webdriver.WebDriver (session="3d79493cb96f6fbd622ed69a5a6ca15d")>
jira_datasets = {'custom_issues': [], 'issue_id': '915400', 'issue_key': 'AABIS-836', 'issues': [['AABIS-1', '914565', 'AABIS'], ['AAB...', 'AABIS'], ['AABIS-4', '914568', 'AABIS'], ['AABIS-5', '914569', 'AABIS'], ['AABIS-6', '914570', 'AABIS'], ...], ...}
jira_screen_shots = None

    def test_1_selenium_zscale_view_test_plan_in_issue_view(jira_webdriver, jira_datasets, jira_screen_shots):
>       extension_ui.zscale_view_test_plan_in_issue_view(jira_webdriver, jira_datasets)

selenium_ui/jira_ui.py:75: 
_ _ _ _ _ _ _ _ _ _ _ _ _ _ _ _ _ _ _ _ _ _ _ _ _ _ _ _ _ _ _ _ _ _ _ _ _ _ _ _ 
extension/jira/extension_ui.py:79: in zscale_view_test_plan_in_issue_view
    measure()
_ _ _ _ _ _ _ _ _ _ _ _ _ _ _ _ _ _ _ _ _ _ _ _ _ _ _ _ _ _ _ _ _ _ _ _ _ _ _ _ 

args = (), kwargs = {}, node_ip = '', start = 1686308200.7660713
error_msg = 'Failed measure: zephyr_scale_view_test_plan_in_issue_view - TimeoutException'
full_exception = TimeoutException(), success = False
exc_type = <class 'selenium.common.exceptions.TimeoutException'>
end = 1686308221.543165, timing = '20777'
lockfile = '/dc-app-performance-toolkit/app/results/jira/2023-06-09_10-23-15/selenium.jtl.lock'

    @functools.wraps(func)
    def wrapper(*args, **kwargs):
        if LOGIN_ACTION_NAME in interaction:
            globals.login_failed = False
        if globals.login_failed:
            pytest.skip("login is failed")
        node_ip = ""
        start = time.time()
        error_msg = 'Success'
        full_exception = ''
        if args:
            driver = [arg for arg in args if isinstance(arg, Chrome)]
            node_ip = "" if not driver else getattr(driver[0], "node_ip", "")
        try:
            func(*args, **kwargs)
            success = True
        except Exception:
            success = False
            # https://docs.python.org/2/library/sys.html#sys.exc_info
            exc_type, full_exception = sys.exc_info()[:2]
            error_msg = f"Failed measure: {interaction} - {exc_type.__name__}"
        end = time.time()
        timing = str(int((end - start) * 1000))
    
        lockfile = f'{selenium_results_file}.lock'
    
        with filelock.SoftFileLock(lockfile):
            with open(selenium_results_file, "a+") as jtl_file:
                timestamp = round(time.time() * 1000)
                if explicit_timing:
                    jtl_file.write(f"{timestamp},{explicit_timing*1000},{interaction},,{error_msg},"
                                   f",{success},0,0,0,0,,0\n")
                else:
                    jtl_file.write(f"{timestamp},{timing},{interaction},,{error_msg}"
                                   f",,{success},0,0,0,0,{node_ip},0\n")
    
        print(f"{timestamp},{timing},{interaction},{error_msg},{success},{node_ip}")
    
        if not success:
            if LOGIN_ACTION_NAME in interaction:
                globals.login_failed = True
>           raise Exception(error_msg, full_exception)
E           Exception: ('Failed measure: zephyr_scale_view_test_plan_in_issue_view - TimeoutException', TimeoutException())

selenium_ui/conftest.py:171: Exception
06-09-2023, 10:57:40, 1686308260487, Action: test_1_selenium_zscale_view_test_case_in_issue_view, Error: jira_webdriver = <selenium.webdriver.chrome.webdriver.WebDriver (session="3d79493cb96f6fbd622ed69a5a6ca15d")>
jira_datasets = {'custom_issues': [], 'issue_id': '210295', 'issue_key': 'AAFAIA-4787', 'issues': [['AABIS-1', '914565', 'AABIS'], ['A...', 'AABIS'], ['AABIS-4', '914568', 'AABIS'], ['AABIS-5', '914569', 'AABIS'], ['AABIS-6', '914570', 'AABIS'], ...], ...}
jira_screen_shots = None

    def test_1_selenium_zscale_view_test_case_in_issue_view(jira_webdriver, jira_datasets, jira_screen_shots):
>       extension_ui.zscale_view_test_case_in_issue_view(jira_webdriver, jira_datasets)

selenium_ui/jira_ui.py:69: 
_ _ _ _ _ _ _ _ _ _ _ _ _ _ _ _ _ _ _ _ _ _ _ _ _ _ _ _ _ _ _ _ _ _ _ _ _ _ _ _ 
extension/jira/extension_ui.py:55: in zscale_view_test_case_in_issue_view
    measure()
_ _ _ _ _ _ _ _ _ _ _ _ _ _ _ _ _ _ _ _ _ _ _ _ _ _ _ _ _ _ _ _ _ _ _ _ _ _ _ _ 

args = (), kwargs = {}, node_ip = '', start = 1686308240.1841178
error_msg = 'Failed measure: zephyr_scale_view_test_case_in_issue_view - TimeoutException'
full_exception = TimeoutException(), success = False
exc_type = <class 'selenium.common.exceptions.TimeoutException'>
end = 1686308260.4763193, timing = '20292'
lockfile = '/dc-app-performance-toolkit/app/results/jira/2023-06-09_10-23-15/selenium.jtl.lock'

    @functools.wraps(func)
    def wrapper(*args, **kwargs):
        if LOGIN_ACTION_NAME in interaction:
            globals.login_failed = False
        if globals.login_failed:
            pytest.skip("login is failed")
        node_ip = ""
        start = time.time()
        error_msg = 'Success'
        full_exception = ''
        if args:
            driver = [arg for arg in args if isinstance(arg, Chrome)]
            node_ip = "" if not driver else getattr(driver[0], "node_ip", "")
        try:
            func(*args, **kwargs)
            success = True
        except Exception:
            success = False
            # https://docs.python.org/2/library/sys.html#sys.exc_info
            exc_type, full_exception = sys.exc_info()[:2]
            error_msg = f"Failed measure: {interaction} - {exc_type.__name__}"
        end = time.time()
        timing = str(int((end - start) * 1000))
    
        lockfile = f'{selenium_results_file}.lock'
    
        with filelock.SoftFileLock(lockfile):
            with open(selenium_results_file, "a+") as jtl_file:
                timestamp = round(time.time() * 1000)
                if explicit_timing:
                    jtl_file.write(f"{timestamp},{explicit_timing*1000},{interaction},,{error_msg},"
                                   f",{success},0,0,0,0,,0\n")
                else:
                    jtl_file.write(f"{timestamp},{timing},{interaction},,{error_msg}"
                                   f",,{success},0,0,0,0,{node_ip},0\n")
    
        print(f"{timestamp},{timing},{interaction},{error_msg},{success},{node_ip}")
    
        if not success:
            if LOGIN_ACTION_NAME in interaction:
                globals.login_failed = True
>           raise Exception(error_msg, full_exception)
E           Exception: ('Failed measure: zephyr_scale_view_test_case_in_issue_view - TimeoutException', TimeoutException())

selenium_ui/conftest.py:171: Exception
06-09-2023, 10:58:01, 1686308281288, Action: test_1_selenium_zscale_view_test_cycle_in_issue_view, Error: jira_webdriver = <selenium.webdriver.chrome.webdriver.WebDriver (session="3d79493cb96f6fbd622ed69a5a6ca15d")>
jira_datasets = {'custom_issues': [], 'issue_id': '210295', 'issue_key': 'AAFAIA-4787', 'issues': [['AABIS-1', '914565', 'AABIS'], ['A...', 'AABIS'], ['AABIS-4', '914568', 'AABIS'], ['AABIS-5', '914569', 'AABIS'], ['AABIS-6', '914570', 'AABIS'], ...], ...}
jira_screen_shots = None

    def test_1_selenium_zscale_view_test_cycle_in_issue_view(jira_webdriver, jira_datasets, jira_screen_shots):
>       extension_ui.zscale_view_test_cycle_in_issue_view(jira_webdriver, jira_datasets)

selenium_ui/jira_ui.py:72: 
_ _ _ _ _ _ _ _ _ _ _ _ _ _ _ _ _ _ _ _ _ _ _ _ _ _ _ _ _ _ _ _ _ _ _ _ _ _ _ _ 
extension/jira/extension_ui.py:67: in zscale_view_test_cycle_in_issue_view
    measure()
_ _ _ _ _ _ _ _ _ _ _ _ _ _ _ _ _ _ _ _ _ _ _ _ _ _ _ _ _ _ _ _ _ _ _ _ _ _ _ _ 

args = (), kwargs = {}, node_ip = '', start = 1686308260.9449563
error_msg = 'Failed measure: zephyr_scale_view_test_cycle_in_issue_view - TimeoutException'
full_exception = TimeoutException(), success = False
exc_type = <class 'selenium.common.exceptions.TimeoutException'>
end = 1686308281.2776968, timing = '20332'
lockfile = '/dc-app-performance-toolkit/app/results/jira/2023-06-09_10-23-15/selenium.jtl.lock'

    @functools.wraps(func)
    def wrapper(*args, **kwargs):
        if LOGIN_ACTION_NAME in interaction:
            globals.login_failed = False
        if globals.login_failed:
            pytest.skip("login is failed")
        node_ip = ""
        start = time.time()
        error_msg = 'Success'
        full_exception = ''
        if args:
            driver = [arg for arg in args if isinstance(arg, Chrome)]
            node_ip = "" if not driver else getattr(driver[0], "node_ip", "")
        try:
            func(*args, **kwargs)
            success = True
        except Exception:
            success = False
            # https://docs.python.org/2/library/sys.html#sys.exc_info
            exc_type, full_exception = sys.exc_info()[:2]
            error_msg = f"Failed measure: {interaction} - {exc_type.__name__}"
        end = time.time()
        timing = str(int((end - start) * 1000))
    
        lockfile = f'{selenium_results_file}.lock'
    
        with filelock.SoftFileLock(lockfile):
            with open(selenium_results_file, "a+") as jtl_file:
                timestamp = round(time.time() * 1000)
                if explicit_timing:
                    jtl_file.write(f"{timestamp},{explicit_timing*1000},{interaction},,{error_msg},"
                                   f",{success},0,0,0,0,,0\n")
                else:
                    jtl_file.write(f"{timestamp},{timing},{interaction},,{error_msg}"
                                   f",,{success},0,0,0,0,{node_ip},0\n")
    
        print(f"{timestamp},{timing},{interaction},{error_msg},{success},{node_ip}")
    
        if not success:
            if LOGIN_ACTION_NAME in interaction:
                globals.login_failed = True
>           raise Exception(error_msg, full_exception)
E           Exception: ('Failed measure: zephyr_scale_view_test_cycle_in_issue_view - TimeoutException', TimeoutException())

selenium_ui/conftest.py:171: Exception
06-09-2023, 10:58:22, 1686308302056, Action: test_1_selenium_zscale_view_test_plan_in_issue_view, Error: jira_webdriver = <selenium.webdriver.chrome.webdriver.WebDriver (session="3d79493cb96f6fbd622ed69a5a6ca15d")>
jira_datasets = {'custom_issues': [], 'issue_id': '210295', 'issue_key': 'AAFAIA-4787', 'issues': [['AABIS-1', '914565', 'AABIS'], ['A...', 'AABIS'], ['AABIS-4', '914568', 'AABIS'], ['AABIS-5', '914569', 'AABIS'], ['AABIS-6', '914570', 'AABIS'], ...], ...}
jira_screen_shots = None

    def test_1_selenium_zscale_view_test_plan_in_issue_view(jira_webdriver, jira_datasets, jira_screen_shots):
>       extension_ui.zscale_view_test_plan_in_issue_view(jira_webdriver, jira_datasets)

selenium_ui/jira_ui.py:75: 
_ _ _ _ _ _ _ _ _ _ _ _ _ _ _ _ _ _ _ _ _ _ _ _ _ _ _ _ _ _ _ _ _ _ _ _ _ _ _ _ 
extension/jira/extension_ui.py:79: in zscale_view_test_plan_in_issue_view
    measure()
_ _ _ _ _ _ _ _ _ _ _ _ _ _ _ _ _ _ _ _ _ _ _ _ _ _ _ _ _ _ _ _ _ _ _ _ _ _ _ _ 

args = (), kwargs = {}, node_ip = '', start = 1686308281.7279212
error_msg = 'Failed measure: zephyr_scale_view_test_plan_in_issue_view - TimeoutException'
full_exception = TimeoutException(), success = False
exc_type = <class 'selenium.common.exceptions.TimeoutException'>
end = 1686308302.0445747, timing = '20316'
lockfile = '/dc-app-performance-toolkit/app/results/jira/2023-06-09_10-23-15/selenium.jtl.lock'

    @functools.wraps(func)
    def wrapper(*args, **kwargs):
        if LOGIN_ACTION_NAME in interaction:
            globals.login_failed = False
        if globals.login_failed:
            pytest.skip("login is failed")
        node_ip = ""
        start = time.time()
        error_msg = 'Success'
        full_exception = ''
        if args:
            driver = [arg for arg in args if isinstance(arg, Chrome)]
            node_ip = "" if not driver else getattr(driver[0], "node_ip", "")
        try:
            func(*args, **kwargs)
            success = True
        except Exception:
            success = False
            # https://docs.python.org/2/library/sys.html#sys.exc_info
            exc_type, full_exception = sys.exc_info()[:2]
            error_msg = f"Failed measure: {interaction} - {exc_type.__name__}"
        end = time.time()
        timing = str(int((end - start) * 1000))
    
        lockfile = f'{selenium_results_file}.lock'
    
        with filelock.SoftFileLock(lockfile):
            with open(selenium_results_file, "a+") as jtl_file:
                timestamp = round(time.time() * 1000)
                if explicit_timing:
                    jtl_file.write(f"{timestamp},{explicit_timing*1000},{interaction},,{error_msg},"
                                   f",{success},0,0,0,0,,0\n")
                else:
                    jtl_file.write(f"{timestamp},{timing},{interaction},,{error_msg}"
                                   f",,{success},0,0,0,0,{node_ip},0\n")
    
        print(f"{timestamp},{timing},{interaction},{error_msg},{success},{node_ip}")
    
        if not success:
            if LOGIN_ACTION_NAME in interaction:
                globals.login_failed = True
>           raise Exception(error_msg, full_exception)
E           Exception: ('Failed measure: zephyr_scale_view_test_plan_in_issue_view - TimeoutException', TimeoutException())

selenium_ui/conftest.py:171: Exception
06-09-2023, 10:59:00, 1686308340822, Action: test_1_selenium_zscale_view_test_case_in_issue_view, Error: jira_webdriver = <selenium.webdriver.chrome.webdriver.WebDriver (session="3d79493cb96f6fbd622ed69a5a6ca15d")>
jira_datasets = {'custom_issues': [], 'issue_id': '205719', 'issue_key': 'AAFAIA-211', 'issues': [['AABIS-1', '914565', 'AABIS'], ['AA...', 'AABIS'], ['AABIS-4', '914568', 'AABIS'], ['AABIS-5', '914569', 'AABIS'], ['AABIS-6', '914570', 'AABIS'], ...], ...}
jira_screen_shots = None

    def test_1_selenium_zscale_view_test_case_in_issue_view(jira_webdriver, jira_datasets, jira_screen_shots):
>       extension_ui.zscale_view_test_case_in_issue_view(jira_webdriver, jira_datasets)

selenium_ui/jira_ui.py:69: 
_ _ _ _ _ _ _ _ _ _ _ _ _ _ _ _ _ _ _ _ _ _ _ _ _ _ _ _ _ _ _ _ _ _ _ _ _ _ _ _ 
extension/jira/extension_ui.py:55: in zscale_view_test_case_in_issue_view
    measure()
_ _ _ _ _ _ _ _ _ _ _ _ _ _ _ _ _ _ _ _ _ _ _ _ _ _ _ _ _ _ _ _ _ _ _ _ _ _ _ _ 

args = (), kwargs = {}, node_ip = '', start = 1686308320.3647325
error_msg = 'Failed measure: zephyr_scale_view_test_case_in_issue_view - TimeoutException'
full_exception = TimeoutException(), success = False
exc_type = <class 'selenium.common.exceptions.TimeoutException'>
end = 1686308340.7906134, timing = '20425'
lockfile = '/dc-app-performance-toolkit/app/results/jira/2023-06-09_10-23-15/selenium.jtl.lock'

    @functools.wraps(func)
    def wrapper(*args, **kwargs):
        if LOGIN_ACTION_NAME in interaction:
            globals.login_failed = False
        if globals.login_failed:
            pytest.skip("login is failed")
        node_ip = ""
        start = time.time()
        error_msg = 'Success'
        full_exception = ''
        if args:
            driver = [arg for arg in args if isinstance(arg, Chrome)]
            node_ip = "" if not driver else getattr(driver[0], "node_ip", "")
        try:
            func(*args, **kwargs)
            success = True
        except Exception:
            success = False
            # https://docs.python.org/2/library/sys.html#sys.exc_info
            exc_type, full_exception = sys.exc_info()[:2]
            error_msg = f"Failed measure: {interaction} - {exc_type.__name__}"
        end = time.time()
        timing = str(int((end - start) * 1000))
    
        lockfile = f'{selenium_results_file}.lock'
    
        with filelock.SoftFileLock(lockfile):
            with open(selenium_results_file, "a+") as jtl_file:
                timestamp = round(time.time() * 1000)
                if explicit_timing:
                    jtl_file.write(f"{timestamp},{explicit_timing*1000},{interaction},,{error_msg},"
                                   f",{success},0,0,0,0,,0\n")
                else:
                    jtl_file.write(f"{timestamp},{timing},{interaction},,{error_msg}"
                                   f",,{success},0,0,0,0,{node_ip},0\n")
    
        print(f"{timestamp},{timing},{interaction},{error_msg},{success},{node_ip}")
    
        if not success:
            if LOGIN_ACTION_NAME in interaction:
                globals.login_failed = True
>           raise Exception(error_msg, full_exception)
E           Exception: ('Failed measure: zephyr_scale_view_test_case_in_issue_view - TimeoutException', TimeoutException())

selenium_ui/conftest.py:171: Exception
06-09-2023, 10:59:21, 1686308361852, Action: test_1_selenium_zscale_view_test_cycle_in_issue_view, Error: jira_webdriver = <selenium.webdriver.chrome.webdriver.WebDriver (session="3d79493cb96f6fbd622ed69a5a6ca15d")>
jira_datasets = {'custom_issues': [], 'issue_id': '205719', 'issue_key': 'AAFAIA-211', 'issues': [['AABIS-1', '914565', 'AABIS'], ['AA...', 'AABIS'], ['AABIS-4', '914568', 'AABIS'], ['AABIS-5', '914569', 'AABIS'], ['AABIS-6', '914570', 'AABIS'], ...], ...}
jira_screen_shots = None

    def test_1_selenium_zscale_view_test_cycle_in_issue_view(jira_webdriver, jira_datasets, jira_screen_shots):
>       extension_ui.zscale_view_test_cycle_in_issue_view(jira_webdriver, jira_datasets)

selenium_ui/jira_ui.py:72: 
_ _ _ _ _ _ _ _ _ _ _ _ _ _ _ _ _ _ _ _ _ _ _ _ _ _ _ _ _ _ _ _ _ _ _ _ _ _ _ _ 
extension/jira/extension_ui.py:67: in zscale_view_test_cycle_in_issue_view
    measure()
_ _ _ _ _ _ _ _ _ _ _ _ _ _ _ _ _ _ _ _ _ _ _ _ _ _ _ _ _ _ _ _ _ _ _ _ _ _ _ _ 

args = (), kwargs = {}, node_ip = '', start = 1686308341.2924945
error_msg = 'Failed measure: zephyr_scale_view_test_cycle_in_issue_view - TimeoutException'
full_exception = TimeoutException(), success = False
exc_type = <class 'selenium.common.exceptions.TimeoutException'>
end = 1686308361.8409386, timing = '20548'
lockfile = '/dc-app-performance-toolkit/app/results/jira/2023-06-09_10-23-15/selenium.jtl.lock'

    @functools.wraps(func)
    def wrapper(*args, **kwargs):
        if LOGIN_ACTION_NAME in interaction:
            globals.login_failed = False
        if globals.login_failed:
            pytest.skip("login is failed")
        node_ip = ""
        start = time.time()
        error_msg = 'Success'
        full_exception = ''
        if args:
            driver = [arg for arg in args if isinstance(arg, Chrome)]
            node_ip = "" if not driver else getattr(driver[0], "node_ip", "")
        try:
            func(*args, **kwargs)
            success = True
        except Exception:
            success = False
            # https://docs.python.org/2/library/sys.html#sys.exc_info
            exc_type, full_exception = sys.exc_info()[:2]
            error_msg = f"Failed measure: {interaction} - {exc_type.__name__}"
        end = time.time()
        timing = str(int((end - start) * 1000))
    
        lockfile = f'{selenium_results_file}.lock'
    
        with filelock.SoftFileLock(lockfile):
            with open(selenium_results_file, "a+") as jtl_file:
                timestamp = round(time.time() * 1000)
                if explicit_timing:
                    jtl_file.write(f"{timestamp},{explicit_timing*1000},{interaction},,{error_msg},"
                                   f",{success},0,0,0,0,,0\n")
                else:
                    jtl_file.write(f"{timestamp},{timing},{interaction},,{error_msg}"
                                   f",,{success},0,0,0,0,{node_ip},0\n")
    
        print(f"{timestamp},{timing},{interaction},{error_msg},{success},{node_ip}")
    
        if not success:
            if LOGIN_ACTION_NAME in interaction:
                globals.login_failed = True
>           raise Exception(error_msg, full_exception)
E           Exception: ('Failed measure: zephyr_scale_view_test_cycle_in_issue_view - TimeoutException', TimeoutException())

selenium_ui/conftest.py:171: Exception
06-09-2023, 10:59:42, 1686308382860, Action: test_1_selenium_zscale_view_test_plan_in_issue_view, Error: jira_webdriver = <selenium.webdriver.chrome.webdriver.WebDriver (session="3d79493cb96f6fbd622ed69a5a6ca15d")>
jira_datasets = {'custom_issues': [], 'issue_id': '205719', 'issue_key': 'AAFAIA-211', 'issues': [['AABIS-1', '914565', 'AABIS'], ['AA...', 'AABIS'], ['AABIS-4', '914568', 'AABIS'], ['AABIS-5', '914569', 'AABIS'], ['AABIS-6', '914570', 'AABIS'], ...], ...}
jira_screen_shots = None

    def test_1_selenium_zscale_view_test_plan_in_issue_view(jira_webdriver, jira_datasets, jira_screen_shots):
>       extension_ui.zscale_view_test_plan_in_issue_view(jira_webdriver, jira_datasets)

selenium_ui/jira_ui.py:75: 
_ _ _ _ _ _ _ _ _ _ _ _ _ _ _ _ _ _ _ _ _ _ _ _ _ _ _ _ _ _ _ _ _ _ _ _ _ _ _ _ 
extension/jira/extension_ui.py:79: in zscale_view_test_plan_in_issue_view
    measure()
_ _ _ _ _ _ _ _ _ _ _ _ _ _ _ _ _ _ _ _ _ _ _ _ _ _ _ _ _ _ _ _ _ _ _ _ _ _ _ _ 

args = (), kwargs = {}, node_ip = '', start = 1686308362.3696868
error_msg = 'Failed measure: zephyr_scale_view_test_plan_in_issue_view - TimeoutException'
full_exception = TimeoutException(), success = False
exc_type = <class 'selenium.common.exceptions.TimeoutException'>
end = 1686308382.8488421, timing = '20479'
lockfile = '/dc-app-performance-toolkit/app/results/jira/2023-06-09_10-23-15/selenium.jtl.lock'

    @functools.wraps(func)
    def wrapper(*args, **kwargs):
        if LOGIN_ACTION_NAME in interaction:
            globals.login_failed = False
        if globals.login_failed:
            pytest.skip("login is failed")
        node_ip = ""
        start = time.time()
        error_msg = 'Success'
        full_exception = ''
        if args:
            driver = [arg for arg in args if isinstance(arg, Chrome)]
            node_ip = "" if not driver else getattr(driver[0], "node_ip", "")
        try:
            func(*args, **kwargs)
            success = True
        except Exception:
            success = False
            # https://docs.python.org/2/library/sys.html#sys.exc_info
            exc_type, full_exception = sys.exc_info()[:2]
            error_msg = f"Failed measure: {interaction} - {exc_type.__name__}"
        end = time.time()
        timing = str(int((end - start) * 1000))
    
        lockfile = f'{selenium_results_file}.lock'
    
        with filelock.SoftFileLock(lockfile):
            with open(selenium_results_file, "a+") as jtl_file:
                timestamp = round(time.time() * 1000)
                if explicit_timing:
                    jtl_file.write(f"{timestamp},{explicit_timing*1000},{interaction},,{error_msg},"
                                   f",{success},0,0,0,0,,0\n")
                else:
                    jtl_file.write(f"{timestamp},{timing},{interaction},,{error_msg}"
                                   f",,{success},0,0,0,0,{node_ip},0\n")
    
        print(f"{timestamp},{timing},{interaction},{error_msg},{success},{node_ip}")
    
        if not success:
            if LOGIN_ACTION_NAME in interaction:
                globals.login_failed = True
>           raise Exception(error_msg, full_exception)
E           Exception: ('Failed measure: zephyr_scale_view_test_plan_in_issue_view - TimeoutException', TimeoutException())

selenium_ui/conftest.py:171: Exception
06-09-2023, 11:00:21, 1686308421238, Action: test_1_selenium_zscale_view_test_case_in_issue_view, Error: jira_webdriver = <selenium.webdriver.chrome.webdriver.WebDriver (session="3d79493cb96f6fbd622ed69a5a6ca15d")>
jira_datasets = {'custom_issues': [], 'issue_id': '211028', 'issue_key': 'AAFAIA-5520', 'issues': [['AABIS-1', '914565', 'AABIS'], ['A...', 'AABIS'], ['AABIS-4', '914568', 'AABIS'], ['AABIS-5', '914569', 'AABIS'], ['AABIS-6', '914570', 'AABIS'], ...], ...}
jira_screen_shots = None

    def test_1_selenium_zscale_view_test_case_in_issue_view(jira_webdriver, jira_datasets, jira_screen_shots):
>       extension_ui.zscale_view_test_case_in_issue_view(jira_webdriver, jira_datasets)

selenium_ui/jira_ui.py:69: 
_ _ _ _ _ _ _ _ _ _ _ _ _ _ _ _ _ _ _ _ _ _ _ _ _ _ _ _ _ _ _ _ _ _ _ _ _ _ _ _ 
extension/jira/extension_ui.py:55: in zscale_view_test_case_in_issue_view
    measure()
_ _ _ _ _ _ _ _ _ _ _ _ _ _ _ _ _ _ _ _ _ _ _ _ _ _ _ _ _ _ _ _ _ _ _ _ _ _ _ _ 

args = (), kwargs = {}, node_ip = '', start = 1686308400.5235589
error_msg = 'Failed measure: zephyr_scale_view_test_case_in_issue_view - TimeoutException'
full_exception = TimeoutException(), success = False
exc_type = <class 'selenium.common.exceptions.TimeoutException'>
end = 1686308421.2268555, timing = '20703'
lockfile = '/dc-app-performance-toolkit/app/results/jira/2023-06-09_10-23-15/selenium.jtl.lock'

    @functools.wraps(func)
    def wrapper(*args, **kwargs):
        if LOGIN_ACTION_NAME in interaction:
            globals.login_failed = False
        if globals.login_failed:
            pytest.skip("login is failed")
        node_ip = ""
        start = time.time()
        error_msg = 'Success'
        full_exception = ''
        if args:
            driver = [arg for arg in args if isinstance(arg, Chrome)]
            node_ip = "" if not driver else getattr(driver[0], "node_ip", "")
        try:
            func(*args, **kwargs)
            success = True
        except Exception:
            success = False
            # https://docs.python.org/2/library/sys.html#sys.exc_info
            exc_type, full_exception = sys.exc_info()[:2]
            error_msg = f"Failed measure: {interaction} - {exc_type.__name__}"
        end = time.time()
        timing = str(int((end - start) * 1000))
    
        lockfile = f'{selenium_results_file}.lock'
    
        with filelock.SoftFileLock(lockfile):
            with open(selenium_results_file, "a+") as jtl_file:
                timestamp = round(time.time() * 1000)
                if explicit_timing:
                    jtl_file.write(f"{timestamp},{explicit_timing*1000},{interaction},,{error_msg},"
                                   f",{success},0,0,0,0,,0\n")
                else:
                    jtl_file.write(f"{timestamp},{timing},{interaction},,{error_msg}"
                                   f",,{success},0,0,0,0,{node_ip},0\n")
    
        print(f"{timestamp},{timing},{interaction},{error_msg},{success},{node_ip}")
    
        if not success:
            if LOGIN_ACTION_NAME in interaction:
                globals.login_failed = True
>           raise Exception(error_msg, full_exception)
E           Exception: ('Failed measure: zephyr_scale_view_test_case_in_issue_view - TimeoutException', TimeoutException())

selenium_ui/conftest.py:171: Exception
06-09-2023, 11:00:42, 1686308442482, Action: test_1_selenium_zscale_view_test_cycle_in_issue_view, Error: jira_webdriver = <selenium.webdriver.chrome.webdriver.WebDriver (session="3d79493cb96f6fbd622ed69a5a6ca15d")>
jira_datasets = {'custom_issues': [], 'issue_id': '211028', 'issue_key': 'AAFAIA-5520', 'issues': [['AABIS-1', '914565', 'AABIS'], ['A...', 'AABIS'], ['AABIS-4', '914568', 'AABIS'], ['AABIS-5', '914569', 'AABIS'], ['AABIS-6', '914570', 'AABIS'], ...], ...}
jira_screen_shots = None

    def test_1_selenium_zscale_view_test_cycle_in_issue_view(jira_webdriver, jira_datasets, jira_screen_shots):
>       extension_ui.zscale_view_test_cycle_in_issue_view(jira_webdriver, jira_datasets)

selenium_ui/jira_ui.py:72: 
_ _ _ _ _ _ _ _ _ _ _ _ _ _ _ _ _ _ _ _ _ _ _ _ _ _ _ _ _ _ _ _ _ _ _ _ _ _ _ _ 
extension/jira/extension_ui.py:67: in zscale_view_test_cycle_in_issue_view
    measure()
_ _ _ _ _ _ _ _ _ _ _ _ _ _ _ _ _ _ _ _ _ _ _ _ _ _ _ _ _ _ _ _ _ _ _ _ _ _ _ _ 

args = (), kwargs = {}, node_ip = '', start = 1686308421.697228
error_msg = 'Failed measure: zephyr_scale_view_test_cycle_in_issue_view - TimeoutException'
full_exception = TimeoutException(), success = False
exc_type = <class 'selenium.common.exceptions.TimeoutException'>
end = 1686308442.4707284, timing = '20773'
lockfile = '/dc-app-performance-toolkit/app/results/jira/2023-06-09_10-23-15/selenium.jtl.lock'

    @functools.wraps(func)
    def wrapper(*args, **kwargs):
        if LOGIN_ACTION_NAME in interaction:
            globals.login_failed = False
        if globals.login_failed:
            pytest.skip("login is failed")
        node_ip = ""
        start = time.time()
        error_msg = 'Success'
        full_exception = ''
        if args:
            driver = [arg for arg in args if isinstance(arg, Chrome)]
            node_ip = "" if not driver else getattr(driver[0], "node_ip", "")
        try:
            func(*args, **kwargs)
            success = True
        except Exception:
            success = False
            # https://docs.python.org/2/library/sys.html#sys.exc_info
            exc_type, full_exception = sys.exc_info()[:2]
            error_msg = f"Failed measure: {interaction} - {exc_type.__name__}"
        end = time.time()
        timing = str(int((end - start) * 1000))
    
        lockfile = f'{selenium_results_file}.lock'
    
        with filelock.SoftFileLock(lockfile):
            with open(selenium_results_file, "a+") as jtl_file:
                timestamp = round(time.time() * 1000)
                if explicit_timing:
                    jtl_file.write(f"{timestamp},{explicit_timing*1000},{interaction},,{error_msg},"
                                   f",{success},0,0,0,0,,0\n")
                else:
                    jtl_file.write(f"{timestamp},{timing},{interaction},,{error_msg}"
                                   f",,{success},0,0,0,0,{node_ip},0\n")
    
        print(f"{timestamp},{timing},{interaction},{error_msg},{success},{node_ip}")
    
        if not success:
            if LOGIN_ACTION_NAME in interaction:
                globals.login_failed = True
>           raise Exception(error_msg, full_exception)
E           Exception: ('Failed measure: zephyr_scale_view_test_cycle_in_issue_view - TimeoutException', TimeoutException())

selenium_ui/conftest.py:171: Exception
06-09-2023, 11:01:03, 1686308463733, Action: test_1_selenium_zscale_view_test_plan_in_issue_view, Error: jira_webdriver = <selenium.webdriver.chrome.webdriver.WebDriver (session="3d79493cb96f6fbd622ed69a5a6ca15d")>
jira_datasets = {'custom_issues': [], 'issue_id': '211028', 'issue_key': 'AAFAIA-5520', 'issues': [['AABIS-1', '914565', 'AABIS'], ['A...', 'AABIS'], ['AABIS-4', '914568', 'AABIS'], ['AABIS-5', '914569', 'AABIS'], ['AABIS-6', '914570', 'AABIS'], ...], ...}
jira_screen_shots = None

    def test_1_selenium_zscale_view_test_plan_in_issue_view(jira_webdriver, jira_datasets, jira_screen_shots):
>       extension_ui.zscale_view_test_plan_in_issue_view(jira_webdriver, jira_datasets)

selenium_ui/jira_ui.py:75: 
_ _ _ _ _ _ _ _ _ _ _ _ _ _ _ _ _ _ _ _ _ _ _ _ _ _ _ _ _ _ _ _ _ _ _ _ _ _ _ _ 
extension/jira/extension_ui.py:79: in zscale_view_test_plan_in_issue_view
    measure()
_ _ _ _ _ _ _ _ _ _ _ _ _ _ _ _ _ _ _ _ _ _ _ _ _ _ _ _ _ _ _ _ _ _ _ _ _ _ _ _ 

args = (), kwargs = {}, node_ip = '', start = 1686308442.9434843
error_msg = 'Failed measure: zephyr_scale_view_test_plan_in_issue_view - TimeoutException'
full_exception = TimeoutException(), success = False
exc_type = <class 'selenium.common.exceptions.TimeoutException'>
end = 1686308463.7223322, timing = '20778'
lockfile = '/dc-app-performance-toolkit/app/results/jira/2023-06-09_10-23-15/selenium.jtl.lock'

    @functools.wraps(func)
    def wrapper(*args, **kwargs):
        if LOGIN_ACTION_NAME in interaction:
            globals.login_failed = False
        if globals.login_failed:
            pytest.skip("login is failed")
        node_ip = ""
        start = time.time()
        error_msg = 'Success'
        full_exception = ''
        if args:
            driver = [arg for arg in args if isinstance(arg, Chrome)]
            node_ip = "" if not driver else getattr(driver[0], "node_ip", "")
        try:
            func(*args, **kwargs)
            success = True
        except Exception:
            success = False
            # https://docs.python.org/2/library/sys.html#sys.exc_info
            exc_type, full_exception = sys.exc_info()[:2]
            error_msg = f"Failed measure: {interaction} - {exc_type.__name__}"
        end = time.time()
        timing = str(int((end - start) * 1000))
    
        lockfile = f'{selenium_results_file}.lock'
    
        with filelock.SoftFileLock(lockfile):
            with open(selenium_results_file, "a+") as jtl_file:
                timestamp = round(time.time() * 1000)
                if explicit_timing:
                    jtl_file.write(f"{timestamp},{explicit_timing*1000},{interaction},,{error_msg},"
                                   f",{success},0,0,0,0,,0\n")
                else:
                    jtl_file.write(f"{timestamp},{timing},{interaction},,{error_msg}"
                                   f",,{success},0,0,0,0,{node_ip},0\n")
    
        print(f"{timestamp},{timing},{interaction},{error_msg},{success},{node_ip}")
    
        if not success:
            if LOGIN_ACTION_NAME in interaction:
                globals.login_failed = True
>           raise Exception(error_msg, full_exception)
E           Exception: ('Failed measure: zephyr_scale_view_test_plan_in_issue_view - TimeoutException', TimeoutException())

selenium_ui/conftest.py:171: Exception
06-09-2023, 11:01:42, 1686308502143, Action: test_1_selenium_zscale_view_test_case_in_issue_view, Error: jira_webdriver = <selenium.webdriver.chrome.webdriver.WebDriver (session="3d79493cb96f6fbd622ed69a5a6ca15d")>
jira_datasets = {'custom_issues': [], 'issue_id': '211317', 'issue_key': 'AAFAIA-5809', 'issues': [['AABIS-1', '914565', 'AABIS'], ['A...', 'AABIS'], ['AABIS-4', '914568', 'AABIS'], ['AABIS-5', '914569', 'AABIS'], ['AABIS-6', '914570', 'AABIS'], ...], ...}
jira_screen_shots = None

    def test_1_selenium_zscale_view_test_case_in_issue_view(jira_webdriver, jira_datasets, jira_screen_shots):
>       extension_ui.zscale_view_test_case_in_issue_view(jira_webdriver, jira_datasets)

selenium_ui/jira_ui.py:69: 
_ _ _ _ _ _ _ _ _ _ _ _ _ _ _ _ _ _ _ _ _ _ _ _ _ _ _ _ _ _ _ _ _ _ _ _ _ _ _ _ 
extension/jira/extension_ui.py:55: in zscale_view_test_case_in_issue_view
    measure()
_ _ _ _ _ _ _ _ _ _ _ _ _ _ _ _ _ _ _ _ _ _ _ _ _ _ _ _ _ _ _ _ _ _ _ _ _ _ _ _ 

args = (), kwargs = {}, node_ip = '', start = 1686308481.3074527
error_msg = 'Failed measure: zephyr_scale_view_test_case_in_issue_view - TimeoutException'
full_exception = TimeoutException(), success = False
exc_type = <class 'selenium.common.exceptions.TimeoutException'>
end = 1686308502.1312187, timing = '20823'
lockfile = '/dc-app-performance-toolkit/app/results/jira/2023-06-09_10-23-15/selenium.jtl.lock'

    @functools.wraps(func)
    def wrapper(*args, **kwargs):
        if LOGIN_ACTION_NAME in interaction:
            globals.login_failed = False
        if globals.login_failed:
            pytest.skip("login is failed")
        node_ip = ""
        start = time.time()
        error_msg = 'Success'
        full_exception = ''
        if args:
            driver = [arg for arg in args if isinstance(arg, Chrome)]
            node_ip = "" if not driver else getattr(driver[0], "node_ip", "")
        try:
            func(*args, **kwargs)
            success = True
        except Exception:
            success = False
            # https://docs.python.org/2/library/sys.html#sys.exc_info
            exc_type, full_exception = sys.exc_info()[:2]
            error_msg = f"Failed measure: {interaction} - {exc_type.__name__}"
        end = time.time()
        timing = str(int((end - start) * 1000))
    
        lockfile = f'{selenium_results_file}.lock'
    
        with filelock.SoftFileLock(lockfile):
            with open(selenium_results_file, "a+") as jtl_file:
                timestamp = round(time.time() * 1000)
                if explicit_timing:
                    jtl_file.write(f"{timestamp},{explicit_timing*1000},{interaction},,{error_msg},"
                                   f",{success},0,0,0,0,,0\n")
                else:
                    jtl_file.write(f"{timestamp},{timing},{interaction},,{error_msg}"
                                   f",,{success},0,0,0,0,{node_ip},0\n")
    
        print(f"{timestamp},{timing},{interaction},{error_msg},{success},{node_ip}")
    
        if not success:
            if LOGIN_ACTION_NAME in interaction:
                globals.login_failed = True
>           raise Exception(error_msg, full_exception)
E           Exception: ('Failed measure: zephyr_scale_view_test_case_in_issue_view - TimeoutException', TimeoutException())

selenium_ui/conftest.py:171: Exception
06-09-2023, 11:02:03, 1686308523489, Action: test_1_selenium_zscale_view_test_cycle_in_issue_view, Error: jira_webdriver = <selenium.webdriver.chrome.webdriver.WebDriver (session="3d79493cb96f6fbd622ed69a5a6ca15d")>
jira_datasets = {'custom_issues': [], 'issue_id': '211317', 'issue_key': 'AAFAIA-5809', 'issues': [['AABIS-1', '914565', 'AABIS'], ['A...', 'AABIS'], ['AABIS-4', '914568', 'AABIS'], ['AABIS-5', '914569', 'AABIS'], ['AABIS-6', '914570', 'AABIS'], ...], ...}
jira_screen_shots = None

    def test_1_selenium_zscale_view_test_cycle_in_issue_view(jira_webdriver, jira_datasets, jira_screen_shots):
>       extension_ui.zscale_view_test_cycle_in_issue_view(jira_webdriver, jira_datasets)

selenium_ui/jira_ui.py:72: 
_ _ _ _ _ _ _ _ _ _ _ _ _ _ _ _ _ _ _ _ _ _ _ _ _ _ _ _ _ _ _ _ _ _ _ _ _ _ _ _ 
extension/jira/extension_ui.py:67: in zscale_view_test_cycle_in_issue_view
    measure()
_ _ _ _ _ _ _ _ _ _ _ _ _ _ _ _ _ _ _ _ _ _ _ _ _ _ _ _ _ _ _ _ _ _ _ _ _ _ _ _ 

args = (), kwargs = {}, node_ip = '', start = 1686308502.584905
error_msg = 'Failed measure: zephyr_scale_view_test_cycle_in_issue_view - TimeoutException'
full_exception = TimeoutException(), success = False
exc_type = <class 'selenium.common.exceptions.TimeoutException'>
end = 1686308523.476644, timing = '20891'
lockfile = '/dc-app-performance-toolkit/app/results/jira/2023-06-09_10-23-15/selenium.jtl.lock'

    @functools.wraps(func)
    def wrapper(*args, **kwargs):
        if LOGIN_ACTION_NAME in interaction:
            globals.login_failed = False
        if globals.login_failed:
            pytest.skip("login is failed")
        node_ip = ""
        start = time.time()
        error_msg = 'Success'
        full_exception = ''
        if args:
            driver = [arg for arg in args if isinstance(arg, Chrome)]
            node_ip = "" if not driver else getattr(driver[0], "node_ip", "")
        try:
            func(*args, **kwargs)
            success = True
        except Exception:
            success = False
            # https://docs.python.org/2/library/sys.html#sys.exc_info
            exc_type, full_exception = sys.exc_info()[:2]
            error_msg = f"Failed measure: {interaction} - {exc_type.__name__}"
        end = time.time()
        timing = str(int((end - start) * 1000))
    
        lockfile = f'{selenium_results_file}.lock'
    
        with filelock.SoftFileLock(lockfile):
            with open(selenium_results_file, "a+") as jtl_file:
                timestamp = round(time.time() * 1000)
                if explicit_timing:
                    jtl_file.write(f"{timestamp},{explicit_timing*1000},{interaction},,{error_msg},"
                                   f",{success},0,0,0,0,,0\n")
                else:
                    jtl_file.write(f"{timestamp},{timing},{interaction},,{error_msg}"
                                   f",,{success},0,0,0,0,{node_ip},0\n")
    
        print(f"{timestamp},{timing},{interaction},{error_msg},{success},{node_ip}")
    
        if not success:
            if LOGIN_ACTION_NAME in interaction:
                globals.login_failed = True
>           raise Exception(error_msg, full_exception)
E           Exception: ('Failed measure: zephyr_scale_view_test_cycle_in_issue_view - TimeoutException', TimeoutException())

selenium_ui/conftest.py:171: Exception
06-09-2023, 11:02:24, 1686308544887, Action: test_1_selenium_zscale_view_test_plan_in_issue_view, Error: jira_webdriver = <selenium.webdriver.chrome.webdriver.WebDriver (session="3d79493cb96f6fbd622ed69a5a6ca15d")>
jira_datasets = {'custom_issues': [], 'issue_id': '211317', 'issue_key': 'AAFAIA-5809', 'issues': [['AABIS-1', '914565', 'AABIS'], ['A...', 'AABIS'], ['AABIS-4', '914568', 'AABIS'], ['AABIS-5', '914569', 'AABIS'], ['AABIS-6', '914570', 'AABIS'], ...], ...}
jira_screen_shots = None

    def test_1_selenium_zscale_view_test_plan_in_issue_view(jira_webdriver, jira_datasets, jira_screen_shots):
>       extension_ui.zscale_view_test_plan_in_issue_view(jira_webdriver, jira_datasets)

selenium_ui/jira_ui.py:75: 
_ _ _ _ _ _ _ _ _ _ _ _ _ _ _ _ _ _ _ _ _ _ _ _ _ _ _ _ _ _ _ _ _ _ _ _ _ _ _ _ 
extension/jira/extension_ui.py:79: in zscale_view_test_plan_in_issue_view
    measure()
_ _ _ _ _ _ _ _ _ _ _ _ _ _ _ _ _ _ _ _ _ _ _ _ _ _ _ _ _ _ _ _ _ _ _ _ _ _ _ _ 

args = (), kwargs = {}, node_ip = '', start = 1686308523.9358249
error_msg = 'Failed measure: zephyr_scale_view_test_plan_in_issue_view - TimeoutException'
full_exception = TimeoutException(), success = False
exc_type = <class 'selenium.common.exceptions.TimeoutException'>
end = 1686308544.8770802, timing = '20941'
lockfile = '/dc-app-performance-toolkit/app/results/jira/2023-06-09_10-23-15/selenium.jtl.lock'

    @functools.wraps(func)
    def wrapper(*args, **kwargs):
        if LOGIN_ACTION_NAME in interaction:
            globals.login_failed = False
        if globals.login_failed:
            pytest.skip("login is failed")
        node_ip = ""
        start = time.time()
        error_msg = 'Success'
        full_exception = ''
        if args:
            driver = [arg for arg in args if isinstance(arg, Chrome)]
            node_ip = "" if not driver else getattr(driver[0], "node_ip", "")
        try:
            func(*args, **kwargs)
            success = True
        except Exception:
            success = False
            # https://docs.python.org/2/library/sys.html#sys.exc_info
            exc_type, full_exception = sys.exc_info()[:2]
            error_msg = f"Failed measure: {interaction} - {exc_type.__name__}"
        end = time.time()
        timing = str(int((end - start) * 1000))
    
        lockfile = f'{selenium_results_file}.lock'
    
        with filelock.SoftFileLock(lockfile):
            with open(selenium_results_file, "a+") as jtl_file:
                timestamp = round(time.time() * 1000)
                if explicit_timing:
                    jtl_file.write(f"{timestamp},{explicit_timing*1000},{interaction},,{error_msg},"
                                   f",{success},0,0,0,0,,0\n")
                else:
                    jtl_file.write(f"{timestamp},{timing},{interaction},,{error_msg}"
                                   f",,{success},0,0,0,0,{node_ip},0\n")
    
        print(f"{timestamp},{timing},{interaction},{error_msg},{success},{node_ip}")
    
        if not success:
            if LOGIN_ACTION_NAME in interaction:
                globals.login_failed = True
>           raise Exception(error_msg, full_exception)
E           Exception: ('Failed measure: zephyr_scale_view_test_plan_in_issue_view - TimeoutException', TimeoutException())

selenium_ui/conftest.py:171: Exception
06-09-2023, 11:03:04, 1686308584426, Action: test_1_selenium_zscale_view_test_case_in_issue_view, Error: jira_webdriver = <selenium.webdriver.chrome.webdriver.WebDriver (session="3d79493cb96f6fbd622ed69a5a6ca15d")>
jira_datasets = {'custom_issues': [], 'issue_id': '205673', 'issue_key': 'AAFAIA-165', 'issues': [['AABIS-1', '914565', 'AABIS'], ['AA...', 'AABIS'], ['AABIS-4', '914568', 'AABIS'], ['AABIS-5', '914569', 'AABIS'], ['AABIS-6', '914570', 'AABIS'], ...], ...}
jira_screen_shots = None

    def test_1_selenium_zscale_view_test_case_in_issue_view(jira_webdriver, jira_datasets, jira_screen_shots):
>       extension_ui.zscale_view_test_case_in_issue_view(jira_webdriver, jira_datasets)

selenium_ui/jira_ui.py:69: 
_ _ _ _ _ _ _ _ _ _ _ _ _ _ _ _ _ _ _ _ _ _ _ _ _ _ _ _ _ _ _ _ _ _ _ _ _ _ _ _ 
extension/jira/extension_ui.py:55: in zscale_view_test_case_in_issue_view
    measure()
_ _ _ _ _ _ _ _ _ _ _ _ _ _ _ _ _ _ _ _ _ _ _ _ _ _ _ _ _ _ _ _ _ _ _ _ _ _ _ _ 

args = (), kwargs = {}, node_ip = '', start = 1686308564.0493932
error_msg = 'Failed measure: zephyr_scale_view_test_case_in_issue_view - TimeoutException'
full_exception = TimeoutException(), success = False
exc_type = <class 'selenium.common.exceptions.TimeoutException'>
end = 1686308584.414624, timing = '20365'
lockfile = '/dc-app-performance-toolkit/app/results/jira/2023-06-09_10-23-15/selenium.jtl.lock'

    @functools.wraps(func)
    def wrapper(*args, **kwargs):
        if LOGIN_ACTION_NAME in interaction:
            globals.login_failed = False
        if globals.login_failed:
            pytest.skip("login is failed")
        node_ip = ""
        start = time.time()
        error_msg = 'Success'
        full_exception = ''
        if args:
            driver = [arg for arg in args if isinstance(arg, Chrome)]
            node_ip = "" if not driver else getattr(driver[0], "node_ip", "")
        try:
            func(*args, **kwargs)
            success = True
        except Exception:
            success = False
            # https://docs.python.org/2/library/sys.html#sys.exc_info
            exc_type, full_exception = sys.exc_info()[:2]
            error_msg = f"Failed measure: {interaction} - {exc_type.__name__}"
        end = time.time()
        timing = str(int((end - start) * 1000))
    
        lockfile = f'{selenium_results_file}.lock'
    
        with filelock.SoftFileLock(lockfile):
            with open(selenium_results_file, "a+") as jtl_file:
                timestamp = round(time.time() * 1000)
                if explicit_timing:
                    jtl_file.write(f"{timestamp},{explicit_timing*1000},{interaction},,{error_msg},"
                                   f",{success},0,0,0,0,,0\n")
                else:
                    jtl_file.write(f"{timestamp},{timing},{interaction},,{error_msg}"
                                   f",,{success},0,0,0,0,{node_ip},0\n")
    
        print(f"{timestamp},{timing},{interaction},{error_msg},{success},{node_ip}")
    
        if not success:
            if LOGIN_ACTION_NAME in interaction:
                globals.login_failed = True
>           raise Exception(error_msg, full_exception)
E           Exception: ('Failed measure: zephyr_scale_view_test_case_in_issue_view - TimeoutException', TimeoutException())

selenium_ui/conftest.py:171: Exception
06-09-2023, 11:03:25, 1686308605313, Action: test_1_selenium_zscale_view_test_cycle_in_issue_view, Error: jira_webdriver = <selenium.webdriver.chrome.webdriver.WebDriver (session="3d79493cb96f6fbd622ed69a5a6ca15d")>
jira_datasets = {'custom_issues': [], 'issue_id': '205673', 'issue_key': 'AAFAIA-165', 'issues': [['AABIS-1', '914565', 'AABIS'], ['AA...', 'AABIS'], ['AABIS-4', '914568', 'AABIS'], ['AABIS-5', '914569', 'AABIS'], ['AABIS-6', '914570', 'AABIS'], ...], ...}
jira_screen_shots = None

    def test_1_selenium_zscale_view_test_cycle_in_issue_view(jira_webdriver, jira_datasets, jira_screen_shots):
>       extension_ui.zscale_view_test_cycle_in_issue_view(jira_webdriver, jira_datasets)

selenium_ui/jira_ui.py:72: 
_ _ _ _ _ _ _ _ _ _ _ _ _ _ _ _ _ _ _ _ _ _ _ _ _ _ _ _ _ _ _ _ _ _ _ _ _ _ _ _ 
extension/jira/extension_ui.py:67: in zscale_view_test_cycle_in_issue_view
    measure()
_ _ _ _ _ _ _ _ _ _ _ _ _ _ _ _ _ _ _ _ _ _ _ _ _ _ _ _ _ _ _ _ _ _ _ _ _ _ _ _ 

args = (), kwargs = {}, node_ip = '', start = 1686308584.8781443
error_msg = 'Failed measure: zephyr_scale_view_test_cycle_in_issue_view - TimeoutException'
full_exception = TimeoutException(), success = False
exc_type = <class 'selenium.common.exceptions.TimeoutException'>
end = 1686308605.302095, timing = '20423'
lockfile = '/dc-app-performance-toolkit/app/results/jira/2023-06-09_10-23-15/selenium.jtl.lock'

    @functools.wraps(func)
    def wrapper(*args, **kwargs):
        if LOGIN_ACTION_NAME in interaction:
            globals.login_failed = False
        if globals.login_failed:
            pytest.skip("login is failed")
        node_ip = ""
        start = time.time()
        error_msg = 'Success'
        full_exception = ''
        if args:
            driver = [arg for arg in args if isinstance(arg, Chrome)]
            node_ip = "" if not driver else getattr(driver[0], "node_ip", "")
        try:
            func(*args, **kwargs)
            success = True
        except Exception:
            success = False
            # https://docs.python.org/2/library/sys.html#sys.exc_info
            exc_type, full_exception = sys.exc_info()[:2]
            error_msg = f"Failed measure: {interaction} - {exc_type.__name__}"
        end = time.time()
        timing = str(int((end - start) * 1000))
    
        lockfile = f'{selenium_results_file}.lock'
    
        with filelock.SoftFileLock(lockfile):
            with open(selenium_results_file, "a+") as jtl_file:
                timestamp = round(time.time() * 1000)
                if explicit_timing:
                    jtl_file.write(f"{timestamp},{explicit_timing*1000},{interaction},,{error_msg},"
                                   f",{success},0,0,0,0,,0\n")
                else:
                    jtl_file.write(f"{timestamp},{timing},{interaction},,{error_msg}"
                                   f",,{success},0,0,0,0,{node_ip},0\n")
    
        print(f"{timestamp},{timing},{interaction},{error_msg},{success},{node_ip}")
    
        if not success:
            if LOGIN_ACTION_NAME in interaction:
                globals.login_failed = True
>           raise Exception(error_msg, full_exception)
E           Exception: ('Failed measure: zephyr_scale_view_test_cycle_in_issue_view - TimeoutException', TimeoutException())

selenium_ui/conftest.py:171: Exception
06-09-2023, 11:03:46, 1686308626218, Action: test_1_selenium_zscale_view_test_plan_in_issue_view, Error: jira_webdriver = <selenium.webdriver.chrome.webdriver.WebDriver (session="3d79493cb96f6fbd622ed69a5a6ca15d")>
jira_datasets = {'custom_issues': [], 'issue_id': '205673', 'issue_key': 'AAFAIA-165', 'issues': [['AABIS-1', '914565', 'AABIS'], ['AA...', 'AABIS'], ['AABIS-4', '914568', 'AABIS'], ['AABIS-5', '914569', 'AABIS'], ['AABIS-6', '914570', 'AABIS'], ...], ...}
jira_screen_shots = None

    def test_1_selenium_zscale_view_test_plan_in_issue_view(jira_webdriver, jira_datasets, jira_screen_shots):
>       extension_ui.zscale_view_test_plan_in_issue_view(jira_webdriver, jira_datasets)

selenium_ui/jira_ui.py:75: 
_ _ _ _ _ _ _ _ _ _ _ _ _ _ _ _ _ _ _ _ _ _ _ _ _ _ _ _ _ _ _ _ _ _ _ _ _ _ _ _ 
extension/jira/extension_ui.py:79: in zscale_view_test_plan_in_issue_view
    measure()
_ _ _ _ _ _ _ _ _ _ _ _ _ _ _ _ _ _ _ _ _ _ _ _ _ _ _ _ _ _ _ _ _ _ _ _ _ _ _ _ 

args = (), kwargs = {}, node_ip = '', start = 1686308605.7922268
error_msg = 'Failed measure: zephyr_scale_view_test_plan_in_issue_view - TimeoutException'
full_exception = TimeoutException(), success = False
exc_type = <class 'selenium.common.exceptions.TimeoutException'>
end = 1686308626.2074544, timing = '20415'
lockfile = '/dc-app-performance-toolkit/app/results/jira/2023-06-09_10-23-15/selenium.jtl.lock'

    @functools.wraps(func)
    def wrapper(*args, **kwargs):
        if LOGIN_ACTION_NAME in interaction:
            globals.login_failed = False
        if globals.login_failed:
            pytest.skip("login is failed")
        node_ip = ""
        start = time.time()
        error_msg = 'Success'
        full_exception = ''
        if args:
            driver = [arg for arg in args if isinstance(arg, Chrome)]
            node_ip = "" if not driver else getattr(driver[0], "node_ip", "")
        try:
            func(*args, **kwargs)
            success = True
        except Exception:
            success = False
            # https://docs.python.org/2/library/sys.html#sys.exc_info
            exc_type, full_exception = sys.exc_info()[:2]
            error_msg = f"Failed measure: {interaction} - {exc_type.__name__}"
        end = time.time()
        timing = str(int((end - start) * 1000))
    
        lockfile = f'{selenium_results_file}.lock'
    
        with filelock.SoftFileLock(lockfile):
            with open(selenium_results_file, "a+") as jtl_file:
                timestamp = round(time.time() * 1000)
                if explicit_timing:
                    jtl_file.write(f"{timestamp},{explicit_timing*1000},{interaction},,{error_msg},"
                                   f",{success},0,0,0,0,,0\n")
                else:
                    jtl_file.write(f"{timestamp},{timing},{interaction},,{error_msg}"
                                   f",,{success},0,0,0,0,{node_ip},0\n")
    
        print(f"{timestamp},{timing},{interaction},{error_msg},{success},{node_ip}")
    
        if not success:
            if LOGIN_ACTION_NAME in interaction:
                globals.login_failed = True
>           raise Exception(error_msg, full_exception)
E           Exception: ('Failed measure: zephyr_scale_view_test_plan_in_issue_view - TimeoutException', TimeoutException())

selenium_ui/conftest.py:171: Exception
06-09-2023, 11:04:25, 1686308665803, Action: test_1_selenium_zscale_view_test_case_in_issue_view, Error: jira_webdriver = <selenium.webdriver.chrome.webdriver.WebDriver (session="3d79493cb96f6fbd622ed69a5a6ca15d")>
jira_datasets = {'custom_issues': [], 'issue_id': '209316', 'issue_key': 'AAFAIA-3808', 'issues': [['AABIS-1', '914565', 'AABIS'], ['A...', 'AABIS'], ['AABIS-4', '914568', 'AABIS'], ['AABIS-5', '914569', 'AABIS'], ['AABIS-6', '914570', 'AABIS'], ...], ...}
jira_screen_shots = None

    def test_1_selenium_zscale_view_test_case_in_issue_view(jira_webdriver, jira_datasets, jira_screen_shots):
>       extension_ui.zscale_view_test_case_in_issue_view(jira_webdriver, jira_datasets)

selenium_ui/jira_ui.py:69: 
_ _ _ _ _ _ _ _ _ _ _ _ _ _ _ _ _ _ _ _ _ _ _ _ _ _ _ _ _ _ _ _ _ _ _ _ _ _ _ _ 
extension/jira/extension_ui.py:55: in zscale_view_test_case_in_issue_view
    measure()
_ _ _ _ _ _ _ _ _ _ _ _ _ _ _ _ _ _ _ _ _ _ _ _ _ _ _ _ _ _ _ _ _ _ _ _ _ _ _ _ 

args = (), kwargs = {}, node_ip = '', start = 1686308645.2351213
error_msg = 'Failed measure: zephyr_scale_view_test_case_in_issue_view - TimeoutException'
full_exception = TimeoutException(), success = False
exc_type = <class 'selenium.common.exceptions.TimeoutException'>
end = 1686308665.7923312, timing = '20557'
lockfile = '/dc-app-performance-toolkit/app/results/jira/2023-06-09_10-23-15/selenium.jtl.lock'

    @functools.wraps(func)
    def wrapper(*args, **kwargs):
        if LOGIN_ACTION_NAME in interaction:
            globals.login_failed = False
        if globals.login_failed:
            pytest.skip("login is failed")
        node_ip = ""
        start = time.time()
        error_msg = 'Success'
        full_exception = ''
        if args:
            driver = [arg for arg in args if isinstance(arg, Chrome)]
            node_ip = "" if not driver else getattr(driver[0], "node_ip", "")
        try:
            func(*args, **kwargs)
            success = True
        except Exception:
            success = False
            # https://docs.python.org/2/library/sys.html#sys.exc_info
            exc_type, full_exception = sys.exc_info()[:2]
            error_msg = f"Failed measure: {interaction} - {exc_type.__name__}"
        end = time.time()
        timing = str(int((end - start) * 1000))
    
        lockfile = f'{selenium_results_file}.lock'
    
        with filelock.SoftFileLock(lockfile):
            with open(selenium_results_file, "a+") as jtl_file:
                timestamp = round(time.time() * 1000)
                if explicit_timing:
                    jtl_file.write(f"{timestamp},{explicit_timing*1000},{interaction},,{error_msg},"
                                   f",{success},0,0,0,0,,0\n")
                else:
                    jtl_file.write(f"{timestamp},{timing},{interaction},,{error_msg}"
                                   f",,{success},0,0,0,0,{node_ip},0\n")
    
        print(f"{timestamp},{timing},{interaction},{error_msg},{success},{node_ip}")
    
        if not success:
            if LOGIN_ACTION_NAME in interaction:
                globals.login_failed = True
>           raise Exception(error_msg, full_exception)
E           Exception: ('Failed measure: zephyr_scale_view_test_case_in_issue_view - TimeoutException', TimeoutException())

selenium_ui/conftest.py:171: Exception
06-09-2023, 11:04:47, 1686308687085, Action: test_1_selenium_zscale_view_test_cycle_in_issue_view, Error: jira_webdriver = <selenium.webdriver.chrome.webdriver.WebDriver (session="3d79493cb96f6fbd622ed69a5a6ca15d")>
jira_datasets = {'custom_issues': [], 'issue_id': '209316', 'issue_key': 'AAFAIA-3808', 'issues': [['AABIS-1', '914565', 'AABIS'], ['A...', 'AABIS'], ['AABIS-4', '914568', 'AABIS'], ['AABIS-5', '914569', 'AABIS'], ['AABIS-6', '914570', 'AABIS'], ...], ...}
jira_screen_shots = None

    def test_1_selenium_zscale_view_test_cycle_in_issue_view(jira_webdriver, jira_datasets, jira_screen_shots):
>       extension_ui.zscale_view_test_cycle_in_issue_view(jira_webdriver, jira_datasets)

selenium_ui/jira_ui.py:72: 
_ _ _ _ _ _ _ _ _ _ _ _ _ _ _ _ _ _ _ _ _ _ _ _ _ _ _ _ _ _ _ _ _ _ _ _ _ _ _ _ 
extension/jira/extension_ui.py:67: in zscale_view_test_cycle_in_issue_view
    measure()
_ _ _ _ _ _ _ _ _ _ _ _ _ _ _ _ _ _ _ _ _ _ _ _ _ _ _ _ _ _ _ _ _ _ _ _ _ _ _ _ 

args = (), kwargs = {}, node_ip = '', start = 1686308666.3473732
error_msg = 'Failed measure: zephyr_scale_view_test_cycle_in_issue_view - TimeoutException'
full_exception = TimeoutException(), success = False
exc_type = <class 'selenium.common.exceptions.TimeoutException'>
end = 1686308687.0743144, timing = '20726'
lockfile = '/dc-app-performance-toolkit/app/results/jira/2023-06-09_10-23-15/selenium.jtl.lock'

    @functools.wraps(func)
    def wrapper(*args, **kwargs):
        if LOGIN_ACTION_NAME in interaction:
            globals.login_failed = False
        if globals.login_failed:
            pytest.skip("login is failed")
        node_ip = ""
        start = time.time()
        error_msg = 'Success'
        full_exception = ''
        if args:
            driver = [arg for arg in args if isinstance(arg, Chrome)]
            node_ip = "" if not driver else getattr(driver[0], "node_ip", "")
        try:
            func(*args, **kwargs)
            success = True
        except Exception:
            success = False
            # https://docs.python.org/2/library/sys.html#sys.exc_info
            exc_type, full_exception = sys.exc_info()[:2]
            error_msg = f"Failed measure: {interaction} - {exc_type.__name__}"
        end = time.time()
        timing = str(int((end - start) * 1000))
    
        lockfile = f'{selenium_results_file}.lock'
    
        with filelock.SoftFileLock(lockfile):
            with open(selenium_results_file, "a+") as jtl_file:
                timestamp = round(time.time() * 1000)
                if explicit_timing:
                    jtl_file.write(f"{timestamp},{explicit_timing*1000},{interaction},,{error_msg},"
                                   f",{success},0,0,0,0,,0\n")
                else:
                    jtl_file.write(f"{timestamp},{timing},{interaction},,{error_msg}"
                                   f",,{success},0,0,0,0,{node_ip},0\n")
    
        print(f"{timestamp},{timing},{interaction},{error_msg},{success},{node_ip}")
    
        if not success:
            if LOGIN_ACTION_NAME in interaction:
                globals.login_failed = True
>           raise Exception(error_msg, full_exception)
E           Exception: ('Failed measure: zephyr_scale_view_test_cycle_in_issue_view - TimeoutException', TimeoutException())

selenium_ui/conftest.py:171: Exception
06-09-2023, 11:05:08, 1686308708293, Action: test_1_selenium_zscale_view_test_plan_in_issue_view, Error: jira_webdriver = <selenium.webdriver.chrome.webdriver.WebDriver (session="3d79493cb96f6fbd622ed69a5a6ca15d")>
jira_datasets = {'custom_issues': [], 'issue_id': '209316', 'issue_key': 'AAFAIA-3808', 'issues': [['AABIS-1', '914565', 'AABIS'], ['A...', 'AABIS'], ['AABIS-4', '914568', 'AABIS'], ['AABIS-5', '914569', 'AABIS'], ['AABIS-6', '914570', 'AABIS'], ...], ...}
jira_screen_shots = None

    def test_1_selenium_zscale_view_test_plan_in_issue_view(jira_webdriver, jira_datasets, jira_screen_shots):
>       extension_ui.zscale_view_test_plan_in_issue_view(jira_webdriver, jira_datasets)

selenium_ui/jira_ui.py:75: 
_ _ _ _ _ _ _ _ _ _ _ _ _ _ _ _ _ _ _ _ _ _ _ _ _ _ _ _ _ _ _ _ _ _ _ _ _ _ _ _ 
extension/jira/extension_ui.py:79: in zscale_view_test_plan_in_issue_view
    measure()
_ _ _ _ _ _ _ _ _ _ _ _ _ _ _ _ _ _ _ _ _ _ _ _ _ _ _ _ _ _ _ _ _ _ _ _ _ _ _ _ 

args = (), kwargs = {}, node_ip = '', start = 1686308687.5515187
error_msg = 'Failed measure: zephyr_scale_view_test_plan_in_issue_view - TimeoutException'
full_exception = TimeoutException(), success = False
exc_type = <class 'selenium.common.exceptions.TimeoutException'>
end = 1686308708.2828114, timing = '20731'
lockfile = '/dc-app-performance-toolkit/app/results/jira/2023-06-09_10-23-15/selenium.jtl.lock'

    @functools.wraps(func)
    def wrapper(*args, **kwargs):
        if LOGIN_ACTION_NAME in interaction:
            globals.login_failed = False
        if globals.login_failed:
            pytest.skip("login is failed")
        node_ip = ""
        start = time.time()
        error_msg = 'Success'
        full_exception = ''
        if args:
            driver = [arg for arg in args if isinstance(arg, Chrome)]
            node_ip = "" if not driver else getattr(driver[0], "node_ip", "")
        try:
            func(*args, **kwargs)
            success = True
        except Exception:
            success = False
            # https://docs.python.org/2/library/sys.html#sys.exc_info
            exc_type, full_exception = sys.exc_info()[:2]
            error_msg = f"Failed measure: {interaction} - {exc_type.__name__}"
        end = time.time()
        timing = str(int((end - start) * 1000))
    
        lockfile = f'{selenium_results_file}.lock'
    
        with filelock.SoftFileLock(lockfile):
            with open(selenium_results_file, "a+") as jtl_file:
                timestamp = round(time.time() * 1000)
                if explicit_timing:
                    jtl_file.write(f"{timestamp},{explicit_timing*1000},{interaction},,{error_msg},"
                                   f",{success},0,0,0,0,,0\n")
                else:
                    jtl_file.write(f"{timestamp},{timing},{interaction},,{error_msg}"
                                   f",,{success},0,0,0,0,{node_ip},0\n")
    
        print(f"{timestamp},{timing},{interaction},{error_msg},{success},{node_ip}")
    
        if not success:
            if LOGIN_ACTION_NAME in interaction:
                globals.login_failed = True
>           raise Exception(error_msg, full_exception)
E           Exception: ('Failed measure: zephyr_scale_view_test_plan_in_issue_view - TimeoutException', TimeoutException())

selenium_ui/conftest.py:171: Exception
06-09-2023, 11:05:48, 1686308748385, Action: test_1_selenium_zscale_view_test_case_in_issue_view, Error: jira_webdriver = <selenium.webdriver.chrome.webdriver.WebDriver (session="3d79493cb96f6fbd622ed69a5a6ca15d")>
jira_datasets = {'custom_issues': [], 'issue_id': '212096', 'issue_key': 'AAFAIA-6588', 'issues': [['AABIS-1', '914565', 'AABIS'], ['A...', 'AABIS'], ['AABIS-4', '914568', 'AABIS'], ['AABIS-5', '914569', 'AABIS'], ['AABIS-6', '914570', 'AABIS'], ...], ...}
jira_screen_shots = None

    def test_1_selenium_zscale_view_test_case_in_issue_view(jira_webdriver, jira_datasets, jira_screen_shots):
>       extension_ui.zscale_view_test_case_in_issue_view(jira_webdriver, jira_datasets)

selenium_ui/jira_ui.py:69: 
_ _ _ _ _ _ _ _ _ _ _ _ _ _ _ _ _ _ _ _ _ _ _ _ _ _ _ _ _ _ _ _ _ _ _ _ _ _ _ _ 
extension/jira/extension_ui.py:55: in zscale_view_test_case_in_issue_view
    measure()
_ _ _ _ _ _ _ _ _ _ _ _ _ _ _ _ _ _ _ _ _ _ _ _ _ _ _ _ _ _ _ _ _ _ _ _ _ _ _ _ 

args = (), kwargs = {}, node_ip = '', start = 1686308727.577115
error_msg = 'Failed measure: zephyr_scale_view_test_case_in_issue_view - TimeoutException'
full_exception = TimeoutException(), success = False
exc_type = <class 'selenium.common.exceptions.TimeoutException'>
end = 1686308748.3743901, timing = '20797'
lockfile = '/dc-app-performance-toolkit/app/results/jira/2023-06-09_10-23-15/selenium.jtl.lock'

    @functools.wraps(func)
    def wrapper(*args, **kwargs):
        if LOGIN_ACTION_NAME in interaction:
            globals.login_failed = False
        if globals.login_failed:
            pytest.skip("login is failed")
        node_ip = ""
        start = time.time()
        error_msg = 'Success'
        full_exception = ''
        if args:
            driver = [arg for arg in args if isinstance(arg, Chrome)]
            node_ip = "" if not driver else getattr(driver[0], "node_ip", "")
        try:
            func(*args, **kwargs)
            success = True
        except Exception:
            success = False
            # https://docs.python.org/2/library/sys.html#sys.exc_info
            exc_type, full_exception = sys.exc_info()[:2]
            error_msg = f"Failed measure: {interaction} - {exc_type.__name__}"
        end = time.time()
        timing = str(int((end - start) * 1000))
    
        lockfile = f'{selenium_results_file}.lock'
    
        with filelock.SoftFileLock(lockfile):
            with open(selenium_results_file, "a+") as jtl_file:
                timestamp = round(time.time() * 1000)
                if explicit_timing:
                    jtl_file.write(f"{timestamp},{explicit_timing*1000},{interaction},,{error_msg},"
                                   f",{success},0,0,0,0,,0\n")
                else:
                    jtl_file.write(f"{timestamp},{timing},{interaction},,{error_msg}"
                                   f",,{success},0,0,0,0,{node_ip},0\n")
    
        print(f"{timestamp},{timing},{interaction},{error_msg},{success},{node_ip}")
    
        if not success:
            if LOGIN_ACTION_NAME in interaction:
                globals.login_failed = True
>           raise Exception(error_msg, full_exception)
E           Exception: ('Failed measure: zephyr_scale_view_test_case_in_issue_view - TimeoutException', TimeoutException())

selenium_ui/conftest.py:171: Exception
06-09-2023, 11:06:09, 1686308769728, Action: test_1_selenium_zscale_view_test_cycle_in_issue_view, Error: jira_webdriver = <selenium.webdriver.chrome.webdriver.WebDriver (session="3d79493cb96f6fbd622ed69a5a6ca15d")>
jira_datasets = {'custom_issues': [], 'issue_id': '212096', 'issue_key': 'AAFAIA-6588', 'issues': [['AABIS-1', '914565', 'AABIS'], ['A...', 'AABIS'], ['AABIS-4', '914568', 'AABIS'], ['AABIS-5', '914569', 'AABIS'], ['AABIS-6', '914570', 'AABIS'], ...], ...}
jira_screen_shots = None

    def test_1_selenium_zscale_view_test_cycle_in_issue_view(jira_webdriver, jira_datasets, jira_screen_shots):
>       extension_ui.zscale_view_test_cycle_in_issue_view(jira_webdriver, jira_datasets)

selenium_ui/jira_ui.py:72: 
_ _ _ _ _ _ _ _ _ _ _ _ _ _ _ _ _ _ _ _ _ _ _ _ _ _ _ _ _ _ _ _ _ _ _ _ _ _ _ _ 
extension/jira/extension_ui.py:67: in zscale_view_test_cycle_in_issue_view
    measure()
_ _ _ _ _ _ _ _ _ _ _ _ _ _ _ _ _ _ _ _ _ _ _ _ _ _ _ _ _ _ _ _ _ _ _ _ _ _ _ _ 

args = (), kwargs = {}, node_ip = '', start = 1686308748.8131711
error_msg = 'Failed measure: zephyr_scale_view_test_cycle_in_issue_view - TimeoutException'
full_exception = TimeoutException(), success = False
exc_type = <class 'selenium.common.exceptions.TimeoutException'>
end = 1686308769.717243, timing = '20904'
lockfile = '/dc-app-performance-toolkit/app/results/jira/2023-06-09_10-23-15/selenium.jtl.lock'

    @functools.wraps(func)
    def wrapper(*args, **kwargs):
        if LOGIN_ACTION_NAME in interaction:
            globals.login_failed = False
        if globals.login_failed:
            pytest.skip("login is failed")
        node_ip = ""
        start = time.time()
        error_msg = 'Success'
        full_exception = ''
        if args:
            driver = [arg for arg in args if isinstance(arg, Chrome)]
            node_ip = "" if not driver else getattr(driver[0], "node_ip", "")
        try:
            func(*args, **kwargs)
            success = True
        except Exception:
            success = False
            # https://docs.python.org/2/library/sys.html#sys.exc_info
            exc_type, full_exception = sys.exc_info()[:2]
            error_msg = f"Failed measure: {interaction} - {exc_type.__name__}"
        end = time.time()
        timing = str(int((end - start) * 1000))
    
        lockfile = f'{selenium_results_file}.lock'
    
        with filelock.SoftFileLock(lockfile):
            with open(selenium_results_file, "a+") as jtl_file:
                timestamp = round(time.time() * 1000)
                if explicit_timing:
                    jtl_file.write(f"{timestamp},{explicit_timing*1000},{interaction},,{error_msg},"
                                   f",{success},0,0,0,0,,0\n")
                else:
                    jtl_file.write(f"{timestamp},{timing},{interaction},,{error_msg}"
                                   f",,{success},0,0,0,0,{node_ip},0\n")
    
        print(f"{timestamp},{timing},{interaction},{error_msg},{success},{node_ip}")
    
        if not success:
            if LOGIN_ACTION_NAME in interaction:
                globals.login_failed = True
>           raise Exception(error_msg, full_exception)
E           Exception: ('Failed measure: zephyr_scale_view_test_cycle_in_issue_view - TimeoutException', TimeoutException())

selenium_ui/conftest.py:171: Exception
06-09-2023, 11:06:31, 1686308791091, Action: test_1_selenium_zscale_view_test_plan_in_issue_view, Error: jira_webdriver = <selenium.webdriver.chrome.webdriver.WebDriver (session="3d79493cb96f6fbd622ed69a5a6ca15d")>
jira_datasets = {'custom_issues': [], 'issue_id': '212096', 'issue_key': 'AAFAIA-6588', 'issues': [['AABIS-1', '914565', 'AABIS'], ['A...', 'AABIS'], ['AABIS-4', '914568', 'AABIS'], ['AABIS-5', '914569', 'AABIS'], ['AABIS-6', '914570', 'AABIS'], ...], ...}
jira_screen_shots = None

    def test_1_selenium_zscale_view_test_plan_in_issue_view(jira_webdriver, jira_datasets, jira_screen_shots):
>       extension_ui.zscale_view_test_plan_in_issue_view(jira_webdriver, jira_datasets)

selenium_ui/jira_ui.py:75: 
_ _ _ _ _ _ _ _ _ _ _ _ _ _ _ _ _ _ _ _ _ _ _ _ _ _ _ _ _ _ _ _ _ _ _ _ _ _ _ _ 
extension/jira/extension_ui.py:79: in zscale_view_test_plan_in_issue_view
    measure()
_ _ _ _ _ _ _ _ _ _ _ _ _ _ _ _ _ _ _ _ _ _ _ _ _ _ _ _ _ _ _ _ _ _ _ _ _ _ _ _ 

args = (), kwargs = {}, node_ip = '', start = 1686308770.2414474
error_msg = 'Failed measure: zephyr_scale_view_test_plan_in_issue_view - TimeoutException'
full_exception = TimeoutException(), success = False
exc_type = <class 'selenium.common.exceptions.TimeoutException'>
end = 1686308791.0798724, timing = '20838'
lockfile = '/dc-app-performance-toolkit/app/results/jira/2023-06-09_10-23-15/selenium.jtl.lock'

    @functools.wraps(func)
    def wrapper(*args, **kwargs):
        if LOGIN_ACTION_NAME in interaction:
            globals.login_failed = False
        if globals.login_failed:
            pytest.skip("login is failed")
        node_ip = ""
        start = time.time()
        error_msg = 'Success'
        full_exception = ''
        if args:
            driver = [arg for arg in args if isinstance(arg, Chrome)]
            node_ip = "" if not driver else getattr(driver[0], "node_ip", "")
        try:
            func(*args, **kwargs)
            success = True
        except Exception:
            success = False
            # https://docs.python.org/2/library/sys.html#sys.exc_info
            exc_type, full_exception = sys.exc_info()[:2]
            error_msg = f"Failed measure: {interaction} - {exc_type.__name__}"
        end = time.time()
        timing = str(int((end - start) * 1000))
    
        lockfile = f'{selenium_results_file}.lock'
    
        with filelock.SoftFileLock(lockfile):
            with open(selenium_results_file, "a+") as jtl_file:
                timestamp = round(time.time() * 1000)
                if explicit_timing:
                    jtl_file.write(f"{timestamp},{explicit_timing*1000},{interaction},,{error_msg},"
                                   f",{success},0,0,0,0,,0\n")
                else:
                    jtl_file.write(f"{timestamp},{timing},{interaction},,{error_msg}"
                                   f",,{success},0,0,0,0,{node_ip},0\n")
    
        print(f"{timestamp},{timing},{interaction},{error_msg},{success},{node_ip}")
    
        if not success:
            if LOGIN_ACTION_NAME in interaction:
                globals.login_failed = True
>           raise Exception(error_msg, full_exception)
E           Exception: ('Failed measure: zephyr_scale_view_test_plan_in_issue_view - TimeoutException', TimeoutException())

selenium_ui/conftest.py:171: Exception
06-09-2023, 11:07:09, 1686308829840, Action: test_1_selenium_zscale_view_test_case_in_issue_view, Error: jira_webdriver = <selenium.webdriver.chrome.webdriver.WebDriver (session="3d79493cb96f6fbd622ed69a5a6ca15d")>
jira_datasets = {'custom_issues': [], 'issue_id': '211890', 'issue_key': 'AAFAIA-6382', 'issues': [['AABIS-1', '914565', 'AABIS'], ['A...', 'AABIS'], ['AABIS-4', '914568', 'AABIS'], ['AABIS-5', '914569', 'AABIS'], ['AABIS-6', '914570', 'AABIS'], ...], ...}
jira_screen_shots = None

    def test_1_selenium_zscale_view_test_case_in_issue_view(jira_webdriver, jira_datasets, jira_screen_shots):
>       extension_ui.zscale_view_test_case_in_issue_view(jira_webdriver, jira_datasets)

selenium_ui/jira_ui.py:69: 
_ _ _ _ _ _ _ _ _ _ _ _ _ _ _ _ _ _ _ _ _ _ _ _ _ _ _ _ _ _ _ _ _ _ _ _ _ _ _ _ 
extension/jira/extension_ui.py:55: in zscale_view_test_case_in_issue_view
    measure()
_ _ _ _ _ _ _ _ _ _ _ _ _ _ _ _ _ _ _ _ _ _ _ _ _ _ _ _ _ _ _ _ _ _ _ _ _ _ _ _ 

args = (), kwargs = {}, node_ip = '', start = 1686308809.4960434
error_msg = 'Failed measure: zephyr_scale_view_test_case_in_issue_view - TimeoutException'
full_exception = TimeoutException(), success = False
exc_type = <class 'selenium.common.exceptions.TimeoutException'>
end = 1686308829.8289626, timing = '20332'
lockfile = '/dc-app-performance-toolkit/app/results/jira/2023-06-09_10-23-15/selenium.jtl.lock'

    @functools.wraps(func)
    def wrapper(*args, **kwargs):
        if LOGIN_ACTION_NAME in interaction:
            globals.login_failed = False
        if globals.login_failed:
            pytest.skip("login is failed")
        node_ip = ""
        start = time.time()
        error_msg = 'Success'
        full_exception = ''
        if args:
            driver = [arg for arg in args if isinstance(arg, Chrome)]
            node_ip = "" if not driver else getattr(driver[0], "node_ip", "")
        try:
            func(*args, **kwargs)
            success = True
        except Exception:
            success = False
            # https://docs.python.org/2/library/sys.html#sys.exc_info
            exc_type, full_exception = sys.exc_info()[:2]
            error_msg = f"Failed measure: {interaction} - {exc_type.__name__}"
        end = time.time()
        timing = str(int((end - start) * 1000))
    
        lockfile = f'{selenium_results_file}.lock'
    
        with filelock.SoftFileLock(lockfile):
            with open(selenium_results_file, "a+") as jtl_file:
                timestamp = round(time.time() * 1000)
                if explicit_timing:
                    jtl_file.write(f"{timestamp},{explicit_timing*1000},{interaction},,{error_msg},"
                                   f",{success},0,0,0,0,,0\n")
                else:
                    jtl_file.write(f"{timestamp},{timing},{interaction},,{error_msg}"
                                   f",,{success},0,0,0,0,{node_ip},0\n")
    
        print(f"{timestamp},{timing},{interaction},{error_msg},{success},{node_ip}")
    
        if not success:
            if LOGIN_ACTION_NAME in interaction:
                globals.login_failed = True
>           raise Exception(error_msg, full_exception)
E           Exception: ('Failed measure: zephyr_scale_view_test_case_in_issue_view - TimeoutException', TimeoutException())

selenium_ui/conftest.py:171: Exception
06-09-2023, 11:07:30, 1686308850659, Action: test_1_selenium_zscale_view_test_cycle_in_issue_view, Error: jira_webdriver = <selenium.webdriver.chrome.webdriver.WebDriver (session="3d79493cb96f6fbd622ed69a5a6ca15d")>
jira_datasets = {'custom_issues': [], 'issue_id': '211890', 'issue_key': 'AAFAIA-6382', 'issues': [['AABIS-1', '914565', 'AABIS'], ['A...', 'AABIS'], ['AABIS-4', '914568', 'AABIS'], ['AABIS-5', '914569', 'AABIS'], ['AABIS-6', '914570', 'AABIS'], ...], ...}
jira_screen_shots = None

    def test_1_selenium_zscale_view_test_cycle_in_issue_view(jira_webdriver, jira_datasets, jira_screen_shots):
>       extension_ui.zscale_view_test_cycle_in_issue_view(jira_webdriver, jira_datasets)

selenium_ui/jira_ui.py:72: 
_ _ _ _ _ _ _ _ _ _ _ _ _ _ _ _ _ _ _ _ _ _ _ _ _ _ _ _ _ _ _ _ _ _ _ _ _ _ _ _ 
extension/jira/extension_ui.py:67: in zscale_view_test_cycle_in_issue_view
    measure()
_ _ _ _ _ _ _ _ _ _ _ _ _ _ _ _ _ _ _ _ _ _ _ _ _ _ _ _ _ _ _ _ _ _ _ _ _ _ _ _ 

args = (), kwargs = {}, node_ip = '', start = 1686308830.3137422
error_msg = 'Failed measure: zephyr_scale_view_test_cycle_in_issue_view - TimeoutException'
full_exception = TimeoutException(), success = False
exc_type = <class 'selenium.common.exceptions.TimeoutException'>
end = 1686308850.6479735, timing = '20334'
lockfile = '/dc-app-performance-toolkit/app/results/jira/2023-06-09_10-23-15/selenium.jtl.lock'

    @functools.wraps(func)
    def wrapper(*args, **kwargs):
        if LOGIN_ACTION_NAME in interaction:
            globals.login_failed = False
        if globals.login_failed:
            pytest.skip("login is failed")
        node_ip = ""
        start = time.time()
        error_msg = 'Success'
        full_exception = ''
        if args:
            driver = [arg for arg in args if isinstance(arg, Chrome)]
            node_ip = "" if not driver else getattr(driver[0], "node_ip", "")
        try:
            func(*args, **kwargs)
            success = True
        except Exception:
            success = False
            # https://docs.python.org/2/library/sys.html#sys.exc_info
            exc_type, full_exception = sys.exc_info()[:2]
            error_msg = f"Failed measure: {interaction} - {exc_type.__name__}"
        end = time.time()
        timing = str(int((end - start) * 1000))
    
        lockfile = f'{selenium_results_file}.lock'
    
        with filelock.SoftFileLock(lockfile):
            with open(selenium_results_file, "a+") as jtl_file:
                timestamp = round(time.time() * 1000)
                if explicit_timing:
                    jtl_file.write(f"{timestamp},{explicit_timing*1000},{interaction},,{error_msg},"
                                   f",{success},0,0,0,0,,0\n")
                else:
                    jtl_file.write(f"{timestamp},{timing},{interaction},,{error_msg}"
                                   f",,{success},0,0,0,0,{node_ip},0\n")
    
        print(f"{timestamp},{timing},{interaction},{error_msg},{success},{node_ip}")
    
        if not success:
            if LOGIN_ACTION_NAME in interaction:
                globals.login_failed = True
>           raise Exception(error_msg, full_exception)
E           Exception: ('Failed measure: zephyr_scale_view_test_cycle_in_issue_view - TimeoutException', TimeoutException())

selenium_ui/conftest.py:171: Exception
06-09-2023, 11:07:52, 1686308872272, Action: test_1_selenium_zscale_view_test_plan_in_issue_view, Error: jira_webdriver = <selenium.webdriver.chrome.webdriver.WebDriver (session="3d79493cb96f6fbd622ed69a5a6ca15d")>
jira_datasets = {'custom_issues': [], 'issue_id': '211890', 'issue_key': 'AAFAIA-6382', 'issues': [['AABIS-1', '914565', 'AABIS'], ['A...', 'AABIS'], ['AABIS-4', '914568', 'AABIS'], ['AABIS-5', '914569', 'AABIS'], ['AABIS-6', '914570', 'AABIS'], ...], ...}
jira_screen_shots = None

    def test_1_selenium_zscale_view_test_plan_in_issue_view(jira_webdriver, jira_datasets, jira_screen_shots):
>       extension_ui.zscale_view_test_plan_in_issue_view(jira_webdriver, jira_datasets)

selenium_ui/jira_ui.py:75: 
_ _ _ _ _ _ _ _ _ _ _ _ _ _ _ _ _ _ _ _ _ _ _ _ _ _ _ _ _ _ _ _ _ _ _ _ _ _ _ _ 
extension/jira/extension_ui.py:79: in zscale_view_test_plan_in_issue_view
    measure()
_ _ _ _ _ _ _ _ _ _ _ _ _ _ _ _ _ _ _ _ _ _ _ _ _ _ _ _ _ _ _ _ _ _ _ _ _ _ _ _ 

args = (), kwargs = {}, node_ip = '', start = 1686308851.2462928
error_msg = 'Failed measure: zephyr_scale_view_test_plan_in_issue_view - TimeoutException'
full_exception = TimeoutException(), success = False
exc_type = <class 'selenium.common.exceptions.TimeoutException'>
end = 1686308872.261361, timing = '21015'
lockfile = '/dc-app-performance-toolkit/app/results/jira/2023-06-09_10-23-15/selenium.jtl.lock'

    @functools.wraps(func)
    def wrapper(*args, **kwargs):
        if LOGIN_ACTION_NAME in interaction:
            globals.login_failed = False
        if globals.login_failed:
            pytest.skip("login is failed")
        node_ip = ""
        start = time.time()
        error_msg = 'Success'
        full_exception = ''
        if args:
            driver = [arg for arg in args if isinstance(arg, Chrome)]
            node_ip = "" if not driver else getattr(driver[0], "node_ip", "")
        try:
            func(*args, **kwargs)
            success = True
        except Exception:
            success = False
            # https://docs.python.org/2/library/sys.html#sys.exc_info
            exc_type, full_exception = sys.exc_info()[:2]
            error_msg = f"Failed measure: {interaction} - {exc_type.__name__}"
        end = time.time()
        timing = str(int((end - start) * 1000))
    
        lockfile = f'{selenium_results_file}.lock'
    
        with filelock.SoftFileLock(lockfile):
            with open(selenium_results_file, "a+") as jtl_file:
                timestamp = round(time.time() * 1000)
                if explicit_timing:
                    jtl_file.write(f"{timestamp},{explicit_timing*1000},{interaction},,{error_msg},"
                                   f",{success},0,0,0,0,,0\n")
                else:
                    jtl_file.write(f"{timestamp},{timing},{interaction},,{error_msg}"
                                   f",,{success},0,0,0,0,{node_ip},0\n")
    
        print(f"{timestamp},{timing},{interaction},{error_msg},{success},{node_ip}")
    
        if not success:
            if LOGIN_ACTION_NAME in interaction:
                globals.login_failed = True
>           raise Exception(error_msg, full_exception)
E           Exception: ('Failed measure: zephyr_scale_view_test_plan_in_issue_view - TimeoutException', TimeoutException())

selenium_ui/conftest.py:171: Exception
06-09-2023, 11:08:30, 1686308910786, Action: test_1_selenium_zscale_view_test_case_in_issue_view, Error: jira_webdriver = <selenium.webdriver.chrome.webdriver.WebDriver (session="3d79493cb96f6fbd622ed69a5a6ca15d")>
jira_datasets = {'custom_issues': [], 'issue_id': '208951', 'issue_key': 'AAFAIA-3443', 'issues': [['AABIS-1', '914565', 'AABIS'], ['A...', 'AABIS'], ['AABIS-4', '914568', 'AABIS'], ['AABIS-5', '914569', 'AABIS'], ['AABIS-6', '914570', 'AABIS'], ...], ...}
jira_screen_shots = None

    def test_1_selenium_zscale_view_test_case_in_issue_view(jira_webdriver, jira_datasets, jira_screen_shots):
>       extension_ui.zscale_view_test_case_in_issue_view(jira_webdriver, jira_datasets)

selenium_ui/jira_ui.py:69: 
_ _ _ _ _ _ _ _ _ _ _ _ _ _ _ _ _ _ _ _ _ _ _ _ _ _ _ _ _ _ _ _ _ _ _ _ _ _ _ _ 
extension/jira/extension_ui.py:55: in zscale_view_test_case_in_issue_view
    measure()
_ _ _ _ _ _ _ _ _ _ _ _ _ _ _ _ _ _ _ _ _ _ _ _ _ _ _ _ _ _ _ _ _ _ _ _ _ _ _ _ 

args = (), kwargs = {}, node_ip = '', start = 1686308890.3337684
error_msg = 'Failed measure: zephyr_scale_view_test_case_in_issue_view - TimeoutException'
full_exception = TimeoutException(), success = False
exc_type = <class 'selenium.common.exceptions.TimeoutException'>
end = 1686308910.7743328, timing = '20440'
lockfile = '/dc-app-performance-toolkit/app/results/jira/2023-06-09_10-23-15/selenium.jtl.lock'

    @functools.wraps(func)
    def wrapper(*args, **kwargs):
        if LOGIN_ACTION_NAME in interaction:
            globals.login_failed = False
        if globals.login_failed:
            pytest.skip("login is failed")
        node_ip = ""
        start = time.time()
        error_msg = 'Success'
        full_exception = ''
        if args:
            driver = [arg for arg in args if isinstance(arg, Chrome)]
            node_ip = "" if not driver else getattr(driver[0], "node_ip", "")
        try:
            func(*args, **kwargs)
            success = True
        except Exception:
            success = False
            # https://docs.python.org/2/library/sys.html#sys.exc_info
            exc_type, full_exception = sys.exc_info()[:2]
            error_msg = f"Failed measure: {interaction} - {exc_type.__name__}"
        end = time.time()
        timing = str(int((end - start) * 1000))
    
        lockfile = f'{selenium_results_file}.lock'
    
        with filelock.SoftFileLock(lockfile):
            with open(selenium_results_file, "a+") as jtl_file:
                timestamp = round(time.time() * 1000)
                if explicit_timing:
                    jtl_file.write(f"{timestamp},{explicit_timing*1000},{interaction},,{error_msg},"
                                   f",{success},0,0,0,0,,0\n")
                else:
                    jtl_file.write(f"{timestamp},{timing},{interaction},,{error_msg}"
                                   f",,{success},0,0,0,0,{node_ip},0\n")
    
        print(f"{timestamp},{timing},{interaction},{error_msg},{success},{node_ip}")
    
        if not success:
            if LOGIN_ACTION_NAME in interaction:
                globals.login_failed = True
>           raise Exception(error_msg, full_exception)
E           Exception: ('Failed measure: zephyr_scale_view_test_case_in_issue_view - TimeoutException', TimeoutException())

selenium_ui/conftest.py:171: Exception
06-09-2023, 11:08:51, 1686308931729, Action: test_1_selenium_zscale_view_test_cycle_in_issue_view, Error: jira_webdriver = <selenium.webdriver.chrome.webdriver.WebDriver (session="3d79493cb96f6fbd622ed69a5a6ca15d")>
jira_datasets = {'custom_issues': [], 'issue_id': '208951', 'issue_key': 'AAFAIA-3443', 'issues': [['AABIS-1', '914565', 'AABIS'], ['A...', 'AABIS'], ['AABIS-4', '914568', 'AABIS'], ['AABIS-5', '914569', 'AABIS'], ['AABIS-6', '914570', 'AABIS'], ...], ...}
jira_screen_shots = None

    def test_1_selenium_zscale_view_test_cycle_in_issue_view(jira_webdriver, jira_datasets, jira_screen_shots):
>       extension_ui.zscale_view_test_cycle_in_issue_view(jira_webdriver, jira_datasets)

selenium_ui/jira_ui.py:72: 
_ _ _ _ _ _ _ _ _ _ _ _ _ _ _ _ _ _ _ _ _ _ _ _ _ _ _ _ _ _ _ _ _ _ _ _ _ _ _ _ 
extension/jira/extension_ui.py:67: in zscale_view_test_cycle_in_issue_view
    measure()
_ _ _ _ _ _ _ _ _ _ _ _ _ _ _ _ _ _ _ _ _ _ _ _ _ _ _ _ _ _ _ _ _ _ _ _ _ _ _ _ 

args = (), kwargs = {}, node_ip = '', start = 1686308911.2528348
error_msg = 'Failed measure: zephyr_scale_view_test_cycle_in_issue_view - TimeoutException'
full_exception = TimeoutException(), success = False
exc_type = <class 'selenium.common.exceptions.TimeoutException'>
end = 1686308931.7184153, timing = '20465'
lockfile = '/dc-app-performance-toolkit/app/results/jira/2023-06-09_10-23-15/selenium.jtl.lock'

    @functools.wraps(func)
    def wrapper(*args, **kwargs):
        if LOGIN_ACTION_NAME in interaction:
            globals.login_failed = False
        if globals.login_failed:
            pytest.skip("login is failed")
        node_ip = ""
        start = time.time()
        error_msg = 'Success'
        full_exception = ''
        if args:
            driver = [arg for arg in args if isinstance(arg, Chrome)]
            node_ip = "" if not driver else getattr(driver[0], "node_ip", "")
        try:
            func(*args, **kwargs)
            success = True
        except Exception:
            success = False
            # https://docs.python.org/2/library/sys.html#sys.exc_info
            exc_type, full_exception = sys.exc_info()[:2]
            error_msg = f"Failed measure: {interaction} - {exc_type.__name__}"
        end = time.time()
        timing = str(int((end - start) * 1000))
    
        lockfile = f'{selenium_results_file}.lock'
    
        with filelock.SoftFileLock(lockfile):
            with open(selenium_results_file, "a+") as jtl_file:
                timestamp = round(time.time() * 1000)
                if explicit_timing:
                    jtl_file.write(f"{timestamp},{explicit_timing*1000},{interaction},,{error_msg},"
                                   f",{success},0,0,0,0,,0\n")
                else:
                    jtl_file.write(f"{timestamp},{timing},{interaction},,{error_msg}"
                                   f",,{success},0,0,0,0,{node_ip},0\n")
    
        print(f"{timestamp},{timing},{interaction},{error_msg},{success},{node_ip}")
    
        if not success:
            if LOGIN_ACTION_NAME in interaction:
                globals.login_failed = True
>           raise Exception(error_msg, full_exception)
E           Exception: ('Failed measure: zephyr_scale_view_test_cycle_in_issue_view - TimeoutException', TimeoutException())

selenium_ui/conftest.py:171: Exception
06-09-2023, 11:09:12, 1686308952662, Action: test_1_selenium_zscale_view_test_plan_in_issue_view, Error: jira_webdriver = <selenium.webdriver.chrome.webdriver.WebDriver (session="3d79493cb96f6fbd622ed69a5a6ca15d")>
jira_datasets = {'custom_issues': [], 'issue_id': '208951', 'issue_key': 'AAFAIA-3443', 'issues': [['AABIS-1', '914565', 'AABIS'], ['A...', 'AABIS'], ['AABIS-4', '914568', 'AABIS'], ['AABIS-5', '914569', 'AABIS'], ['AABIS-6', '914570', 'AABIS'], ...], ...}
jira_screen_shots = None

    def test_1_selenium_zscale_view_test_plan_in_issue_view(jira_webdriver, jira_datasets, jira_screen_shots):
>       extension_ui.zscale_view_test_plan_in_issue_view(jira_webdriver, jira_datasets)

selenium_ui/jira_ui.py:75: 
_ _ _ _ _ _ _ _ _ _ _ _ _ _ _ _ _ _ _ _ _ _ _ _ _ _ _ _ _ _ _ _ _ _ _ _ _ _ _ _ 
extension/jira/extension_ui.py:79: in zscale_view_test_plan_in_issue_view
    measure()
_ _ _ _ _ _ _ _ _ _ _ _ _ _ _ _ _ _ _ _ _ _ _ _ _ _ _ _ _ _ _ _ _ _ _ _ _ _ _ _ 

args = (), kwargs = {}, node_ip = '', start = 1686308932.1800177
error_msg = 'Failed measure: zephyr_scale_view_test_plan_in_issue_view - TimeoutException'
full_exception = TimeoutException(), success = False
exc_type = <class 'selenium.common.exceptions.TimeoutException'>
end = 1686308952.6511033, timing = '20471'
lockfile = '/dc-app-performance-toolkit/app/results/jira/2023-06-09_10-23-15/selenium.jtl.lock'

    @functools.wraps(func)
    def wrapper(*args, **kwargs):
        if LOGIN_ACTION_NAME in interaction:
            globals.login_failed = False
        if globals.login_failed:
            pytest.skip("login is failed")
        node_ip = ""
        start = time.time()
        error_msg = 'Success'
        full_exception = ''
        if args:
            driver = [arg for arg in args if isinstance(arg, Chrome)]
            node_ip = "" if not driver else getattr(driver[0], "node_ip", "")
        try:
            func(*args, **kwargs)
            success = True
        except Exception:
            success = False
            # https://docs.python.org/2/library/sys.html#sys.exc_info
            exc_type, full_exception = sys.exc_info()[:2]
            error_msg = f"Failed measure: {interaction} - {exc_type.__name__}"
        end = time.time()
        timing = str(int((end - start) * 1000))
    
        lockfile = f'{selenium_results_file}.lock'
    
        with filelock.SoftFileLock(lockfile):
            with open(selenium_results_file, "a+") as jtl_file:
                timestamp = round(time.time() * 1000)
                if explicit_timing:
                    jtl_file.write(f"{timestamp},{explicit_timing*1000},{interaction},,{error_msg},"
                                   f",{success},0,0,0,0,,0\n")
                else:
                    jtl_file.write(f"{timestamp},{timing},{interaction},,{error_msg}"
                                   f",,{success},0,0,0,0,{node_ip},0\n")
    
        print(f"{timestamp},{timing},{interaction},{error_msg},{success},{node_ip}")
    
        if not success:
            if LOGIN_ACTION_NAME in interaction:
                globals.login_failed = True
>           raise Exception(error_msg, full_exception)
E           Exception: ('Failed measure: zephyr_scale_view_test_plan_in_issue_view - TimeoutException', TimeoutException())

selenium_ui/conftest.py:171: Exception
